rolloff,p_v3,is_fp_v3,p_v4,is_fp_v4
9807.4,0.0516,0,0.022,0
10104.8,0.0886,0,0.024,0
9354.9,0.0601,0,0.0258,0
3771.5,0.0808,0,0.1001,0
6486.2,0.1527,0,0.0221,0
6535.2,0.0465,0,0.0139,0
7686.4,0.0563,0,0.047,0
12638.5,0.0779,0,0.0467,0
11137.2,0.0278,0,0.059,0
4505.6,0.4667,0,0.0236,0
8317.5,0.0935,0,0.028,0
8183.7,0.151,0,0.0249,0
10740.4,0.0536,0,0.0203,0
8671.9,0.2261,0,0.0206,0
7089.1,0.1208,0,0.0493,0
10150.1,0.0437,0,0.0167,0
10518.9,0.0326,0,0.026,0
9332.6,0.0558,0,0.0295,0
8699.5,0.0277,0,0.0316,0
8591.3,0.0425,0,0.0267,0
7502.3,0.0755,0,0.0273,0
6990.2,0.0457,0,0.0342,0
9938.4,0.0411,0,0.0253,0
10688.3,0.067,0,0.0287,0
9301.4,0.0843,0,0.0539,0
13197.2,0.0603,0,0.0286,0
11861.1,0.04,0,0.055,0
6743.2,0.0636,0,0.0576,0
11172.8,0.0807,0,0.0403,0
12228.4,0.0472,0,0.0378,0
8532.3,0.0245,0,0.0347,0
3253.8,0.1722,0,0.4998,0
9459.1,0.084,0,0.0496,0
11665.3,0.3138,0,0.0638,0
10671.0,0.0599,0,0.0295,0
10921.7,0.0369,0,0.0407,0
9067.9,0.0984,0,0.0493,0
11539.8,0.0445,0,0.0272,0
10362.5,0.0456,0,0.0502,0
4947.9,0.4681,0,0.0474,0
10885.9,0.0834,0,0.034,0
6416.1,0.1182,0,0.0249,0
9446.6,0.0557,0,0.0328,0
5553.5,0.1617,0,0.0348,0
3360.1,0.0108,0,0.2676,0
6972.0,0.0355,0,0.0282,0
7922.3,0.0382,0,0.0234,0
15887.7,0.1164,0,0.4875,0
10518.5,0.7068,1,0.1763,0
12105.2,0.2553,0,0.0408,0
12823.7,0.4857,0,0.0337,0
7939.7,0.0243,0,0.0222,0
6420.6,0.0249,0,0.0208,0
11030.7,0.0362,0,0.0298,0
5492.7,0.1907,0,0.0306,0
2459.8,0.5297,1,0.5575,1
12298.6,0.1093,0,0.0603,0
11595.2,0.0638,0,0.0423,0
2428.5,0.5486,1,0.5494,1
2811.8,0.2532,0,0.6971,1
9761.1,0.0656,0,0.0466,0
9247.7,0.0338,0,0.0282,0
2922.5,0.5398,1,0.5978,1
2431.4,0.595,1,0.5078,1
9747.3,0.0448,0,0.0307,0
11770.4,0.2541,0,0.2318,0
2392.6,0.569,1,0.634,1
10447.0,0.0796,0,0.027,0
11660.5,0.083,0,0.0353,0
2150.0,0.5583,1,0.5113,1
2117.9,0.5094,1,0.5237,1
12922.3,0.1012,0,0.2803,0
12482.3,0.3923,0,0.0962,0
9997.3,0.1197,0,0.1194,0
13396.2,0.0866,0,0.1186,0
12665.4,0.1113,0,0.0545,0
11577.8,0.0996,0,0.0362,0
2082.4,0.7214,1,0.1869,0
14487.5,0.091,0,0.0457,0
13181.9,0.1306,0,0.0945,0
15714.6,0.1231,0,0.1255,0
12729.1,0.0699,0,0.0276,0
9533.5,0.0912,0,0.0474,0
12373.7,0.0669,0,0.0249,0
6713.6,0.136,0,0.2394,0
2389.0,0.5517,1,0.5969,1
3803.7,0.2046,0,0.049,0
4420.6,0.5692,1,0.0375,0
5111.3,0.0661,0,0.0474,0
2223.9,0.5491,1,0.1047,0
3445.3,0.0993,0,0.0226,0
5058.3,0.1771,0,0.0381,0
5722.1,0.0387,0,0.0341,0
2058.4,0.5215,1,0.2086,0
6423.0,0.0494,0,0.0345,0
4798.4,0.0262,0,0.0341,0
2071.4,0.5019,1,0.0386,0
7217.7,0.0323,0,0.0275,0
11347.7,0.1169,0,0.0666,0
5688.6,0.0203,0,0.0312,0
8758.3,0.0639,0,0.0353,0
10231.1,0.1201,0,0.0294,0
12094.6,0.0954,0,0.0248,0
10745.8,0.1267,0,0.0291,0
6617.2,0.125,0,0.03,0
6233.1,0.0398,0,0.0292,0
4683.8,0.0449,0,0.028,0
5905.6,0.0761,0,0.0342,0
7094.2,0.0333,0,0.0286,0
7030.8,0.0546,0,0.0271,0
4591.7,0.66,1,0.0395,0
4065.8,0.149,0,0.0599,0
4965.6,0.0833,0,0.0206,0
4828.7,0.0515,0,0.0461,0
7572.6,0.0543,0,0.0312,0
3390.5,0.0527,0,0.0857,0
6322.0,0.0467,0,0.0412,0
5821.5,0.0735,0,0.0475,0
11889.8,0.1881,0,0.0554,0
9614.5,0.0332,0,0.0399,0
9962.3,0.2163,0,0.0551,0
8619.6,0.0741,0,0.029,0
10619.2,0.1849,0,0.3114,0
4605.4,0.1328,0,0.0448,0
8634.7,0.075,0,0.0381,0
12529.2,0.0591,0,0.0393,0
10011.2,0.8512,1,0.2229,0
6042.8,0.1194,0,0.0731,0
9778.0,0.0703,0,0.0136,0
10272.3,0.1688,0,0.0348,0
5480.2,0.0996,0,0.7888,1
12023.7,0.0782,0,0.0308,0
6407.8,0.1218,0,0.0129,0
6192.3,0.0777,0,0.0254,0
5119.1,0.0703,0,0.0165,0
7418.8,0.1269,0,0.031,0
8525.3,0.0536,0,0.0278,0
8776.5,0.0403,0,0.0339,0
6546.6,0.0697,0,0.032,0
8600.1,0.0591,0,0.0377,0
8298.9,0.1398,0,0.0235,0
10313.1,0.1185,0,0.41,0
9511.8,0.0925,0,0.0227,0
7387.2,0.791,1,0.0217,0
8593.4,0.0793,0,0.0568,0
7605.8,0.2145,0,0.0376,0
8763.0,0.1018,0,0.0366,0
8483.4,0.2355,0,0.0376,0
8823.2,0.0778,0,0.0782,0
9589.4,0.051,0,0.0341,0
5161.1,0.103,0,0.0405,0
6312.9,0.1182,0,0.0293,0
8874.5,0.0932,0,0.025,0
9536.0,0.0521,0,0.0261,0
10221.7,0.0754,0,0.0271,0
7216.5,0.2187,0,0.4712,0
7680.0,0.0972,0,0.0277,0
6354.3,0.0698,0,0.0185,0
8753.4,0.1546,0,0.024,0
8681.6,0.0369,0,0.0285,0
9956.5,0.7866,1,0.0597,0
14911.0,0.2064,0,0.0323,0
13328.1,0.1953,0,0.0288,0
14597.4,0.0968,0,0.0345,0
15116.0,0.1351,0,0.0493,0
15759.9,0.1147,0,0.0616,0
13884.5,0.8837,1,0.0339,0
12984.7,0.1189,0,0.0394,0
14026.3,0.1858,0,0.1338,0
13023.6,0.1255,0,0.0306,0
14330.9,0.2603,0,0.0378,0
15073.7,0.153,0,0.0303,0
16813.0,0.0502,0,0.0257,0
15462.4,0.2219,0,0.0353,0
9676.4,0.0624,0,0.0226,0
9002.1,0.0333,0,0.025,0
6571.7,0.019,0,0.0302,0
9922.8,0.0228,0,0.0252,0
7417.9,0.0206,0,0.0283,0
7722.3,0.0256,0,0.0219,0
5922.7,0.0257,0,0.0585,0
7362.2,0.0367,0,0.023,0
9381.8,0.0281,0,0.0338,0
3428.2,0.5892,1,0.7703,1
9205.4,0.1495,0,0.6923,1
3274.3,0.8707,1,0.5529,1
11280.1,0.0419,0,0.5558,1
7285.0,0.2692,0,0.546,1
8747.7,0.0889,0,0.5445,1
10005.4,0.1352,0,0.5405,1
8110.6,0.1524,0,0.6814,1
10745.5,0.0703,0,0.8086,1
5886.6,0.8487,1,0.4673,0
9141.5,0.7578,1,0.5749,1
11342.9,0.0432,0,0.0228,0
10978.1,0.0508,0,0.0263,0
9569.9,0.0569,0,0.0228,0
10723.4,0.0454,0,0.0282,0
10940.0,0.0271,0,0.0228,0
9876.6,0.0292,0,0.0241,0
8294.2,0.0435,0,0.0176,0
7078.7,0.0509,0,0.0188,0
10736.2,0.0734,0,0.027,0
10329.7,0.055,0,0.0289,0
9778.4,0.1219,0,0.0261,0
10492.0,0.0633,0,0.0303,0
10127.9,0.0525,0,0.0335,0
9351.6,0.0697,0,0.0276,0
11305.0,0.0304,0,0.0253,0
10377.3,0.0362,0,0.0211,0
9035.0,0.0571,0,0.0178,0
7855.1,0.0716,0,0.0197,0
10349.7,0.0347,0,0.0227,0
9254.2,0.041,0,0.0401,0
10301.7,0.0698,0,0.0322,0
9826.0,0.0651,0,0.0321,0
10845.4,0.0379,0,0.0222,0
9366.0,0.042,0,0.0333,0
10468.7,0.0974,0,0.0581,0
8004.6,0.1701,0,0.0533,0
9455.8,0.0578,0,0.0196,0
8642.3,0.0447,0,0.0173,0
9266.7,0.0666,0,0.0427,0
9813.0,0.049,0,0.0433,0
8618.1,0.2481,0,0.0599,0
7141.8,0.1708,0,0.0554,0
10573.2,0.1639,0,0.0328,0
10699.0,0.2127,0,0.032,0
7593.1,0.299,0,0.0335,0
5580.8,0.171,0,0.078,0
11464.8,0.0681,0,0.0333,0
10314.9,0.0865,0,0.0268,0
9796.0,0.0915,0,0.0373,0
10534.4,0.0405,0,0.0277,0
10037.4,0.0921,0,0.0451,0
12189.5,0.0883,0,0.0207,0
8836.3,0.0491,0,0.0302,0
11497.8,0.0703,0,0.0315,0
12733.0,0.0829,0,0.0288,0
10285.1,0.0229,0,0.0336,0
11869.9,0.0873,0,0.0296,0
11929.8,0.0587,0,0.03,0
10544.0,0.0543,0,0.0332,0
8873.9,0.0566,0,0.0356,0
8563.3,0.1016,0,0.0384,0
9390.2,0.0272,0,0.0279,0
6762.5,0.5218,1,0.4248,0
11195.2,0.8259,1,0.0608,0
9316.7,0.6049,1,0.135,0
11801.1,0.9159,1,0.1525,0
10184.6,0.948,1,0.07,0
9328.9,0.6002,1,0.0828,0
10739.6,0.6933,1,0.0847,0
9594.6,0.6415,1,0.3356,0
11374.9,0.9244,1,0.066,0
4329.1,0.8113,1,0.7154,1
10686.3,0.7986,1,0.0636,0
9644.6,0.6904,1,0.0607,0
11424.9,0.8442,1,0.0461,0
7555.7,0.9289,1,0.0697,0
6194.8,0.1013,0,0.0221,0
4948.2,0.366,0,0.0519,0
5705.7,0.1312,0,0.0562,0
5415.8,0.1081,0,0.0395,0
5341.3,0.0624,0,0.0361,0
6258.4,0.0814,0,0.0373,0
5128.8,0.8303,1,0.0392,0
6705.0,0.2296,0,0.0377,0
6405.1,0.0463,0,0.0271,0
5623.8,0.0355,0,0.0269,0
3678.4,0.5144,1,0.5298,1
7271.5,0.0425,0,0.0243,0
7389.6,0.0709,0,0.028,0
6764.6,0.0418,0,0.0176,0
7620.8,0.0954,0,0.0292,0
4752.4,0.1661,0,0.0896,0
5989.7,0.0644,0,0.0219,0
6704.1,0.228,0,0.0302,0
6132.5,0.2099,0,0.0325,0
4958.9,0.32,0,0.0687,0
4189.8,0.2391,0,0.1292,0
6567.0,0.229,0,0.0308,0
6752.9,0.1722,0,0.0287,0
5428.0,0.0435,0,0.0225,0
4910.4,0.0586,0,0.019,0
5099.9,0.0842,0,0.0358,0
5873.6,0.0799,0,0.0292,0
5580.0,0.1474,0,0.0351,0
5061.7,0.4799,0,0.0527,0
6913.2,0.102,0,0.0479,0
6558.4,0.0815,0,0.0287,0
5215.4,0.0471,0,0.0308,0
6844.8,0.0932,0,0.0262,0
6023.5,0.0968,0,0.0237,0
4334.7,0.5945,1,0.0269,0
5584.6,0.0483,0,0.0329,0
5729.4,0.2186,0,0.0313,0
5044.4,0.0395,0,0.0231,0
6820.9,0.0952,0,0.0319,0
6058.6,0.0739,0,0.0416,0
4770.0,0.4114,0,0.0669,0
5583.3,0.0875,0,0.0392,0
4926.9,0.17,0,0.0388,0
3865.4,0.4928,0,0.5153,1
5345.9,0.0662,0,0.0274,0
6551.4,0.5255,1,0.0522,0
4934.8,0.1449,0,0.0426,0
5231.3,0.0623,0,0.0294,0
6082.4,0.1734,0,0.0463,0
5091.5,0.2392,0,0.0411,0
5180.1,0.0812,0,0.0489,0
5759.3,0.2148,0,0.0331,0
10555.9,0.068,0,0.0625,0
10351.4,0.0904,0,0.489,0
9949.2,0.0155,0,0.0356,0
10431.9,0.0483,0,0.032,0
9952.2,0.0632,0,0.0348,0
11366.7,0.0264,0,0.0467,0
10159.6,0.0516,0,0.0466,0
8710.2,0.0444,0,0.1942,0
8017.3,0.064,0,0.0293,0
11068.3,0.102,0,0.0436,0
11277.8,0.1473,0,0.0347,0
9024.9,0.0577,0,0.0296,0
8476.0,0.0675,0,0.0578,0
9245.2,0.0712,0,0.0482,0
8607.9,0.0422,0,0.0304,0
9316.6,0.0482,0,0.0336,0
10333.0,0.042,0,0.0305,0
8705.9,0.0306,0,0.0217,0
7791.4,0.0471,0,0.0437,0
8644.7,0.0281,0,0.0274,0
8206.1,0.0516,0,0.0328,0
9314.2,0.153,0,0.0866,0
8786.3,0.0333,0,0.0525,0
7628.2,0.0402,0,0.0356,0
10016.7,0.058,0,0.1407,0
7489.8,0.034,0,0.0458,0
12876.8,0.06,0,0.0165,0
10153.4,0.0386,0,0.1148,0
8243.0,0.0524,0,0.0356,0
9059.8,0.0595,0,0.0308,0
13662.2,0.1086,0,0.0531,0
10957.6,0.0522,0,0.0319,0
15351.4,0.0859,0,0.0281,0
11277.4,0.1775,0,0.107,0
10512.0,0.0573,0,0.0256,0
11511.4,0.0384,0,0.02,0
12204.9,0.0585,0,0.0285,0
6025.9,0.0821,0,0.0432,0
9388.8,0.1032,0,0.0467,0
9361.1,0.0592,0,0.0458,0
7215.7,0.0618,0,0.0453,0
11734.1,0.0506,0,0.016,0
11765.9,0.09,0,0.0217,0
10930.6,0.0366,0,0.0176,0
11334.6,0.0522,0,0.0368,0
11234.9,0.3039,0,0.0221,0
10787.4,0.0258,0,0.0247,0
10931.4,0.0355,0,0.0226,0
10076.4,0.094,0,0.0262,0
11835.5,0.0687,0,0.018,0
10675.6,0.0568,0,0.0306,0
11158.2,0.0781,0,0.0115,0
6807.3,0.0451,0,0.02,0
14762.8,0.0361,0,0.0236,0
7411.2,0.0526,0,0.0171,0
11916.6,0.0564,0,0.0233,0
12111.5,0.0731,0,0.0407,0
8804.6,0.1381,0,0.0276,0
9892.3,0.0396,0,0.036,0
6977.3,0.0657,0,0.028,0
11677.9,0.049,0,0.0261,0
10827.7,0.0846,0,0.0428,0
8504.7,0.0556,0,0.0242,0
7357.2,0.0897,0,0.0295,0
9399.4,0.1153,0,0.0217,0
5551.5,0.1766,0,0.0303,0
7271.8,0.0705,0,0.027,0
9536.4,0.0377,0,0.0222,0
10500.1,0.0969,0,0.0246,0
7630.1,0.0349,0,0.017,0
8151.5,0.1778,0,0.0217,0
10001.3,0.137,0,0.0292,0
10521.0,0.0553,0,0.0424,0
11150.0,0.0544,0,0.0253,0
10094.4,0.0647,0,0.0318,0
6706.6,0.0522,0,0.0268,0
7141.2,0.9257,1,0.08,0
7565.1,0.3718,0,0.0237,0
3976.8,0.7896,1,0.7027,1
6761.4,0.3043,0,0.0956,0
4695.9,0.9544,1,0.1423,0
5920.4,0.9024,1,0.0465,0
7552.7,0.6582,1,0.0331,0
5741.4,0.6787,1,0.036,0
10314.9,0.0733,0,0.0298,0
8848.9,0.0536,0,0.0265,0
5447.3,0.8493,1,0.6559,1
4122.8,0.1247,0,0.0325,0
4121.9,0.4986,0,0.0398,0
3704.4,0.9844,1,0.1524,0
2268.8,0.3739,0,0.0732,0
13402.9,0.0262,0,0.0363,0
6645.6,0.0463,0,0.6031,1
4475.4,0.4041,0,0.1006,0
8232.9,0.2113,0,0.0254,0
10204.7,0.1872,0,0.0262,0
4397.0,0.4793,0,0.0853,0
10246.7,0.1065,0,0.0312,0
4849.5,0.0084,0,0.195,0
10142.9,0.1563,0,0.0257,0
3959.6,0.6061,1,0.0217,0
7604.0,0.0759,0,0.0235,0
12047.7,0.0734,0,0.0279,0
8958.8,0.2303,0,0.048,0
8201.9,0.1063,0,0.0223,0
9655.9,0.0399,0,0.0256,0
19373.1,0.0378,0,0.0213,0
7843.1,0.1248,0,0.0207,0
8539.6,0.0478,0,0.0199,0
12644.7,0.0741,0,0.0218,0
7252.7,0.0034,0,0.9677,1
10778.2,0.0416,0,0.0218,0
10274.2,0.1049,0,0.0276,0
5559.6,0.6537,1,0.0951,0
10676.0,0.0889,0,0.0278,0
11740.1,0.0636,0,0.0242,0
9279.1,0.0647,0,0.0487,0
7336.7,0.1482,0,0.0179,0
5420.8,0.0878,0,0.0456,0
5133.0,0.1149,0,0.0627,0
9222.6,0.0464,0,0.0177,0
9585.2,0.0698,0,0.0436,0
11253.1,0.0492,0,0.0314,0
6105.0,0.0989,0,0.028,0
9502.6,0.0704,0,0.0535,0
7787.7,0.1025,0,0.0191,0
7802.9,0.1283,0,0.0218,0
10060.0,0.0263,0,0.0233,0
8710.5,0.0495,0,0.0333,0
9862.2,0.1006,0,0.0155,0
7406.2,0.0557,0,0.02,0
7895.2,0.0452,0,0.022,0
14862.8,0.0367,0,0.0334,0
9048.6,0.0317,0,0.0223,0
7798.0,0.0925,0,0.0224,0
10334.1,0.0661,0,0.0221,0
6625.3,0.044,0,0.0412,0
6323.5,0.0564,0,0.0509,0
5035.1,0.0792,0,0.0287,0
6278.7,0.0426,0,0.0636,0
11344.8,0.0348,0,0.0293,0
7876.9,0.0903,0,0.0338,0
4977.2,0.0816,0,0.0421,0
6899.9,0.0639,0,0.0363,0
8083.0,0.0791,0,0.0543,0
7406.2,0.0516,0,0.0368,0
10314.3,0.0685,0,0.0284,0
0.0,0.565,1,0.61,1
0.0,0.565,1,0.61,1
12921.3,0.0557,0,0.0326,0
14784.6,0.0545,0,0.033,0
12819.3,0.1644,0,0.1243,0
10171.4,0.0493,0,0.0221,0
11416.4,0.1212,0,0.0196,0
13729.7,0.1868,0,0.0308,0
11354.2,0.2655,0,0.3581,0
13388.5,0.1168,0,0.0378,0
10705.4,0.0615,0,0.0349,0
5638.5,0.0849,0,0.0256,0
13745.5,0.2066,0,0.0489,0
7400.8,0.0856,0,0.0208,0
4973.0,0.6402,1,0.0489,0
6447.8,0.0935,0,0.037,0
10057.8,0.0699,0,0.0207,0
8533.7,0.1594,0,0.0818,0
5841.2,0.3046,0,0.0375,0
5317.2,0.0896,0,0.0289,0
9095.3,0.1805,0,0.0222,0
7501.3,0.0549,0,0.0225,0
11096.5,0.0994,0,0.0297,0
11350.9,0.5331,1,0.851,1
8970.8,0.0687,0,0.024,0
3224.4,0.1276,0,0.8643,1
10436.3,0.0729,0,0.0223,0
3872.5,0.68,1,0.899,1
10677.5,0.2454,0,0.0521,0
10390.7,0.0862,0,0.0409,0
10082.8,0.0347,0,0.0181,0
10244.2,0.0601,0,0.0256,0
11361.0,0.0489,0,0.0725,0
11118.3,0.1059,0,0.0473,0
5405.9,0.0277,0,0.0313,0
10149.6,0.0567,0,0.027,0
10619.8,0.3834,0,0.0314,0
10512.0,0.1313,0,0.032,0
13885.2,0.0964,0,0.018,0
6725.0,0.0833,0,0.0381,0
4142.5,0.2747,0,0.0321,0
4642.3,0.108,0,0.0456,0
1734.1,0.5069,1,0.322,0
5262.0,0.0605,0,0.0437,0
3194.5,0.0793,0,0.0469,0
6564.2,0.4922,0,0.1716,0
6019.2,0.6691,1,0.1887,0
7728.9,0.1506,0,0.0358,0
2251.6,0.961,1,0.6728,1
7233.0,0.2158,0,0.5938,1
11930.3,0.0522,0,0.028,0
5044.0,0.0672,0,0.0321,0
9059.4,0.8228,1,0.4227,0
6280.5,0.7047,1,0.2915,0
5343.0,0.2789,0,0.0295,0
4934.9,0.2279,0,0.0385,0
9900.8,0.0602,0,0.0261,0
7965.1,0.2491,0,0.033,0
3136.5,0.1164,0,0.0729,0
1748.5,0.529,1,0.1567,0
4683.2,0.371,0,0.0356,0
2165.1,0.9498,1,0.6497,1
6714.1,0.054,0,0.0385,0
6480.7,0.1172,0,0.0307,0
5022.9,0.5197,1,0.5385,1
6895.9,0.4506,0,0.0518,0
6309.0,0.4577,0,0.2271,0
7808.9,0.2864,0,0.0629,0
2700.3,0.6031,1,0.3681,0
5735.5,0.0793,0,0.0698,0
3846.1,0.4482,0,0.1703,0
5966.9,0.22,0,0.0311,0
6903.0,0.1208,0,0.0384,0
6393.3,0.1014,0,0.0357,0
5235.0,0.1407,0,0.0627,0
6726.0,0.05,0,0.054,0
3906.7,0.0765,0,0.0664,0
4003.7,0.504,1,0.0884,0
7698.1,0.2093,0,0.0406,0
4923.4,0.0489,0,0.0321,0
4822.2,0.4248,0,0.1543,0
4848.9,0.2438,0,0.0813,0
4921.2,0.0694,0,0.0667,0
4040.0,0.1723,0,0.0876,0
3332.5,0.5642,1,0.2428,0
6818.6,0.0585,0,0.0394,0
4057.9,0.2727,0,0.0584,0
5343.8,0.0492,0,0.0594,0
5475.6,0.0722,0,0.0356,0
3281.0,0.4689,0,0.0974,0
2667.1,0.6403,1,0.0971,0
1654.0,0.529,1,0.3721,0
4424.9,0.0614,0,0.0411,0
9125.4,0.4629,0,0.0241,0
8928.1,0.2847,0,0.0205,0
9280.1,0.1063,0,0.9587,1
7275.3,0.1049,0,0.0827,0
8278.7,0.2095,0,0.0624,0
10878.9,0.6626,1,0.9692,1
1560.8,0.1748,0,0.5152,1
2619.7,0.0294,0,0.0581,0
9044.1,0.0436,0,0.0324,0
3060.5,0.198,0,0.2256,0
11091.9,0.0586,0,0.0188,0
9757.9,0.0987,0,0.047,0
10659.4,0.0748,0,0.028,0
11785.3,0.0534,0,0.0254,0
9875.7,0.0638,0,0.0277,0
9282.2,0.0302,0,0.0155,0
10549.4,0.07,0,0.0234,0
6994.1,0.1006,0,0.0219,0
9708.9,0.0425,0,0.0606,0
9915.7,0.0858,0,0.0412,0
11054.8,0.0644,0,0.0238,0
3793.2,0.1018,0,0.0492,0
16385.3,0.0904,0,0.1009,0
9879.4,0.0699,0,0.0237,0
10240.8,0.0925,0,0.0314,0
2211.6,0.589,1,0.346,0
8034.6,0.0597,0,0.0463,0
12360.5,0.1463,0,0.0324,0
1132.6,0.5431,1,0.5727,1
10884.2,0.1355,0,0.0489,0
10178.2,0.8331,1,0.0427,0
12885.8,0.0668,0,0.037,0
10720.1,0.1097,0,0.0298,0
10641.1,0.0927,0,0.03,0
12077.7,0.1031,0,0.024,0
11565.5,0.0977,0,0.0355,0
8374.1,0.1538,0,0.0582,0
15405.1,0.3573,0,0.0972,0
6666.7,0.8786,1,0.9394,1
8705.9,0.5965,1,0.6686,1
6638.0,0.6284,1,0.0508,0
10294.0,0.2783,0,0.1636,0
11593.9,0.3965,0,0.0419,0
4593.1,0.1006,0,0.0835,0
10708.6,0.8278,1,0.6708,1
9755.6,0.2107,0,0.0662,0
3402.0,0.9577,1,0.8471,1
11355.2,0.0894,0,0.0607,0
8497.0,0.6307,1,0.0743,0
10274.0,0.9447,1,0.4184,0
14504.1,0.0872,0,0.0552,0
7904.1,0.0576,0,0.1007,0
10712.3,0.1407,0,0.1995,0
9642.8,0.0614,0,0.0272,0
8587.6,0.1025,0,0.0826,0
2559.0,0.0699,0,0.0404,0
10160.4,0.1086,0,0.049,0
11849.1,0.0589,0,0.0254,0
4996.5,0.0399,0,0.0226,0
10962.8,0.0898,0,0.0251,0
5861.5,0.1587,0,0.0535,0
11906.3,0.1092,0,0.058,0
9595.1,0.0701,0,0.0434,0
11579.7,0.0378,0,0.03,0
9128.8,0.1024,0,0.0448,0
7836.1,0.0642,0,0.033,0
12100.1,0.0571,0,0.0358,0
9032.3,0.043,0,0.0229,0
11196.4,0.1031,0,0.0265,0
8577.4,0.0675,0,0.0289,0
10544.9,0.5695,1,0.0436,0
10693.9,0.0482,0,0.0115,0
11224.4,0.0249,0,0.0234,0
7445.7,0.0379,0,0.0164,0
2716.8,0.4085,0,0.207,0
4105.0,0.3815,0,0.3032,0
9461.3,0.0464,0,0.0295,0
4788.3,0.1406,0,0.0383,0
6226.3,0.0328,0,0.0407,0
4265.0,0.1229,0,0.0549,0
2585.4,0.6652,1,0.024,0
3665.0,0.9426,1,0.088,0
4390.6,0.1019,0,0.0616,0
1592.2,0.5544,1,0.5101,1
4094.6,0.8345,1,0.0306,0
2562.0,0.15,0,0.2752,0
5838.3,0.8075,1,0.0474,0
5727.6,0.0684,0,0.0313,0
5203.0,0.0382,0,0.0171,0
1608.7,0.509,1,0.0551,0
4821.1,0.0456,0,0.0364,0
3212.1,0.1677,0,0.0266,0
4123.5,0.0956,0,0.1001,0
4125.4,0.0445,0,0.0266,0
3797.9,0.0137,0,0.0648,0
3546.2,0.0896,0,0.0251,0
3948.1,0.0822,0,0.0449,0
11267.0,0.1187,0,0.0367,0
13968.2,0.055,0,0.0194,0
12708.7,0.0615,0,0.0269,0
12365.7,0.0589,0,0.0333,0
11400.0,0.082,0,0.0362,0
11726.0,0.0916,0,0.0257,0
12849.8,0.0985,0,0.0273,0
12704.1,0.2013,0,0.0561,0
12150.4,0.2506,0,0.0322,0
12036.2,0.0547,0,0.0364,0
12788.1,0.056,0,0.0212,0
12549.9,0.1022,0,0.03,0
8512.8,0.0498,0,0.0317,0
6092.3,0.0855,0,0.0348,0
8875.8,0.0788,0,0.025,0
11288.3,0.078,0,0.0291,0
11290.1,0.1497,0,0.0349,0
11472.6,0.0444,0,0.022,0
11778.9,0.0787,0,0.0244,0
11736.9,0.0461,0,0.0283,0
10299.5,0.0604,0,0.0567,0
6598.6,0.0407,0,0.0292,0
9512.4,0.0893,0,0.0293,0
10384.7,0.0457,0,0.0148,0
8750.1,0.1073,0,0.0285,0
6474.8,0.0749,0,0.0213,0
11010.8,0.0673,0,0.0235,0
7841.5,0.1599,0,0.0212,0
10403.9,0.1126,0,0.0582,0
8103.9,0.0286,0,0.0235,0
19977.9,0.3365,0,0.8848,1
12940.8,0.0471,0,0.0515,0
12674.6,0.0482,0,0.0303,0
10391.3,0.0435,0,0.0249,0
14022.9,0.0444,0,0.039,0
12015.5,0.0379,0,0.0202,0
10504.8,0.0641,0,0.0297,0
12192.8,0.1606,0,0.0317,0
11186.2,0.035,0,0.0459,0
12063.3,0.0636,0,0.0218,0
13423.1,0.0864,0,0.0196,0
11211.6,0.062,0,0.0302,0
10195.1,0.0553,0,0.0265,0
12093.0,0.0483,0,0.0272,0
10963.6,0.0766,0,0.0252,0
11480.2,0.0268,0,0.0321,0
10601.0,0.1087,0,0.0311,0
10246.9,0.021,0,0.028,0
9117.7,0.0658,0,0.0196,0
13050.6,0.0781,0,0.032,0
11944.9,0.0708,0,0.0238,0
13578.9,0.0784,0,0.0687,0
10882.3,0.048,0,0.0498,0
9498.2,0.0549,0,0.1129,0
11102.3,0.0541,0,0.0799,0
11313.6,0.1004,0,0.0757,0
10660.6,0.0531,0,0.0291,0
9797.2,0.0754,0,0.0485,0
9377.5,0.0832,0,0.0706,0
6962.5,0.0746,0,0.1015,0
3067.7,0.0275,0,0.0404,0
4381.6,0.0786,0,0.029,0
2856.8,0.1658,0,0.0255,0
6468.6,0.0668,0,0.0298,0
6070.2,0.0573,0,0.0269,0
3114.4,0.0749,0,0.0293,0
6946.5,0.0567,0,0.0319,0
7454.1,0.0721,0,0.0188,0
3879.3,0.1512,0,0.0366,0
6041.4,0.0532,0,0.0215,0
4825.6,0.0813,0,0.0226,0
9372.5,0.0854,0,0.0213,0
3279.2,0.1286,0,0.019,0
4851.3,0.1874,0,0.026,0
5736.2,0.1406,0,0.0228,0
7456.1,0.0904,0,0.025,0
9069.8,0.1057,0,0.0163,0
1751.1,0.7568,1,0.084,0
7687.9,0.038,0,0.0685,0
10087.7,0.0637,0,0.037,0
11911.3,0.0796,0,0.0285,0
2326.6,0.547,1,0.2333,0
11131.5,0.0626,0,0.0481,0
11923.9,0.0885,0,0.0254,0
11663.2,0.1152,0,0.0211,0
7102.5,0.0706,0,0.0433,0
3783.1,0.6047,1,0.5778,1
11352.1,0.0552,0,0.0672,0
10427.1,0.1005,0,0.0255,0
12185.5,0.2427,0,0.0453,0
10777.6,0.0915,0,0.0231,0
6547.1,0.6464,1,0.0443,0
9567.6,0.0929,0,0.0472,0
12340.8,0.0176,0,0.1036,0
8683.7,0.0243,0,0.0656,0
13845.4,0.0988,0,0.0963,0
1601.7,0.1962,0,0.109,0
7211.8,0.5367,1,0.1384,0
10293.4,0.1815,0,0.0524,0
6432.8,0.0494,0,0.0253,0
16487.5,0.0288,0,0.0498,0
6769.5,0.0355,0,0.0096,0
4338.6,0.7812,1,0.0646,0
9003.0,0.033,0,0.0408,0
10084.2,0.2535,0,0.0345,0
6104.8,0.1526,0,0.0271,0
6230.0,0.041,0,0.0718,0
12454.9,0.107,0,0.0308,0
4361.9,0.0132,0,0.0355,0
12215.0,0.0904,0,0.0383,0
9152.4,0.1022,0,0.036,0
6510.7,0.0329,0,0.0225,0
8919.0,0.0435,0,0.0435,0
11323.3,0.1086,0,0.046,0
5330.9,0.5865,1,0.6164,1
3673.6,0.1773,0,0.073,0
4560.8,0.0209,0,0.0423,0
15794.7,0.079,0,0.0432,0
11853.0,0.3756,0,0.0472,0
5098.5,0.666,1,0.0259,0
3519.9,0.6213,1,0.091,0
12393.0,0.0874,0,0.088,0
20056.5,0.1156,0,0.1421,0
4198.1,0.6959,1,0.0189,0
3249.3,0.5283,1,0.6127,1
4582.5,0.7045,1,0.0391,0
5938.4,0.4714,0,0.0273,0
4015.5,0.0847,0,0.1031,0
21228.7,0.0805,0,0.3326,0
8214.7,0.1383,0,0.0478,0
3808.5,0.7883,1,0.1699,0
5645.1,0.3217,0,0.0254,0
4642.9,0.3743,0,0.1102,0
5337.0,0.2772,0,0.0555,0
2919.3,0.5079,1,0.3228,0
8379.6,0.0417,0,0.0235,0
3599.0,0.2441,0,0.2244,0
3648.5,0.7758,1,0.0829,0
2616.0,0.6028,1,0.7419,1
3754.2,0.7644,1,0.0165,0
5678.9,0.1515,0,0.0178,0
6556.1,0.0786,0,0.0222,0
5894.2,0.1575,0,0.0633,0
5485.2,0.4519,0,0.0794,0
4393.7,0.4507,0,0.0252,0
4233.0,0.2646,0,0.0253,0
8548.7,0.0555,0,0.0188,0
6796.9,0.6437,1,0.0904,0
4037.6,0.1931,0,0.2103,0
7694.7,0.0807,0,0.0436,0
3046.4,0.3053,0,0.1472,0
6001.4,0.5541,1,0.0228,0
6174.2,0.8529,1,0.1529,0
3286.4,0.725,1,0.0735,0
2901.0,0.1499,0,0.0671,0
5800.7,0.095,0,0.0664,0
3306.7,0.208,0,0.1241,0
6029.5,0.0623,0,0.0526,0
5343.1,0.0843,0,0.0403,0
6828.1,0.0892,0,0.0575,0
2598.4,0.6088,1,0.2074,0
4217.3,0.0314,0,0.0617,0
2857.9,0.3127,0,0.1495,0
5326.6,0.0334,0,0.0608,0
7639.2,0.0675,0,0.0406,0
3754.8,0.9617,1,0.2031,0
10916.5,0.1303,0,0.0951,0
9832.5,0.0682,0,0.0355,0
8454.9,0.0623,0,0.0381,0
9070.2,0.6295,1,0.0335,0
2488.6,0.5532,1,0.9506,1
4028.3,0.054,0,0.024,0
5210.8,0.0571,0,0.051,0
8970.1,0.0629,0,0.0354,0
7626.4,0.0314,0,0.0361,0
4059.5,0.1044,0,0.038,0
10527.8,0.036,0,0.0314,0
11432.2,0.0254,0,0.0391,0
8275.9,0.0335,0,0.0264,0
7860.9,0.0841,0,0.0534,0
4921.6,0.0434,0,0.6259,1
12831.5,0.0248,0,0.0215,0
10157.6,0.1145,0,0.0281,0
10693.5,0.045,0,0.0367,0
11356.4,0.0412,0,0.0403,0
8523.0,0.0611,0,0.0373,0
8680.0,0.0823,0,0.0306,0
10101.5,0.0574,0,0.0159,0
2295.1,0.4403,0,0.4036,0
8115.2,0.2045,0,0.0442,0
11787.2,0.1025,0,0.0953,0
8732.1,0.1922,0,0.0635,0
10875.8,0.0708,0,0.0365,0
6968.5,0.1931,0,0.0323,0
11234.6,0.0706,0,0.0589,0
12724.0,0.1225,0,0.0531,0
12805.1,0.3979,0,0.5055,1
11000.0,0.2465,0,0.0418,0
12137.7,0.1447,0,0.0722,0
7606.8,0.4242,0,0.0473,0
5287.0,0.564,1,0.0255,0
9138.0,0.0723,0,0.037,0
5291.3,0.053,0,0.0304,0
9408.5,0.0948,0,0.0358,0
11179.0,0.2087,0,0.8111,1
10615.6,0.0653,0,0.0368,0
10651.2,0.054,0,0.0497,0
12017.4,0.2911,0,0.0259,0
6279.7,0.9673,1,0.9747,1
3573.1,0.6795,1,0.6267,1
5269.4,0.3558,0,0.9785,1
10702.2,0.1522,0,0.1347,0
11078.1,0.8045,1,0.0338,0
10409.6,0.4599,0,0.0482,0
13382.1,0.8863,1,0.9445,1
9748.1,0.4499,0,0.0329,0
4991.7,0.4702,0,0.0996,0
8797.3,0.2108,0,0.0241,0
9901.8,0.6253,1,0.8435,1
10350.2,0.0951,0,0.1617,0
14601.5,0.1245,0,0.0267,0
13040.2,0.0723,0,0.7669,1
12201.4,0.2422,0,0.1516,0
6737.0,0.0586,0,0.0398,0
5591.2,0.029,0,0.0309,0
5917.9,0.04,0,0.0229,0
5164.3,0.1368,0,0.0449,0
8995.4,0.7979,1,0.034,0
9689.8,0.4754,0,0.1963,0
6157.7,0.2406,0,0.0343,0
7976.1,0.2876,0,0.1482,0
10250.9,0.0721,0,0.0367,0
4715.2,0.1712,0,0.0667,0
3648.2,0.0658,0,0.0366,0
6627.3,0.0409,0,0.0387,0
9508.4,0.0321,0,0.0112,0
5886.0,0.7735,1,0.0218,0
7141.6,0.0773,0,0.026,0
6894.6,0.4722,0,0.0061,0
7307.4,0.7153,1,0.3234,0
4381.8,0.0958,0,0.0618,0
7516.9,0.0537,0,0.0245,0
9746.4,0.078,0,0.0259,0
9023.6,0.0273,0,0.0093,0
9890.9,0.0979,0,0.0074,0
8917.8,0.0551,0,0.0306,0
10974.9,0.0348,0,0.0094,0
5834.6,0.3811,0,0.073,0
6592.0,0.0686,0,0.0407,0
6193.7,0.3929,0,0.0269,0
5978.0,0.0271,0,0.0303,0
8653.4,0.0773,0,0.03,0
3954.7,0.0288,0,0.0366,0
7216.8,0.0741,0,0.0401,0
9143.0,0.0978,0,0.0251,0
12657.8,0.0612,0,0.041,0
7603.5,0.0935,0,0.0162,0
10100.0,0.0249,0,0.0077,0
6871.2,0.0417,0,0.0227,0
12092.8,0.0395,0,0.0228,0
13175.1,0.0371,0,0.0222,0
12484.0,0.0515,0,0.0967,0
5581.6,0.0588,0,0.029,0
13008.3,0.0848,0,0.0306,0
7765.0,0.3866,0,0.0322,0
4784.3,0.0836,0,0.0422,0
16777.1,0.0946,0,0.033,0
9867.8,0.1007,0,0.0235,0
10539.8,0.0371,0,0.0264,0
8565.1,0.7252,1,0.0748,0
2844.1,0.029,0,0.3432,0
12016.4,0.0453,0,0.0288,0
4791.6,0.0206,0,0.0233,0
10333.7,0.0774,0,0.0322,0
3938.7,0.2242,0,0.0705,0
14088.6,0.1089,0,0.0429,0
9426.9,0.0965,0,0.0277,0
17441.8,0.0592,0,0.0432,0
9556.0,0.0328,0,0.0257,0
8741.7,0.0608,0,0.0249,0
11005.7,0.0613,0,0.0339,0
7080.2,0.0494,0,0.0265,0
7099.7,0.0719,0,0.0172,0
13157.4,0.0739,0,0.0232,0
9031.8,0.0643,0,0.0295,0
11031.7,0.0387,0,0.0407,0
10642.9,0.0213,0,0.0193,0
2578.6,0.2963,0,0.0519,0
16483.3,0.0415,0,0.1537,0
9657.0,0.0431,0,0.0436,0
10939.7,0.0878,0,0.0321,0
10457.2,0.1748,0,0.0743,0
5987.4,0.6164,1,0.0093,0
8673.0,0.0625,0,0.0265,0
9142.6,0.0299,0,0.0232,0
8666.1,0.0236,0,0.0215,0
12185.4,0.0985,0,0.4517,0
6504.5,0.0805,0,0.0567,0
7076.2,0.1405,0,0.0464,0
8766.8,0.0817,0,0.0497,0
12939.1,0.0399,0,0.0369,0
8674.5,0.0882,0,0.1642,0
7579.1,0.8313,1,0.1661,0
5368.9,0.0619,0,0.0323,0
3291.2,0.6289,1,0.3866,0
11624.7,0.0587,0,0.0407,0
5408.9,0.0443,0,0.0245,0
10450.7,0.0733,0,0.0456,0
12891.2,0.0796,0,0.0305,0
11159.5,0.0576,0,0.0428,0
8123.4,0.9138,1,0.178,0
10768.0,0.069,0,0.0375,0
9013.5,0.0558,0,0.1,0
10408.1,0.0664,0,0.0351,0
4621.8,0.0535,0,0.0331,0
12213.1,0.1123,0,0.0355,0
14368.2,0.1196,0,0.0957,0
14446.5,0.0789,0,0.0472,0
11056.4,0.1064,0,0.0393,0
10784.5,0.1108,0,0.2007,0
7435.8,0.1352,0,0.093,0
10048.5,0.131,0,0.1456,0
13455.9,0.1349,0,0.1143,0
5243.0,0.081,0,0.0165,0
10395.9,0.0938,0,0.0293,0
12505.8,0.0841,0,0.0226,0
10931.4,0.6564,1,0.0335,0
10017.2,0.0787,0,0.04,0
15617.7,0.1556,0,0.4553,0
11022.6,0.0835,0,0.0287,0
10813.7,0.0748,0,0.0238,0
9850.2,0.1039,0,0.0238,0
6692.6,0.1942,0,0.0379,0
8732.9,0.1469,0,0.1256,0
10802.1,0.0866,0,0.0577,0
10762.9,0.1449,0,0.0664,0
11461.4,0.1029,0,0.0124,0
10298.0,0.1808,0,0.0694,0
8672.3,0.132,0,0.0309,0
9697.2,0.2108,0,0.032,0
12091.1,0.1093,0,0.0441,0
8321.3,0.0434,0,0.0358,0
9650.1,0.0756,0,0.0357,0
12345.5,0.0642,0,0.0432,0
10739.5,0.091,0,0.0359,0
7531.2,0.2084,0,0.0252,0
11648.9,0.0554,0,0.0373,0
12358.6,0.0495,0,0.0319,0
5814.5,0.0337,0,0.0317,0
12370.5,0.095,0,0.0372,0
4886.0,0.0531,0,0.0507,0
3652.0,0.1187,0,0.0828,0
5636.5,0.117,0,0.0215,0
6747.6,0.0811,0,0.0209,0
5730.6,0.0336,0,0.0443,0
7143.8,0.0508,0,0.0239,0
4883.1,0.0266,0,0.0295,0
7092.1,0.5005,1,0.0391,0
8232.6,0.0806,0,0.0218,0
12015.0,0.0204,0,0.0266,0
11018.7,0.0589,0,0.0324,0
15749.3,0.1052,0,0.0365,0
11524.2,0.0519,0,0.032,0
8447.6,0.0595,0,0.0443,0
13936.1,0.0842,0,0.0438,0
4425.2,0.0312,0,0.0767,0
11867.8,0.0463,0,0.0224,0
13691.8,0.0628,0,0.0258,0
13265.7,0.0654,0,0.0358,0
11424.3,0.0229,0,0.039,0
15643.0,0.08,0,0.0344,0
5353.8,0.1533,0,0.0645,0
10198.1,0.0927,0,0.0359,0
12427.7,0.0601,0,0.0195,0
7063.9,0.064,0,0.035,0
7797.8,0.0477,0,0.0325,0
9753.3,0.0973,0,0.0218,0
10836.4,0.1639,0,0.1025,0
13163.2,0.1,0,0.0494,0
9914.3,0.0537,0,0.029,0
11750.8,0.1,0,0.0293,0
14317.6,0.1064,0,0.0464,0
12477.9,0.0723,0,0.0433,0
9183.8,0.0746,0,0.0271,0
11318.8,0.3682,0,0.0439,0
10360.3,0.0244,0,0.4603,0
11347.8,0.0683,0,0.0307,0
8962.7,0.0823,0,0.0274,0
10601.7,0.0659,0,0.027,0
9948.4,0.1335,0,0.0705,0
11348.6,0.0596,0,0.0283,0
9827.3,0.0719,0,0.0365,0
11005.9,0.1573,0,0.0532,0
5429.5,0.5276,1,0.0476,0
11813.5,0.1242,0,0.0409,0
8833.0,0.1044,0,0.0391,0
9668.3,0.1056,0,0.0333,0
10498.5,0.0449,0,0.1204,0
7863.0,0.0531,0,0.0566,0
11750.7,0.085,0,0.0372,0
11523.4,0.1255,0,0.0664,0
11574.2,0.1105,0,0.0355,0
10154.2,0.1037,0,0.0238,0
7078.6,0.2214,0,0.0387,0
9989.7,0.0763,0,0.0328,0
7362.9,0.0585,0,0.0368,0
7741.5,0.1731,0,0.0229,0
12387.2,0.0652,0,0.0228,0
6701.0,0.087,0,0.0336,0
10265.3,0.1299,0,0.0235,0
9395.0,0.0881,0,0.033,0
9755.1,0.0565,0,0.023,0
10773.8,0.0712,0,0.0255,0
9343.0,0.0766,0,0.0301,0
8761.2,0.0821,0,0.033,0
10680.0,0.082,0,0.0337,0
8542.7,0.121,0,0.0326,0
9151.6,0.0236,0,0.0435,0
10156.0,0.0749,0,0.0243,0
6932.2,0.0669,0,0.0433,0
10772.2,0.8147,1,0.0283,0
10037.9,0.0252,0,0.0319,0
9282.2,0.0342,0,0.0375,0
7458.5,0.3137,0,0.1558,0
7069.2,0.5909,1,0.7852,1
6129.2,0.5938,1,0.9603,1
8089.1,0.6228,1,0.6579,1
8241.5,0.4393,0,0.1166,0
7313.4,0.7633,1,0.901,1
7996.5,0.3779,0,0.1219,0
5442.7,0.779,1,0.8754,1
12628.0,0.053,0,0.0433,0
13513.8,0.0415,0,0.0355,0
9179.3,0.0261,0,0.0542,0
11583.0,0.0316,0,0.0287,0
8005.4,0.0739,0,0.0456,0
10414.8,0.0397,0,0.0427,0
12926.3,0.0576,0,0.0404,0
10942.7,0.0437,0,0.0473,0
14269.7,0.0594,0,0.0306,0
6917.8,0.0239,0,0.0339,0
17488.4,0.0791,0,0.0398,0
11276.5,0.0447,0,0.0323,0
13629.6,0.163,0,0.0394,0
14831.5,0.1064,0,0.0318,0
14454.8,0.1987,0,0.0207,0
12768.8,0.095,0,0.0277,0
11578.6,0.1146,0,0.0336,0
9162.5,0.0368,0,0.0149,0
10660.6,0.1805,0,0.0335,0
12139.9,0.0638,0,0.0237,0
12729.9,0.0942,0,0.0288,0
11447.3,0.1108,0,0.0322,0
6834.9,0.0707,0,0.0371,0
12857.0,0.0722,0,0.0333,0
15298.9,0.1342,0,0.3015,0
10680.9,0.0667,0,0.0287,0
5193.4,0.0746,0,0.0268,0
12402.4,0.0885,0,0.0376,0
11945.2,0.0951,0,0.0143,0
12007.5,0.149,0,0.0499,0
12785.8,0.2184,0,0.0227,0
13482.2,0.0682,0,0.0242,0
4757.6,0.4704,0,0.1313,0
14234.9,0.0978,0,0.0345,0
13107.4,0.0626,0,0.0324,0
12672.8,0.112,0,0.0513,0
11539.7,0.1136,0,0.0799,0
11563.6,0.0767,0,0.0528,0
13077.2,0.0795,0,0.0433,0
13608.5,0.0686,0,0.0238,0
10705.2,0.029,0,0.0139,0
2163.4,0.5443,1,0.5723,1
4688.1,0.7101,1,0.0688,0
7630.3,0.1421,0,0.0231,0
12404.2,0.0886,0,0.0422,0
8821.8,0.4554,0,0.0371,0
8454.7,0.0703,0,0.0214,0
9808.2,0.0358,0,0.0224,0
8023.2,0.1493,0,0.0246,0
5527.8,0.5919,1,0.0393,0
9385.1,0.106,0,0.0304,0
5971.9,0.165,0,0.0665,0
6880.1,0.2891,0,0.1137,0
11286.6,0.0447,0,0.0321,0
2953.9,0.4169,0,0.2963,0
5234.4,0.5044,1,0.1768,0
11310.9,0.9786,1,0.0688,0
14645.9,0.0404,0,0.0687,0
13475.2,0.0986,0,0.0404,0
8100.8,0.0873,0,0.0454,0
4545.8,0.1562,0,0.2739,0
6985.3,0.4071,0,0.0407,0
11288.5,0.0867,0,0.0302,0
14709.6,0.0872,0,0.0395,0
4071.7,0.132,0,0.04,0
12064.6,0.1356,0,0.0791,0
9028.0,0.0881,0,0.025,0
7336.4,0.0404,0,0.0287,0
5736.7,0.0908,0,0.1019,0
8561.5,0.0548,0,0.0237,0
10057.0,0.1079,0,0.0402,0
5808.1,0.1214,0,0.0371,0
7346.3,0.0619,0,0.0291,0
5556.9,0.099,0,0.046,0
8709.5,0.0507,0,0.0365,0
8007.4,0.1475,0,0.0244,0
6987.2,0.0501,0,0.0265,0
8959.5,0.0469,0,0.0451,0
8995.1,0.0436,0,0.0246,0
10151.3,0.0369,0,0.0202,0
10347.9,0.0974,0,0.0319,0
8648.7,0.1906,0,0.0501,0
11168.3,0.0604,0,0.0616,0
9955.9,0.0412,0,0.0243,0
11301.0,0.0327,0,0.0236,0
7031.5,0.0393,0,0.0445,0
8558.6,0.0088,0,0.0334,0
5544.7,0.0278,0,0.0867,0
5773.2,0.0385,0,0.0831,0
13439.2,0.0157,0,0.0406,0
6011.1,0.0408,0,0.0404,0
8766.7,0.0164,0,0.0317,0
6086.0,0.0488,0,0.1107,0
10376.6,0.018,0,0.095,0
9293.6,0.0059,0,0.0614,0
9683.5,0.0821,0,0.0279,0
10213.4,0.0156,0,0.0622,0
8565.9,0.0465,0,0.0514,0
10683.7,0.0284,0,0.0318,0
8627.9,0.0225,0,0.0228,0
11815.8,0.028,0,0.0282,0
8419.4,0.0665,0,0.0347,0
9386.8,0.023,0,0.0433,0
7738.7,0.0202,0,0.051,0
11048.6,0.0223,0,0.0395,0
10096.2,0.0656,0,0.0307,0
5941.8,0.0382,0,0.0398,0
13368.9,0.0504,0,0.0322,0
6573.1,0.0252,0,0.0254,0
11935.2,0.0305,0,0.0397,0
12998.8,0.11,0,0.0229,0
7420.6,0.0207,0,0.0288,0
8532.3,0.0277,0,0.0298,0
10818.0,0.0649,0,0.0264,0
9158.9,0.0759,0,0.0118,0
6307.2,0.8693,1,0.0356,0
4913.1,0.0667,0,0.0175,0
8007.0,0.0595,0,0.0188,0
7983.9,0.0802,0,0.025,0
4673.1,0.0792,0,0.0184,0
6830.9,0.4562,0,0.0204,0
5859.0,0.0611,0,0.0235,0
2796.9,0.0433,0,0.039,0
6807.0,0.1198,0,0.0364,0
2632.9,0.4526,0,0.1136,0
2373.0,0.1116,0,0.0857,0
2220.7,0.0552,0,0.0455,0
2445.3,0.5127,1,0.4497,0
5251.7,0.5305,1,0.1855,0
5427.3,0.3405,0,0.0342,0
2497.4,0.5019,1,0.3867,0
6536.2,0.3115,0,0.0589,0
6397.1,0.3712,0,0.1037,0
5483.2,0.6126,1,0.4244,0
4183.8,0.6368,1,0.3435,0
4833.5,0.604,1,0.0692,0
9169.7,0.0682,0,0.0335,0
2558.9,0.7877,1,0.8726,1
3092.3,0.6315,1,0.0547,0
2873.8,0.7925,1,0.1668,0
7565.9,0.3642,0,0.0798,0
9416.6,0.0708,0,0.0143,0
9921.4,0.0219,0,0.0189,0
2796.2,0.1333,0,0.0757,0
7039.3,0.1665,0,0.0415,0
8491.4,0.0124,0,0.0286,0
6876.2,0.049,0,0.0439,0
7751.0,0.0557,0,0.0165,0
6041.4,0.0406,0,0.0275,0
6985.8,0.1068,0,0.0224,0
5976.7,0.0604,0,0.0323,0
6571.1,0.0305,0,0.0177,0
2373.8,0.49,0,0.0206,0
3159.9,0.0305,0,0.0633,0
1343.6,0.5573,1,0.0755,0
3942.8,0.5576,1,0.0399,0
1295.5,0.0095,0,0.0532,0
1740.2,0.6173,1,0.0333,0
894.0,0.551,1,0.1349,0
4176.8,0.555,1,0.0219,0
7355.0,0.0482,0,0.0254,0
8599.9,0.0105,0,0.0289,0
11377.5,0.0667,0,0.0525,0
8904.8,0.0478,0,0.042,0
834.9,0.4999,0,0.0227,0
5084.5,0.2396,0,0.0214,0
2098.8,0.4225,0,0.0545,0
591.4,0.5788,1,0.0796,0
3335.9,0.7532,1,0.045,0
1441.5,0.5328,1,0.1266,0
15002.7,0.0834,0,0.0216,0
8202.6,0.2146,0,0.0364,0
10227.6,0.3629,0,0.0613,0
10160.3,0.0631,0,0.0394,0
11737.7,0.6256,1,0.1337,0
9678.0,0.0461,0,0.0273,0
10001.7,0.0266,0,0.0199,0
8484.8,0.6616,1,0.0288,0
8204.7,0.1256,0,0.0269,0
12564.0,0.0896,0,0.0401,0
8685.5,0.0973,0,0.0147,0
13023.5,0.0369,0,0.0161,0
8600.9,0.0665,0,0.0288,0
11302.9,0.0427,0,0.0299,0
11370.2,0.0948,0,0.1556,0
11613.7,0.059,0,0.0346,0
12478.6,0.0346,0,0.0266,0
13017.3,0.0544,0,0.0478,0
11210.3,0.0387,0,0.0155,0
11856.8,0.0504,0,0.0604,0
9337.7,0.3623,0,0.7894,1
10252.9,0.0346,0,0.0226,0
13138.8,0.0783,0,0.0344,0
12748.8,0.0656,0,0.0352,0
10012.8,0.0307,0,0.0356,0
8589.0,0.0252,0,0.0173,0
11576.1,0.0665,0,0.0358,0
10089.0,0.0424,0,0.04,0
10434.8,0.0194,0,0.0226,0
12011.4,0.0262,0,0.0301,0
9088.7,0.0268,0,0.0315,0
10627.0,0.0506,0,0.0317,0
12938.1,0.0335,0,0.0268,0
7370.9,0.1948,0,0.0288,0
12194.8,0.0359,0,0.0338,0
10915.8,0.04,0,0.034,0
11702.3,0.0204,0,0.0255,0
12539.3,0.042,0,0.0321,0
10004.6,0.2192,0,0.0355,0
10877.6,0.0613,0,0.0364,0
9961.9,0.0248,0,0.0355,0
11915.1,0.03,0,0.037,0
11231.1,0.0456,0,0.0377,0
11212.4,0.0301,0,0.0237,0
11401.3,0.0314,0,0.04,0
11549.5,0.0418,0,0.027,0
11953.2,0.0273,0,0.0345,0
11468.3,0.0277,0,0.0425,0
12366.8,0.0181,0,0.0323,0
9892.7,0.0514,0,0.0272,0
12060.7,0.1061,0,0.0319,0
6299.1,0.4412,0,0.0494,0
11725.2,0.0559,0,0.0224,0
8322.4,0.1184,0,0.0454,0
11492.3,0.0576,0,0.0514,0
14114.0,0.0765,0,0.0382,0
5104.0,0.5921,1,0.0264,0
2940.7,0.5996,1,0.3879,0
4453.8,0.9421,1,0.0404,0
8859.3,0.0781,0,0.0361,0
8062.5,0.066,0,0.0303,0
6643.8,0.0356,0,0.0199,0
7141.4,0.0481,0,0.0295,0
4780.7,0.6713,1,0.0361,0
12089.1,0.1008,0,0.0288,0
9668.3,0.1007,0,0.5029,1
0.0,0.565,1,0.61,1
8546.5,0.126,0,0.0328,0
10309.0,0.0677,0,0.0225,0
4934.2,0.0829,0,0.043,0
10333.1,0.0675,0,0.0402,0
9412.4,0.0539,0,0.0239,0
12168.6,0.108,0,0.0245,0
3019.0,0.3625,0,0.0316,0
9751.7,0.0823,0,0.0275,0
10167.0,0.5315,1,0.0686,0
9064.3,0.0554,0,0.0418,0
12362.1,0.0331,0,0.0233,0
12321.7,0.075,0,0.0358,0
10241.6,0.1896,0,0.0426,0
2751.6,0.7972,1,0.5933,1
10926.8,0.1381,0,0.0227,0
11485.6,0.0293,0,0.0444,0
9169.5,0.8089,1,0.8197,1
0.0,0.565,1,0.61,1
9017.8,0.0544,0,0.0323,0
11705.9,0.0499,0,0.0347,0
2277.9,0.8132,1,0.5332,1
11810.7,0.0621,0,0.0302,0
9385.6,0.1214,0,0.0362,0
7558.7,0.1228,0,0.0504,0
10810.9,0.0404,0,0.0233,0
13270.5,0.1163,0,0.0281,0
12647.5,0.1191,0,0.0321,0
11220.0,0.0426,0,0.0432,0
9046.1,0.0531,0,0.0325,0
9519.4,0.0854,0,0.0233,0
12156.0,0.2598,0,0.0287,0
6842.3,0.0576,0,0.0336,0
7542.4,0.0343,0,0.0315,0
10511.5,0.0375,0,0.0248,0
9129.3,0.0365,0,0.0281,0
12980.7,0.0843,0,0.0424,0
11051.8,0.0276,0,0.0442,0
11027.0,0.043,0,0.0328,0
10159.2,0.0424,0,0.0314,0
10863.3,0.0435,0,0.0283,0
11927.6,0.1547,0,0.0461,0
14635.9,0.0473,0,0.0468,0
9563.4,0.1995,0,0.0312,0
14213.8,0.106,0,0.0299,0
11522.8,0.075,0,0.1168,0
10392.1,0.0411,0,0.0757,0
8172.0,0.029,0,0.0446,0
11227.8,0.0635,0,0.0279,0
10795.6,0.0666,0,0.0286,0
10874.1,0.0746,0,0.0173,0
12723.8,0.0418,0,0.036,0
10215.9,0.0415,0,0.0278,0
6234.0,0.0337,0,0.0523,0
9042.4,0.0652,0,0.0285,0
9278.0,0.2963,0,0.036,0
9614.3,0.0644,0,0.038,0
7938.6,0.0438,0,0.019,0
9113.5,0.0987,0,0.0411,0
8051.3,0.0853,0,0.0304,0
4670.4,0.1095,0,0.0354,0
9026.0,0.0602,0,0.0404,0
5761.1,0.0915,0,0.0503,0
8286.2,0.0293,0,0.0408,0
3176.7,0.9401,1,0.0421,0
6389.6,0.0729,0,0.0398,0
10187.2,0.045,0,0.0349,0
11180.2,0.0469,0,0.0483,0
7052.0,0.0373,0,0.0305,0
6924.1,0.0627,0,0.1542,0
8199.0,0.0541,0,0.0302,0
12694.7,0.0956,0,0.0319,0
10991.8,0.0346,0,0.0193,0
8335.0,0.0727,0,0.0248,0
7646.7,0.1349,0,0.0615,0
10211.6,0.0778,0,0.0363,0
12096.5,0.0711,0,0.0418,0
12945.1,0.1162,0,0.0418,0
13568.0,0.1569,0,0.0556,0
13377.4,0.0813,0,0.0495,0
11333.7,0.0433,0,0.0256,0
8991.4,0.053,0,0.0243,0
10468.6,0.0415,0,0.0227,0
13660.4,0.0637,0,0.018,0
13306.1,0.038,0,0.028,0
13643.2,0.1185,0,0.0396,0
10620.9,0.1488,0,0.0246,0
12144.8,0.0548,0,0.0211,0
11381.0,0.0404,0,0.0202,0
8295.4,0.0652,0,0.0333,0
12051.9,0.0681,0,0.0601,0
10729.4,0.0333,0,0.0566,0
11726.8,0.0425,0,0.019,0
12157.7,0.0589,0,0.0348,0
11212.1,0.0979,0,0.0233,0
11626.1,0.0375,0,0.0435,0
13001.7,0.0212,0,0.0475,0
12522.8,0.0281,0,0.0314,0
13052.8,0.0362,0,0.0455,0
11595.9,0.04,0,0.0281,0
11364.6,0.0716,0,0.0291,0
13146.2,0.0564,0,0.0587,0
12118.8,0.0255,0,0.0202,0
10438.3,0.0325,0,0.033,0
13248.7,0.0731,0,0.0275,0
13613.7,0.0643,0,0.0274,0
9401.3,0.0473,0,0.0276,0
13847.0,0.182,0,0.0274,0
10929.0,0.0387,0,0.0217,0
10294.5,0.015,0,0.0331,0
11272.8,0.0509,0,0.0456,0
11574.3,0.0593,0,0.0409,0
13870.9,0.0615,0,0.0299,0
9382.0,0.0322,0,0.0312,0
5899.1,0.0301,0,0.0361,0
9524.2,0.0296,0,0.0487,0
9600.6,0.0188,0,0.0229,0
6164.5,0.0429,0,0.0227,0
12393.3,0.0333,0,0.0455,0
11421.9,0.0209,0,0.0431,0
11248.6,0.0361,0,0.0438,0
10388.2,0.0692,0,0.0375,0
12046.8,0.0774,0,0.0408,0
9036.6,0.0782,0,0.0617,0
11760.9,0.0514,0,0.031,0
9634.2,0.1284,0,0.0227,0
12940.4,0.0219,0,0.0292,0
12488.1,0.077,0,0.0386,0
11586.6,0.0361,0,0.0539,0
11227.7,0.0445,0,0.0361,0
11589.9,0.021,0,0.0312,0
13409.5,0.0324,0,0.0393,0
12021.2,0.0772,0,0.0372,0
9946.3,0.0229,0,0.0301,0
11012.9,0.0498,0,0.0376,0
11919.9,0.0345,0,0.0677,0
9443.9,0.0877,0,0.0301,0
13167.6,0.0479,0,0.0329,0
9287.0,0.0558,0,0.0297,0
12565.8,0.0505,0,0.0276,0
13737.6,0.0728,0,0.0353,0
11947.5,0.0362,0,0.0246,0
11734.9,0.0615,0,0.0381,0
9551.4,0.0724,0,0.0667,0
13627.2,0.051,0,0.0755,0
10332.8,0.0186,0,0.0234,0
11908.6,0.0672,0,0.0296,0
10984.4,0.0536,0,0.0181,0
12849.5,0.048,0,0.0501,0
7271.0,0.7771,1,0.9623,1
10729.3,0.0547,0,0.0198,0
3858.3,0.6911,1,0.6796,1
10614.4,0.1563,0,0.0316,0
4348.1,0.8686,1,0.5364,1
11787.5,0.0384,0,0.0217,0
3908.2,0.5713,1,0.5323,1
10105.2,0.0318,0,0.0226,0
4292.1,0.7325,1,0.7621,1
13255.6,0.1039,0,0.0246,0
3795.8,0.2879,0,0.7175,1
9577.3,0.1228,0,0.0217,0
5084.2,0.7536,1,0.5597,1
10148.0,0.0318,0,0.0277,0
4229.7,0.7716,1,0.6044,1
10694.3,0.1784,0,0.0171,0
11075.1,0.0627,0,0.0217,0
3302.2,0.5318,1,0.5626,1
4255.8,0.3399,0,0.1096,0
10615.8,0.0537,0,0.0337,0
4774.2,0.5919,1,0.5758,1
9140.1,0.1242,0,0.0202,0
4131.6,0.5943,1,0.5007,1
11048.0,0.0485,0,0.0156,0
4835.3,0.7747,1,0.612,1
9720.6,0.2664,0,0.0241,0
4266.7,0.625,1,0.5284,1
8299.8,0.0771,0,0.029,0
9286.2,0.0586,0,0.0281,0
11991.7,0.0669,0,0.0283,0
8207.9,0.0441,0,0.0217,0
4403.7,0.7882,1,0.9435,1
3936.4,0.562,1,0.552,1
4611.4,0.2642,0,0.1474,0
5506.9,0.7755,1,0.4134,0
7009.3,0.1083,0,0.026,0
9207.3,0.0272,0,0.0341,0
8327.5,0.0583,0,0.0155,0
11209.9,0.1594,0,0.0453,0
8716.0,0.0414,0,0.0233,0
10557.7,0.0357,0,0.0233,0
12257.6,0.119,0,0.0427,0
11471.7,0.2026,0,0.0295,0
10628.0,0.052,0,0.0222,0
10800.4,0.3935,0,0.0224,0
11179.9,0.079,0,0.0235,0
8733.3,0.131,0,0.0173,0
9368.9,0.1528,0,0.042,0
9838.6,0.0368,0,0.0185,0
10649.2,0.0415,0,0.0489,0
10869.2,0.1313,0,0.0387,0
10997.9,0.1524,0,0.021,0
5998.9,0.834,1,0.0194,0
10944.1,0.0614,0,0.0398,0
11638.3,0.1179,0,0.2343,0
13330.9,0.0753,0,0.029,0
11826.0,0.0549,0,0.0192,0
6974.6,0.0527,0,0.0272,0
9871.4,0.0421,0,0.0069,0
8613.9,0.2175,0,0.04,0
11934.8,0.0611,0,0.0207,0
5922.8,0.1008,0,0.0275,0
8124.3,0.0289,0,0.0257,0
7691.3,0.5515,1,0.0467,0
9709.7,0.1204,0,0.037,0
5006.7,0.8894,1,0.0466,0
6657.4,0.0607,0,0.0305,0
4127.0,0.9672,1,0.0827,0
3581.2,0.1913,0,0.3191,0
4471.2,0.0667,0,0.0218,0
4880.6,0.0945,0,0.0332,0
5039.1,0.0891,0,0.0342,0
6133.8,0.1648,0,0.0281,0
5628.8,0.0449,0,0.027,0
3238.2,0.6942,1,0.3457,0
4720.4,0.1072,0,0.0186,0
4304.4,0.088,0,0.043,0
4929.1,0.0541,0,0.0304,0
3821.9,0.6885,1,0.143,0
4577.2,0.5995,1,0.0324,0
12560.8,0.0513,0,0.0642,0
6940.6,0.2222,0,0.0345,0
5800.5,0.142,0,0.073,0
3878.0,0.0738,0,0.0174,0
5439.5,0.3725,0,0.0357,0
8449.6,0.0277,0,0.029,0
3806.2,0.2132,0,0.0208,0
8654.2,0.4081,0,0.0389,0
2078.0,0.4876,0,0.5215,1
2750.8,0.5609,1,0.3959,0
5838.6,0.6854,1,0.0369,0
5719.6,0.0907,0,0.0361,0
6176.0,0.0285,0,0.0288,0
10182.3,0.0489,0,0.0486,0
5369.2,0.0917,0,0.0452,0
5467.2,0.3814,0,0.027,0
4737.1,0.6793,1,0.041,0
7859.9,0.0559,0,0.0435,0
3801.9,0.4732,0,0.0626,0
6430.5,0.2479,0,0.0505,0
9533.8,0.0568,0,0.0298,0
8845.0,0.0794,0,0.0362,0
5457.4,0.0275,0,0.0576,0
9378.7,0.0726,0,0.016,0
3688.1,0.4863,0,0.0927,0
1943.9,0.5434,1,0.423,0
8226.4,0.1959,0,0.0341,0
2335.0,0.5154,1,0.5533,1
2587.9,0.5219,1,0.5295,1
2611.4,0.5588,1,0.4505,0
2704.2,0.577,1,0.0694,0
2894.6,0.5143,1,0.0794,0
12660.4,0.0592,0,0.0223,0
12669.7,0.0512,0,0.0265,0
8408.7,0.5852,1,0.0369,0
11592.7,0.0437,0,0.029,0
6305.5,0.5676,1,0.0269,0
9752.9,0.1977,0,0.0305,0
10814.0,0.8666,1,0.0374,0
8744.8,0.2466,0,0.0307,0
9652.2,0.042,0,0.022,0
4249.5,0.7416,1,0.0709,0
11291.2,0.0491,0,0.0125,0
9407.0,0.1291,0,0.0375,0
9400.0,0.7149,1,0.0282,0
5816.3,0.7718,1,0.0395,0
8256.5,0.1483,0,0.2232,0
9005.6,0.0674,0,0.0834,0
6575.4,0.3266,0,0.5367,1
2744.6,0.333,0,0.5954,1
4210.8,0.3015,0,0.1984,0
3594.2,0.5298,1,0.6162,1
4881.6,0.6353,1,0.575,1
3368.3,0.4278,0,0.5835,1
3653.3,0.5809,1,0.6113,1
6118.2,0.1912,0,0.2125,0
3559.4,0.5979,1,0.8019,1
12235.1,0.6168,1,0.5658,1
1000.7,0.5224,1,0.1382,0
5175.7,0.8252,1,0.0503,0
2910.0,0.714,1,0.0631,0
9106.9,0.0123,0,0.3453,0
9570.8,0.0935,0,0.6884,1
2642.7,0.0185,0,0.1737,0
13441.2,0.0719,0,0.0451,0
10362.9,0.0272,0,0.1128,0
16491.6,0.1317,0,0.0894,0
13600.5,0.0464,0,0.4759,0
16243.6,0.1098,0,0.1298,0
17390.8,0.0286,0,0.1003,0
5767.7,0.0154,0,0.0947,0
11578.1,0.0066,0,0.0733,0
7152.6,0.0111,0,0.0807,0
11294.5,0.0688,0,0.0561,0
5329.5,0.1844,0,0.0662,0
8681.6,0.0195,0,0.1454,0
7732.2,0.1409,0,0.8718,1
4975.7,0.573,1,0.2663,0
5127.2,0.5635,1,0.2207,0
5357.2,0.6128,1,0.7665,1
4160.9,0.7786,1,0.0601,0
4484.1,0.594,1,0.0255,0
5116.7,0.0881,0,0.0416,0
4558.6,0.1105,0,0.0325,0
4491.7,0.6486,1,0.0342,0
5325.6,0.0778,0,0.0305,0
4295.1,0.3297,0,0.0521,0
5860.6,0.0951,0,0.0991,0
5182.6,0.0887,0,0.0357,0
3224.3,0.5092,1,0.5575,1
3121.5,0.6286,1,0.1106,0
6272.7,0.0526,0,0.0695,0
5063.7,0.0794,0,0.0725,0
6167.0,0.0796,0,0.0935,0
4709.4,0.0676,0,0.0382,0
4666.7,0.217,0,0.0169,0
4741.5,0.6615,1,0.0357,0
3817.5,0.2894,0,0.0165,0
4196.0,0.6777,1,0.0394,0
3149.1,0.5748,1,0.3788,0
3610.3,0.885,1,0.2166,0
7450.6,0.064,0,0.1182,0
8284.6,0.4178,0,0.0375,0
14422.0,0.013,0,0.1371,0
13520.7,0.0118,0,0.3153,0
12602.6,0.0391,0,0.0552,0
17445.9,0.0887,0,0.1047,0
18760.7,0.0795,0,0.6898,1
10487.0,0.0465,0,0.0327,0
8446.6,0.0772,0,0.7833,1
8807.1,0.3291,0,0.1059,0
9397.4,0.0141,0,0.0644,0
7758.2,0.2876,0,0.289,0
13621.0,0.1073,0,0.0537,0
9574.4,0.0383,0,0.1008,0
5858.4,0.0652,0,0.0291,0
14209.6,0.2154,0,0.0258,0
12935.9,0.0437,0,0.034,0
14344.5,0.1289,0,0.0482,0
11714.2,0.1396,0,0.0406,0
11208.9,0.1017,0,0.0362,0
7549.9,0.0597,0,0.0573,0
11448.7,0.2354,0,0.0296,0
11640.0,0.063,0,0.2231,0
8353.8,0.0276,0,0.0279,0
7989.3,0.0889,0,0.0333,0
4880.3,0.0723,0,0.0336,0
10015.8,0.0576,0,0.0436,0
10051.7,0.0762,0,0.0406,0
12218.1,0.1712,0,0.4479,0
2021.3,0.5245,1,0.3356,0
9918.7,0.1853,0,0.0216,0
14516.2,0.8531,1,0.3488,0
5182.6,0.6147,1,0.0706,0
15605.8,0.0448,0,0.0973,0
12264.0,0.093,0,0.0462,0
2520.5,0.0509,0,0.0652,0
9910.0,0.0596,0,0.0317,0
12995.5,0.0698,0,0.0295,0
5752.5,0.4099,0,0.0521,0
12716.1,0.0708,0,0.0176,0
12691.0,0.0527,0,0.0491,0
15297.5,0.1824,0,0.032,0
10580.0,0.076,0,0.0373,0
8568.3,0.0639,0,0.0466,0
2512.6,0.3181,0,0.0361,0
12345.0,0.0339,0,0.0232,0
15086.7,0.1252,0,0.0335,0
7574.3,0.0785,0,0.1148,0
2781.8,0.4857,0,0.2498,0
8424.8,0.0529,0,0.033,0
12064.4,0.0716,0,0.0162,0
11037.8,0.0386,0,0.0279,0
9333.4,0.0582,0,0.0153,0
8254.8,0.0626,0,0.0466,0
9438.5,0.0763,0,0.0237,0
10689.2,0.0543,0,0.0239,0
8623.7,0.0596,0,0.0272,0
4910.0,0.0879,0,0.0698,0
11627.0,0.0805,0,0.0447,0
9971.7,0.0747,0,0.034,0
8035.7,0.4928,0,0.0433,0
10053.3,0.0718,0,0.0344,0
12867.1,0.0509,0,0.0478,0
9523.5,0.0803,0,0.0322,0
7133.5,0.3531,0,0.0518,0
11720.2,0.1449,0,0.0494,0
12003.6,0.0856,0,0.0377,0
11544.3,0.1163,0,0.0677,0
9718.5,0.1012,0,0.0381,0
10819.6,0.2803,0,0.0594,0
7659.0,0.1351,0,0.0282,0
10578.9,0.0449,0,0.0696,0
9212.4,0.1646,0,0.047,0
10838.1,0.0719,0,0.0533,0
11457.7,0.0692,0,0.0242,0
9097.2,0.0498,0,0.0279,0
8713.9,0.1605,0,0.1669,0
7776.6,0.156,0,0.0386,0
12249.7,0.0449,0,0.0218,0
11556.8,0.2489,0,0.0304,0
9646.9,0.0329,0,0.0235,0
10911.1,0.5439,1,0.0385,0
9389.0,0.1035,0,0.0211,0
11320.7,0.1927,0,0.0221,0
9729.1,0.0901,0,0.0228,0
16086.4,0.066,0,0.0564,0
11890.1,0.0603,0,0.0278,0
10367.9,0.0417,0,0.0962,0
10971.3,0.0385,0,0.0357,0
12533.0,0.0886,0,0.0279,0
4907.3,0.0456,0,0.0313,0
15275.6,0.0767,0,0.1199,0
10824.1,0.0831,0,0.0212,0
9683.4,0.0541,0,0.031,0
11380.6,0.0592,0,0.0458,0
9039.7,0.0375,0,0.0254,0
13213.1,0.0519,0,0.1133,0
13459.4,0.0845,0,0.0452,0
4617.2,0.1303,0,0.0406,0
11759.9,0.0622,0,0.0421,0
3991.0,0.3692,0,0.0421,0
10250.3,0.0726,0,0.0318,0
9915.2,0.117,0,0.035,0
6729.3,0.0558,0,0.0326,0
9975.5,0.0579,0,0.0244,0
6369.7,0.0827,0,0.0408,0
1836.6,0.5236,1,0.4537,0
2980.1,0.458,0,0.671,1
5358.1,0.9189,1,0.9359,1
9059.0,0.1157,0,0.0243,0
8227.9,0.0878,0,0.0414,0
8842.4,0.095,0,0.0284,0
7271.4,0.1,0,0.0308,0
8677.8,0.0671,0,0.0243,0
9744.5,0.0568,0,0.0194,0
5274.7,0.0718,0,0.0296,0
5802.1,0.0688,0,0.0229,0
2661.8,0.5306,1,0.5603,1
11390.6,0.0525,0,0.0435,0
7049.7,0.0624,0,0.0174,0
12355.8,0.0633,0,0.0326,0
7817.2,0.0413,0,0.0375,0
7507.8,0.0403,0,0.0162,0
6823.6,0.1572,0,0.0596,0
11999.1,0.0935,0,0.0236,0
10307.0,0.0716,0,0.0288,0
7031.3,0.0799,0,0.0317,0
10636.1,0.0988,0,0.0437,0
13468.1,0.1106,0,0.0358,0
11168.5,0.086,0,0.0276,0
12692.2,0.1081,0,0.0248,0
4785.2,0.0578,0,0.0496,0
13730.3,0.1168,0,0.0297,0
7773.2,0.0531,0,0.0357,0
8405.8,0.0389,0,0.0407,0
6888.6,0.4628,0,0.0215,0
7527.2,0.0461,0,0.1314,0
9864.9,0.0829,0,0.047,0
9918.2,0.0417,0,0.7609,1
5084.8,0.0428,0,0.7412,1
9265.8,0.0302,0,0.0322,0
6101.0,0.0884,0,0.0328,0
10074.1,0.0584,0,0.044,0
7318.5,0.0256,0,0.0251,0
9297.9,0.0719,0,0.0226,0
10673.1,0.0845,0,0.0386,0
9055.0,0.0664,0,0.0359,0
9791.7,0.0394,0,0.0178,0
6709.4,0.4374,0,0.0178,0
10789.8,0.1597,0,0.0282,0
7849.4,0.7993,1,0.0379,0
9578.2,0.4307,0,0.0304,0
6604.6,0.0763,0,0.0277,0
6848.6,0.9615,1,0.0237,0
8375.7,0.0558,0,0.0315,0
11158.3,0.037,0,0.0267,0
9570.1,0.0598,0,0.0509,0
9584.4,0.0522,0,0.0324,0
8414.2,0.056,0,0.0527,0
9876.5,0.0493,0,0.0594,0
7179.0,0.055,0,0.032,0
9969.5,0.0571,0,0.056,0
10084.1,0.0352,0,0.0266,0
8730.2,0.034,0,0.0241,0
10592.3,0.0427,0,0.0388,0
10362.9,0.0286,0,0.0306,0
9455.8,0.0641,0,0.0393,0
8743.2,0.056,0,0.0329,0
10871.0,0.1062,0,0.0469,0
7896.0,0.0499,0,0.0495,0
8927.3,0.0246,0,0.0342,0
7827.1,0.0291,0,0.0497,0
11823.9,0.024,0,0.0365,0
10404.1,0.0719,0,0.0307,0
9925.8,0.0623,0,0.0273,0
7683.7,0.0307,0,0.0295,0
8636.0,0.048,0,0.023,0
8926.4,0.1322,0,0.0492,0
9716.9,0.0952,0,0.0487,0
8685.6,0.0796,0,0.0483,0
7733.0,0.0267,0,0.0378,0
7537.2,0.0417,0,0.0339,0
3909.9,0.4472,0,0.0307,0
7987.9,0.0504,0,0.0459,0
4291.4,0.0103,0,0.0262,0
8758.1,0.9588,1,0.1835,0
11254.8,0.0259,0,0.016,0
3650.1,0.5224,1,0.0216,0
7037.8,0.7563,1,0.0207,0
10808.2,0.0319,0,0.0217,0
6119.2,0.7274,1,0.0373,0
5337.3,0.8172,1,0.5141,1
10761.5,0.0608,0,0.02,0
10992.2,0.0655,0,0.0284,0
9076.4,0.0421,0,0.0282,0
7681.5,0.3534,0,0.0174,0
7573.8,0.1071,0,0.0256,0
6365.6,0.1455,0,0.0312,0
8190.4,0.1978,0,0.0618,0
9761.3,0.03,0,0.0288,0
3959.8,0.197,0,0.0606,0
8916.8,0.0546,0,0.0129,0
8011.6,0.046,0,0.0456,0
10232.6,0.6647,1,0.0258,0
12025.1,0.1179,0,0.0317,0
10872.1,0.0502,0,0.0269,0
5780.0,0.184,0,0.0262,0
5325.0,0.2932,0,0.0344,0
1614.8,0.3333,0,0.0572,0
937.0,0.4589,0,0.4159,0
5393.6,0.0928,0,0.0585,0
3275.4,0.0429,0,0.0404,0
3489.1,0.0617,0,0.1108,0
2591.0,0.1363,0,0.259,0
3494.2,0.0437,0,0.0458,0
3793.1,0.0267,0,0.0431,0
7112.5,0.0569,0,0.0242,0
5338.7,0.069,0,0.0476,0
5287.9,0.0814,0,0.0451,0
10550.9,0.0927,0,0.0343,0
5774.9,0.2623,0,0.1014,0
8285.1,0.0389,0,0.0281,0
3714.6,0.0083,0,0.0843,0
6225.0,0.0778,0,0.0728,0
5678.8,0.1284,0,0.0812,0
6573.8,0.6995,1,0.1225,0
6005.4,0.0373,0,0.0207,0
10154.1,0.1036,0,0.0207,0
10520.7,0.1388,0,0.047,0
10177.4,0.4336,0,0.0292,0
7670.4,0.0278,0,0.0283,0
5622.6,0.783,1,0.0201,0
7846.6,0.0419,0,0.0199,0
6786.9,0.0208,0,0.0243,0
9035.7,0.1978,0,0.0281,0
8165.0,0.8536,1,0.0289,0
11650.4,0.0572,0,0.0283,0
7614.1,0.075,0,0.0299,0
11321.6,0.069,0,0.0431,0
7832.0,0.1046,0,0.0397,0
7036.7,0.0402,0,0.0226,0
10023.2,0.0859,0,0.0368,0
6443.4,0.0308,0,0.0173,0
8278.7,0.0645,0,0.0321,0
6638.5,0.0378,0,0.0274,0
8990.1,0.0599,0,0.0379,0
4174.1,0.0984,0,0.0267,0
10225.2,0.0461,0,0.0405,0
8575.5,0.0459,0,0.0586,0
7528.8,0.1037,0,0.0233,0
7024.6,0.0342,0,0.0234,0
9462.9,0.0426,0,0.0311,0
10383.8,0.0771,0,0.046,0
10441.5,0.0846,0,0.0251,0
8871.4,0.0579,0,0.0245,0
8240.9,0.0534,0,0.0312,0
5675.3,0.0357,0,0.0236,0
10249.5,0.0685,0,0.033,0
7218.3,0.0574,0,0.0199,0
7169.3,0.2351,0,0.0325,0
9712.9,0.05,0,0.0281,0
8430.1,0.0685,0,0.0402,0
8128.5,0.0297,0,0.0301,0
6713.3,0.0724,0,0.0478,0
10036.7,0.0466,0,0.0471,0
6510.6,0.0743,0,0.0433,0
9384.9,0.0487,0,0.0295,0
8450.8,0.0202,0,0.0381,0
9098.6,0.0416,0,0.0341,0
10713.3,0.0376,0,0.0828,0
7825.0,0.0282,0,0.0256,0
9218.4,0.0386,0,0.0508,0
6123.1,0.2945,0,0.0381,0
4543.0,0.5592,1,0.1859,0
6106.7,0.2641,0,0.0426,0
9639.4,0.0862,0,0.0348,0
4599.0,0.1073,0,0.0459,0
9185.5,0.0693,0,0.0368,0
6240.3,0.5241,1,0.0694,0
4795.3,0.1122,0,0.0528,0
4578.8,0.2034,0,0.0551,0
4796.0,0.4903,0,0.0504,0
8600.0,0.0472,0,0.045,0
5583.5,0.1059,0,0.0369,0
11597.3,0.0722,0,0.0298,0
7304.2,0.2596,0,0.0472,0
5294.2,0.5952,1,0.032,0
5200.3,0.2759,0,0.1371,0
8136.8,0.1083,0,0.0295,0
4511.1,0.1008,0,0.0389,0
12102.9,0.0724,0,0.0227,0
10014.5,0.0467,0,0.0345,0
7170.6,0.0248,0,0.0618,0
6516.8,0.0446,0,0.0159,0
5080.2,0.4682,0,0.0441,0
5267.8,0.0743,0,0.0327,0
10780.5,0.0585,0,0.0398,0
4138.5,0.1583,0,0.0603,0
4722.8,0.1561,0,0.067,0
10385.4,0.0988,0,0.027,0
8018.7,0.0309,0,0.017,0
8445.1,0.0506,0,0.0148,0
8275.0,0.0314,0,0.0291,0
7243.9,0.0478,0,0.034,0
9130.7,0.07,0,0.0295,0
7663.0,0.0287,0,0.0417,0
6132.6,0.1503,0,0.0317,0
5181.0,0.0503,0,0.0178,0
8955.4,0.0644,0,0.0159,0
12981.1,0.0618,0,0.0316,0
10998.9,0.1064,0,0.055,0
8197.5,0.0601,0,0.0512,0
6421.8,0.133,0,0.0223,0
8222.8,0.0583,0,0.0404,0
11996.6,0.067,0,0.0441,0
10788.9,0.0321,0,0.0207,0
11866.8,0.0338,0,0.0887,0
5275.7,0.2776,0,0.0168,0
9463.5,0.0644,0,0.0389,0
9906.5,0.0799,0,0.0734,0
10772.4,0.1388,0,0.0267,0
6389.4,0.055,0,0.0714,0
8491.4,0.1564,0,0.0308,0
3928.8,0.0995,0,0.0671,0
8795.8,0.0505,0,0.0156,0
5869.5,0.0245,0,0.0202,0
10009.3,0.1314,0,0.0198,0
7598.9,0.0572,0,0.0144,0
4288.7,0.0455,0,0.0532,0
10255.3,0.3427,0,0.0497,0
9535.2,0.077,0,0.0255,0
7438.9,0.143,0,0.0457,0
11360.9,0.8558,1,0.0645,0
11270.5,0.059,0,0.0201,0
8542.9,0.3046,0,0.0393,0
9687.6,0.0488,0,0.0473,0
11084.5,0.0793,0,0.0583,0
7390.4,0.7093,1,0.1035,0
8763.9,0.0635,0,0.0817,0
8602.4,0.4389,0,0.0386,0
10164.4,0.0542,0,0.0665,0
8810.3,0.5551,1,0.0408,0
7928.0,0.1017,0,0.0422,0
9820.4,0.0488,0,0.0263,0
2746.1,0.0283,0,0.0702,0
8659.0,0.7269,1,0.9728,1
8865.0,0.8453,1,0.9307,1
4523.6,0.1862,0,0.0341,0
12694.1,0.1143,0,0.0479,0
13662.2,0.0282,0,0.0325,0
10197.1,0.0646,0,0.0544,0
6978.8,0.0237,0,0.0435,0
11496.8,0.0364,0,0.0396,0
11031.8,0.0814,0,0.0606,0
12513.3,0.0186,0,0.0904,0
5836.5,0.0822,0,0.0302,0
6699.2,0.042,0,0.0309,0
8401.2,0.0407,0,0.0791,0
10341.5,0.0665,0,0.0102,0
7192.2,0.028,0,0.0033,0
9354.3,0.0537,0,0.0216,0
5966.4,0.0248,0,0.002,0
9379.7,0.0872,0,0.0762,0
12657.0,0.0089,0,0.0555,0
13219.5,0.0396,0,0.0678,0
6806.8,0.0933,0,0.0576,0
5502.0,0.0584,0,0.072,0
10242.8,0.0417,0,0.0343,0
13917.7,0.0584,0,0.0397,0
10957.6,0.0681,0,0.0242,0
8925.0,0.5376,1,0.0489,0
2145.5,0.5649,1,0.3368,0
11174.9,0.0479,0,0.0186,0
9930.5,0.0652,0,0.0315,0
10168.1,0.0571,0,0.0033,0
6816.4,0.2416,0,0.0137,0
7074.2,0.0346,0,0.0126,0
8149.7,0.0451,0,0.0324,0
6770.3,0.0325,0,0.033,0
6600.2,0.0287,0,0.0263,0
7340.1,0.0896,0,0.0253,0
6984.1,0.11,0,0.0327,0
2947.3,0.337,0,0.2095,0
9761.5,0.0996,0,0.0312,0
6768.5,0.0682,0,0.0309,0
7800.2,0.1442,0,0.0857,0
6303.5,0.0748,0,0.0325,0
6185.5,0.0615,0,0.0242,0
6878.7,0.0848,0,0.0245,0
7314.5,0.0688,0,0.0234,0
7280.4,0.1343,0,0.0301,0
6793.9,0.0858,0,0.0289,0
6023.6,0.0421,0,0.0309,0
7289.9,0.0339,0,0.0295,0
14914.7,0.0774,0,0.043,0
6428.1,0.0615,0,0.0258,0
8586.9,0.1075,0,0.6063,1
3057.9,0.4782,0,0.0259,0
3250.6,0.5389,1,0.0242,0
2167.6,0.5909,1,0.0246,0
3130.5,0.4533,0,0.0158,0
3651.9,0.5478,1,0.0128,0
3453.6,0.1307,0,0.0214,0
3822.6,0.4906,0,0.0241,0
2323.4,0.4554,0,0.0442,0
5178.1,0.5806,1,0.0228,0
3633.0,0.153,0,0.0376,0
2707.1,0.4781,0,0.0052,0
3829.0,0.4694,0,0.0326,0
4190.0,0.0515,0,0.0121,0
2462.3,0.3879,0,0.0182,0
4990.1,0.0187,0,0.0333,0
1974.2,0.5311,1,0.0585,0
4645.9,0.6814,1,0.0205,0
3922.1,0.5821,1,0.0368,0
2746.4,0.5533,1,0.0251,0
2038.1,0.6132,1,0.1004,0
2401.4,0.1944,0,0.0491,0
2598.1,0.625,1,0.0556,0
3300.5,0.4849,0,0.0346,0
2945.7,0.3678,0,0.0346,0
2947.9,0.5115,1,0.0751,0
2623.0,0.5719,1,0.048,0
15528.3,0.0251,0,0.1267,0
2562.7,0.5412,1,0.1434,0
11874.9,0.0654,0,0.0286,0
10791.4,0.0631,0,0.023,0
11953.3,0.0451,0,0.0828,0
5847.4,0.0635,0,0.016,0
9106.3,0.0237,0,0.0154,0
12029.1,0.0408,0,0.0213,0
8601.9,0.0373,0,0.0206,0
15590.1,0.0637,0,0.0241,0
12158.2,0.0982,0,0.0299,0
12693.8,0.0896,0,0.0325,0
7382.5,0.0341,0,0.0211,0
11551.3,0.0318,0,0.0207,0
11013.6,0.0717,0,0.0321,0
10580.3,0.032,0,0.0186,0
6735.5,0.9064,1,0.7189,1
10757.2,0.8018,1,0.8115,1
11870.6,0.7972,1,0.9416,1
11418.2,0.6073,1,0.6153,1
7295.8,0.9412,1,0.9334,1
10608.5,0.7331,1,0.4656,0
8591.3,0.9209,1,0.935,1
11176.3,0.6843,1,0.4498,0
11641.4,0.8036,1,0.4706,0
12086.6,0.6452,1,0.5412,1
4065.6,0.6241,1,0.941,1
11711.5,0.88,1,0.4189,0
2506.9,0.8863,1,0.9184,1
4687.9,0.5576,1,0.4187,0
1784.4,0.5367,1,0.505,1
5547.9,0.7347,1,0.8365,1
4043.4,0.5657,1,0.2092,0
2573.4,0.5556,1,0.4345,0
1799.5,0.5606,1,0.525,1
10355.8,0.0474,0,0.0231,0
3239.5,0.6092,1,0.0265,0
9065.5,0.2863,0,0.0438,0
5904.4,0.7235,1,0.0486,0
3864.7,0.7065,1,0.5686,1
9535.1,0.2106,0,0.0308,0
9027.6,0.0647,0,0.0277,0
11138.9,0.045,0,0.0358,0
1857.3,0.492,0,0.5287,1
6481.2,0.797,1,0.7977,1
2283.3,0.5004,1,0.5805,1
3198.0,0.5184,1,0.3661,0
9496.6,0.0596,0,0.0521,0
10429.4,0.0653,0,0.0262,0
10076.2,0.1093,0,0.0251,0
9360.0,0.0634,0,0.0379,0
8352.1,0.0928,0,0.0308,0
11009.4,0.0619,0,0.0429,0
7743.1,0.1366,0,0.0242,0
6611.8,0.7406,1,0.0479,0
7563.1,0.0756,0,0.0402,0
10411.8,0.5285,1,0.0363,0
11980.8,0.1272,0,0.0349,0
11531.3,0.0785,0,0.0316,0
10518.7,0.1288,0,0.0246,0
11060.6,0.0667,0,0.0454,0
8044.2,0.1218,0,0.0511,0
6556.5,0.6483,1,0.0435,0
14304.3,0.0613,0,0.0208,0
9265.8,0.0587,0,0.0294,0
8934.1,0.0526,0,0.0211,0
9301.8,0.0287,0,0.0237,0
6459.3,0.0294,0,0.0332,0
13972.6,0.0643,0,0.0219,0
5538.1,0.4162,0,0.0433,0
4734.0,0.1989,0,0.0433,0
11339.0,0.0478,0,0.0478,0
8678.2,0.0509,0,0.0562,0
13560.3,0.048,0,0.0302,0
9902.6,0.0977,0,0.0424,0
5687.8,0.238,0,0.0956,0
4755.2,0.2838,0,0.0649,0
5570.5,0.13,0,0.3376,0
5611.9,0.1507,0,0.0936,0
4462.7,0.9481,1,0.0881,0
5108.4,0.1384,0,0.0635,0
5276.7,0.3788,0,0.0667,0
6263.3,0.4672,0,0.0649,0
5189.6,0.1131,0,0.1474,0
4868.9,0.9404,1,0.0729,0
5261.7,0.1321,0,0.0569,0
4724.4,0.1796,0,0.0577,0
4108.6,0.5763,1,0.0721,0
4265.8,0.703,1,0.6849,1
4459.2,0.4791,0,0.3776,0
4404.0,0.5923,1,0.0913,0
4444.2,0.8521,1,0.0611,0
4695.5,0.6259,1,0.0643,0
4585.2,0.1007,0,0.0627,0
5441.6,0.4809,0,0.2023,0
8385.9,0.4062,0,0.0314,0
4877.4,0.5077,1,0.048,0
4280.1,0.6648,1,0.6345,1
5120.0,0.605,1,0.0734,0
4213.7,0.1088,0,0.0899,0
5583.4,0.0673,0,0.0747,0
4623.0,0.0698,0,0.0822,0
4662.5,0.5901,1,0.0484,0
4208.3,0.6612,1,0.081,0
6236.6,0.2136,0,0.0598,0
5486.7,0.048,0,0.2108,0
4825.1,0.1133,0,0.064,0
9644.8,0.11,0,0.0258,0
15414.1,0.1181,0,0.0234,0
10911.7,0.0784,0,0.0313,0
7606.0,0.1447,0,0.0382,0
10279.2,0.1012,0,0.022,0
14196.7,0.356,0,0.2506,0
6648.0,0.0912,0,0.02,0
7203.0,0.0446,0,0.0277,0
13050.2,0.1018,0,0.0349,0
10639.0,0.0681,0,0.0261,0
15288.8,0.0819,0,0.0467,0
11573.5,0.0564,0,0.0369,0
8217.1,0.1224,0,0.0214,0
7405.4,0.0468,0,0.0261,0
5392.1,0.0632,0,0.0471,0
14766.7,0.0827,0,0.0605,0
11375.6,0.0865,0,0.0314,0
10396.9,0.0748,0,0.0193,0
4816.4,0.0627,0,0.0342,0
6721.1,0.0991,0,0.0349,0
11129.8,0.2212,0,0.0491,0
12391.7,0.0922,0,0.0314,0
5771.8,0.0679,0,0.0232,0
11039.5,0.0809,0,0.0225,0
5952.7,0.0727,0,0.0405,0
12703.9,0.1551,0,0.0232,0
7971.9,0.0573,0,0.0197,0
9367.9,0.0747,0,0.0241,0
9276.3,0.0765,0,0.026,0
5816.0,0.0357,0,0.0214,0
9460.0,0.0677,0,0.0221,0
5642.5,0.0333,0,0.0279,0
6633.1,0.07,0,0.0504,0
6447.3,0.0834,0,0.0189,0
9232.0,0.1423,0,0.0477,0
10625.2,0.0795,0,0.0249,0
3399.5,0.0703,0,0.0506,0
7769.6,0.1227,0,0.0224,0
9346.0,0.0835,0,0.025,0
8460.3,0.3359,0,0.0289,0
5511.8,0.1127,0,0.0263,0
8561.0,0.1112,0,0.0323,0
3654.0,0.8356,1,0.0265,0
7355.5,0.0864,0,0.0228,0
12780.2,0.1366,0,0.0353,0
9042.5,0.1505,0,0.0348,0
7301.9,0.1208,0,0.0343,0
11189.1,0.0692,0,0.0194,0
8740.5,0.3532,0,0.0333,0
7864.5,0.2045,0,0.041,0
9066.1,0.0672,0,0.0139,0
9370.3,0.1036,0,0.0176,0
6814.9,0.2991,0,0.0258,0
5795.6,0.1267,0,0.0225,0
3786.5,0.048,0,0.0364,0
6641.2,0.0604,0,0.042,0
12070.7,0.0999,0,0.1288,0
8936.5,0.0645,0,0.0362,0
6339.0,0.0541,0,0.0283,0
6429.0,0.0582,0,0.0275,0
5948.2,0.0377,0,0.0425,0
11856.6,0.0753,0,0.0242,0
4207.9,0.069,0,0.0384,0
7630.7,0.0534,0,0.0238,0
4798.2,0.0515,0,0.054,0
3894.3,0.1048,0,0.0483,0
3437.5,0.0676,0,0.039,0
5299.1,0.0755,0,0.0469,0
3878.4,0.0756,0,0.0355,0
2879.1,0.5059,1,0.0905,0
3756.6,0.0805,0,0.058,0
2966.5,0.6769,1,0.0255,0
5166.0,0.8917,1,0.0859,0
4824.2,0.0471,0,0.0379,0
2780.3,0.0873,0,0.2902,0
4557.9,0.0388,0,0.0244,0
4620.1,0.1671,0,0.0289,0
4252.0,0.3198,0,0.0276,0
3451.5,0.0957,0,0.0533,0
6036.3,0.5755,1,0.0255,0
3956.9,0.068,0,0.0202,0
3316.1,0.2318,0,0.0265,0
1887.7,0.5803,1,0.2781,0
4871.8,0.4859,0,0.0366,0
2655.6,0.4514,0,0.0877,0
3409.3,0.7228,1,0.8424,1
5430.1,0.036,0,0.0419,0
4873.5,0.0762,0,0.0527,0
3050.7,0.7113,1,0.0689,0
2971.9,0.7016,1,0.0658,0
6422.6,0.019,0,0.0393,0
7822.3,0.1627,0,0.0481,0
12090.0,0.0149,0,0.0715,0
5440.2,0.0568,0,0.0519,0
4731.5,0.0426,0,0.0215,0
6442.4,0.192,0,0.0202,0
7574.0,0.0179,0,0.0381,0
10048.4,0.3097,0,0.0254,0
10978.6,0.0496,0,0.0542,0
8953.5,0.2539,0,0.0308,0
9337.1,0.0672,0,0.0179,0
8638.9,0.1215,0,0.0143,0
7901.4,0.095,0,0.0185,0
9910.7,0.0443,0,0.04,0
7638.2,0.063,0,0.0285,0
9704.2,0.0394,0,0.013,0
9075.5,0.0269,0,0.0284,0
7812.1,0.0265,0,0.0445,0
9350.1,0.0457,0,0.0276,0
10119.1,0.1146,0,0.028,0
8726.7,0.0243,0,0.0359,0
9475.3,0.0438,0,0.0713,0
8534.1,0.0409,0,0.0337,0
10114.0,0.0288,0,0.0285,0
9515.9,0.03,0,0.0325,0
10273.8,0.0712,0,0.0139,0
12504.1,0.0402,0,0.06,0
8994.7,0.0417,0,0.0418,0
11476.9,0.0348,0,0.0301,0
10687.2,0.0454,0,0.0353,0
9827.3,0.0405,0,0.0248,0
9765.5,0.7008,1,0.9543,1
9511.8,0.8837,1,0.5762,1
7575.5,0.9093,1,0.1561,0
7215.0,0.9357,1,0.3742,0
8077.3,0.7952,1,0.7865,1
8598.2,0.9863,1,0.9314,1
7732.1,0.9164,1,0.2787,0
6292.6,0.7382,1,0.3737,0
6606.1,0.8531,1,0.2241,0
6239.6,0.939,1,0.3006,0
10727.5,0.0409,0,0.0171,0
7824.6,0.0318,0,0.0343,0
10484.1,0.1337,0,0.0371,0
12560.6,0.0188,0,0.0252,0
10290.1,0.0264,0,0.025,0
11401.3,0.1051,0,0.0307,0
12000.6,0.0272,0,0.03,0
9943.3,0.038,0,0.0293,0
7040.1,0.0656,0,0.0255,0
9916.9,0.1012,0,0.027,0
10788.4,0.0286,0,0.0406,0
10556.4,0.028,0,0.0584,0
10281.3,0.037,0,0.05,0
10705.5,0.0593,0,0.0341,0
9628.9,0.028,0,0.0363,0
12093.9,0.0452,0,0.0393,0
6920.7,0.1324,0,0.0306,0
10343.8,0.0729,0,0.0317,0
7435.4,0.1708,0,0.0632,0
13429.9,0.0577,0,0.0466,0
12036.9,0.2408,0,0.0489,0
11842.4,0.1417,0,0.0513,0
4568.6,0.0688,0,0.0423,0
8165.4,0.039,0,0.0418,0
10573.9,0.0292,0,0.0272,0
6635.3,0.0351,0,0.0303,0
9681.6,0.0322,0,0.0305,0
7007.1,0.0437,0,0.0329,0
4087.0,0.0371,0,0.0563,0
6807.5,0.0499,0,0.0541,0
9431.9,0.0289,0,0.0302,0
8510.7,0.0594,0,0.0174,0
7354.6,0.0452,0,0.0472,0
5455.2,0.1835,0,0.0834,0
5255.3,0.062,0,0.0661,0
9889.4,0.122,0,0.0288,0
9202.7,0.098,0,0.0354,0
7523.2,0.0684,0,0.0285,0
10224.4,0.1141,0,0.0323,0
7694.3,0.0954,0,0.0221,0
11208.3,0.0799,0,0.0314,0
8618.4,0.0533,0,0.024,0
10865.3,0.0883,0,0.0423,0
7126.8,0.0828,0,0.017,0
12911.3,0.1034,0,0.0402,0
7035.1,0.061,0,0.0436,0
9897.6,0.1024,0,0.088,0
7596.6,0.0669,0,0.0332,0
9641.0,0.0396,0,0.027,0
10666.0,0.0493,0,0.052,0
9478.6,0.0464,0,0.0268,0
3576.2,0.6089,1,0.1682,0
6389.2,0.6472,1,0.0409,0
11132.0,0.0622,0,0.0306,0
10840.3,0.0502,0,0.0273,0
9405.0,0.0479,0,0.0266,0
6003.0,0.385,0,0.1041,0
11101.7,0.0601,0,0.0367,0
3788.4,0.8559,1,0.0511,0
2612.8,0.8666,1,0.0686,0
11835.3,0.0644,0,0.0435,0
7690.2,0.2237,0,0.0927,0
11619.6,0.1244,0,0.0413,0
7845.4,0.0468,0,0.0497,0
3616.8,0.2121,0,0.227,0
3161.5,0.2259,0,0.0536,0
3081.0,0.2849,0,0.268,0
2280.6,0.5419,1,0.061,0
2274.4,0.5223,1,0.0668,0
3386.9,0.0434,0,0.0898,0
2525.1,0.5025,1,0.4028,0
6629.6,0.1924,0,0.0544,0
2701.0,0.4243,0,0.483,0
7161.9,0.0558,0,0.0765,0
6292.6,0.0548,0,0.0308,0
4243.3,0.1504,0,0.0207,0
5175.2,0.0602,0,0.0333,0
8665.6,0.1028,0,0.0273,0
9780.2,0.049,0,0.0257,0
10756.3,0.0534,0,0.0467,0
2778.2,0.5002,1,0.0584,0
4665.1,0.0324,0,0.044,0
4317.9,0.1109,0,0.0271,0
2015.1,0.5006,1,0.3853,0
8675.1,0.0835,0,0.0204,0
5798.1,0.051,0,0.0362,0
5192.3,0.0658,0,0.0488,0
3524.4,0.8537,1,0.0405,0
5873.2,0.0581,0,0.0266,0
6134.1,0.0745,0,0.0335,0
11522.0,0.0491,0,0.0418,0
11732.1,0.2903,0,0.0387,0
10256.9,0.0317,0,0.0254,0
10893.8,0.0459,0,0.1045,0
8839.8,0.0569,0,0.0437,0
8665.8,0.038,0,0.0276,0
6271.1,0.0324,0,0.0325,0
9276.5,0.1186,0,0.0761,0
10026.9,0.0338,0,0.0944,0
8747.8,0.103,0,0.0331,0
9769.0,0.0715,0,0.0357,0
8312.9,0.0587,0,0.0323,0
11293.8,0.0527,0,0.1278,0
7499.4,0.2179,0,0.0322,0
6614.8,0.0685,0,0.023,0
8008.0,0.0542,0,0.0177,0
8361.6,0.0787,0,0.0296,0
7153.2,0.0959,0,0.0261,0
6327.0,0.1144,0,0.0452,0
7617.1,0.0686,0,0.0319,0
7811.6,0.1032,0,0.0458,0
7721.4,0.0502,0,0.0392,0
8224.6,0.0701,0,0.0214,0
4469.6,0.8312,1,0.025,0
4444.5,0.5775,1,0.0401,0
8514.6,0.1297,0,0.0194,0
7209.1,0.0754,0,0.0445,0
7619.6,0.0805,0,0.0191,0
5095.3,0.2645,0,0.1053,0
4915.0,0.2487,0,0.0731,0
3408.5,0.5086,1,0.0739,0
7002.3,0.1603,0,0.0456,0
5774.5,0.2797,0,0.0418,0
5241.7,0.1417,0,0.0408,0
16490.1,0.0414,0,0.0303,0
15121.2,0.0351,0,0.0377,0
10958.9,0.0684,0,0.1436,0
11045.7,0.0438,0,0.0333,0
11143.2,0.0683,0,0.0218,0
9990.6,0.0498,0,0.0287,0
15460.0,0.0245,0,0.0326,0
12032.1,0.0368,0,0.0295,0
12488.2,0.0247,0,0.0271,0
13901.6,0.038,0,0.0243,0
12744.5,0.0217,0,0.0316,0
13491.5,0.0359,0,0.0251,0
2887.9,0.7628,1,0.3334,0
2614.6,0.5043,1,0.0389,0
2497.3,0.3632,0,0.1858,0
2701.7,0.4646,0,0.0648,0
4318.3,0.9754,1,0.9232,1
4487.7,0.0445,0,0.023,0
3321.4,0.205,0,0.1254,0
4071.3,0.0959,0,0.0278,0
2696.1,0.1852,0,0.0382,0
4130.0,0.4418,0,0.0216,0
4015.9,0.1454,0,0.0425,0
5343.0,0.0862,0,0.0216,0
2763.0,0.8525,1,0.0595,0
8812.2,0.3588,0,0.7208,1
3440.2,0.0462,0,0.076,0
5770.2,0.0614,0,0.0203,0
7442.1,0.0539,0,0.0279,0
8486.1,0.0875,0,0.0286,0
11702.0,0.0815,0,0.0355,0
8361.0,0.505,1,0.0915,0
8294.1,0.0674,0,0.0233,0
8156.4,0.6542,1,0.1144,0
7476.3,0.0571,0,0.0335,0
5935.8,0.0471,0,0.0245,0
10684.3,0.4016,0,0.0419,0
3455.4,0.4956,0,0.1861,0
6077.8,0.608,1,0.137,0
3588.0,0.6557,1,0.5045,1
3639.2,0.6744,1,0.2641,0
3774.1,0.5049,1,0.2221,0
4233.6,0.9142,1,0.1438,0
4547.4,0.6384,1,0.0835,0
4857.6,0.6971,1,0.6148,1
4207.4,0.9731,1,0.0658,0
4079.5,0.1894,0,0.3777,0
3974.1,0.6451,1,0.0807,0
4078.9,0.5895,1,0.4785,0
3799.2,0.7037,1,0.1801,0
3767.4,0.6932,1,0.4248,0
3496.6,0.6863,1,0.0178,0
7599.8,0.1681,0,0.0271,0
3698.3,0.8391,1,0.4146,0
4246.8,0.5093,1,0.145,0
3812.1,0.9205,1,0.4237,0
3509.9,0.6878,1,0.4244,0
8520.2,0.288,0,0.0547,0
3779.4,0.2323,0,0.027,0
4779.6,0.9447,1,0.0248,0
8437.4,0.0793,0,0.9503,1
7013.7,0.1308,0,0.0311,0
6775.8,0.6355,1,0.0367,0
3340.2,0.1358,0,0.0202,0
6359.1,0.0251,0,0.0501,0
3628.7,0.0507,0,0.0349,0
3783.8,0.4902,0,0.025,0
6058.9,0.4066,0,0.0546,0
8771.3,0.0808,0,0.0525,0
9063.6,0.0663,0,0.0373,0
7110.4,0.11,0,0.0372,0
7910.3,0.0625,0,0.0253,0
6136.1,0.0632,0,0.0192,0
8066.8,0.0883,0,0.0521,0
8687.8,0.1883,0,0.0182,0
9280.8,0.0841,0,0.0348,0
8807.8,0.1761,0,0.0165,0
7431.9,0.1793,0,0.0576,0
5899.6,0.1594,0,0.0244,0
10251.0,0.055,0,0.0377,0
8055.5,0.0986,0,0.0187,0
8534.0,0.2355,0,0.0216,0
9468.9,0.0813,0,0.0307,0
9976.6,0.0964,0,0.0469,0
7250.7,0.0509,0,0.0249,0
4518.0,0.1887,0,0.0192,0
5284.7,0.3457,0,0.0397,0
4821.0,0.1864,0,0.0248,0
5540.0,0.0776,0,0.0294,0
2711.8,0.6808,1,0.049,0
6362.0,0.082,0,0.0246,0
3200.1,0.701,1,0.2177,0
5700.8,0.1021,0,0.0394,0
7579.9,0.1281,0,0.0439,0
2825.4,0.5684,1,0.039,0
2395.8,0.0153,0,0.0418,0
5001.7,0.1064,0,0.0274,0
6069.6,0.0815,0,0.0547,0
6288.8,0.0316,0,0.0335,0
10935.8,0.0194,0,0.037,0
7023.1,0.0211,0,0.0415,0
10222.6,0.0459,0,0.0231,0
9195.4,0.0137,0,0.0316,0
4677.8,0.4698,0,0.0315,0
10083.5,0.0213,0,0.0345,0
6569.4,0.0401,0,0.0383,0
12755.6,0.0218,0,0.0308,0
11361.7,0.0968,0,0.039,0
9244.1,0.1046,0,0.0388,0
9607.3,0.0322,0,0.0388,0
10460.9,0.0562,0,0.033,0
9764.0,0.0305,0,0.0336,0
10401.5,0.1009,0,0.0364,0
9349.0,0.0435,0,0.0411,0
10346.7,0.0454,0,0.0243,0
11236.5,0.0241,0,0.0188,0
9474.2,0.0207,0,0.039,0
9775.2,0.0518,0,0.036,0
12046.1,0.0282,0,0.0388,0
10164.9,0.0144,0,0.042,0
10054.0,0.0688,0,0.0265,0
9732.2,0.0576,0,0.049,0
9407.7,0.7031,1,0.1856,0
4586.9,0.5438,1,0.3632,0
5019.7,0.8635,1,0.1136,0
3691.6,0.6814,1,0.6979,1
8449.8,0.7352,1,0.8711,1
7338.9,0.5996,1,0.789,1
6056.4,0.711,1,0.8657,1
8806.2,0.573,1,0.1295,0
3378.0,0.6935,1,0.8895,1
9391.6,0.8201,1,0.701,1
6417.6,0.788,1,0.6964,1
6508.7,0.8074,1,0.9145,1
7682.1,0.7526,1,0.8452,1
9254.9,0.0708,0,0.0363,0
11169.8,0.0772,0,0.0359,0
11913.9,0.0907,0,0.0663,0
11324.6,0.0706,0,0.0472,0
13712.8,0.0679,0,0.0479,0
5169.9,0.7112,1,0.0298,0
8287.6,0.0688,0,0.0324,0
9293.3,0.0527,0,0.0358,0
9364.5,0.0873,0,0.0514,0
12314.7,0.051,0,0.0723,0
11072.1,0.8886,1,0.2777,0
9608.7,0.0777,0,0.0276,0
8878.8,0.0524,0,0.0222,0
8221.5,0.0769,0,0.0387,0
7108.5,0.0841,0,0.0357,0
10555.3,0.0728,0,0.1446,0
6182.4,0.0882,0,0.0688,0
9435.2,0.1397,0,0.0721,0
10895.5,0.0926,0,0.08,0
3714.4,0.5193,1,0.1635,0
4537.5,0.6455,1,0.1033,0
4287.5,0.8515,1,0.0818,0
9378.0,0.042,0,0.0493,0
12581.0,0.0851,0,0.0866,0
9921.1,0.1427,0,0.2751,0
8261.3,0.0768,0,0.0657,0
5037.9,0.7101,1,0.0353,0
4246.0,0.7175,1,0.0488,0
4759.4,0.9618,1,0.1473,0
4745.9,0.939,1,0.0474,0
5573.6,0.1177,0,0.0374,0
3167.5,0.749,1,0.0663,0
4040.5,0.8648,1,0.27,0
4773.8,0.2097,0,0.0627,0
2552.6,0.5305,1,0.1477,0
5002.4,0.7943,1,0.0652,0
3879.3,0.5288,1,0.0338,0
5143.0,0.5114,1,0.0399,0
4075.9,0.5865,1,0.2221,0
4440.2,0.1642,0,0.073,0
4597.3,0.6065,1,0.0869,0
3451.2,0.5203,1,0.3186,0
4071.8,0.5825,1,0.3115,0
4243.8,0.6688,1,0.0486,0
4472.3,0.6685,1,0.0607,0
4288.2,0.3007,0,0.0381,0
3697.0,0.7011,1,0.3539,0
4185.9,0.2666,0,0.0691,0
4726.8,0.8546,1,0.0497,0
4375.1,0.1367,0,0.0214,0
5741.8,0.0732,0,0.0444,0
9714.9,0.0924,0,0.0231,0
13234.4,0.0897,0,0.0242,0
10132.7,0.0725,0,0.0398,0
9558.9,0.0372,0,0.0189,0
7143.0,0.1233,0,0.0183,0
8133.4,0.1321,0,0.0222,0
8724.9,0.0813,0,0.0241,0
12042.8,0.172,0,0.0308,0
4628.5,0.3459,0,0.025,0
1380.7,0.5651,1,0.1008,0
3055.0,0.1567,0,0.1273,0
8083.6,0.1083,0,0.0178,0
7065.1,0.0908,0,0.0352,0
1619.5,0.053,0,0.0867,0
9697.1,0.2614,0,0.0391,0
3055.0,0.1567,0,0.1273,0
2892.1,0.1668,0,0.0763,0
2892.1,0.1668,0,0.0763,0
2319.2,0.503,1,0.1105,0
6376.0,0.7355,1,0.1029,0
16121.2,0.0576,0,0.0232,0
2284.6,0.015,0,0.0446,0
5091.6,0.0605,0,0.0249,0
2319.2,0.503,1,0.1105,0
4573.6,0.0784,0,0.0424,0
4573.6,0.0784,0,0.0424,0
5740.1,0.1555,0,0.062,0
5740.1,0.1555,0,0.062,0
4270.5,0.0883,0,0.0728,0
4270.5,0.0883,0,0.0728,0
4686.0,0.1414,0,0.0411,0
4686.0,0.1414,0,0.0411,0
3123.9,0.1147,0,0.0987,0
3123.9,0.1147,0,0.0987,0
2403.1,0.2448,0,0.109,0
2403.1,0.2448,0,0.109,0
3546.3,0.1405,0,0.0846,0
3546.3,0.1405,0,0.0846,0
2554.8,0.1176,0,0.0661,0
2554.8,0.1176,0,0.0661,0
3740.4,0.1748,0,0.1075,0
3740.4,0.1748,0,0.1075,0
3649.0,0.2072,0,0.0952,0
3649.0,0.2072,0,0.0952,0
2969.6,0.7207,1,0.0895,0
2969.6,0.7207,1,0.0895,0
2368.3,0.6539,1,0.1651,0
2368.3,0.6539,1,0.1651,0
4062.7,0.1275,0,0.0556,0
4062.7,0.1275,0,0.0556,0
3917.4,0.4329,0,0.1035,0
3917.4,0.4329,0,0.1035,0
3272.3,0.1376,0,0.0946,0
3272.3,0.1376,0,0.0946,0
3524.0,0.1266,0,0.1336,0
2934.5,0.172,0,0.066,0
4749.3,0.6366,1,0.4235,0
4393.8,0.042,0,0.0372,0
4924.7,0.2966,0,0.0949,0
8670.4,0.0679,0,0.0558,0
4776.7,0.3558,0,0.1321,0
3641.3,0.4592,0,0.0664,0
12675.5,0.0475,0,0.0331,0
3524.0,0.1266,0,0.1336,0
3647.7,0.0414,0,0.0593,0
3647.7,0.0414,0,0.0593,0
2934.5,0.172,0,0.066,0
6373.4,0.0658,0,0.0958,0
11577.7,0.1401,0,0.0369,0
4415.1,0.4964,0,0.9325,1
6024.4,0.0458,0,0.0422,0
3254.5,0.5347,1,0.3202,0
4596.3,0.6313,1,0.671,1
6940.5,0.5952,1,0.9608,1
2828.4,0.7215,1,0.7839,1
7094.6,0.9426,1,0.848,1
7011.5,0.527,1,0.0612,0
5749.5,0.0462,0,0.9606,1
11953.4,0.0793,0,0.0582,0
3654.6,0.0986,0,0.1223,0
3999.8,0.7552,1,0.9673,1
5229.5,0.5209,1,0.8669,1
4355.5,0.6644,1,0.8338,1
10894.5,0.0748,0,0.0411,0
7339.3,0.057,0,0.0189,0
10355.0,0.1105,0,0.035,0
9467.8,0.0607,0,0.0479,0
10653.1,0.0725,0,0.042,0
6125.8,0.0531,0,0.0368,0
7171.7,0.1696,0,0.0546,0
10253.7,0.0644,0,0.0373,0
11513.8,0.1153,0,0.0282,0
15188.0,0.0657,0,0.0926,0
15941.6,0.2328,0,0.0511,0
15766.8,0.0998,0,0.0302,0
6648.6,0.2056,0,0.9501,1
5273.4,0.848,1,0.974,1
12156.8,0.488,0,0.9671,1
6147.5,0.749,1,0.9027,1
15699.6,0.1208,0,0.0341,0
18084.1,0.0667,0,0.0536,0
15695.4,0.0836,0,0.0328,0
15693.6,0.1128,0,0.0339,0
14078.6,0.113,0,0.0309,0
8595.8,0.9149,1,0.967,1
7393.3,0.7825,1,0.9586,1
8699.7,0.5314,1,0.6436,1
7204.7,0.7602,1,0.5509,1
7205.8,0.9291,1,0.9742,1
9991.9,0.595,1,0.9683,1
10010.0,0.8264,1,0.9563,1
3973.3,0.8816,1,0.9723,1
7677.0,0.7368,1,0.9835,1
10224.3,0.9584,1,0.9792,1
7167.0,0.9202,1,0.9605,1
8506.8,0.9078,1,0.9728,1
9262.0,0.8443,1,0.961,1
8556.0,0.9062,1,0.9755,1
8062.9,0.9022,1,0.9508,1
8117.6,0.9689,1,0.9628,1
2143.5,0.7839,1,0.9017,1
7945.6,0.9571,1,0.9687,1
7298.2,0.9418,1,0.9733,1
8487.7,0.9407,1,0.9699,1
8001.8,0.819,1,0.9659,1
7250.1,0.8429,1,0.6042,1
12152.0,0.0411,0,0.0535,0
13164.3,0.0513,0,0.0295,0
8453.1,0.4207,0,0.0444,0
15430.0,0.0354,0,0.0216,0
12666.7,0.0642,0,0.0731,0
9859.1,0.1562,0,0.0372,0
7436.2,0.0734,0,0.0459,0
13013.4,0.3011,0,0.1457,0
10082.9,0.0899,0,0.0598,0
9155.9,0.0468,0,0.046,0
5846.9,0.8222,1,0.848,1
7043.5,0.3839,0,0.1155,0
12095.3,0.0634,0,0.0174,0
9678.9,0.1981,0,0.2956,0
12416.3,0.0271,0,0.0453,0
14037.5,0.1208,0,0.0463,0
13094.5,0.0808,0,0.0317,0
3723.3,0.5206,1,0.1924,0
7048.4,0.0383,0,0.0142,0
10344.3,0.2508,0,0.0345,0
1479.1,0.1549,0,0.0387,0
5356.7,0.0535,0,0.0205,0
8554.5,0.6131,1,0.0211,0
11354.3,0.0267,0,0.0438,0
7465.7,0.1594,0,0.1033,0
8188.2,0.0419,0,0.0331,0
8197.9,0.0343,0,0.0222,0
5810.2,0.2508,0,0.1005,0
10307.5,0.0513,0,0.0278,0
7295.1,0.0331,0,0.0505,0
5764.6,0.0548,0,0.035,0
6771.1,0.0631,0,0.0262,0
9348.2,0.0423,0,0.0339,0
8914.2,0.0723,0,0.0277,0
5032.1,0.0304,0,0.044,0
9770.6,0.8094,1,0.0498,0
9046.5,0.1261,0,0.0349,0
11630.0,0.0718,0,0.0133,0
10016.5,0.0359,0,0.0304,0
15964.9,0.0475,0,0.0216,0
10100.5,0.0427,0,0.0391,0
5347.3,0.0662,0,0.0398,0
9555.8,0.0746,0,0.0278,0
8073.2,0.1844,0,0.0757,0
8852.2,0.0785,0,0.0377,0
8263.0,0.414,0,0.0515,0
9268.7,0.3335,0,0.0372,0
8037.8,0.1315,0,0.0571,0
10223.8,0.0518,0,0.0273,0
6902.7,0.0635,0,0.0306,0
11710.0,0.1978,0,0.0491,0
8592.6,0.0778,0,0.0339,0
6830.4,0.24,0,0.049,0
9253.6,0.0554,0,0.0365,0
6357.8,0.8776,1,0.0977,0
10392.5,0.0946,0,0.0466,0
8119.5,0.1812,0,0.0315,0
10343.9,0.1728,0,0.0501,0
5744.8,0.2293,0,0.0849,0
2666.4,0.1809,0,0.3538,0
3727.6,0.357,0,0.0401,0
11645.0,0.086,0,0.0317,0
10210.7,0.2334,0,0.0443,0
7327.4,0.0455,0,0.0227,0
9696.9,0.0291,0,0.0364,0
12377.7,0.0524,0,0.0293,0
2693.6,0.0473,0,0.055,0
13005.8,0.1048,0,0.0471,0
5899.4,0.1236,0,0.0238,0
2082.3,0.5195,1,0.1404,0
7925.8,0.0526,0,0.0223,0
15400.5,0.0383,0,0.0149,0
2229.3,0.5471,1,0.5137,1
2412.2,0.6425,1,0.488,0
7635.3,0.5677,1,0.0186,0
16682.8,0.2862,0,0.0228,0
1727.5,0.4412,0,0.1963,0
4058.7,0.1098,0,0.0113,0
10801.8,0.0958,0,0.0252,0
11486.7,0.0819,0,0.0334,0
11630.3,0.0809,0,0.0487,0
9512.8,0.0725,0,0.0232,0
11208.6,0.0749,0,0.028,0
9163.5,0.0955,0,0.0416,0
6809.8,0.0423,0,0.044,0
12770.8,0.0628,0,0.0324,0
10439.6,0.0419,0,0.0301,0
6258.4,0.7549,1,0.0403,0
9686.4,0.1172,0,0.0414,0
7687.3,0.0877,0,0.0287,0
7584.9,0.066,0,0.0421,0
6641.3,0.1453,0,0.0742,0
6921.9,0.0896,0,0.0678,0
6507.7,0.0797,0,0.0382,0
5593.6,0.147,0,0.0495,0
5910.0,0.0558,0,0.0447,0
5898.7,0.1129,0,0.0616,0
6434.3,0.0671,0,0.0588,0
8351.6,0.1329,0,0.1694,0
10175.2,0.1494,0,0.2934,0
5747.0,0.0613,0,0.0523,0
7000.9,0.1105,0,0.0427,0
8708.4,0.0997,0,0.0312,0
7179.5,0.0853,0,0.0338,0
7227.2,0.072,0,0.0407,0
6404.7,0.0689,0,0.0478,0
7508.3,0.1287,0,0.036,0
6266.6,0.0537,0,0.0332,0
6331.5,0.0877,0,0.0883,0
9876.4,0.059,0,0.0154,0
11370.7,0.034,0,0.0322,0
12930.8,0.0348,0,0.0214,0
12568.4,0.0245,0,0.0269,0
6606.5,0.1553,0,0.0362,0
11327.7,0.0253,0,0.0259,0
10757.5,0.0341,0,0.0224,0
9356.8,0.0337,0,0.0195,0
10809.4,0.0543,0,0.0404,0
6263.1,0.9105,1,0.9573,1
8633.5,0.3092,0,0.5389,1
8803.2,0.166,0,0.2135,0
13302.8,0.0328,0,0.0254,0
12143.2,0.0498,0,0.0247,0
7893.9,0.0305,0,0.0204,0
10166.6,0.0407,0,0.0258,0
3601.6,0.5715,1,0.5242,1
7753.1,0.8669,1,0.9161,1
5372.9,0.7017,1,0.5539,1
8840.7,0.9334,1,0.9831,1
8405.0,0.2629,0,0.0471,0
9968.1,0.0829,0,0.9716,1
4295.8,0.6841,1,0.2909,0
4219.6,0.6287,1,0.9307,1
3480.0,0.5449,1,0.7128,1
6168.7,0.8579,1,0.7775,1
10953.4,0.0855,0,0.992,1
3606.4,0.6416,1,0.8868,1
8948.1,0.7295,1,0.9313,1
3514.7,0.5563,1,0.0395,0
7963.6,0.0821,0,0.064,0
3825.7,0.5294,1,0.0375,0
972.9,0.5148,1,0.5378,1
6114.7,0.059,0,0.0401,0
4027.2,0.5871,1,0.3124,0
11378.6,0.0678,0,0.0396,0
1488.0,0.5197,1,0.562,1
4780.8,0.5692,1,0.9253,1
10837.2,0.0959,0,0.0346,0
3532.5,0.559,1,0.3481,0
1537.5,0.6143,1,0.662,1
1868.7,0.6014,1,0.83,1
10945.2,0.0456,0,0.2591,0
9745.7,0.0832,0,0.0327,0
3765.0,0.5838,1,0.0428,0
6453.1,0.0974,0,0.0353,0
11191.7,0.2618,0,0.0508,0
4077.0,0.4715,0,0.0563,0
8923.0,0.0434,0,0.0796,0
8515.7,0.0626,0,0.1097,0
6627.7,0.4838,0,0.219,0
7953.6,0.0645,0,0.1264,0
13299.2,0.0388,0,0.095,0
13341.2,0.0351,0,0.1633,0
9494.4,0.1413,0,0.0696,0
11665.3,0.0738,0,0.143,0
7187.8,0.0943,0,0.1119,0
6797.2,0.0757,0,0.117,0
9251.0,0.0547,0,0.1147,0
12189.7,0.0376,0,0.0893,0
4683.0,0.7781,1,0.0718,0
6824.9,0.3284,0,0.0358,0
3555.4,0.992,1,0.0572,0
12344.9,0.0645,0,0.121,0
11267.6,0.0391,0,0.1193,0
9584.1,0.0642,0,0.0578,0
10068.2,0.0747,0,0.1567,0
4944.3,0.0745,0,0.2247,0
7448.7,0.0757,0,0.106,0
9614.4,0.0869,0,0.0965,0
9080.6,0.0776,0,0.0788,0
7962.2,0.1246,0,0.1032,0
8235.7,0.1313,0,0.0454,0
6060.1,0.7207,1,0.286,0
7646.2,0.1658,0,0.1143,0
3849.7,0.2038,0,0.0504,0
6612.6,0.0438,0,0.0917,0
4030.3,0.2615,0,0.2381,0
8682.4,0.0588,0,0.04,0
9078.4,0.0756,0,0.14,0
6181.6,0.1227,0,0.0811,0
4384.1,0.4614,0,0.1064,0
3336.2,0.1181,0,0.1616,0
6423.1,0.1058,0,0.0747,0
7532.6,0.1219,0,0.158,0
4982.2,0.2911,0,0.1878,0
5057.0,0.3176,0,0.0877,0
8327.6,0.1859,0,0.076,0
9825.3,0.0477,0,0.0414,0
10057.2,0.0853,0,0.0361,0
12741.5,0.0934,0,0.0359,0
9588.5,0.0779,0,0.0431,0
10841.2,0.0864,0,0.0387,0
10809.7,0.1667,0,0.0221,0
11702.9,0.0584,0,0.1457,0
13057.7,0.0595,0,0.0339,0
5511.7,0.0708,0,0.1013,0
9222.7,0.0501,0,0.0239,0
8891.0,0.1218,0,0.0302,0
12245.3,0.0571,0,0.0509,0
10138.8,0.0695,0,0.0369,0
8227.1,0.0915,0,0.0293,0
10467.5,0.02,0,0.2668,0
8377.5,0.1275,0,0.0317,0
9036.2,0.9338,1,0.4057,0
10808.0,0.0535,0,0.0234,0
10532.5,0.0752,0,0.0353,0
12019.1,0.1648,0,0.0321,0
7630.0,0.9229,1,0.0574,0
9752.3,0.1084,0,0.0257,0
8238.7,0.2621,0,0.0315,0
8164.5,0.0706,0,0.0316,0
10635.6,0.4679,0,0.0381,0
11774.6,0.9657,1,0.0924,0
11247.5,0.0763,0,0.0698,0
8255.9,0.207,0,0.02,0
10664.1,0.0804,0,0.0316,0
9058.7,0.0915,0,0.0615,0
12798.7,0.5102,1,0.9323,1
7565.0,0.7724,1,0.9124,1
11646.8,0.0822,0,0.0735,0
14263.6,0.0466,0,0.021,0
6493.9,0.8978,1,0.9088,1
11101.7,0.1285,0,0.0277,0
5652.2,0.3768,0,0.2304,0
4860.9,0.9365,1,0.9786,1
8826.7,0.4275,0,0.0306,0
9692.5,0.3996,0,0.7032,1
8762.9,0.9827,1,0.4754,0
10510.7,0.053,0,0.0292,0
11666.6,0.1885,0,0.388,0
2043.4,0.7586,1,0.4981,0
11590.7,0.0944,0,0.0247,0
11872.6,0.082,0,0.0345,0
13530.8,0.0808,0,0.0272,0
13932.6,0.0787,0,0.0306,0
12115.1,0.0582,0,0.0251,0
10543.6,0.0466,0,0.0275,0
14689.3,0.0393,0,0.0265,0
11009.2,0.175,0,0.03,0
13183.1,0.0608,0,0.0418,0
8465.0,0.098,0,0.0363,0
8352.2,0.1505,0,0.0274,0
11833.7,0.0947,0,0.1,0
11105.8,0.0316,0,0.0465,0
10710.4,0.1022,0,0.0379,0
6323.5,0.5392,1,0.1706,0
6401.3,0.0399,0,0.045,0
12253.1,0.07,0,0.0496,0
17931.6,0.1203,0,0.0618,0
8818.8,0.0295,0,0.2717,0
11573.7,0.1458,0,0.0216,0
7188.2,0.0677,0,0.0318,0
5238.4,0.0385,0,0.0607,0
11919.4,0.1172,0,0.0372,0
9685.1,0.0569,0,0.0301,0
16110.7,0.0406,0,0.0274,0
12029.7,0.0601,0,0.0348,0
18395.0,0.1354,0,0.0261,0
7572.5,0.0949,0,0.0503,0
12931.6,0.0731,0,0.0049,0
18530.9,0.061,0,0.0269,0
12729.7,0.0591,0,0.0202,0
16035.8,0.0894,0,0.0357,0
7338.6,0.1101,0,0.0313,0
7150.9,0.3443,0,0.0324,0
9755.1,0.0795,0,0.045,0
8857.2,0.1076,0,0.0243,0
9590.3,0.0372,0,0.0357,0
8945.0,0.1254,0,0.025,0
9838.6,0.1633,0,0.0566,0
8682.0,0.1999,0,0.0548,0
6894.4,0.041,0,0.0552,0
11204.9,0.0652,0,0.0312,0
8060.3,0.0775,0,0.0524,0
10040.5,0.2123,0,0.0382,0
7960.8,0.0585,0,0.0292,0
8872.7,0.0315,0,0.0219,0
7368.6,0.062,0,0.0268,0
12053.6,0.0524,0,0.0271,0
9331.2,0.0368,0,0.0304,0
9360.4,0.0528,0,0.025,0
10776.5,0.0742,0,0.0307,0
10401.3,0.1571,0,0.0287,0
11274.7,0.058,0,0.0443,0
7394.1,0.0744,0,0.0736,0
6163.8,0.074,0,0.033,0
5626.2,0.1647,0,0.0327,0
7165.5,0.2559,0,0.0292,0
7836.9,0.0435,0,0.0288,0
12674.6,0.0437,0,0.0256,0
11050.4,0.08,0,0.0207,0
11689.4,0.057,0,0.0274,0
10315.7,0.0223,0,0.0252,0
9968.2,0.0444,0,0.0301,0
12495.5,0.0529,0,0.0299,0
10105.2,0.0415,0,0.0362,0
12852.2,0.03,0,0.027,0
10133.4,0.033,0,0.0344,0
12183.6,0.0325,0,0.0237,0
9334.7,0.0344,0,0.0289,0
9554.1,0.0505,0,0.0386,0
7572.3,0.0976,0,0.0291,0
8319.7,0.0484,0,0.0491,0
9213.0,0.0533,0,0.0399,0
10388.3,0.0202,0,0.0225,0
10195.3,0.0201,0,0.0356,0
9057.6,0.0618,0,0.0671,0
5734.0,0.0588,0,0.0425,0
6137.6,0.1653,0,0.0307,0
7912.1,0.0252,0,0.0376,0
9196.6,0.1471,0,0.0211,0
7880.3,0.0827,0,0.0495,0
6639.7,0.0313,0,0.0361,0
7806.3,0.0371,0,0.0246,0
11210.3,0.0397,0,0.0215,0
10585.6,0.0915,0,0.0379,0
7578.5,0.0768,0,0.0652,0
6872.9,0.0678,0,0.041,0
11394.4,0.0868,0,0.0574,0
7568.2,0.0942,0,0.0193,0
10204.2,0.0793,0,0.0437,0
10444.6,0.086,0,0.0611,0
5377.2,0.0424,0,0.05,0
8436.4,0.0943,0,0.0586,0
11395.6,0.136,0,0.0366,0
9861.5,0.0624,0,0.028,0
12174.7,0.0811,0,0.0416,0
10627.2,0.1033,0,0.0276,0
8932.8,0.0441,0,0.0378,0
8698.0,0.137,0,0.0197,0
8815.2,0.1281,0,0.0157,0
9980.2,0.0535,0,0.0256,0
9565.0,0.0451,0,0.0401,0
6972.7,0.0548,0,0.0298,0
10029.5,0.0599,0,0.0275,0
10512.4,0.0677,0,0.0405,0
8424.8,0.0484,0,0.0274,0
9208.7,0.0343,0,0.0163,0
8451.2,0.0383,0,0.1695,0
11485.1,0.1828,0,0.0503,0
7548.6,0.0479,0,0.0258,0
11616.0,0.1844,0,0.0294,0
7155.7,0.1372,0,0.0193,0
8833.3,0.0271,0,0.034,0
7956.2,0.0397,0,0.0278,0
7697.1,0.0748,0,0.0226,0
14839.8,0.1254,0,0.0281,0
12886.4,0.0747,0,0.0201,0
11088.5,0.0876,0,0.0495,0
9492.2,0.0637,0,0.0332,0
10632.1,0.7556,1,0.7329,1
12668.0,0.0983,0,0.0209,0
8380.2,0.1393,0,0.0266,0
7077.7,0.3107,0,0.2065,0
9866.0,0.0763,0,0.0337,0
5086.5,0.0751,0,0.0331,0
7527.2,0.3084,0,0.022,0
7525.0,0.1488,0,0.0367,0
0.0,0.565,1,0.61,1
2678.5,0.4935,0,0.4807,0
2679.1,0.5121,1,0.5712,1
1809.1,0.4868,0,0.5403,1
2712.3,0.575,1,0.5545,1
2155.7,0.5172,1,0.4915,0
2309.2,0.5603,1,0.5698,1
2396.4,0.484,0,0.4967,0
2584.7,0.5288,1,0.619,1
1633.3,0.5113,1,0.5254,1
1991.5,0.5265,1,0.614,1
2012.4,0.5206,1,0.5199,1
1387.2,0.5221,1,0.5176,1
11876.2,0.1466,0,0.0275,0
13375.9,0.2015,0,0.0535,0
3481.2,0.0561,0,0.0871,0
3352.2,0.5441,1,0.4765,0
13663.1,0.0961,0,0.0267,0
15823.5,0.0707,0,0.0189,0
8897.8,0.0413,0,0.023,0
15859.2,0.1168,0,0.0426,0
11228.4,0.0927,0,0.0353,0
6386.5,0.2131,0,0.1661,0
11073.5,0.0871,0,0.0364,0
6887.4,0.0596,0,0.0612,0
12127.8,0.1509,0,0.0422,0
2532.4,0.4521,0,0.3899,0
10394.8,0.0668,0,0.029,0
3441.4,0.2576,0,0.0384,0
11133.6,0.0393,0,0.0171,0
11894.9,0.1088,0,0.0567,0
9400.6,0.0312,0,0.0372,0
7888.4,0.1444,0,0.0206,0
11443.4,0.0336,0,0.0334,0
8118.9,0.0795,0,0.0663,0
12383.3,0.0496,0,0.0237,0
11525.7,0.1352,0,0.1473,0
12601.1,0.0625,0,0.0557,0
10150.7,0.056,0,0.0409,0
10501.3,0.2385,0,0.0207,0
8412.5,0.0703,0,0.1241,0
11863.4,0.0315,0,0.0388,0
7352.7,0.1326,0,0.0227,0
7454.0,0.3414,0,0.1522,0
10601.1,0.0386,0,0.0279,0
10028.0,0.0847,0,0.0174,0
10911.7,0.0809,0,0.0269,0
9798.2,0.0858,0,0.0203,0
7426.2,0.0662,0,0.0263,0
5997.3,0.242,0,0.0271,0
12471.0,0.0398,0,0.0301,0
5582.0,0.2195,0,0.2415,0
11690.3,0.0443,0,0.032,0
10883.1,0.0804,0,0.0523,0
8566.8,0.0959,0,0.0201,0
7563.7,0.624,1,0.2407,0
1071.5,0.5502,1,0.6127,1
1116.2,0.5546,1,0.4659,0
9592.2,0.0785,0,0.0354,0
5255.9,0.0814,0,0.0212,0
5862.8,0.7616,1,0.0988,0
7930.7,0.0552,0,0.0241,0
5610.8,0.0594,0,0.0386,0
5735.3,0.1514,0,0.0501,0
4036.6,0.1167,0,0.0683,0
3067.1,0.5437,1,0.045,0
6632.0,0.052,0,0.0387,0
2112.9,0.6513,1,0.5223,1
2586.8,0.9787,1,0.4284,0
6142.0,0.3988,0,0.0368,0
3599.3,0.8712,1,0.295,0
4004.4,0.5239,1,0.2973,0
2447.6,0.5685,1,0.2412,0
5067.5,0.4194,0,0.0491,0
2120.7,0.5421,1,0.5224,1
2692.6,0.5745,1,0.2521,0
2657.2,0.6194,1,0.0786,0
6107.1,0.9721,1,0.037,0
6892.7,0.0456,0,0.0519,0
4990.3,0.12,0,0.0426,0
4517.2,0.0982,0,0.0446,0
7509.4,0.0677,0,0.0404,0
4484.9,0.7402,1,0.0321,0
6981.0,0.0646,0,0.0451,0
9470.6,0.023,0,0.0274,0
6472.6,0.0456,0,0.0496,0
8018.5,0.1211,0,0.0255,0
4623.0,0.0659,0,0.0362,0
8652.1,0.0615,0,0.034,0
7792.1,0.0266,0,0.0262,0
0.0,0.565,1,0.61,1
8861.0,0.04,0,0.0713,0
5677.3,0.0183,0,0.0229,0
12412.1,0.0686,0,0.0116,0
11272.4,0.089,0,0.0226,0
8720.0,0.0894,0,0.0164,0
8478.5,0.1725,0,0.0417,0
12804.4,0.0655,0,0.038,0
10673.1,0.089,0,0.0175,0
4087.3,0.478,0,0.0465,0
11297.4,0.4321,0,0.8045,1
9236.3,0.0945,0,0.0622,0
8086.2,0.0784,0,0.0157,0
7951.4,0.0458,0,0.0252,0
7790.9,0.1042,0,0.0145,0
8415.8,0.093,0,0.0294,0
7032.1,0.1429,0,0.0178,0
7400.3,0.1168,0,0.0295,0
9246.3,0.0725,0,0.0326,0
3855.2,0.4396,0,0.024,0
6576.5,0.0469,0,0.0159,0
10339.7,0.0406,0,0.0708,0
4094.0,0.128,0,0.0188,0
6450.9,0.8951,1,0.0277,0
6744.4,0.0876,0,0.0179,0
7333.5,0.0178,0,0.0254,0
9932.4,0.0463,0,0.0198,0
3869.1,0.594,1,0.0264,0
6018.2,0.6197,1,0.0141,0
5330.2,0.1742,0,0.0148,0
8369.9,0.7882,1,0.0067,0
7246.1,0.1889,0,0.0163,0
5197.5,0.1123,0,0.0188,0
5792.9,0.5904,1,0.0192,0
7856.6,0.8821,1,0.0284,0
4118.1,0.5878,1,0.045,0
6549.9,0.7909,1,0.0116,0
5194.0,0.069,0,0.0172,0
7426.4,0.1704,0,0.0112,0
5885.2,0.0822,0,0.0139,0
5607.8,0.0676,0,0.0136,0
5890.4,0.4716,0,0.0185,0
6581.7,0.0925,0,0.0103,0
7487.1,0.2356,0,0.0097,0
12237.5,0.076,0,0.0309,0
10458.6,0.0488,0,0.0195,0
9937.3,0.0351,0,0.0194,0
10772.5,0.0532,0,0.0282,0
9388.2,0.1256,0,0.0384,0
12402.0,0.0647,0,0.0263,0
8429.0,0.1338,0,0.0253,0
10874.5,0.0688,0,0.0284,0
9178.5,0.0902,0,0.0287,0
6401.2,0.1311,0,0.0591,0
11317.2,0.102,0,0.051,0
9755.1,0.105,0,0.0257,0
10912.5,0.0903,0,0.0518,0
10112.1,0.085,0,0.0342,0
7882.1,0.0779,0,0.0212,0
6285.3,0.0606,0,0.0239,0
7569.5,0.0544,0,0.0305,0
5374.1,0.0788,0,0.0337,0
8626.5,0.0814,0,0.0316,0
7344.6,0.2433,0,0.0624,0
6324.6,0.1807,0,0.0257,0
9854.7,0.0178,0,0.024,0
9175.4,0.0345,0,0.046,0
6225.9,0.439,0,0.2813,0
9930.9,0.0336,0,0.0467,0
10389.4,0.0583,0,0.0277,0
8417.7,0.1038,0,0.0684,0
9270.1,0.1887,0,0.0541,0
8165.1,0.1068,0,0.053,0
9816.5,0.1186,0,0.0325,0
6873.1,0.0478,0,0.0517,0
8902.1,0.1406,0,0.0488,0
4643.7,0.1567,0,0.0337,0
7039.3,0.0731,0,0.0319,0
6158.2,0.0952,0,0.0482,0
8813.7,0.081,0,0.0553,0
8860.0,0.0763,0,0.0538,0
9935.0,0.0725,0,0.0282,0
9291.9,0.0574,0,0.0369,0
4609.6,0.3257,0,0.3578,0
8694.6,0.1152,0,0.039,0
12819.1,0.1175,0,0.0443,0
6060.5,0.0654,0,0.0969,0
4621.3,0.0854,0,0.0515,0
5210.8,0.064,0,0.0481,0
5889.3,0.0408,0,0.0557,0
6165.0,0.5559,1,0.1134,0
6347.4,0.1779,0,0.0242,0
4892.6,0.0616,0,0.0365,0
4732.9,0.0531,0,0.0225,0
4419.9,0.0444,0,0.0337,0
5828.8,0.0949,0,0.0344,0
3786.4,0.0618,0,0.035,0
3761.3,0.149,0,0.0291,0
4052.4,0.1204,0,0.0235,0
12371.2,0.0791,0,0.0241,0
13553.1,0.1183,0,0.0284,0
11283.8,0.0839,0,0.0369,0
9826.3,0.0529,0,0.0288,0
9817.2,0.0443,0,0.0368,0
12808.2,0.0627,0,0.1562,0
11369.2,0.075,0,0.0211,0
10044.1,0.0705,0,0.0222,0
11523.6,0.0279,0,0.0108,0
9754.7,0.0437,0,0.0244,0
7419.4,0.0492,0,0.0357,0
10191.0,0.077,0,0.0323,0
12701.3,0.0505,0,0.0424,0
10659.7,0.0254,0,0.0269,0
12708.7,0.0404,0,0.0232,0
10267.1,0.026,0,0.0436,0
12386.6,0.1106,0,0.0347,0
12210.4,0.0279,0,0.0336,0
9325.7,0.1302,0,0.0374,0
9854.7,0.0178,0,0.024,0
9175.4,0.0345,0,0.046,0
6225.9,0.439,0,0.2813,0
9930.9,0.0336,0,0.0467,0
10389.4,0.0583,0,0.0277,0
8417.7,0.1038,0,0.0684,0
9270.1,0.1887,0,0.0541,0
8165.1,0.1068,0,0.053,0
9816.5,0.1186,0,0.0325,0
6873.1,0.0478,0,0.0517,0
8902.1,0.1406,0,0.0488,0
8047.7,0.063,0,0.039,0
7680.9,0.0288,0,0.0257,0
9205.4,0.0357,0,0.0257,0
7205.2,0.0269,0,0.0271,0
7469.2,0.0381,0,0.029,0
10004.3,0.0578,0,0.0349,0
7178.8,0.1503,0,0.0308,0
7892.0,0.0713,0,0.0201,0
7585.3,0.1847,0,0.018,0
7745.2,0.0402,0,0.0194,0
9195.3,0.0538,0,0.0246,0
7503.3,0.3434,0,0.033,0
6417.6,0.1019,0,0.0213,0
6102.3,0.1171,0,0.0347,0
11229.7,0.0461,0,0.0313,0
5478.6,0.04,0,0.047,0
9940.1,0.0402,0,0.043,0
8038.8,0.0231,0,0.0323,0
6962.4,0.492,0,0.0257,0
10723.8,0.0444,0,0.1491,0
9036.8,0.0674,0,0.056,0
8201.1,0.1039,0,0.0093,0
5339.6,0.1895,0,0.0505,0
7640.0,0.1629,0,0.0196,0
6430.9,0.0914,0,0.0321,0
8243.4,0.0609,0,0.0355,0
9034.4,0.061,0,0.0186,0
10827.4,0.0471,0,0.0507,0
9459.0,0.0662,0,0.0183,0
8716.1,0.0707,0,0.0271,0
6873.9,0.1476,0,0.026,0
9767.6,0.0515,0,0.0287,0
9951.8,0.0753,0,0.0245,0
8906.9,0.0514,0,0.048,0
11812.1,0.0616,0,0.1114,0
11869.3,0.1337,0,0.0272,0
14544.9,0.0795,0,0.0324,0
11775.4,0.0538,0,0.0385,0
13486.4,0.2728,0,0.0489,0
7204.3,0.058,0,0.0265,0
13759.3,0.1148,0,0.024,0
8496.9,0.1787,0,0.0324,0
12441.8,0.0884,0,0.826,1
12222.7,0.0764,0,0.0725,0
12870.9,0.0665,0,0.4051,0
11851.0,0.0667,0,0.0355,0
4933.5,0.375,0,0.1805,0
12949.7,0.1159,0,0.1083,0
11620.4,0.2811,0,0.0585,0
11457.9,0.1781,0,0.0372,0
11466.7,0.2463,0,0.058,0
11624.4,0.2282,0,0.041,0
8069.7,0.1936,0,0.0496,0
11851.5,0.0511,0,0.0728,0
11655.9,0.2206,0,0.1346,0
7631.4,0.4339,0,0.118,0
10152.3,0.1456,0,0.0876,0
11399.5,0.0891,0,0.0649,0
7012.5,0.1588,0,0.0314,0
10179.6,0.0809,0,0.0345,0
8112.8,0.5112,1,0.3616,0
3956.4,0.1247,0,0.0353,0
8839.5,0.2648,0,0.026,0
10688.8,0.2938,0,0.7376,1
9553.5,0.1106,0,0.0268,0
7107.2,0.2763,0,0.4119,0
6980.6,0.133,0,0.0563,0
8245.8,0.4987,0,0.0385,0
10037.6,0.0604,0,0.0386,0
5638.3,0.1419,0,0.0379,0
7737.9,0.4754,0,0.0452,0
9045.3,0.2336,0,0.0381,0
11155.1,0.0532,0,0.0233,0
11113.4,0.061,0,0.0223,0
10403.2,0.0503,0,0.0281,0
10083.1,0.059,0,0.0194,0
10816.9,0.0523,0,0.0231,0
10931.0,0.0361,0,0.0217,0
8828.3,0.0652,0,0.0284,0
11248.7,0.0566,0,0.019,0
8482.4,0.0735,0,0.0481,0
11453.8,0.0797,0,0.0199,0
7381.9,0.073,0,0.0211,0
8541.2,0.0909,0,0.021,0
8035.9,0.0398,0,0.039,0
6268.3,0.0605,0,0.0369,0
6813.9,0.0789,0,0.0507,0
6784.1,0.0448,0,0.0411,0
6438.0,0.2659,0,0.035,0
6571.8,0.0734,0,0.0277,0
5408.1,0.057,0,0.0446,0
5113.1,0.7927,1,0.0525,0
7867.2,0.034,0,0.023,0
8274.2,0.0441,0,0.0387,0
10157.0,0.0601,0,0.0277,0
7946.8,0.0395,0,0.0281,0
5472.2,0.1333,0,0.0271,0
5690.2,0.0693,0,0.0693,0
5984.6,0.0372,0,0.174,0
7075.6,0.1889,0,0.0998,0
6169.0,0.0539,0,0.0268,0
5453.3,0.0559,0,0.0331,0
4429.0,0.0748,0,0.0569,0
7286.3,0.0643,0,0.0324,0
8140.1,0.0892,0,0.123,0
7365.2,0.0614,0,0.0624,0
7729.1,0.0695,0,0.0363,0
5752.2,0.0425,0,0.0413,0
9423.6,0.0414,0,0.0556,0
11236.7,0.0676,0,0.0281,0
6904.4,0.0402,0,0.0411,0
7276.0,0.05,0,0.0465,0
7299.2,0.0951,0,0.0575,0
1861.9,0.5089,1,0.2924,0
9819.7,0.0608,0,0.133,0
6462.2,0.1888,0,0.0167,0
6971.9,0.077,0,0.0443,0
8325.5,0.1141,0,0.0345,0
10267.2,0.0414,0,0.0218,0
9822.6,0.1163,0,0.0186,0
6158.9,0.1005,0,0.0374,0
6140.1,0.0606,0,0.0217,0
4809.4,0.1882,0,0.0453,0
4727.2,0.0915,0,0.0538,0
5163.5,0.0785,0,0.0421,0
7764.9,0.0453,0,0.0212,0
11800.5,0.0806,0,0.0237,0
9285.7,0.0274,0,0.0307,0
10345.5,0.0677,0,0.0276,0
4909.3,0.264,0,0.031,0
3220.4,0.3108,0,0.1071,0
13198.9,0.11,0,0.0208,0
9696.5,0.054,0,0.0266,0
4468.7,0.1135,0,0.065,0
12359.7,0.0605,0,0.0288,0
11967.4,0.0689,0,0.0249,0
12643.8,0.0539,0,0.0311,0
10663.8,0.0609,0,0.035,0
8987.6,0.075,0,0.0481,0
5843.3,0.1244,0,0.0703,0
11020.4,0.1804,0,0.0533,0
6354.4,0.1215,0,0.0448,0
4510.2,0.1069,0,0.0598,0
6917.1,0.032,0,0.0508,0
8891.5,0.1381,0,0.093,0
5364.6,0.0694,0,0.0311,0
6649.9,0.1028,0,0.0337,0
8383.9,0.1156,0,0.0282,0
4401.5,0.0681,0,0.037,0
6328.0,0.3112,0,0.0406,0
7248.0,0.1056,0,0.0246,0
5382.3,0.1695,0,0.0361,0
8322.1,0.04,0,0.0191,0
7400.4,0.0632,0,0.0238,0
4428.3,0.0996,0,0.0397,0
6174.7,0.0946,0,0.043,0
4019.1,0.052,0,0.0517,0
6116.6,0.09,0,0.037,0
5888.4,0.064,0,0.0269,0
8613.3,0.0808,0,0.0334,0
7755.5,0.0578,0,0.0306,0
10181.2,0.0844,0,0.0351,0
7106.5,0.0597,0,0.0271,0
5662.1,0.2371,0,0.0795,0
4524.3,0.073,0,0.0216,0
9884.9,0.1236,0,0.0285,0
7392.0,0.1257,0,0.0293,0
9176.1,0.0656,0,0.0249,0
8877.9,0.1059,0,0.0198,0
6934.7,0.0379,0,0.0428,0
7312.9,0.1032,0,0.0232,0
12449.9,0.0625,0,0.0234,0
9991.1,0.1912,0,0.0357,0
6886.5,0.111,0,0.0296,0
8817.3,0.0489,0,0.0244,0
9616.5,0.2511,0,0.3661,0
15159.5,0.1333,0,0.0319,0
9714.2,0.0701,0,0.0229,0
7436.6,0.0593,0,0.0423,0
5248.1,0.0755,0,0.0298,0
6209.2,0.1945,0,0.0255,0
9204.6,0.0707,0,0.0383,0
9001.6,0.0916,0,0.0189,0
6270.9,0.0574,0,0.0187,0
12388.1,0.1107,0,0.0312,0
8347.6,0.0652,0,0.0214,0
9530.9,0.0989,0,0.0334,0
13168.9,0.0512,0,0.0358,0
8034.6,0.1267,0,0.0349,0
11172.4,0.0446,0,0.0262,0
10459.3,0.0586,0,0.0436,0
6210.3,0.094,0,0.0458,0
8718.8,0.1034,0,0.0298,0
6978.4,0.0734,0,0.0375,0
7684.0,0.1428,0,0.0464,0
6298.9,0.0604,0,0.0393,0
6880.8,0.03,0,0.0284,0
6214.5,0.0624,0,0.1062,0
7104.2,0.051,0,0.0437,0
6908.3,0.0634,0,0.0558,0
9194.8,0.0337,0,0.0323,0
5036.5,0.9354,1,0.0206,0
10822.7,0.0446,0,0.0366,0
12082.1,0.0611,0,0.0353,0
13139.0,0.1084,0,0.0411,0
3996.9,0.3588,0,0.0657,0
10456.9,0.1062,0,0.0346,0
9319.6,0.0573,0,0.0172,0
9589.5,0.0505,0,0.0383,0
9147.8,0.0635,0,0.0262,0
10905.1,0.0462,0,0.0323,0
13136.8,0.367,0,0.0356,0
10047.1,0.097,0,0.0327,0
11673.3,0.0761,0,0.0434,0
10953.7,0.0307,0,0.0294,0
10479.2,0.0433,0,0.0469,0
7365.5,0.0382,0,0.2544,0
5913.5,0.0177,0,0.2669,0
4195.6,0.1536,0,0.2314,0
6149.5,0.1411,0,0.3247,0
6283.2,0.1126,0,0.3268,0
6313.3,0.1043,0,0.2797,0
10802.2,0.0528,0,0.0249,0
7648.0,0.0786,0,0.0304,0
12626.6,0.1516,0,0.0202,0
11826.2,0.1197,0,0.0235,0
11315.6,0.0589,0,0.0329,0
8998.5,0.076,0,0.0284,0
9722.1,0.0411,0,0.0248,0
11632.1,0.0415,0,0.0298,0
11077.7,0.0369,0,0.0322,0
7383.8,0.041,0,0.0289,0
11490.2,0.0294,0,0.0297,0
8985.8,0.0961,0,0.1191,0
6055.6,0.1289,0,0.1208,0
3121.0,0.7441,1,0.8153,1
7329.0,0.1313,0,0.0536,0
3627.6,0.3431,0,0.5939,1
2068.4,0.5538,1,0.5717,1
6044.3,0.6259,1,0.5482,1
4342.1,0.1699,0,0.2818,0
4593.0,0.1389,0,0.2496,0
4946.6,0.5068,1,0.6969,1
6751.7,0.0814,0,0.0946,0
3210.2,0.531,1,0.7328,1
4739.9,0.1474,0,0.2212,0
3895.3,0.4581,0,0.6026,1
8229.2,0.0496,0,0.1228,0
4196.0,0.0909,0,0.0812,0
4288.6,0.0958,0,0.1218,0
3731.6,0.1202,0,0.3214,0
4326.7,0.1209,0,0.2345,0
4961.5,0.1753,0,0.2047,0
13138.3,0.1077,0,0.168,0
2909.2,0.1665,0,0.277,0
5581.9,0.1638,0,0.2293,0
6432.1,0.0793,0,0.0984,0
4428.9,0.1932,0,0.3682,0
7664.9,0.0962,0,0.0743,0
3962.5,0.1326,0,0.0939,0
4248.1,0.0824,0,0.0977,0
3620.6,0.1023,0,0.0936,0
4733.1,0.1288,0,0.187,0
4514.2,0.3921,0,0.329,0
4664.7,0.0642,0,0.1557,0
4620.7,0.0936,0,0.0907,0
4544.4,0.179,0,0.3945,0
7715.0,0.0979,0,0.2381,0
6091.7,0.0514,0,0.0787,0
3455.3,0.14,0,0.2846,0
3451.6,0.1205,0,0.3543,0
5977.7,0.5345,1,0.578,1
4222.5,0.2133,0,0.5381,1
6332.4,0.0978,0,0.2774,0
3634.7,0.6221,1,0.7636,1
5080.3,0.2193,0,0.2973,0
4589.8,0.1269,0,0.1156,0
3662.5,0.2582,0,0.4583,0
4453.0,0.1199,0,0.1839,0
8070.7,0.0863,0,0.0206,0
6582.5,0.0793,0,0.0172,0
10112.3,0.0852,0,0.0209,0
7060.4,0.0369,0,0.0259,0
3884.3,0.5755,1,0.0344,0
6047.4,0.0411,0,0.0336,0
7855.4,0.0928,0,0.022,0
5328.0,0.0766,0,0.0383,0
3610.9,0.3008,0,0.0678,0
10968.3,0.0791,0,0.2398,0
16207.6,0.1873,0,0.0483,0
5623.3,0.1677,0,0.0344,0
8977.3,0.1255,0,0.0364,0
3340.9,0.1002,0,0.0984,0
8373.2,0.1356,0,0.0288,0
16338.0,0.1213,0,0.053,0
12747.6,0.09,0,0.0403,0
11583.6,0.0468,0,0.1107,0
10703.9,0.0605,0,0.0302,0
15773.7,0.0559,0,0.0315,0
10467.4,0.0555,0,0.0352,0
12480.4,0.9915,1,0.9761,1
4721.9,0.9556,1,0.0953,0
5514.4,0.9331,1,0.913,1
8304.1,0.9271,1,0.9618,1
9997.4,0.2516,0,0.0309,0
3769.6,0.6969,1,0.1812,0
5551.9,0.8789,1,0.7925,1
3608.0,0.7684,1,0.202,0
4566.3,0.9608,1,0.143,0
5312.2,0.0323,0,0.0333,0
4202.9,0.9311,1,0.7359,1
4927.1,0.0101,0,0.0177,0
6207.5,0.0512,0,0.0206,0
2988.7,0.7545,1,0.0917,0
10385.5,0.0536,0,0.0212,0
5438.4,0.6431,1,0.3387,0
6260.2,0.8257,1,0.7983,1
5375.6,0.9474,1,0.9463,1
14639.4,0.0702,0,0.0605,0
13494.0,0.0822,0,0.0503,0
13998.3,0.0969,0,0.205,0
10125.0,0.0829,0,0.0462,0
5612.5,0.9565,1,0.2276,0
9771.4,0.6856,1,0.653,1
4642.2,0.1088,0,0.0393,0
9311.0,0.0524,0,0.0699,0
3806.4,0.1721,0,0.0323,0
11378.4,0.1772,0,0.0651,0
6695.9,0.0744,0,0.0448,0
3757.8,0.0707,0,0.0403,0
6592.4,0.0567,0,0.034,0
4083.6,0.0648,0,0.0284,0
11334.5,0.1932,0,0.062,0
2077.1,0.1047,0,0.1367,0
2609.6,0.2265,0,0.0721,0
12241.6,0.1145,0,0.0551,0
14752.6,0.0841,0,0.0476,0
12074.9,0.0936,0,0.0189,0
5407.0,0.07,0,0.0183,0
5150.4,0.107,0,0.0237,0
8043.7,0.0446,0,0.0319,0
19120.8,0.0329,0,0.0231,0
6371.9,0.1047,0,0.0171,0
10920.8,0.0685,0,0.0365,0
4846.2,0.5845,1,0.1624,0
11689.9,0.0393,0,0.0355,0
18055.2,0.0898,0,0.1996,0
10718.3,0.0925,0,0.017,0
9620.3,0.3536,0,0.0207,0
9830.7,0.0587,0,0.0256,0
10683.4,0.1097,0,0.0228,0
5947.3,0.6569,1,0.0396,0
6425.4,0.0326,0,0.0491,0
4084.8,0.76,1,0.9142,1
7880.9,0.9089,1,0.9608,1
8198.8,0.9532,1,0.9738,1
6559.6,0.945,1,0.9687,1
7893.0,0.9117,1,0.9542,1
7511.8,0.8577,1,0.9626,1
7267.5,0.9436,1,0.9594,1
9242.2,0.7866,1,0.9428,1
6326.2,0.588,1,0.2858,0
7723.9,0.8201,1,0.7317,1
10043.8,0.2297,0,0.221,0
9917.6,0.208,0,0.0965,0
8570.5,0.3956,0,0.3114,0
7993.5,0.8221,1,0.8917,1
7466.5,0.9466,1,0.3001,0
9725.1,0.3657,0,0.9088,1
3767.6,0.7427,1,0.9055,1
10852.8,0.0631,0,0.0661,0
8551.8,0.0815,0,0.0688,0
8181.2,0.0733,0,0.0696,0
9458.3,0.0521,0,0.0679,0
5851.4,0.6031,1,0.431,0
10038.2,0.0512,0,0.0598,0
9484.7,0.0657,0,0.0835,0
8755.3,0.0586,0,0.0916,0
5434.5,0.593,1,0.6245,1
10952.9,0.0465,0,0.04,0
7024.2,0.0554,0,0.086,0
8700.6,0.0445,0,0.0598,0
9678.9,0.0724,0,0.0945,0
10597.8,0.065,0,0.0488,0
7347.6,0.5783,1,0.8091,1
9818.9,0.0391,0,0.0489,0
7051.0,0.0413,0,0.0678,0
6669.7,0.6803,1,0.8216,1
7230.7,0.0632,0,0.0814,0
4809.7,0.6069,1,0.5354,1
8464.4,0.0606,0,0.0572,0
4794.2,0.7737,1,0.6535,1
10833.1,0.0485,0,0.0724,0
9229.8,0.0851,0,0.158,0
13320.0,0.0877,0,0.0507,0
7304.6,0.1349,0,0.1966,0
4407.5,0.1267,0,0.1559,0
5582.4,0.0813,0,0.1044,0
3732.2,0.4732,0,0.5561,1
5779.9,0.0682,0,0.1433,0
3994.5,0.0904,0,0.1745,0
5001.5,0.1329,0,0.545,1
4948.7,0.83,1,0.6399,1
6017.2,0.0616,0,0.2894,0
5039.2,0.4326,0,0.2546,0
4851.9,0.5503,1,0.9187,1
6376.6,0.1348,0,0.1821,0
6062.2,0.0651,0,0.0708,0
5259.9,0.2004,0,0.1305,0
5546.2,0.043,0,0.0863,0
3760.4,0.0839,0,0.1252,0
4391.6,0.6199,1,0.7832,1
7074.6,0.1127,0,0.1427,0
5560.3,0.0732,0,0.1242,0
7237.3,0.1038,0,0.0994,0
5203.2,0.1202,0,0.1567,0
6499.0,0.0083,0,0.0718,0
10852.8,0.0631,0,0.0661,0
8551.8,0.0815,0,0.0688,0
8181.2,0.0733,0,0.0696,0
9458.3,0.0521,0,0.0679,0
5851.4,0.6031,1,0.431,0
10952.9,0.0465,0,0.04,0
7024.2,0.0554,0,0.086,0
8700.6,0.0445,0,0.0598,0
9678.9,0.0724,0,0.0945,0
10038.2,0.0512,0,0.0598,0
9484.7,0.0657,0,0.0835,0
8755.3,0.0586,0,0.0916,0
5434.5,0.593,1,0.6245,1
10597.8,0.065,0,0.0488,0
7347.6,0.5783,1,0.8091,1
9818.9,0.0391,0,0.0489,0
7051.0,0.0413,0,0.0678,0
6669.7,0.6803,1,0.8216,1
7230.7,0.0632,0,0.0814,0
4809.7,0.6069,1,0.5354,1
8464.4,0.0606,0,0.0572,0
4794.2,0.7737,1,0.6535,1
10833.1,0.0485,0,0.0724,0
9229.8,0.0851,0,0.158,0
13320.0,0.0877,0,0.0507,0
7304.6,0.1349,0,0.1966,0
7327.7,0.2296,0,0.0411,0
7496.7,0.0648,0,0.058,0
9409.2,0.0686,0,0.0404,0
10857.8,0.0447,0,0.0362,0
6441.4,0.2604,0,0.062,0
6659.7,0.3668,0,0.1628,0
8514.1,0.1649,0,0.0678,0
5822.5,0.8325,1,0.0263,0
7492.7,0.2257,0,0.0512,0
7201.0,0.0482,0,0.0329,0
6522.4,0.2219,0,0.0278,0
7584.5,0.361,0,0.0259,0
9465.6,0.164,0,0.0283,0
7795.5,0.0577,0,0.0789,0
8387.6,0.0523,0,0.0601,0
7096.7,0.4627,0,0.0367,0
7038.2,0.8473,1,0.0547,0
9767.1,0.0331,0,0.0532,0
8692.2,0.1542,0,0.0481,0
6980.5,0.0817,0,0.051,0
6216.7,0.036,0,0.0592,0
7661.4,0.043,0,0.0502,0
6349.2,0.0307,0,0.055,0
7039.4,0.0558,0,0.0469,0
7576.6,0.0631,0,0.0687,0
6585.4,0.0452,0,0.0672,0
6973.6,0.1335,0,0.1251,0
3956.2,0.4625,0,0.5585,1
5776.7,0.0831,0,0.0975,0
6413.5,0.1995,0,0.1247,0
7193.4,0.8972,1,0.916,1
6661.3,0.2455,0,0.064,0
6384.7,0.2986,0,0.0531,0
4590.5,0.0897,0,0.4968,0
4688.5,0.8455,1,0.6903,1
5136.6,0.9495,1,0.9768,1
6678.1,0.0686,0,0.0486,0
4700.9,0.1621,0,0.802,1
6564.8,0.4077,0,0.1134,0
5591.1,0.0717,0,0.1948,0
6412.2,0.1497,0,0.0551,0
5233.1,0.0666,0,0.0234,0
4740.7,0.4324,0,0.1197,0
6891.3,0.8005,1,0.9722,1
5715.9,0.0531,0,0.0221,0
5030.6,0.9745,1,0.0998,0
5778.9,0.0337,0,0.0498,0
5066.0,0.3964,0,0.1011,0
4875.3,0.8888,1,0.9538,1
4440.2,0.0178,0,0.0116,0
8134.3,0.22,0,0.0278,0
8804.7,0.05,0,0.016,0
4672.5,0.7198,1,0.6357,1
6693.1,0.0424,0,0.0243,0
5388.3,0.5735,1,0.338,0
7809.2,0.9671,1,0.9655,1
6927.9,0.9036,1,0.9713,1
4504.8,0.032,0,0.029,0
7360.7,0.985,1,0.0429,0
11741.5,0.0348,0,0.0989,0
7253.3,0.1584,0,0.0329,0
8388.1,0.0867,0,0.0344,0
10052.7,0.9627,1,0.0308,0
10420.1,0.0782,0,0.0473,0
11511.7,0.4072,0,0.0478,0
11345.1,0.0472,0,0.0318,0
8911.6,0.2737,0,0.055,0
12738.8,0.0598,0,0.0262,0
9956.1,0.0631,0,0.045,0
10708.4,0.0482,0,0.0356,0
9842.1,0.14,0,0.0499,0
10034.1,0.1026,0,0.0176,0
15455.4,0.1215,0,0.025,0
11601.5,0.0796,0,0.0279,0
8420.0,0.0358,0,0.0135,0
9597.0,0.1075,0,0.0738,0
10291.8,0.0939,0,0.0689,0
10299.2,0.1573,0,0.0514,0
12097.9,0.1633,0,0.0651,0
13228.5,0.0825,0,0.0204,0
13265.0,0.0636,0,0.0275,0
13778.0,0.0525,0,0.0286,0
12517.8,0.087,0,0.0255,0
7547.2,0.8725,1,0.8109,1
8342.2,0.3101,0,0.3343,0
7830.8,0.8801,1,0.1862,0
8593.5,0.3997,0,0.3405,0
7398.9,0.8149,1,0.4902,0
7027.6,0.4936,0,0.2875,0
8604.9,0.961,1,0.2397,0
7055.5,0.8053,1,0.8122,1
7407.3,0.9164,1,0.9521,1
7643.4,0.1588,0,0.0249,0
7754.5,0.7346,1,0.8772,1
6875.3,0.9637,1,0.1868,0
6799.7,0.8379,1,0.5269,1
6881.5,0.9856,1,0.8139,1
6792.3,0.7697,1,0.8884,1
8803.3,0.9117,1,0.7863,1
7018.7,0.9742,1,0.7345,1
5333.1,0.914,1,0.2113,0
6401.2,0.9929,1,0.1897,0
6794.9,0.9968,1,0.2357,0
5425.0,0.9291,1,0.7734,1
4827.3,0.9825,1,0.911,1
4545.6,0.8641,1,0.2031,0
6371.8,0.0403,0,0.0325,0
5579.3,0.876,1,0.0195,0
10855.0,0.6227,1,0.4101,0
10404.4,0.0561,0,0.0313,0
9427.7,0.9686,1,0.9043,1
6603.1,0.9695,1,0.1616,0
7201.5,0.0561,0,0.0155,0
7589.0,0.7179,1,0.02,0
6590.2,0.1278,0,0.0198,0
2796.4,0.0792,0,0.3805,0
10831.4,0.797,1,0.9471,1
2587.7,0.0435,0,0.2992,0
3396.0,0.9354,1,0.064,0
5625.8,0.0705,0,0.0301,0
6233.8,0.9412,1,0.027,0
5981.7,0.0626,0,0.0353,0
5320.8,0.6169,1,0.0343,0
2835.2,0.5298,1,0.0592,0
2320.4,0.5509,1,0.4541,0
11326.0,0.6861,1,0.4135,0
7071.5,0.0301,0,0.0243,0
6543.9,0.028,0,0.0213,0
4661.5,0.5507,1,0.043,0
7216.8,0.3938,0,0.0826,0
4754.5,0.0153,0,0.0327,0
6185.1,0.0685,0,0.0412,0
5633.9,0.0299,0,0.0338,0
8773.0,0.0828,0,0.0284,0
7859.2,0.1621,0,0.0342,0
7530.0,0.8475,1,0.733,1
13328.8,0.0139,0,0.059,0
6341.7,0.0243,0,0.0372,0
3281.7,0.0626,0,0.1169,0
14139.7,0.0347,0,0.0264,0
13363.4,0.0577,0,0.0278,0
13588.6,0.1524,0,0.0438,0
9580.4,0.0629,0,0.0317,0
9051.7,0.0999,0,0.024,0
8503.5,0.0675,0,0.0176,0
10205.2,0.0387,0,0.0244,0
13427.7,0.0449,0,0.0211,0
13178.7,0.024,0,0.0249,0
6836.2,0.0743,0,0.0354,0
7030.3,0.0795,0,0.034,0
9327.3,0.0717,0,0.0266,0
7472.5,0.0925,0,0.082,0
7885.8,0.0459,0,0.0466,0
9349.7,0.1025,0,0.0377,0
7807.0,0.0613,0,0.0215,0
9166.2,0.0264,0,0.0275,0
6392.0,0.0642,0,0.0317,0
9841.9,0.0434,0,0.0209,0
7932.4,0.0819,0,0.0387,0
6419.0,0.0992,0,0.0283,0
6602.3,0.0494,0,0.0434,0
10365.6,0.0494,0,0.0296,0
12156.2,0.0366,0,0.0268,0
9344.4,0.103,0,0.03,0
9850.5,0.067,0,0.0397,0
9215.7,0.069,0,0.0887,0
9924.0,0.0429,0,0.1196,0
10948.6,0.0631,0,0.1425,0
10521.1,0.0501,0,0.1364,0
11531.3,0.041,0,0.1016,0
8820.4,0.0449,0,0.0686,0
11756.4,0.0385,0,0.145,0
8361.5,0.0724,0,0.0719,0
12178.3,0.0554,0,0.025,0
8244.8,0.0277,0,0.0862,0
10685.2,0.0732,0,0.0284,0
9595.8,0.0507,0,0.0234,0
7764.2,0.1281,0,0.0337,0
10261.6,0.0603,0,0.0325,0
9824.3,0.0429,0,0.0723,0
10384.4,0.0594,0,0.1371,0
11777.6,0.0757,0,0.0219,0
10470.7,0.0348,0,0.6004,1
13528.4,0.0646,0,0.111,0
8191.0,0.0516,0,0.0775,0
6487.5,0.0431,0,0.0278,0
4393.2,0.0512,0,0.0303,0
7776.8,0.0654,0,0.0349,0
9435.0,0.0252,0,0.0389,0
6628.8,0.0509,0,0.1012,0
10635.1,0.0441,0,0.0384,0
11564.1,0.041,0,0.034,0
8898.5,0.1002,0,0.1841,0
8398.2,0.8147,1,0.0322,0
8276.6,0.0331,0,0.0336,0
7681.6,0.0747,0,0.0203,0
5690.5,0.1144,0,0.047,0
9094.1,0.0755,0,0.0292,0
5974.9,0.1023,0,0.1457,0
9725.3,0.0554,0,0.0127,0
6841.2,0.0797,0,0.03,0
8662.4,0.0587,0,0.0312,0
8485.6,0.0359,0,0.0249,0
9807.9,0.0394,0,0.0404,0
12003.2,0.0302,0,0.026,0
11884.7,0.0417,0,0.0168,0
9445.1,0.0586,0,0.0219,0
7596.4,0.0889,0,0.0359,0
6871.0,0.0776,0,0.0321,0
8248.8,0.0808,0,0.0303,0
12603.9,0.1328,0,0.4345,0
7465.8,0.0468,0,0.0318,0
9633.2,0.0214,0,0.0224,0
11545.9,0.0417,0,0.0129,0
10400.5,0.0566,0,0.0261,0
7996.3,0.0608,0,0.0392,0
7096.5,0.0841,0,0.0359,0
9570.9,0.0373,0,0.0264,0
11321.9,0.0755,0,0.0184,0
12417.6,0.042,0,0.0286,0
10891.8,0.058,0,0.0919,0
11679.8,0.0424,0,0.0295,0
10338.3,0.0481,0,0.0382,0
5537.1,0.3461,0,0.0222,0
9563.9,0.0517,0,0.023,0
6704.4,0.0475,0,0.0316,0
8221.8,0.0485,0,0.054,0
5845.4,0.7456,1,0.0141,0
5997.1,0.2687,0,0.0198,0
6028.9,0.4683,0,0.0357,0
8517.0,0.0806,0,0.0225,0
9970.2,0.0442,0,0.0221,0
7924.5,0.4014,0,0.0348,0
8991.4,0.1029,0,0.035,0
10574.9,0.0585,0,0.0139,0
6551.2,0.0917,0,0.0317,0
8833.0,0.0677,0,0.0383,0
6514.4,0.0678,0,0.0171,0
5274.8,0.1996,0,0.02,0
5434.3,0.8367,1,0.0368,0
5397.9,0.3917,0,0.0368,0
6592.4,0.1057,0,0.0267,0
5219.4,0.5282,1,0.0457,0
10272.2,0.0399,0,0.0218,0
8538.2,0.0481,0,0.0214,0
6662.8,0.226,0,0.0428,0
6411.8,0.789,1,0.0698,0
5194.3,0.6839,1,0.0362,0
5075.4,0.6088,1,0.1233,0
7279.0,0.1084,0,0.0204,0
9255.5,0.0596,0,0.0272,0
5814.0,0.2925,0,0.0215,0
4655.0,0.7011,1,0.0427,0
5926.6,0.657,1,0.0368,0
4543.4,0.6598,1,0.0236,0
3007.7,0.4169,0,0.0417,0
4701.6,0.7113,1,0.0234,0
3781.1,0.5932,1,0.0425,0
4457.5,0.6268,1,0.0259,0
4001.5,0.7092,1,0.0271,0
4160.5,0.6258,1,0.0492,0
3729.2,0.5603,1,0.0378,0
7430.9,0.1236,0,0.0301,0
8105.4,0.0613,0,0.0252,0
9643.9,0.0734,0,0.0322,0
9566.8,0.0379,0,0.0481,0
6207.1,0.093,0,0.0358,0
7381.1,0.6835,1,0.0304,0
6668.0,0.0864,0,0.0428,0
8434.9,0.3288,0,0.0237,0
8546.3,0.0353,0,0.0287,0
4235.2,0.6816,1,0.0988,0
6447.2,0.7697,1,0.1625,0
3940.6,0.6479,1,0.1204,0
6861.2,0.6966,1,0.1454,0
8813.7,0.7095,1,0.0292,0
7589.8,0.6775,1,0.0267,0
9093.6,0.0377,0,0.195,0
8862.2,0.064,0,0.0211,0
10929.6,0.0371,0,0.0214,0
6452.1,0.0443,0,0.117,0
8333.2,0.0861,0,0.02,0
8437.4,0.9344,1,0.2496,0
8212.0,0.0744,0,0.0192,0
9189.2,0.0505,0,0.0259,0
10034.6,0.0362,0,0.1044,0
10388.2,0.7859,1,0.0242,0
9459.2,0.0447,0,0.2859,0
9337.3,0.0406,0,0.1415,0
7164.7,0.452,0,0.1769,0
7427.1,0.657,1,0.2297,0
9703.0,0.0526,0,0.5611,1
10208.1,0.0332,0,0.0184,0
8703.6,0.1167,0,0.0203,0
7094.8,0.8093,1,0.3376,0
7711.1,0.1011,0,0.2089,0
8378.8,0.7063,1,0.834,1
9423.6,0.0508,0,0.2671,0
9513.6,0.0312,0,0.0224,0
6684.5,0.1,0,0.0605,0
5800.6,0.3223,0,0.0399,0
6978.9,0.5079,1,0.0479,0
10498.1,0.046,0,0.0335,0
7588.6,0.0498,0,0.0324,0
6069.2,0.1697,0,0.0699,0
5821.2,0.332,0,0.0888,0
7025.6,0.0551,0,0.0497,0
7042.1,0.0673,0,0.0315,0
10520.0,0.0433,0,0.0269,0
10437.8,0.0494,0,0.0279,0
6721.3,0.4806,0,0.0483,0
7709.5,0.0914,0,0.0314,0
7950.2,0.0813,0,0.0437,0
8153.5,0.1055,0,0.0342,0
10349.0,0.0341,0,0.0192,0
7681.3,0.0882,0,0.0278,0
7002.5,0.0738,0,0.0436,0
6550.5,0.1313,0,0.184,0
8911.0,0.0697,0,0.0273,0
8227.0,0.1096,0,0.054,0
8952.2,0.0607,0,0.0226,0
8772.2,0.0708,0,0.031,0
7724.8,0.133,0,0.0465,0
6939.4,0.1179,0,0.0373,0
6967.1,0.2075,0,0.0275,0
9872.6,0.0413,0,0.022,0
7222.7,0.3927,0,0.0398,0
7547.7,0.2545,0,0.0435,0
8083.4,0.0738,0,0.0265,0
8847.2,0.1492,0,0.0451,0
13611.2,0.032,0,0.0345,0
7103.4,0.8075,1,0.0396,0
8489.3,0.1344,0,0.0387,0
7808.5,0.198,0,0.0418,0
8174.3,0.1982,0,0.0283,0
12176.4,0.0363,0,0.0232,0
12059.5,0.0411,0,0.0377,0
13287.8,0.0442,0,0.0337,0
14457.1,0.0474,0,0.024,0
12218.6,0.0237,0,0.0336,0
13064.9,0.0381,0,0.0384,0
11816.1,0.0509,0,0.0308,0
13032.1,0.0409,0,0.0258,0
10037.8,0.0735,0,0.0229,0
10972.2,0.0325,0,0.025,0
12081.4,0.0597,0,0.0257,0
11440.9,0.036,0,0.0175,0
14665.9,0.0483,0,0.0409,0
15703.3,0.0948,0,0.0289,0
10059.0,0.0342,0,0.0159,0
11430.6,0.0692,0,0.0197,0
13323.2,0.0458,0,0.0269,0
13266.0,0.0563,0,0.0294,0
12646.9,0.061,0,0.03,0
11934.2,0.0317,0,0.0217,0
14586.8,0.1371,0,0.0503,0
15147.3,0.0926,0,0.0739,0
14269.8,0.1325,0,0.041,0
14748.7,0.1201,0,0.0313,0
14194.9,0.0667,0,0.0297,0
9881.0,0.0603,0,0.0289,0
7216.8,0.032,0,0.0319,0
10171.6,0.0414,0,0.0226,0
8386.7,0.0912,0,0.0224,0
5763.6,0.0316,0,0.0181,0
8876.8,0.0579,0,0.0346,0
8888.7,0.037,0,0.0227,0
9246.7,0.0509,0,0.0212,0
9761.7,0.0456,0,0.024,0
12670.9,0.0496,0,0.0375,0
12660.4,0.0605,0,0.0304,0
11764.3,0.0739,0,0.0305,0
11740.4,0.0245,0,0.039,0
11818.9,0.0395,0,0.0171,0
11334.5,0.0432,0,0.0213,0
10988.7,0.0645,0,0.0177,0
10937.8,0.0955,0,0.0131,0
13180.8,0.0394,0,0.0284,0
15059.2,0.0523,0,0.0315,0
9551.5,0.0366,0,0.0235,0
11965.9,0.0258,0,0.0417,0
11161.9,0.0364,0,0.0245,0
5230.7,0.1086,0,0.0167,0
11017.6,0.0313,0,0.0308,0
13916.3,0.0581,0,0.0293,0
11081.7,0.0452,0,0.0259,0
10495.4,0.0538,0,0.0285,0
11767.5,0.0505,0,0.0322,0
11997.9,0.0346,0,0.0327,0
12290.7,0.0241,0,0.0317,0
11433.7,0.0211,0,0.0322,0
8610.8,0.04,0,0.0369,0
8943.7,0.0377,0,0.0338,0
9297.5,0.0485,0,0.0422,0
11623.3,0.0266,0,0.0362,0
9935.6,0.072,0,0.5939,1
9473.0,0.1151,0,0.0264,0
10902.3,0.0624,0,0.0358,0
11790.3,0.0714,0,0.041,0
10631.1,0.0609,0,0.0163,0
10745.4,0.0579,0,0.0248,0
10502.7,0.1174,0,0.0425,0
12403.6,0.0542,0,0.0468,0
7686.9,0.1867,0,0.0359,0
8603.4,0.0555,0,0.0346,0
9587.3,0.0334,0,0.0517,0
9963.7,0.0477,0,0.0398,0
9972.9,0.1037,0,0.0346,0
13532.5,0.0619,0,0.0381,0
15261.5,0.0674,0,0.0483,0
10315.0,0.0694,0,0.0239,0
10592.5,0.0373,0,0.0507,0
8794.4,0.0554,0,0.0561,0
9280.3,0.0506,0,0.0216,0
9456.7,0.0386,0,0.048,0
10578.0,0.0388,0,0.0492,0
10904.6,0.0851,0,0.0261,0
6984.9,0.0337,0,0.0491,0
12322.3,0.0474,0,0.075,0
8841.7,0.0329,0,0.057,0
7415.1,0.0542,0,0.0458,0
7566.2,0.6427,1,0.0381,0
9074.4,0.0278,0,0.0316,0
9572.4,0.0707,0,0.0393,0
9975.1,0.0389,0,0.0356,0
9499.8,0.0292,0,0.0471,0
9046.6,0.0475,0,0.0328,0
9605.0,0.0609,0,0.0521,0
5426.5,0.1984,0,0.0482,0
11120.6,0.0409,0,0.0253,0
9618.4,0.0798,0,0.0327,0
9051.6,0.0782,0,0.0272,0
5883.7,0.3558,0,0.0736,0
9340.1,0.0461,0,0.0314,0
11511.2,0.0617,0,0.2777,0
10454.4,0.0411,0,0.0284,0
8975.2,0.0445,0,0.0262,0
9985.0,0.0296,0,0.0233,0
8977.3,0.0442,0,0.0237,0
12314.5,0.0619,0,0.0296,0
12552.6,0.0633,0,0.0385,0
15133.8,0.1503,0,0.0295,0
10803.0,0.0416,0,0.0272,0
6929.0,0.0608,0,0.0581,0
4016.6,0.4905,0,0.0496,0
4186.8,0.3265,0,0.0467,0
5270.5,0.0892,0,0.0766,0
10287.8,0.0775,0,0.0302,0
9304.5,0.0209,0,0.0154,0
9105.0,0.0361,0,0.0321,0
5719.8,0.206,0,0.0468,0
7473.0,0.0793,0,0.1705,0
6357.9,0.5965,1,0.0794,0
9297.2,0.0934,0,0.0333,0
6140.8,0.6557,1,0.9868,1
5032.9,0.0755,0,0.0358,0
7737.4,0.0477,0,0.0314,0
5882.4,0.059,0,0.0262,0
4736.4,0.0989,0,0.0496,0
8014.9,0.0628,0,0.0286,0
3538.4,0.5112,1,0.0516,0
4528.7,0.5892,1,0.1222,0
11556.8,0.0735,0,0.0325,0
9088.9,0.0851,0,0.4502,0
9583.1,0.1827,0,0.981,1
6911.9,0.5043,1,0.9831,1
9177.9,0.6868,1,0.8554,1
12028.7,0.0433,0,0.9888,1
12171.9,0.0539,0,0.8816,1
9205.5,0.0658,0,0.9297,1
9723.5,0.0623,0,0.1654,0
8116.8,0.1481,0,0.3522,0
7678.8,0.21,0,0.381,0
8394.6,0.073,0,0.3664,0
5696.2,0.103,0,0.9873,1
8437.7,0.0684,0,0.9846,1
10439.6,0.0745,0,0.021,0
8454.0,0.0765,0,0.0299,0
9355.8,0.0422,0,0.0337,0
8871.6,0.0951,0,0.0262,0
9646.0,0.0234,0,0.0329,0
10760.8,0.063,0,0.0467,0
8402.4,0.0169,0,0.0272,0
8570.1,0.0153,0,0.0324,0
7712.0,0.0345,0,0.0261,0
7479.8,0.0119,0,0.03,0
5443.5,0.1205,0,0.0312,0
4884.5,0.1516,0,0.0378,0
5997.3,0.0691,0,0.0244,0
6506.2,0.0333,0,0.0448,0
6881.0,0.8077,1,0.0486,0
10677.5,0.0348,0,0.0267,0
6829.1,0.5627,1,0.0249,0
8074.6,0.0909,0,0.0511,0
6585.9,0.5738,1,0.0531,0
7058.5,0.741,1,0.0244,0
9307.6,0.1996,0,0.0674,0
8009.4,0.5547,1,0.0781,0
9598.2,0.297,0,0.0428,0
8225.1,0.034,0,0.0297,0
3491.5,0.9043,1,0.0703,0
10171.8,0.0301,0,0.0394,0
13124.9,0.0893,0,0.0544,0
6262.4,0.1673,0,0.0257,0
5855.7,0.5309,1,0.0344,0
8308.7,0.1869,0,0.0292,0
8209.3,0.1305,0,0.0253,0
9965.0,0.0436,0,0.0197,0
9144.3,0.07,0,0.054,0
8656.2,0.0583,0,0.0223,0
9650.4,0.169,0,0.0397,0
9416.3,0.0821,0,0.0291,0
10845.1,0.0269,0,0.0216,0
12569.4,0.0489,0,0.041,0
9072.4,0.218,0,0.0353,0
16078.3,0.1137,0,0.0427,0
11244.9,0.0445,0,0.0264,0
10447.1,0.0474,0,0.0538,0
10524.6,0.1584,0,0.2352,0
9619.5,0.0445,0,0.0341,0
10105.9,0.0511,0,0.0088,0
10254.6,0.0742,0,0.201,0
8335.9,0.0584,0,0.0395,0
10032.9,0.0425,0,0.0209,0
11819.5,0.072,0,0.0435,0
10077.9,0.086,0,0.0407,0
10939.9,0.048,0,0.086,0
10414.7,0.0413,0,0.0662,0
11158.6,0.0564,0,0.0181,0
7773.9,0.0761,0,0.3722,0
7384.4,0.1139,0,0.0753,0
9096.7,0.0507,0,0.0552,0
7727.0,0.0327,0,0.0703,0
8856.7,0.065,0,0.064,0
10032.8,0.0519,0,0.0786,0
12370.1,0.0865,0,0.0689,0
10697.1,0.074,0,0.0265,0
11389.1,0.057,0,0.0347,0
10970.0,0.0441,0,0.0965,0
9224.7,0.044,0,0.0454,0
12077.0,0.0682,0,0.0455,0
8455.1,0.0764,0,0.0306,0
6157.8,0.0435,0,0.0693,0
11251.3,0.9727,1,0.6421,1
9031.0,0.856,1,0.978,1
10832.2,0.9689,1,0.9641,1
10701.7,0.8224,1,0.8724,1
8814.7,0.9421,1,0.9518,1
9270.5,0.7258,1,0.9532,1
8885.3,0.7865,1,0.8896,1
8735.5,0.8897,1,0.9671,1
10760.1,0.8891,1,0.9344,1
10657.8,0.6601,1,0.9702,1
8749.4,0.6006,1,0.9723,1
12326.1,0.9031,1,0.9658,1
7582.4,0.9659,1,0.8847,1
9023.1,0.7432,1,0.8138,1
9055.4,0.108,0,0.0313,0
5393.9,0.6342,1,0.9861,1
6499.2,0.5731,1,0.9836,1
5634.1,0.7412,1,0.9859,1
8598.4,0.6022,1,0.9857,1
6361.1,0.6838,1,0.9531,1
6420.6,0.4763,0,0.9429,1
8237.5,0.8486,1,0.8555,1
8278.6,0.5584,1,0.4084,0
6784.2,0.5869,1,0.7929,1
8364.7,0.3363,0,0.1687,0
6455.6,0.6958,1,0.4956,0
5190.9,0.7103,1,0.7655,1
8417.6,0.4164,0,0.2767,0
6698.7,0.4503,0,0.9961,1
8075.2,0.4671,0,0.1078,0
7081.7,0.7584,1,0.9977,1
6502.7,0.9507,1,0.9933,1
7822.1,0.2774,0,0.0799,0
7548.6,0.6543,1,0.9742,1
7160.0,0.6495,1,0.9974,1
6766.1,0.6185,1,0.0786,0
9307.0,0.8382,1,0.7768,1
9682.9,0.7078,1,0.9954,1
6939.1,0.7132,1,0.8696,1
5907.0,0.9692,1,0.8738,1
11353.4,0.0393,0,0.0342,0
11336.5,0.0387,0,0.0743,0
8462.1,0.095,0,0.1289,0
9727.4,0.0884,0,0.0233,0
7110.1,0.1178,0,0.2772,0
11937.1,0.0536,0,0.0444,0
9495.6,0.0391,0,0.0421,0
11243.1,0.0721,0,0.0168,0
12078.7,0.6062,1,0.0259,0
11195.9,0.0516,0,0.0708,0
9847.7,0.0492,0,0.0307,0
10390.6,0.0386,0,0.0169,0
10178.3,0.0282,0,0.0319,0
10881.6,0.0523,0,0.0574,0
10325.0,0.1675,0,0.0238,0
10850.2,0.1746,0,0.0471,0
7960.5,0.0841,0,0.7839,1
9069.5,0.4991,0,0.0981,0
7990.1,0.3835,0,0.0731,0
9254.3,0.7973,1,0.1714,0
10487.0,0.0835,0,0.0411,0
9113.1,0.0436,0,0.224,0
9522.6,0.2714,0,0.0475,0
9189.7,0.9895,1,0.89,1
6163.4,0.7052,1,0.932,1
10343.5,0.099,0,0.0391,0
10588.9,0.0566,0,0.0501,0
10781.4,0.1435,0,0.5017,1
12183.8,0.0616,0,0.2521,0
10240.3,0.0978,0,0.0634,0
9407.8,0.1158,0,0.0467,0
9801.5,0.0463,0,0.1829,0
10095.4,0.07,0,0.0708,0
8175.1,0.0333,0,0.0381,0
9313.9,0.1803,0,0.0246,0
7846.3,0.0281,0,0.0423,0
7428.1,0.1494,0,0.4753,0
8325.2,0.8464,1,0.8172,1
9182.1,0.1257,0,0.0495,0
8591.6,0.0555,0,0.0401,0
8835.3,0.9727,1,0.062,0
8284.5,0.0499,0,0.0541,0
9877.5,0.0474,0,0.0617,0
8695.2,0.4047,0,0.0442,0
8148.7,0.1291,0,0.1042,0
12015.2,0.0974,0,0.0263,0
8045.6,0.0581,0,0.0289,0
9469.7,0.0848,0,0.1021,0
9534.7,0.0747,0,0.0405,0
8589.6,0.7173,1,0.041,0
8782.3,0.1793,0,0.0169,0
9062.1,0.0726,0,0.0429,0
7600.1,0.0591,0,0.0468,0
8720.7,0.9408,1,0.0563,0
7368.0,0.0624,0,0.0646,0
7875.2,0.2057,0,0.0646,0
7567.9,0.1358,0,0.0581,0
10212.6,0.0236,0,0.0389,0
9313.7,0.1027,0,0.0567,0
11144.5,0.0799,0,0.0347,0
7302.5,0.4799,0,0.0582,0
7077.3,0.6713,1,0.088,0
9883.4,0.0405,0,0.0885,0
9114.3,0.1212,0,0.024,0
8911.9,0.0558,0,0.0444,0
10062.7,0.1197,0,0.1036,0
9972.4,0.4573,0,0.0499,0
7189.2,0.7474,1,0.0871,0
8994.3,0.0471,0,0.0536,0
10948.2,0.0324,0,0.0508,0
10146.5,0.4237,0,0.0889,0
8117.4,0.4289,0,0.2087,0
8853.3,0.9447,1,0.1001,0
9725.8,0.0625,0,0.0329,0
7803.2,0.3646,0,0.099,0
9830.0,0.0373,0,0.0412,0
9343.7,0.0388,0,0.044,0
7562.7,0.0568,0,0.0825,0
9199.6,0.121,0,0.0742,0
8894.5,0.9507,1,0.1809,0
6485.4,0.6991,1,0.033,0
10645.3,0.059,0,0.1403,0
8771.6,0.0432,0,0.0417,0
7532.3,0.0485,0,0.0283,0
11945.2,0.0468,0,0.0438,0
9759.1,0.0793,0,0.1631,0
9582.6,0.0489,0,0.1029,0
8038.0,0.1243,0,0.0727,0
6552.4,0.4709,0,0.2354,0
9273.2,0.0696,0,0.0862,0
5161.2,0.582,1,0.1428,0
7937.6,0.0531,0,0.6322,1
9434.8,0.0294,0,0.0457,0
8693.1,0.0569,0,0.0517,0
8948.5,0.0312,0,0.0349,0
9608.0,0.0322,0,0.0403,0
10163.7,0.0491,0,0.0242,0
8155.0,0.737,1,0.118,0
11035.4,0.0501,0,0.041,0
8833.0,0.0685,0,0.0427,0
10209.1,0.0709,0,0.0491,0
6958.9,0.0605,0,0.0978,0
10464.4,0.0483,0,0.0391,0
8498.8,0.3864,0,0.0797,0
7814.7,0.0774,0,0.0986,0
9911.1,0.033,0,0.0573,0
10768.7,0.0583,0,0.0428,0
9521.6,0.0393,0,0.0328,0
8916.0,0.0396,0,0.0675,0
9568.4,0.0666,0,0.1452,0
8249.2,0.732,1,0.1104,0
6960.9,0.6994,1,0.0953,0
6068.5,0.3345,0,0.0515,0
8006.2,0.5989,1,0.0815,0
9135.2,0.0986,0,0.0482,0
7399.8,0.1168,0,0.0795,0
9208.5,0.1083,0,0.0354,0
8780.1,0.069,0,0.0416,0
7628.1,0.1422,0,0.0539,0
9320.3,0.0444,0,0.0346,0
9888.0,0.0633,0,0.0424,0
11234.2,0.0271,0,0.0294,0
9026.8,0.0415,0,0.0241,0
10273.2,0.0394,0,0.0268,0
9243.7,0.7134,1,0.0547,0
7862.8,0.4322,0,0.0597,0
8796.2,0.0709,0,0.0241,0
5784.0,0.5423,1,0.0816,0
8420.5,0.0884,0,0.0602,0
8567.9,0.6483,1,0.1587,0
8510.4,0.0909,0,0.0362,0
6308.4,0.5075,1,0.1451,0
7802.4,0.6069,1,0.0196,0
9334.9,0.0522,0,0.0289,0
7050.0,0.4717,0,0.0822,0
7956.7,0.0727,0,0.0393,0
6197.8,0.5346,1,0.1946,0
9105.9,0.2418,0,0.0416,0
7721.4,0.2017,0,0.1525,0
8200.1,0.1903,0,0.0565,0
7809.3,0.6241,1,0.0711,0
8501.4,0.7443,1,0.0411,0
9528.1,0.2164,0,0.0365,0
8713.4,0.1873,0,0.0414,0
6118.4,0.2257,0,0.1137,0
5736.1,0.7282,1,0.0934,0
7356.1,0.1931,0,0.0421,0
7598.3,0.2141,0,0.0408,0
6853.5,0.165,0,0.0798,0
8078.4,0.0763,0,0.0276,0
8143.8,0.7215,1,0.0483,0
8709.3,0.4334,0,0.0588,0
6745.8,0.508,1,0.0605,0
9036.6,0.0433,0,0.0318,0
6164.2,0.5972,1,0.0969,0
7180.5,0.1951,0,0.0436,0
7714.1,0.3892,0,0.0329,0
9772.2,0.0555,0,0.0223,0
5997.9,0.9369,1,0.0973,0
7975.2,0.0382,0,0.1169,0
8917.9,0.6925,1,0.032,0
8909.5,0.0378,0,0.1104,0
8155.2,0.0527,0,0.0681,0
9572.3,0.0607,0,0.0517,0
5516.5,0.7132,1,0.0331,0
5210.0,0.5717,1,0.0654,0
8622.3,0.0884,0,0.0229,0
8931.3,0.0893,0,0.0761,0
6196.2,0.7896,1,0.0498,0
8888.3,0.0796,0,0.0259,0
5695.4,0.6877,1,0.0565,0
6533.0,0.4942,0,0.029,0
8704.9,0.0628,0,0.0193,0
8324.0,0.7947,1,0.1185,0
9026.5,0.0736,0,0.1087,0
5628.7,0.4693,0,0.076,0
6913.7,0.4547,0,0.0492,0
7155.7,0.2337,0,0.0455,0
8909.1,0.3201,0,0.0399,0
4763.9,0.5607,1,0.0829,0
7110.6,0.4831,0,0.058,0
6268.4,0.7016,1,0.0379,0
10405.7,0.2564,0,0.0393,0
6550.9,0.0787,0,0.0283,0
8348.6,0.0557,0,0.0243,0
5965.9,0.1874,0,0.4709,0
5910.7,0.0746,0,0.0358,0
4971.7,0.621,1,0.7456,1
10071.7,0.1105,0,0.0332,0
6991.0,0.2446,0,0.1486,0
8325.7,0.07,0,0.0314,0
6841.0,0.0607,0,0.0271,0
10819.5,0.0423,0,0.024,0
7373.4,0.0416,0,0.0133,0
8163.1,0.0413,0,0.0152,0
9839.0,0.0669,0,0.0243,0
8916.6,0.1233,0,0.037,0
11681.2,0.0515,0,0.0099,0
9670.7,0.0411,0,0.0153,0
6438.2,0.0451,0,0.0118,0
8208.4,0.0645,0,0.9925,1
11348.6,0.0513,0,0.0207,0
10660.3,0.0548,0,0.0226,0
7879.6,0.0434,0,0.0242,0
10503.9,0.0289,0,0.0307,0
10861.5,0.0478,0,0.0328,0
6919.5,0.1237,0,0.0415,0
8087.5,0.0486,0,0.0998,0
11001.7,0.0623,0,0.026,0
11648.3,0.0383,0,0.0415,0
8214.3,0.0877,0,0.0582,0
11799.0,0.0458,0,0.045,0
8115.6,0.119,0,0.2048,0
7406.2,0.0514,0,0.3984,0
10390.9,0.0744,0,0.0456,0
9361.8,0.0996,0,0.0671,0
7382.6,0.1562,0,0.0166,0
5841.9,0.0748,0,0.0226,0
8747.0,0.091,0,0.0365,0
9331.9,0.0656,0,0.0264,0
12101.4,0.1236,0,0.0532,0
8588.3,0.7225,1,0.036,0
10892.4,0.0682,0,0.0321,0
8109.4,0.0483,0,0.0254,0
5984.4,0.2075,0,0.0434,0
11666.3,0.04,0,0.0355,0
12802.1,0.0464,0,0.0328,0
11915.2,0.0506,0,0.0617,0
15833.6,0.1883,0,0.7847,1
9161.2,0.0291,0,0.0338,0
6164.5,0.0272,0,0.0265,0
7907.6,0.0589,0,0.0196,0
5771.5,0.1404,0,0.0373,0
5215.0,0.047,0,0.0348,0
5440.7,0.2022,0,0.056,0
11455.4,0.0623,0,0.0306,0
12731.3,0.0323,0,0.0533,0
11929.3,0.0512,0,0.0335,0
11554.4,0.0356,0,0.0328,0
11501.2,0.0928,0,0.085,0
5434.3,0.0357,0,0.022,0
7779.0,0.0291,0,0.0297,0
10602.8,0.1567,0,0.028,0
8608.4,0.1094,0,0.0203,0
11568.5,0.0668,0,0.0314,0
9447.0,0.0676,0,0.0256,0
9323.7,0.071,0,0.0367,0
10883.6,0.0554,0,0.0366,0
9749.4,0.0436,0,0.0256,0
11704.8,0.037,0,0.041,0
10311.7,0.0393,0,0.0549,0
10868.0,0.083,0,0.0226,0
7423.3,0.195,0,0.1021,0
5836.4,0.9842,1,0.0361,0
12278.0,0.5939,1,0.9295,1
7866.3,0.0529,0,0.0196,0
8409.0,0.0677,0,0.0247,0
11147.3,0.0242,0,0.0101,0
11098.2,0.0439,0,0.0388,0
10799.6,0.0635,0,0.0164,0
11007.4,0.9234,1,0.9591,1
11964.6,0.0577,0,0.0443,0
12610.8,0.0314,0,0.0197,0
8680.3,0.0577,0,0.0562,0
11057.8,0.0569,0,0.0318,0
11213.4,0.0874,0,0.0318,0
11313.0,0.051,0,0.0254,0
13364.3,0.0481,0,0.027,0
11001.6,0.0654,0,0.0202,0
12737.5,0.4395,0,0.057,0
10641.1,0.0297,0,0.0292,0
11912.8,0.0391,0,0.0264,0
10015.6,0.0411,0,0.0152,0
11438.5,0.0307,0,0.029,0
12636.7,0.0299,0,0.0547,0
9076.7,0.0601,0,0.022,0
10008.0,0.0348,0,0.0265,0
11921.1,0.0365,0,0.0202,0
10067.8,0.0434,0,0.021,0
11978.6,0.0345,0,0.0263,0
11469.7,0.0767,0,0.0646,0
9186.2,0.0512,0,0.0431,0
11246.0,0.0202,0,0.0558,0
13180.9,0.0284,0,0.0386,0
11857.7,0.0496,0,0.0343,0
10506.4,0.0427,0,0.0473,0
10880.0,0.0228,0,0.0344,0
11674.1,0.0496,0,0.0489,0
12287.1,0.0851,0,0.0252,0
11485.1,0.0769,0,0.0167,0
11299.6,0.0887,0,0.0246,0
6447.6,0.0392,0,0.022,0
10671.0,0.0607,0,0.0176,0
9394.1,0.1048,0,0.0283,0
11607.5,0.0995,0,0.0292,0
10676.1,0.0702,0,0.0441,0
11214.6,0.0823,0,0.0233,0
8807.0,0.0749,0,0.0233,0
12749.5,0.03,0,0.029,0
11073.9,0.0576,0,0.0302,0
11016.3,0.0865,0,0.0271,0
8696.7,0.1049,0,0.0544,0
11193.7,0.0879,0,0.0122,0
11641.9,0.0634,0,0.0408,0
12038.3,0.0397,0,0.0386,0
10592.7,0.0535,0,0.0273,0
10674.3,0.0852,0,0.0294,0
11264.9,0.0305,0,0.0343,0
10526.5,0.0253,0,0.0168,0
13507.5,0.1026,0,0.0572,0
11015.8,0.0484,0,0.0231,0
8614.8,0.0521,0,0.0235,0
11193.4,0.1045,0,0.045,0
9814.9,0.077,0,0.0408,0
9073.5,0.0906,0,0.0535,0
11593.9,0.0581,0,0.044,0
10654.7,0.0447,0,0.0288,0
8792.4,0.8398,1,0.1505,0
8688.5,0.3006,0,0.0571,0
10444.0,0.0704,0,0.0406,0
9400.3,0.1069,0,0.0583,0
8697.9,0.0524,0,0.048,0
10351.3,0.0837,0,0.0522,0
12269.2,0.0563,0,0.0404,0
9431.0,0.0559,0,0.035,0
10485.9,0.0572,0,0.0461,0
9620.3,0.1265,0,0.0652,0
8182.4,0.8344,1,0.0561,0
5450.9,0.9381,1,0.7474,1
5708.6,0.8434,1,0.4004,0
6894.4,0.7231,1,0.5742,1
5982.9,0.9239,1,0.7419,1
7060.1,0.7646,1,0.97,1
9982.0,0.0795,0,0.0423,0
8279.0,0.1177,0,0.0401,0
7168.0,0.1538,0,0.0649,0
8280.2,0.6867,1,0.9378,1
7827.6,0.9158,1,0.4756,0
8883.1,0.0973,0,0.0525,0
4646.8,0.9387,1,0.8983,1
9463.0,0.8653,1,0.1888,0
12175.2,0.0296,0,0.0397,0
10797.3,0.0456,0,0.0596,0
13310.5,0.0412,0,0.0291,0
9401.6,0.1012,0,0.0456,0
10035.0,0.0433,0,0.0413,0
8505.8,0.044,0,0.0435,0
6794.8,0.3643,0,0.0673,0
7308.0,0.0962,0,0.0356,0
8705.9,0.1139,0,0.0295,0
5941.7,0.0527,0,0.0547,0
13606.2,0.0332,0,0.039,0
12540.8,0.0421,0,0.0343,0
9591.2,0.9849,1,0.8086,1
9846.6,0.8247,1,0.1721,0
11173.3,0.0299,0,0.0495,0
10986.3,0.2223,0,0.1248,0
8530.4,0.061,0,0.0298,0
11272.8,0.1186,0,0.0337,0
6991.5,0.0687,0,0.0172,0
8917.1,0.0538,0,0.0203,0
5724.0,0.1134,0,0.0313,0
6343.1,0.1015,0,0.0189,0
10001.0,0.2197,0,0.0588,0
8193.4,0.0599,0,0.0188,0
9969.6,0.0918,0,0.0313,0
5954.8,0.0664,0,0.0257,0
7975.8,0.0968,0,0.0224,0
9246.6,0.0934,0,0.0379,0
10235.5,0.0616,0,0.0334,0
6020.5,0.046,0,0.0338,0
10082.7,0.0693,0,0.0418,0
7919.8,0.09,0,0.0315,0
10743.3,0.1228,0,0.0278,0
10507.7,0.0469,0,0.0329,0
10750.7,0.0448,0,0.0286,0
7800.7,0.0657,0,0.0242,0
10004.5,0.0743,0,0.0368,0
9759.4,0.3266,0,0.0563,0
8676.1,0.0638,0,0.0221,0
6924.0,0.1884,0,0.0842,0
7161.3,0.1274,0,0.0274,0
11962.0,0.3802,0,0.1928,0
11170.0,0.8641,1,0.9148,1
10074.9,0.3074,0,0.0424,0
8402.3,0.8275,1,0.9701,1
9558.4,0.0581,0,0.0194,0
10284.9,0.8026,1,0.9171,1
10341.4,0.0484,0,0.0337,0
11540.1,0.0441,0,0.0371,0
10056.1,0.0536,0,0.0323,0
10332.2,0.0696,0,0.0306,0
8286.3,0.4017,0,0.1213,0
10409.5,0.8838,1,0.3816,0
11853.6,0.0929,0,0.0289,0
10825.2,0.0609,0,0.0491,0
10901.9,0.0884,0,0.0237,0
10073.4,0.025,0,0.0287,0
14605.8,0.1502,0,0.0177,0
11257.4,0.0337,0,0.0111,0
10751.1,0.0665,0,0.0239,0
9163.4,0.0315,0,0.0437,0
6335.3,0.1142,0,0.0839,0
6882.4,0.0846,0,0.0604,0
4250.2,0.526,1,0.0383,0
4474.7,0.1635,0,0.0681,0
7943.2,0.0757,0,0.0377,0
9225.5,0.2052,0,0.0214,0
3996.1,0.7025,1,0.1139,0
5338.2,0.904,1,0.7173,1
5025.5,0.575,1,0.6506,1
5081.8,0.2612,0,0.0549,0
9062.9,0.0509,0,0.0278,0
7283.5,0.0567,0,0.0594,0
8735.0,0.0266,0,0.1866,0
8745.1,0.077,0,0.0361,0
9633.6,0.2455,0,0.0469,0
6943.3,0.6405,1,0.0219,0
7401.7,0.0512,0,0.0433,0
10102.8,0.1248,0,0.0221,0
9696.0,0.0517,0,0.0317,0
9205.1,0.036,0,0.0267,0
3359.8,0.1201,0,0.0721,0
9726.1,0.5444,1,0.0227,0
6825.2,0.0909,0,0.0417,0
11469.4,0.0337,0,0.025,0
9596.3,0.0233,0,0.039,0
5653.8,0.0487,0,0.021,0
11652.8,0.0462,0,0.0244,0
12726.6,0.0386,0,0.0289,0
11245.2,0.0442,0,0.0408,0
11163.9,0.0835,0,0.0369,0
13377.9,0.0716,0,0.0373,0
10507.2,0.0498,0,0.0359,0
12909.8,0.099,0,0.0353,0
12607.0,0.0425,0,0.0448,0
12502.9,0.0843,0,0.03,0
9788.8,0.0647,0,0.5814,1
10208.3,0.0603,0,0.9293,1
8509.1,0.0818,0,0.2733,0
9149.0,0.0539,0,0.0391,0
9151.1,0.0257,0,0.0252,0
8831.3,0.0718,0,0.0259,0
8441.8,0.0425,0,0.0326,0
6938.4,0.0477,0,0.0249,0
9802.1,0.0511,0,0.024,0
10674.4,0.0808,0,0.0372,0
7383.0,0.0481,0,0.0303,0
10210.0,0.0741,0,0.9549,1
7728.4,0.0319,0,0.1872,0
9813.9,0.1417,0,0.7552,1
8651.6,0.0773,0,0.9653,1
10240.3,0.03,0,0.0214,0
8749.4,0.0573,0,0.0427,0
10738.3,0.0563,0,0.03,0
7980.2,0.0508,0,0.0301,0
10292.6,0.0352,0,0.0245,0
8321.2,0.0319,0,0.0349,0
6274.9,0.0979,0,0.8889,1
9749.6,0.0519,0,0.3324,0
6427.5,0.2633,0,0.8136,1
5219.5,0.2305,0,0.832,1
7898.7,0.1293,0,0.9588,1
7316.6,0.5605,1,0.0363,0
6309.2,0.7451,1,0.056,0
3873.9,0.5863,1,0.027,0
4835.9,0.7834,1,0.0668,0
5679.9,0.7321,1,0.1024,0
5109.8,0.0703,0,0.0404,0
4879.4,0.1245,0,0.0626,0
5032.5,0.5695,1,0.1167,0
5937.7,0.4006,0,0.0359,0
3350.3,0.6195,1,0.0459,0
7945.6,0.0401,0,0.0283,0
7772.6,0.6113,1,0.0355,0
9799.5,0.4809,0,0.0164,0
8169.6,0.4636,0,0.0426,0
6520.8,0.4956,0,0.0242,0
8827.7,0.5464,1,0.0178,0
7783.8,0.5386,1,0.0821,0
8353.4,0.5462,1,0.0337,0
7364.3,0.5729,1,0.1029,0
7076.5,0.6972,1,0.0444,0
4841.1,0.6138,1,0.0463,0
9310.5,0.6924,1,0.0358,0
10613.5,0.757,1,0.0191,0
10316.3,0.6409,1,0.0425,0
9508.2,0.5336,1,0.034,0
15282.3,0.0757,0,0.0587,0
9837.5,0.0548,0,0.0329,0
10600.9,0.0308,0,0.0479,0
7245.4,0.5261,1,0.0709,0
14980.0,0.1121,0,0.35,0
8301.8,0.2048,0,0.0195,0
14207.3,0.0675,0,0.0298,0
6754.3,0.0668,0,0.0329,0
8055.7,0.0551,0,0.0155,0
9036.8,0.1,0,0.0528,0
9414.2,0.0723,0,0.0452,0
11694.6,0.1182,0,0.0427,0
10831.3,0.0531,0,0.0449,0
11058.4,0.0987,0,0.0286,0
11921.1,0.2642,0,0.0397,0
11912.7,0.1608,0,0.0254,0
14960.3,0.0658,0,0.0319,0
14822.1,0.1052,0,0.0336,0
10055.8,0.031,0,0.0383,0
12449.6,0.0832,0,0.0362,0
15427.8,0.1663,0,0.0195,0
6208.2,0.2176,0,0.0835,0
8201.3,0.2088,0,0.0572,0
12262.6,0.0367,0,0.0191,0
11710.7,0.0576,0,0.0273,0
8933.7,0.0321,0,0.028,0
9926.8,0.0765,0,0.0151,0
9305.7,0.0392,0,0.0304,0
7091.1,0.0904,0,0.0248,0
12689.8,0.0869,0,0.0536,0
13606.0,0.0465,0,0.0384,0
9236.4,0.0785,0,0.039,0
11541.5,0.0408,0,0.0348,0
9713.6,0.1148,0,0.0361,0
8921.9,0.0371,0,0.0226,0
9220.6,0.0459,0,0.0198,0
10733.3,0.0681,0,0.0524,0
6505.2,0.0544,0,0.0375,0
8552.8,0.0259,0,0.03,0
11894.9,0.0487,0,0.033,0
10997.9,0.066,0,0.0314,0
8718.6,0.0806,0,0.0264,0
15094.2,0.0452,0,0.0295,0
13437.7,0.088,0,0.0379,0
13936.1,0.0333,0,0.0413,0
14756.1,0.052,0,0.032,0
14010.1,0.0518,0,0.0335,0
8611.8,0.0092,0,0.0853,0
12843.3,0.0518,0,0.0351,0
13898.9,0.0641,0,0.0302,0
13107.9,0.0331,0,0.0426,0
13468.7,0.0405,0,0.0376,0
9311.6,0.0435,0,0.0231,0
8156.8,0.0114,0,0.1229,0
6185.2,0.0303,0,0.0331,0
3727.3,0.4518,0,0.1694,0
6214.2,0.0784,0,0.0409,0
5557.7,0.182,0,0.0383,0
7743.5,0.0195,0,0.0935,0
4721.5,0.0209,0,0.0645,0
7495.1,0.0487,0,0.0426,0
3802.8,0.0728,0,0.2808,0
6552.9,0.1668,0,0.0804,0
6802.9,0.1046,0,0.0464,0
8127.5,0.0496,0,0.0412,0
8820.3,0.0681,0,0.0434,0
8219.9,0.0711,0,0.0439,0
10901.6,0.0354,0,0.0279,0
6977.8,0.0681,0,0.0297,0
8624.5,0.1242,0,0.0373,0
8837.0,0.1067,0,0.0698,0
7078.6,0.16,0,0.0623,0
11998.9,0.0351,0,0.0187,0
10783.3,0.0291,0,0.0302,0
8646.2,0.0437,0,0.0339,0
11005.0,0.0504,0,0.027,0
10772.3,0.0231,0,0.021,0
8256.5,0.0778,0,0.0231,0
11567.2,0.0436,0,0.0322,0
12923.7,0.0209,0,0.0228,0
9114.5,0.0618,0,0.0315,0
7435.5,0.0431,0,0.0343,0
8554.7,0.1478,0,0.0528,0
5969.3,0.0702,0,0.0392,0
4724.4,0.6238,1,0.0312,0
7202.0,0.3858,0,0.0324,0
4690.6,0.1352,0,0.0558,0
3235.0,0.0847,0,0.0645,0
7787.1,0.0824,0,0.089,0
7738.4,0.0753,0,0.042,0
3683.5,0.0377,0,0.038,0
6540.4,0.3199,0,0.052,0
11192.4,0.0196,0,0.0253,0
12172.8,0.0437,0,0.0513,0
15106.6,0.1593,0,0.1074,0
13820.1,0.1118,0,0.0382,0
8323.2,0.0365,0,0.024,0
11332.7,0.039,0,0.0305,0
10442.5,0.6862,1,0.8793,1
10468.4,0.0432,0,0.0288,0
11818.5,0.0308,0,0.0212,0
7697.4,0.7642,1,0.9223,1
9979.3,0.0247,0,0.0232,0
13819.0,0.1271,0,0.0643,0
13617.0,0.0582,0,0.0151,0
9273.0,0.4667,0,0.5367,1
12194.9,0.1386,0,0.0394,0
12063.5,0.0416,0,0.048,0
11292.8,0.0738,0,0.0336,0
13483.4,0.1282,0,0.1635,0
15740.2,0.0452,0,0.0234,0
7616.6,0.1051,0,0.0695,0
10636.5,0.1484,0,0.0441,0
11592.7,0.0936,0,0.0726,0
4209.6,0.6189,1,0.0741,0
4321.2,0.0841,0,0.035,0
11616.5,0.136,0,0.2362,0
11314.6,0.0706,0,0.0265,0
7905.2,0.0297,0,0.0224,0
10554.5,0.055,0,0.0351,0
5232.4,0.5418,1,0.0398,0
6540.0,0.0497,0,0.0999,0
4677.8,0.5706,1,0.0236,0
5835.7,0.7567,1,0.016,0
4472.6,0.6123,1,0.0261,0
4922.6,0.4682,0,0.9247,1
6925.4,0.0146,0,0.0529,0
4083.6,0.8988,1,0.9166,1
7799.8,0.0362,0,0.0972,0
6649.4,0.0282,0,0.9358,1
4767.6,0.3923,0,0.8446,1
6653.9,0.9331,1,0.0248,0
4212.1,0.8262,1,0.0195,0
7908.2,0.0367,0,0.0234,0
7414.4,0.044,0,0.0361,0
10363.8,0.0691,0,0.0221,0
7696.6,0.6618,1,0.1399,0
9792.0,0.0915,0,0.0314,0
4074.4,0.6499,1,0.0265,0
3534.9,0.6959,1,0.3246,0
6251.3,0.7844,1,0.0395,0
5310.0,0.5434,1,0.6955,1
2952.5,0.5666,1,0.5172,1
7940.2,0.1333,0,0.0338,0
4303.6,0.5973,1,0.2768,0
3537.2,0.7092,1,0.3034,0
7004.5,0.6954,1,0.5695,1
4538.5,0.2744,0,0.0683,0
2720.6,0.4154,0,0.3591,0
18797.8,0.3817,0,0.2115,0
21770.5,0.0577,0,0.8568,1
6291.6,0.1249,0,0.0377,0
5782.4,0.0779,0,0.1406,0
7317.4,0.9457,1,0.9508,1
9272.5,0.5524,1,0.0381,0
18934.6,0.639,1,0.6077,1
1349.6,0.4944,0,0.3831,0
1627.0,0.4832,0,0.0653,0
2576.3,0.2001,0,0.1513,0
21938.6,0.1252,0,0.0648,0
21397.2,0.0287,0,0.1352,0
4534.3,0.0874,0,0.0355,0
19910.8,0.2618,0,0.2754,0
3489.3,0.1298,0,0.1296,0
21451.6,0.1101,0,0.2547,0
5408.7,0.1085,0,0.0579,0
4558.1,0.9528,1,0.0535,0
3740.7,0.3505,0,0.5323,1
21197.2,0.3027,0,0.4076,0
11470.9,0.2196,0,0.0466,0
10727.3,0.1114,0,0.0376,0
21290.7,0.1527,0,0.3631,0
20730.0,0.1237,0,0.2737,0
21797.5,0.1134,0,0.7039,1
8943.0,0.1261,0,0.0316,0
21904.2,0.2135,0,0.2374,0
21548.8,0.1082,0,0.0784,0
4178.8,0.0844,0,0.1158,0
1966.8,0.7741,1,0.1751,0
21096.2,0.3095,0,0.6252,1
6117.4,0.1362,0,0.0904,0
6993.5,0.0558,0,0.0261,0
4897.5,0.0667,0,0.0487,0
3984.1,0.1203,0,0.059,0
5609.8,0.1209,0,0.0282,0
4023.0,0.5755,1,0.223,0
4319.5,0.4979,0,0.4606,0
4565.3,0.0846,0,0.0568,0
5620.2,0.0557,0,0.0378,0
3270.3,0.0743,0,0.1211,0
8123.1,0.0587,0,0.0544,0
5295.7,0.0947,0,0.0388,0
4277.9,0.6577,1,0.8018,1
3522.6,0.6128,1,0.0883,0
7580.5,0.5451,1,0.0398,0
5123.8,0.065,0,0.0508,0
4599.7,0.6113,1,0.3558,0
5036.7,0.0901,0,0.0441,0
5175.1,0.0391,0,0.0399,0
7142.0,0.0457,0,0.0436,0
3891.8,0.1191,0,0.0506,0
2041.9,0.602,1,0.5055,1
1580.5,0.5818,1,0.484,0
1833.5,0.5335,1,0.4773,0
4075.6,0.0628,0,0.0494,0
2249.0,0.4706,0,0.4937,0
1897.0,0.5652,1,0.5426,1
2267.0,0.5201,1,0.4107,0
1107.4,0.5428,1,0.4304,0
2936.5,0.1112,0,0.2419,0
2482.2,0.6183,1,0.4739,0
1401.6,0.6116,1,0.4533,0
1739.9,0.5464,1,0.5771,1
1592.0,0.6404,1,0.8803,1
2302.2,0.6162,1,0.4052,0
1583.4,0.2103,0,0.2984,0
6750.7,0.0335,0,0.039,0
3546.5,0.7277,1,0.1903,0
4856.8,0.2782,0,0.06,0
4301.6,0.6296,1,0.4634,0
11352.1,0.0269,0,0.0405,0
4496.6,0.0707,0,0.0445,0
2453.9,0.582,1,0.6067,1
5504.6,0.1012,0,0.0594,0
3656.7,0.5317,1,0.4941,0
3041.8,0.5647,1,0.4574,0
5652.9,0.794,1,0.1951,0
2369.4,0.5359,1,0.5464,1
3937.1,0.5537,1,0.3224,0
14496.8,0.0795,0,0.0833,0
6861.7,0.7132,1,0.853,1
10776.7,0.1304,0,0.081,0
7017.2,0.0825,0,0.0335,0
9107.9,0.0574,0,0.034,0
7364.8,0.0683,0,0.044,0
14480.6,0.7539,1,0.9557,1
8304.4,0.617,1,0.3296,0
12272.0,0.1024,0,0.0299,0
7922.3,0.9798,1,0.3974,0
9087.9,0.0546,0,0.025,0
5363.4,0.694,1,0.9613,1
8535.8,0.0397,0,0.025,0
6046.6,0.8499,1,0.0331,0
3168.2,0.1822,0,0.0207,0
8979.2,0.0278,0,0.0131,0
5720.1,0.2838,0,0.5919,1
9618.4,0.7381,1,0.9135,1
7187.9,0.0909,0,0.0913,0
6457.1,0.7023,1,0.0224,0
7330.3,0.4832,0,0.0085,0
6477.0,0.061,0,0.0138,0
5854.3,0.3431,0,0.026,0
4048.3,0.6161,1,0.2121,0
8568.8,0.1552,0,0.0775,0
7011.7,0.3938,0,0.0455,0
6332.2,0.0163,0,0.0371,0
5012.3,0.0998,0,0.0108,0
11144.2,0.0344,0,0.0444,0
7087.1,0.2525,0,0.0189,0
8005.0,0.822,1,0.0183,0
6612.5,0.2364,0,0.0488,0
6067.6,0.863,1,0.0168,0
6142.0,0.0789,0,0.0365,0
7701.6,0.0111,0,0.0215,0
4460.3,0.0716,0,0.0183,0
9281.6,0.0223,0,0.0177,0
8234.0,0.069,0,0.0206,0
3772.2,0.7815,1,0.0196,0
8042.9,0.4479,0,0.0207,0
7628.3,0.1044,0,0.0498,0
5495.0,0.0729,0,0.0304,0
12410.4,0.0272,0,0.0293,0
4159.9,0.1692,0,0.036,0
7407.2,0.0627,0,0.053,0
10440.6,0.0437,0,0.0253,0
7344.6,0.0485,0,0.0324,0
5204.1,0.6398,1,0.0577,0
6000.0,0.1922,0,0.1029,0
4469.3,0.1193,0,0.0737,0
6839.8,0.1886,0,0.0203,0
7599.5,0.4249,0,0.0277,0
7702.2,0.1991,0,0.0199,0
7178.2,0.0599,0,0.0345,0
7850.5,0.0505,0,0.0266,0
6091.7,0.2632,0,0.073,0
9132.3,0.4486,0,0.0415,0
4963.7,0.0511,0,0.0237,0
2626.3,0.5583,1,0.2656,0
12361.8,0.1146,0,0.0467,0
2367.9,0.5378,1,0.6333,1
13961.6,0.0951,0,0.0437,0
8473.6,0.3917,0,0.0416,0
6881.6,0.0516,0,0.0131,0
3189.9,0.5567,1,0.1823,0
6425.7,0.1556,0,0.0295,0
3258.4,0.2674,0,0.2058,0
1645.2,0.1422,0,0.3261,0
7034.7,0.0692,0,0.0232,0
0.0,0.565,1,0.61,1
5824.0,0.0912,0,0.0372,0
11240.1,0.0791,0,0.0193,0
5498.5,0.2022,0,0.1839,0
4857.7,0.0741,0,0.0647,0
17941.8,0.0324,0,0.0249,0
13817.9,0.0562,0,0.0282,0
4293.2,0.5877,1,0.045,0
4859.4,0.0204,0,0.1203,0
4458.4,0.055,0,0.4034,0
3872.3,0.2261,0,0.2921,0
3112.7,0.3509,0,0.0236,0
7003.9,0.269,0,0.0277,0
3925.5,0.4737,0,0.0394,0
8383.7,0.0754,0,0.0236,0
12969.0,0.0522,0,0.0834,0
5221.5,0.1771,0,0.1313,0
7834.0,0.6685,1,0.1297,0
3673.1,0.6589,1,0.5759,1
2513.6,0.5586,1,0.373,0
5466.6,0.3133,0,0.065,0
3629.9,0.1268,0,0.0599,0
5869.3,0.2517,0,0.2203,0
5077.9,0.7364,1,0.6747,1
4688.6,0.0447,0,0.0845,0
5624.8,0.4936,0,0.0418,0
5086.5,0.2517,0,0.0389,0
5769.6,0.424,0,0.0354,0
5192.2,0.6015,1,0.2571,0
4472.0,0.2391,0,0.1143,0
2899.3,0.1001,0,0.0739,0
4556.3,0.1938,0,0.0558,0
3778.0,0.8373,1,0.0432,0
2874.2,0.7534,1,0.3352,0
4429.8,0.6405,1,0.7776,1
10746.7,0.0625,0,0.0262,0
9229.3,0.0427,0,0.032,0
11903.6,0.1109,0,0.054,0
6537.9,0.0928,0,0.0635,0
7538.6,0.0412,0,0.0356,0
12625.0,0.0705,0,0.0727,0
15401.9,0.0512,0,0.0603,0
6819.4,0.1636,0,0.0328,0
4891.1,0.7209,1,0.0278,0
7825.5,0.0835,0,0.039,0
7601.1,0.1135,0,0.0432,0
10129.1,0.0578,0,0.0687,0
16208.7,0.029,0,0.1088,0
11338.8,0.0499,0,0.0384,0
12826.8,0.0797,0,0.061,0
4525.9,0.3515,0,0.0556,0
9394.8,0.1118,0,0.0441,0
8804.3,0.1267,0,0.0272,0
7128.7,0.0698,0,0.0428,0
8500.5,0.0269,0,0.0239,0
6232.5,0.3451,0,0.0261,0
4647.0,0.7135,1,0.0883,0
3902.8,0.5339,1,0.4763,0
6592.7,0.2225,0,0.0525,0
2577.2,0.5402,1,0.2947,0
4279.6,0.5065,1,0.3217,0
5648.7,0.9623,1,0.0961,0
7372.6,0.1497,0,0.0639,0
13160.8,0.0288,0,0.0722,0
4435.0,0.1833,0,0.0503,0
7688.7,0.3784,0,0.0447,0
6339.5,0.0844,0,0.036,0
7205.1,0.1904,0,0.0219,0
5368.9,0.4794,0,0.3198,0
4811.9,0.5766,1,0.5979,1
2777.1,0.4946,0,0.2157,0
8052.2,0.1079,0,0.1164,0
6813.6,0.1865,0,0.0207,0
3257.3,0.1765,0,0.1077,0
3775.2,0.6207,1,0.2783,0
6914.9,0.0744,0,0.0342,0
6593.2,0.2475,0,0.0583,0
7118.9,0.074,0,0.0235,0
4558.4,0.0487,0,0.038,0
5628.5,0.0958,0,0.0257,0
9899.9,0.0716,0,0.0211,0
2402.0,0.53,1,0.5626,1
3458.6,0.5223,1,0.4243,0
6226.6,0.0686,0,0.0374,0
7285.7,0.0422,0,0.0268,0
2370.2,0.5464,1,0.4396,0
6705.1,0.1191,0,0.0264,0
5703.3,0.0612,0,0.0279,0
6933.7,0.0427,0,0.0411,0
4606.4,0.0619,0,0.0405,0
6834.5,0.0886,0,0.0349,0
2129.0,0.5317,1,0.5202,1
12329.4,0.1045,0,0.0208,0
6167.5,0.1027,0,0.0644,0
4146.9,0.8926,1,0.3294,0
4658.1,0.2017,0,0.0435,0
4133.1,0.8795,1,0.0886,0
1936.3,0.5627,1,0.7119,1
6145.6,0.1386,0,0.0473,0
6121.0,0.0895,0,0.0414,0
7826.9,0.0404,0,0.0226,0
6753.3,0.0646,0,0.0316,0
15540.1,0.0537,0,0.0334,0
13794.7,0.0539,0,0.0282,0
10559.1,0.0812,0,0.0554,0
10891.0,0.0432,0,0.0182,0
7577.1,0.081,0,0.0257,0
13614.1,0.0372,0,0.0208,0
2248.2,0.2725,0,0.034,0
16496.3,0.1236,0,0.0364,0
10612.1,0.0768,0,0.0514,0
1354.5,0.2986,0,0.2878,0
12709.2,0.1275,0,0.0415,0
7843.9,0.0493,0,0.0538,0
15503.5,0.8004,1,0.0636,0
7691.7,0.1839,0,0.0265,0
3331.6,0.5522,1,0.0199,0
11552.1,0.0489,0,0.0258,0
10146.7,0.0461,0,0.0219,0
10533.6,0.0876,0,0.0263,0
14794.3,0.0476,0,0.1035,0
7646.6,0.4901,0,0.9049,1
7779.7,0.0456,0,0.019,0
3600.6,0.8545,1,0.5313,1
4605.0,0.9642,1,0.569,1
3381.9,0.8136,1,0.5168,1
13362.6,0.1908,0,0.0254,0
4691.5,0.1585,0,0.1574,0
3039.3,0.2128,0,0.1416,0
2215.3,0.5025,1,0.4205,0
1337.8,0.5482,1,0.4936,0
3844.3,0.0428,0,0.0531,0
2876.5,0.5275,1,0.4388,0
3434.0,0.6287,1,0.2149,0
9328.5,0.0232,0,0.0401,0
8358.1,0.037,0,0.0135,0
10091.2,0.0471,0,0.0405,0
5462.1,0.0781,0,0.0138,0
7647.3,0.843,1,0.0334,0
8350.1,0.0613,0,0.0278,0
7724.7,0.0633,0,0.0292,0
3757.6,0.6174,1,0.4247,0
5623.8,0.0294,0,0.028,0
8001.3,0.0805,0,0.024,0
7716.5,0.0586,0,0.0291,0
7707.3,0.0892,0,0.0703,0
7483.9,0.0371,0,0.022,0
4844.0,0.0547,0,0.0531,0
5569.6,0.6758,1,0.3499,0
6414.3,0.0595,0,0.016,0
10949.8,0.027,0,0.054,0
7445.3,0.0704,0,0.0218,0
6362.4,0.0274,0,0.0347,0
6283.9,0.0679,0,0.0766,0
12469.3,0.0089,0,0.0319,0
6062.4,0.4869,0,0.6528,1
6068.7,0.6792,1,0.0769,0
7004.3,0.6343,1,0.175,0
6754.8,0.0573,0,0.0304,0
6747.2,0.0555,0,0.0535,0
13915.8,0.1631,0,0.0323,0
9972.3,0.0752,0,0.029,0
5198.0,0.0068,0,0.0132,0
7493.9,0.0783,0,0.0146,0
4791.7,0.0885,0,0.0345,0
10271.3,0.0435,0,0.086,0
7196.6,0.098,0,0.0207,0
7297.8,0.0381,0,0.0143,0
5125.6,0.0522,0,0.0249,0
7601.3,0.067,0,0.0196,0
4488.6,0.01,0,0.0703,0
8016.2,0.0263,0,0.0341,0
5997.4,0.522,1,0.0125,0
10694.5,0.0395,0,0.0299,0
7994.2,0.0418,0,0.0146,0
9184.3,0.0704,0,0.0191,0
9356.3,0.0711,0,0.0247,0
8112.3,0.0694,0,0.0228,0
14349.5,0.2294,0,0.0209,0
9464.3,0.0845,0,0.0233,0
2950.0,0.7586,1,0.6703,1
7979.9,0.2923,0,0.0314,0
9709.1,0.1001,0,0.0212,0
5113.0,0.1506,0,0.0548,0
4394.2,0.6885,1,0.1997,0
5269.0,0.4906,0,0.1028,0
4617.8,0.6101,1,0.1243,0
6564.7,0.1621,0,0.0385,0
4854.6,0.564,1,0.2952,0
5126.2,0.0819,0,0.0486,0
9029.9,0.0838,0,0.0238,0
4355.1,0.6818,1,0.3877,0
5641.4,0.1715,0,0.0829,0
3493.6,0.3368,0,0.0696,0
4175.0,0.741,1,0.1343,0
7708.1,0.0697,0,0.0222,0
3999.6,0.5346,1,0.3535,0
8634.4,0.0928,0,0.0243,0
5015.2,0.6315,1,0.3097,0
11450.2,0.0718,0,0.0211,0
4661.3,0.052,0,0.0257,0
7302.0,0.0611,0,0.034,0
3918.9,0.2391,0,0.0275,0
3621.8,0.6472,1,0.5337,1
7083.0,0.0519,0,0.0387,0
3772.0,0.5985,1,0.4697,0
3836.4,0.7065,1,0.0924,0
3554.5,0.1879,0,0.1085,0
4309.3,0.1219,0,0.0304,0
3293.0,0.0256,0,0.0268,0
5364.5,0.7498,1,0.0695,0
3662.5,0.7138,1,0.5833,1
6133.2,0.8907,1,0.6314,1
5811.8,0.8087,1,0.3016,0
4553.2,0.5182,1,0.2254,0
3706.7,0.0587,0,0.0378,0
4036.2,0.6483,1,0.3717,0
2767.7,0.1173,0,0.1418,0
10895.0,0.0939,0,0.0177,0
4593.0,0.3538,0,0.0617,0
4817.1,0.6488,1,0.5752,1
4259.3,0.2475,0,0.0273,0
3764.5,0.6332,1,0.5035,1
2541.2,0.5387,1,0.0601,0
4017.8,0.6233,1,0.293,0
3693.5,0.6706,1,0.3506,0
15232.4,0.0313,0,0.1061,0
6344.7,0.0769,0,0.0477,0
6282.5,0.0873,0,0.1526,0
12838.2,0.0542,0,0.0352,0
5377.4,0.0303,0,0.0261,0
2468.1,0.441,0,0.2041,0
4189.7,0.3113,0,0.2332,0
5402.2,0.1777,0,0.1795,0
4399.9,0.2223,0,0.4989,0
4107.9,0.5433,1,0.5205,1
6644.6,0.0977,0,0.1898,0
5095.9,0.1769,0,0.3299,0
14594.2,0.0601,0,0.321,0
3841.0,0.0994,0,0.0474,0
11016.8,0.0256,0,0.0788,0
5917.1,0.2134,0,0.072,0
7667.1,0.1349,0,0.1333,0
5572.6,0.2752,0,0.2442,0
3934.8,0.234,0,0.2297,0
6146.2,0.6189,1,0.7168,1
4121.7,0.4826,0,0.5741,1
5500.0,0.1112,0,0.1221,0
4260.8,0.2735,0,0.6379,1
3024.2,0.5806,1,0.5839,1
6697.6,0.0558,0,0.0872,0
6157.3,0.188,0,0.3426,0
4645.2,0.2937,0,0.3726,0
4427.4,0.0775,0,0.1306,0
4281.2,0.1783,0,0.3698,0
4156.3,0.177,0,0.4558,0
6960.0,0.0559,0,0.9934,1
6292.9,0.0844,0,0.1199,0
7261.6,0.0351,0,0.0564,0
7039.2,0.5572,1,0.0516,0
7587.1,0.8225,1,0.0376,0
5689.6,0.668,1,0.0394,0
10770.9,0.6415,1,0.038,0
5285.9,0.121,0,0.0423,0
3878.2,0.1482,0,0.0555,0
3999.9,0.1319,0,0.0312,0
7321.2,0.4139,0,0.0271,0
9000.5,0.6395,1,0.0461,0
6069.9,0.8685,1,0.1031,0
4581.2,0.7366,1,0.0323,0
7016.1,0.0599,0,0.023,0
5571.4,0.0991,0,0.0244,0
4771.7,0.0474,0,0.0283,0
4576.9,0.1242,0,0.0775,0
4927.8,0.0365,0,0.0242,0
6749.1,0.0722,0,0.0251,0
4265.7,0.1149,0,0.079,0
7058.8,0.121,0,0.0247,0
6162.3,0.0444,0,0.0167,0
4314.6,0.0873,0,0.0668,0
5096.7,0.192,0,0.0447,0
5767.9,0.9413,1,0.0712,0
4924.0,0.1105,0,0.0274,0
3699.4,0.557,1,0.2761,0
4171.8,0.7091,1,0.0392,0
4462.8,0.1511,0,0.0298,0
3887.4,0.1368,0,0.0444,0
3918.2,0.6201,1,0.0301,0
7456.9,0.1081,0,0.0585,0
4946.0,0.0873,0,0.1485,0
7407.6,0.0423,0,0.0691,0
8332.0,0.1122,0,0.08,0
10252.2,0.0468,0,0.0559,0
5631.7,0.1073,0,0.0882,0
6277.2,0.1133,0,0.0938,0
5811.7,0.1239,0,0.158,0
7456.1,0.0364,0,0.068,0
6417.1,0.0564,0,0.0845,0
4921.0,0.048,0,0.0824,0
6526.3,0.0583,0,0.0669,0
7054.3,0.0743,0,0.0932,0
4493.3,0.0391,0,0.0811,0
6696.7,0.0643,0,0.0622,0
4184.2,0.1148,0,0.143,0
5922.8,0.2255,0,0.1072,0
4776.8,0.484,0,0.6036,1
9454.7,0.073,0,0.349,0
5586.5,0.0489,0,0.1397,0
5864.7,0.0923,0,0.1072,0
6378.9,0.0637,0,0.06,0
8408.1,0.0772,0,0.0221,0
8970.2,0.0677,0,0.0492,0
8754.8,0.0577,0,0.0294,0
8698.6,0.1553,0,0.0187,0
8572.8,0.4616,0,0.0245,0
6117.7,0.1182,0,0.0185,0
8135.1,0.1758,0,0.052,0
8666.8,0.0856,0,0.0391,0
8513.6,0.0912,0,0.0272,0
7807.2,0.5549,1,0.031,0
9045.0,0.3856,0,0.0228,0
7473.4,0.1269,0,0.0191,0
8290.3,0.0474,0,0.0559,0
9938.0,0.0571,0,0.0283,0
9999.1,0.2063,0,0.0372,0
9142.9,0.1051,0,0.0279,0
7579.3,0.0782,0,0.2734,0
8814.3,0.0457,0,0.2291,0
9325.6,0.0607,0,0.0362,0
8732.3,0.0877,0,0.025,0
8613.1,0.0397,0,0.0206,0
5894.2,0.4973,0,0.0284,0
8248.2,0.0787,0,0.0318,0
11496.1,0.0985,0,0.0332,0
10927.6,0.075,0,0.021,0
12023.3,0.0388,0,0.1143,0
11815.0,0.4444,0,0.5348,1
7564.8,0.0491,0,0.0487,0
11919.2,0.098,0,0.0233,0
11574.9,0.1195,0,0.0605,0
13054.6,0.0808,0,0.0221,0
11238.1,0.0515,0,0.0175,0
9773.3,0.514,1,0.977,1
10954.0,0.0624,0,0.0602,0
11405.6,0.059,0,0.0333,0
7687.1,0.5651,1,0.1125,0
10757.1,0.057,0,0.0322,0
11287.2,0.1334,0,0.9325,1
2784.2,0.5833,1,0.0394,0
8286.3,0.0951,0,0.0427,0
14202.3,0.19,0,0.3346,0
11027.0,0.5065,1,0.8767,1
13008.2,0.8174,1,0.04,0
11983.1,0.0403,0,0.0365,0
8679.3,0.0878,0,0.0165,0
6994.8,0.9468,1,0.9146,1
9484.4,0.2242,0,0.0363,0
8230.4,0.356,0,0.0568,0
8790.9,0.079,0,0.0184,0
5353.1,0.1444,0,0.0148,0
6585.9,0.0722,0,0.0308,0
7417.9,0.1492,0,0.0245,0
12933.0,0.5166,1,0.7745,1
12210.9,0.0717,0,0.0381,0
7715.3,0.0907,0,0.0218,0
7923.3,0.0841,0,0.0196,0
6713.9,0.0504,0,0.0422,0
9451.8,0.2731,0,0.0467,0
6985.1,0.0851,0,0.0572,0
8501.2,0.1332,0,0.0462,0
5447.3,0.1545,0,0.2316,0
8497.4,0.2064,0,0.0244,0
7388.4,0.8583,1,0.9617,1
8671.6,0.1332,0,0.0362,0
8992.0,0.0826,0,0.0239,0
7604.7,0.743,1,0.7892,1
5715.5,0.1316,0,0.0273,0
6032.3,0.0832,0,0.0668,0
10993.1,0.0677,0,0.0383,0
9683.0,0.0974,0,0.0328,0
8107.9,0.0604,0,0.0775,0
10520.4,0.1048,0,0.0191,0
7707.9,0.2138,0,0.7871,1
8894.7,0.0926,0,0.0241,0
5571.9,0.0882,0,0.08,0
10376.7,0.0735,0,0.0307,0
7731.4,0.0698,0,0.068,0
9955.7,0.0664,0,0.0228,0
8702.4,0.1146,0,0.0358,0
9458.3,0.0579,0,0.0249,0
7195.3,0.0879,0,0.0186,0
12778.3,0.0519,0,0.0246,0
8408.8,0.0497,0,0.0612,0
11378.5,0.0841,0,0.028,0
10860.7,0.0294,0,0.0236,0
12762.6,0.0384,0,0.0257,0
9059.2,0.0795,0,0.0272,0
7890.5,0.0789,0,0.0236,0
9893.8,0.0772,0,0.0314,0
10227.2,0.0544,0,0.0275,0
10087.9,0.0404,0,0.0159,0
3721.6,0.1353,0,0.0812,0
10787.0,0.102,0,0.041,0
9432.9,0.2323,0,0.0212,0
11546.4,0.1009,0,0.0659,0
13212.9,0.0638,0,0.0742,0
12872.4,0.0762,0,0.0249,0
11983.7,0.0557,0,0.0638,0
12423.2,0.0984,0,0.0483,0
13309.4,0.048,0,0.0488,0
10328.4,0.1132,0,0.0389,0
10954.0,0.0404,0,0.0578,0
10183.7,0.078,0,0.0432,0
7403.2,0.0692,0,0.0196,0
11468.8,0.1269,0,0.0401,0
10921.8,0.7539,1,0.1545,0
11438.3,0.0836,0,0.0523,0
11940.6,0.0558,0,0.0638,0
8164.7,0.1683,0,0.0353,0
8820.4,0.0462,0,0.039,0
10574.8,0.0391,0,0.0299,0
7119.1,0.6749,1,0.0495,0
10871.1,0.0623,0,0.0305,0
10529.7,0.0743,0,0.0423,0
10449.7,0.0898,0,0.0445,0
8217.1,0.1038,0,0.0333,0
8375.8,0.0447,0,0.0254,0
7885.1,0.0712,0,0.039,0
6716.6,0.2441,0,0.0453,0
6375.7,0.0892,0,0.018,0
9337.4,0.0479,0,0.0369,0
6505.6,0.1917,0,0.0129,0
7882.7,0.3791,0,0.0444,0
10322.7,0.0419,0,0.0288,0
9685.4,0.046,0,0.0258,0
11652.9,0.0643,0,0.0485,0
10731.1,0.0577,0,0.0424,0
3244.5,0.6692,1,0.2543,0
9517.9,0.1663,0,0.0133,0
9761.4,0.0891,0,0.0207,0
9864.3,0.0973,0,0.0473,0
7141.6,0.2417,0,0.0401,0
10170.2,0.04,0,0.0192,0
9169.2,0.0419,0,0.0353,0
9204.6,0.0344,0,0.0455,0
9311.4,0.0453,0,0.03,0
12037.0,0.0519,0,0.0276,0
12326.2,0.0325,0,0.0332,0
14577.4,0.0981,0,0.074,0
9340.0,0.0983,0,0.0244,0
6964.3,0.1509,0,0.0523,0
10294.1,0.0757,0,0.0414,0
12946.6,0.0512,0,0.0651,0
11846.7,0.0364,0,0.0307,0
8567.5,0.1392,0,0.0299,0
10438.1,0.0429,0,0.0306,0
8856.9,0.0491,0,0.0482,0
9375.5,0.0812,0,0.0377,0
8000.5,0.0808,0,0.0393,0
6186.6,0.0525,0,0.0169,0
8608.2,0.0296,0,0.0369,0
8042.4,0.0441,0,0.021,0
7426.9,0.0612,0,0.0369,0
11464.2,0.034,0,0.0354,0
5667.1,0.1969,0,0.0177,0
8804.4,0.0544,0,0.0256,0
10797.7,0.0383,0,0.0258,0
6927.2,0.1596,0,0.0084,0
6151.3,0.078,0,0.0476,0
10740.4,0.0991,0,0.0204,0
10099.8,0.1077,0,0.0223,0
11162.9,0.0452,0,0.0311,0
11944.1,0.0434,0,0.0245,0
8201.9,0.1067,0,0.0229,0
10253.7,0.0919,0,0.0311,0
8582.3,0.0494,0,0.0199,0
8969.4,0.4533,0,0.0306,0
6384.4,0.7008,1,0.0893,0
9694.4,0.0536,0,0.0753,0
12317.3,0.088,0,0.0327,0
11212.5,0.033,0,0.0268,0
10038.1,0.0864,0,0.0392,0
8921.1,0.0669,0,0.0368,0
11622.6,0.0517,0,0.0236,0
3530.9,0.1134,0,0.0429,0
10112.2,0.0809,0,0.0258,0
7937.2,0.153,0,0.0205,0
5896.9,0.9001,1,0.0656,0
12988.7,0.0718,0,0.0375,0
3619.9,0.4134,0,0.0641,0
3227.0,0.0887,0,0.0197,0
13020.5,0.1103,0,0.0458,0
9904.7,0.3723,0,0.0396,0
6447.4,0.2769,0,0.0382,0
10727.9,0.0181,0,0.0385,0
9398.3,0.3065,0,0.0801,0
8589.1,0.0367,0,0.0216,0
9163.6,0.0545,0,0.0587,0
9100.0,0.0707,0,0.0313,0
5260.3,0.7202,1,0.0492,0
13048.6,0.029,0,0.0192,0
12808.5,0.0488,0,0.0237,0
11474.7,0.1439,0,0.0243,0
7843.9,0.0415,0,0.0347,0
8545.7,0.0554,0,0.0223,0
9815.2,0.0418,0,0.019,0
9589.3,0.0689,0,0.0267,0
9073.5,0.1557,0,0.0359,0
13543.2,0.1158,0,0.0803,0
12355.3,0.1558,0,0.0251,0
11997.0,0.0366,0,0.0194,0
10441.4,0.0521,0,0.0326,0
12756.7,0.037,0,0.0225,0
11572.8,0.5327,1,0.0213,0
4621.5,0.0517,0,0.0924,0
15951.7,0.0436,0,0.0238,0
10460.9,0.0458,0,0.0273,0
8210.5,0.0545,0,0.0363,0
11529.1,0.061,0,0.0317,0
15596.0,0.0871,0,0.0409,0
14004.5,0.096,0,0.0586,0
16015.6,0.0822,0,0.0254,0
5057.1,0.1115,0,0.0669,0
6600.5,0.0822,0,0.0268,0
13891.0,0.0405,0,0.0407,0
12169.1,0.0497,0,0.0543,0
9133.5,0.0853,0,0.0256,0
18655.4,0.1669,0,0.2205,0
9392.9,0.0915,0,0.0207,0
15534.6,0.0453,0,0.0135,0
7359.4,0.1005,0,0.0143,0
10506.0,0.0789,0,0.7902,1
11679.1,0.051,0,0.1812,0
13559.6,0.1038,0,0.0254,0
7262.0,0.8001,1,0.9385,1
11279.6,0.0793,0,0.0303,0
13869.3,0.1388,0,0.0315,0
10453.5,0.0613,0,0.0269,0
5976.8,0.04,0,0.0196,0
9219.1,0.4617,0,0.6891,1
10342.1,0.0691,0,0.0256,0
16290.9,0.0394,0,0.0739,0
11774.4,0.0414,0,0.0188,0
11580.5,0.0438,0,0.0195,0
17253.3,0.105,0,0.0205,0
11535.3,0.048,0,0.0148,0
11385.1,0.0736,0,0.0394,0
6505.3,0.0412,0,0.0435,0
9328.5,0.19,0,0.0253,0
12859.6,0.0369,0,0.0384,0
10654.0,0.1094,0,0.0393,0
8473.9,0.1865,0,0.034,0
10095.6,0.0753,0,0.0297,0
8463.5,0.0585,0,0.0351,0
13451.1,0.0531,0,0.0428,0
12315.9,0.0423,0,0.0214,0
6204.3,0.0975,0,0.0442,0
6405.0,0.0834,0,0.0304,0
2132.3,0.6032,1,0.059,0
6466.1,0.0415,0,0.0177,0
10052.1,0.0373,0,0.0199,0
12586.5,0.0576,0,0.0391,0
6735.7,0.2534,0,0.0494,0
11635.6,0.1078,0,0.0238,0
10929.9,0.0546,0,0.0232,0
10423.9,0.9138,1,0.8939,1
15941.0,0.1345,0,0.0312,0
12433.8,0.0412,0,0.0241,0
11886.9,0.047,0,0.0171,0
12237.4,0.0993,0,0.0226,0
13683.7,0.0519,0,0.0726,0
12444.4,0.1298,0,0.024,0
8718.7,0.0466,0,0.0263,0
12673.1,0.0693,0,0.155,0
12332.0,0.0556,0,0.0262,0
15636.1,0.1664,0,0.049,0
9409.5,0.0671,0,0.0171,0
15323.8,0.0826,0,0.0256,0
11218.8,0.0643,0,0.0264,0
12925.0,0.0971,0,0.0777,0
9816.5,0.0656,0,0.0271,0
9379.6,0.1505,0,0.0304,0
11576.8,0.0634,0,0.0242,0
14389.2,0.0698,0,0.0235,0
10105.5,0.0587,0,0.0953,0
12501.9,0.0424,0,0.0229,0
15689.7,0.0909,0,0.0288,0
11378.8,0.0461,0,0.0339,0
11762.6,0.0843,0,0.0373,0
9067.4,0.0971,0,0.1113,0
10682.0,0.0712,0,0.0211,0
13276.4,0.0392,0,0.0389,0
4982.0,0.7943,1,0.0535,0
9101.1,0.1152,0,0.023,0
11155.6,0.1198,0,0.0876,0
7804.3,0.1031,0,0.0317,0
7621.0,0.0426,0,0.0422,0
7376.3,0.1424,0,0.0375,0
8177.1,0.144,0,0.0481,0
5625.1,0.0873,0,0.0406,0
8618.9,0.4661,0,0.0381,0
8940.0,0.2005,0,0.0344,0
10122.0,0.0965,0,0.0401,0
9941.8,0.1377,0,0.0978,0
12211.7,0.0203,0,0.0252,0
11702.1,0.0508,0,0.0333,0
12725.0,0.051,0,0.035,0
12435.6,0.0468,0,0.0222,0
13376.8,0.0943,0,0.0544,0
9293.6,0.2292,0,0.0299,0
11070.3,0.0695,0,0.0283,0
11760.6,0.094,0,0.0182,0
12063.6,0.4616,0,0.0514,0
11751.0,0.0746,0,0.0209,0
9929.1,0.0438,0,0.045,0
7784.3,0.0346,0,0.0166,0
6564.1,0.0736,0,0.0383,0
7295.3,0.1457,0,0.0786,0
5463.3,0.055,0,0.0413,0
7946.2,0.042,0,0.0446,0
7811.8,0.0437,0,0.0362,0
6972.9,0.04,0,0.0254,0
5968.3,0.1791,0,0.0337,0
10514.5,0.0706,0,0.0265,0
7158.0,0.034,0,0.0186,0
5613.7,0.0547,0,0.0204,0
6639.5,0.1891,0,0.0318,0
8638.3,0.0752,0,0.0197,0
8254.2,0.0453,0,0.0186,0
4849.0,0.1978,0,0.2907,0
10546.6,0.1492,0,0.0923,0
7936.2,0.0977,0,0.4092,0
9795.5,0.0193,0,0.0221,0
6225.5,0.0628,0,0.0284,0
9265.7,0.7806,1,0.1077,0
9750.1,0.2137,0,0.2762,0
5317.1,0.4894,0,0.3974,0
12228.2,0.0259,0,0.0368,0
8629.1,0.3429,0,0.016,0
9552.4,0.9595,1,0.9615,1
9034.0,0.0497,0,0.0321,0
10099.9,0.8139,1,0.0909,0
8348.1,0.181,0,0.0275,0
9381.7,0.0274,0,0.0382,0
11847.4,0.0543,0,0.5129,1
10438.8,0.0584,0,0.0249,0
12484.9,0.0706,0,0.0171,0
9428.0,0.0339,0,0.0255,0
9293.4,0.0499,0,0.6298,1
9231.2,0.0668,0,0.0402,0
14102.1,0.0875,0,0.5735,1
12214.2,0.0394,0,0.0495,0
11013.8,0.0611,0,0.0231,0
13465.8,0.0544,0,0.0416,0
13028.4,0.0407,0,0.0541,0
13699.0,0.0515,0,0.0282,0
13265.7,0.0772,0,0.0302,0
15050.7,0.0657,0,0.0556,0
12066.3,0.156,0,0.0414,0
9559.4,0.028,0,0.0324,0
11739.3,0.0618,0,0.0239,0
11766.1,0.2869,0,0.032,0
12636.8,0.0317,0,0.0508,0
14432.0,0.0576,0,0.0351,0
13768.5,0.0361,0,0.0289,0
11382.0,0.0592,0,0.0267,0
14675.3,0.0458,0,0.018,0
9541.2,0.0531,0,0.0174,0
13721.7,0.0608,0,0.0284,0
7274.6,0.0494,0,0.0355,0
12037.8,0.0389,0,0.0286,0
8351.7,0.0555,0,0.0449,0
15064.6,0.0865,0,0.0266,0
10161.3,0.0691,0,0.0313,0
11692.8,0.0706,0,0.0209,0
14301.2,0.0902,0,0.0519,0
12443.5,0.0579,0,0.0544,0
11299.4,0.0648,0,0.0197,0
11539.7,0.1184,0,0.0228,0
10453.1,0.0634,0,0.0186,0
8464.7,0.0282,0,0.0203,0
14430.8,0.0816,0,0.0352,0
14616.2,0.0488,0,0.0281,0
8004.2,0.025,0,0.0287,0
7471.7,0.0381,0,0.0301,0
10647.3,0.0395,0,0.0305,0
11634.0,0.0759,0,0.038,0
11283.1,0.078,0,0.0243,0
11375.2,0.0775,0,0.0321,0
15359.3,0.043,0,0.0238,0
9981.6,0.0415,0,0.0256,0
9107.9,0.0509,0,0.0211,0
12057.0,0.054,0,0.0293,0
14307.2,0.0436,0,0.0334,0
11211.2,0.176,0,0.0297,0
11990.5,0.0946,0,0.0427,0
12040.9,0.5411,1,0.0274,0
13395.4,0.0485,0,0.0498,0
9123.1,0.1096,0,0.035,0
7389.7,0.0669,0,0.0824,0
11500.1,0.037,0,0.0363,0
11037.8,0.0334,0,0.0477,0
6537.6,0.136,0,0.0287,0
5059.0,0.2266,0,0.4211,0
6912.2,0.1235,0,0.0542,0
10353.6,0.1353,0,0.2974,0
5565.2,0.0972,0,0.0899,0
1683.1,0.36,0,0.6856,1
11207.9,0.0969,0,0.0643,0
2078.9,0.1328,0,0.3722,0
9608.4,0.0466,0,0.0294,0
7616.1,0.2574,0,0.112,0
7078.5,0.5061,1,0.0318,0
7646.2,0.1658,0,0.1143,0
3849.7,0.2038,0,0.0504,0
6181.6,0.1227,0,0.0811,0
4384.1,0.4614,0,0.1064,0
3336.2,0.1181,0,0.1616,0
6423.1,0.1058,0,0.0747,0
7532.6,0.1219,0,0.158,0
4982.2,0.2911,0,0.1878,0
5057.0,0.3176,0,0.0877,0
8327.6,0.1859,0,0.076,0
5014.5,0.0844,0,0.0446,0
2905.0,0.1118,0,0.2508,0
5415.3,0.0588,0,0.0425,0
9645.1,0.1259,0,0.0411,0
5028.0,0.0474,0,0.1545,0
6597.1,0.044,0,0.0375,0
6993.2,0.0567,0,0.0475,0
10386.6,0.0813,0,0.0349,0
4358.8,0.0638,0,0.0358,0
6386.1,0.0683,0,0.0539,0
8271.9,0.0461,0,0.0323,0
8335.1,0.0487,0,0.0284,0
8369.4,0.0787,0,0.019,0
11274.5,0.0293,0,0.0276,0
11311.3,0.0485,0,0.0249,0
14327.3,0.0417,0,0.032,0
10549.9,0.0939,0,0.0355,0
9001.5,0.0422,0,0.0341,0
9559.8,0.048,0,0.0291,0
5496.6,0.0279,0,0.0207,0
2416.4,0.4707,0,0.0483,0
3317.1,0.6069,1,0.0884,0
3598.2,0.8591,1,0.0195,0
4756.9,0.0468,0,0.0309,0
4020.8,0.6531,1,0.0385,0
2782.3,0.0591,0,0.0167,0
2562.5,0.8938,1,0.0257,0
5465.4,0.0649,0,0.0398,0
4320.1,0.0398,0,0.0241,0
3863.2,0.5429,1,0.1501,0
4738.0,0.0969,0,0.0187,0
7658.6,0.0238,0,0.036,0
5236.5,0.0346,0,0.0219,0
2188.6,0.5494,1,0.5125,1
3287.7,0.6636,1,0.5433,1
2874.5,0.6091,1,0.1274,0
7018.5,0.2091,0,0.0991,0
2170.2,0.1289,0,0.1298,0
4582.7,0.7699,1,0.3543,0
2179.6,0.0811,0,0.0775,0
3268.7,0.2749,0,0.2775,0
2937.0,0.9371,1,0.0871,0
10463.7,0.0661,0,0.0677,0
10142.8,0.0506,0,0.1583,0
9916.4,0.0565,0,0.0393,0
10542.3,0.0659,0,0.0253,0
5941.3,0.7894,1,0.8453,1
10106.8,0.2865,0,0.033,0
10840.9,0.0587,0,0.0307,0
3644.5,0.574,1,0.0597,0
3867.2,0.1072,0,0.0536,0
4713.4,0.5331,1,0.0616,0
6225.9,0.1141,0,0.0534,0
4665.5,0.1297,0,0.0473,0
5768.4,0.1093,0,0.0273,0
4545.5,0.0828,0,0.0497,0
4741.9,0.107,0,0.058,0
3902.1,0.1694,0,0.0409,0
5287.9,0.0578,0,0.0173,0
4751.6,0.0487,0,0.0416,0
4225.7,0.4805,0,0.0811,0
4065.0,0.4755,0,0.0614,0
5939.1,0.777,1,0.5677,1
5504.7,0.3219,0,0.5454,1
5529.2,0.6537,1,0.5645,1
6002.2,0.1987,0,0.0833,0
6476.9,0.1117,0,0.0328,0
5986.5,0.1375,0,0.0973,0
6881.7,0.6576,1,0.2728,0
9423.0,0.1593,0,0.0237,0
7410.7,0.0758,0,0.0243,0
9204.5,0.0217,0,0.0156,0
7505.6,0.1299,0,0.0285,0
7996.6,0.0259,0,0.0251,0
7196.3,0.6482,1,0.531,1
6465.6,0.8129,1,0.6913,1
5997.1,0.5952,1,0.3053,0
9727.2,0.1265,0,0.0317,0
7908.6,0.9336,1,0.3431,0
11585.8,0.9008,1,0.6034,1
9636.5,0.931,1,0.7594,1
8354.4,0.9778,1,0.3546,0
10828.7,0.9729,1,0.5169,1
8539.7,0.9194,1,0.5678,1
9879.0,0.9489,1,0.3914,0
9316.7,0.97,1,0.7283,1
8402.7,0.3035,0,0.0622,0
9154.0,0.1818,0,0.1135,0
8255.3,0.1645,0,0.0521,0
6690.0,0.1874,0,0.0765,0
9124.0,0.085,0,0.037,0
7836.5,0.0945,0,0.0299,0
10325.1,0.073,0,0.0325,0
11255.0,0.6087,1,0.0227,0
9715.2,0.0779,0,0.1327,0
9793.5,0.1103,0,0.0392,0
7545.4,0.1112,0,0.0239,0
9762.5,0.132,0,0.0408,0
9429.0,0.1457,0,0.0486,0
9147.7,0.2196,0,0.0529,0
8451.6,0.8155,1,0.0262,0
9626.3,0.0967,0,0.0919,0
10184.2,0.0598,0,0.0472,0
9968.7,0.0999,0,0.0716,0
10008.9,0.0674,0,0.048,0
6369.3,0.2082,0,0.0344,0
5897.2,0.1018,0,0.0652,0
7895.6,0.991,1,0.894,1
6531.9,0.0844,0,0.0138,0
5595.3,0.0257,0,0.032,0
4172.4,0.5791,1,0.2769,0
4874.4,0.2501,0,0.0223,0
4664.6,0.1751,0,0.0377,0
4287.0,0.3204,0,0.5723,1
5479.3,0.0579,0,0.0297,0
6612.3,0.0558,0,0.0485,0
3634.6,0.1751,0,0.0426,0
6580.5,0.1018,0,0.0232,0
4710.0,0.1398,0,0.0412,0
4796.6,0.5386,1,0.9549,1
3294.4,0.8581,1,0.0933,0
11323.4,0.546,1,0.4521,0
10721.6,0.6081,1,0.5355,1
10960.1,0.4156,0,0.1025,0
11079.4,0.3688,0,0.2035,0
9520.7,0.8265,1,0.3106,0
10363.0,0.5573,1,0.6706,1
10564.6,0.4464,0,0.1724,0
10853.7,0.4792,0,0.072,0
10997.4,0.2873,0,0.0474,0
10140.8,0.4522,0,0.1213,0
10438.7,0.7237,1,0.1782,0
10959.8,0.5857,1,0.1158,0
11253.0,0.374,0,0.481,0
10247.3,0.0516,0,0.0446,0
7910.3,0.0914,0,0.0484,0
7066.1,0.0692,0,0.0743,0
10858.5,0.0456,0,0.0266,0
9710.7,0.0471,0,0.0365,0
13540.5,0.0445,0,0.0237,0
13432.5,0.0499,0,0.0282,0
12767.8,0.0539,0,0.0374,0
12282.2,0.0409,0,0.0234,0
8533.0,0.0418,0,0.044,0
8675.2,0.0409,0,0.0639,0
13155.9,0.0609,0,0.0422,0
12729.1,0.0567,0,0.0318,0
12677.0,0.0623,0,0.024,0
12075.8,0.0324,0,0.0294,0
12685.9,0.058,0,0.0429,0
12802.3,0.0465,0,0.0303,0
13032.8,0.0517,0,0.0273,0
12597.2,0.0425,0,0.029,0
4205.4,0.0396,0,0.0373,0
7308.9,0.0408,0,0.0276,0
3607.4,0.0758,0,0.0423,0
7191.0,0.033,0,0.0255,0
6395.4,0.0388,0,0.0256,0
6306.3,0.0591,0,0.022,0
6635.5,0.0665,0,0.0229,0
6544.4,0.0761,0,0.0221,0
6378.9,0.0311,0,0.0161,0
8576.9,0.0402,0,0.0279,0
5129.6,0.0321,0,0.0243,0
5748.6,0.101,0,0.0259,0
8813.5,0.0658,0,0.0277,0
7866.0,0.0631,0,0.025,0
7499.5,0.1155,0,0.0595,0
8355.1,0.1504,0,0.0328,0
8016.7,0.2291,0,0.0417,0
9388.7,0.095,0,0.0739,0
8641.4,0.4327,0,0.0592,0
10108.3,0.0409,0,0.0403,0
8066.8,0.2138,0,0.0494,0
10375.0,0.1074,0,0.0478,0
8742.8,0.0796,0,0.053,0
8707.4,0.0669,0,0.0362,0
5993.2,0.4175,0,0.2159,0
8559.5,0.2765,0,0.0687,0
10331.5,0.3426,0,0.0731,0
6828.8,0.2208,0,0.1084,0
10624.4,0.0628,0,0.0557,0
9484.1,0.2218,0,0.0566,0
7610.4,0.1295,0,0.1526,0
5086.1,0.7216,1,0.8447,1
8537.2,0.1022,0,0.024,0
7465.9,0.6293,1,0.0134,0
8516.5,0.0908,0,0.0228,0
7896.3,0.1238,0,0.021,0
8138.9,0.0862,0,0.0177,0
7795.1,0.0822,0,0.0158,0
7665.3,0.0767,0,0.0376,0
7482.6,0.0484,0,0.0438,0
5634.6,0.6876,1,0.2037,0
7703.4,0.054,0,0.0187,0
11345.9,0.0596,0,0.0177,0
9803.1,0.125,0,0.0188,0
9186.2,0.0603,0,0.0378,0
9496.7,0.0633,0,0.0197,0
4577.9,0.3133,0,0.0878,0
4999.7,0.1266,0,0.0565,0
4522.6,0.176,0,0.08,0
6471.5,0.1185,0,0.0513,0
3229.5,0.1433,0,0.0765,0
4737.8,0.1925,0,0.1158,0
3938.7,0.1269,0,0.1119,0
3765.0,0.1889,0,0.1154,0
8902.4,0.2798,0,0.2137,0
4641.6,0.1144,0,0.1032,0
4175.5,0.1161,0,0.1383,0
4416.8,0.3005,0,0.117,0
3542.1,0.1233,0,0.1184,0
5002.4,0.1882,0,0.0833,0
3833.3,0.0651,0,0.1626,0
5327.5,0.1131,0,0.1011,0
12758.0,0.0724,0,0.0386,0
11994.9,0.03,0,0.0248,0
10609.4,0.0581,0,0.0338,0
12967.0,0.0723,0,0.0231,0
12112.1,0.043,0,0.0198,0
13736.0,0.0609,0,0.0223,0
7713.2,0.1839,0,0.0268,0
11161.3,0.0759,0,0.035,0
9464.5,0.0769,0,0.0397,0
9589.1,0.1299,0,0.0271,0
11162.0,0.0832,0,0.0385,0
9017.1,0.0905,0,0.0237,0
5661.4,0.1491,0,0.0514,0
9747.9,0.0098,0,0.0366,0
5944.2,0.051,0,0.0372,0
9263.0,0.044,0,0.0234,0
12139.0,0.0541,0,0.0427,0
10660.4,0.0487,0,0.0323,0
10730.9,0.0449,0,0.0442,0
9484.1,0.0627,0,0.0617,0
8805.2,0.0655,0,0.0252,0
11987.4,0.0836,0,0.0313,0
8596.8,0.0749,0,0.0236,0
10231.1,0.0898,0,0.055,0
11540.9,0.051,0,0.0607,0
10767.1,0.0945,0,0.032,0
6059.6,0.1684,0,0.039,0
10936.5,0.0413,0,0.0495,0
9173.5,0.1573,0,0.0288,0
6042.7,0.2757,0,0.0253,0
12478.2,0.0443,0,0.0534,0
6594.1,0.0458,0,0.0217,0
10636.2,0.0578,0,0.012,0
8902.5,0.5188,1,0.0242,0
10045.8,0.0365,0,0.0134,0
9319.7,0.0493,0,0.0555,0
9193.6,0.1555,0,0.0252,0
5302.6,0.8954,1,0.0595,0
7411.2,0.9662,1,0.0472,0
9156.1,0.0942,0,0.026,0
8426.1,0.042,0,0.0286,0
5354.8,0.9757,1,0.7817,1
5607.5,0.1449,0,0.0713,0
5879.9,0.0783,0,0.037,0
6574.7,0.1219,0,0.0429,0
5232.3,0.1775,0,0.0916,0
8006.7,0.1497,0,0.0228,0
5617.8,0.254,0,0.0277,0
5195.9,0.1016,0,0.0389,0
4818.3,0.432,0,0.0481,0
7128.2,0.1352,0,0.0339,0
6018.9,0.0933,0,0.0348,0
5751.8,0.4145,0,0.0616,0
4672.4,0.2158,0,0.0325,0
5384.6,0.1735,0,0.1218,0
6316.4,0.1375,0,0.0373,0
6146.4,0.1073,0,0.0447,0
5978.7,0.5843,1,0.0219,0
5363.8,0.2104,0,0.0474,0
2730.2,0.5746,1,0.4025,0
6398.0,0.1433,0,0.0641,0
9566.8,0.0875,0,0.0431,0
11921.1,0.0261,0,0.0352,0
10277.3,0.0698,0,0.037,0
7747.7,0.0417,0,0.0398,0
7676.9,0.0743,0,0.0299,0
10992.2,0.0186,0,0.034,0
9605.8,0.0632,0,0.0354,0
11314.4,0.032,0,0.0372,0
10007.0,0.0227,0,0.0388,0
7651.8,0.4941,0,0.0151,0
8731.9,0.0599,0,0.0393,0
9559.9,0.0512,0,0.0302,0
6626.2,0.0777,0,0.0212,0
9244.7,0.0489,0,0.0216,0
12053.6,0.052,0,0.0321,0
7010.9,0.132,0,0.0194,0
5498.0,0.3577,0,0.0774,0
8263.2,0.242,0,0.0175,0
7687.5,0.1887,0,0.0144,0
3786.6,0.1584,0,0.1828,0
6605.2,0.5735,1,0.0421,0
5049.0,0.1697,0,0.05,0
8560.6,0.0748,0,0.0133,0
7638.3,0.0417,0,0.0312,0
6850.8,0.1159,0,0.0368,0
7223.0,0.3142,0,0.0273,0
10229.1,0.0481,0,0.0133,0
7489.5,0.2424,0,0.0132,0
8047.8,0.1496,0,0.0204,0
8210.1,0.0411,0,0.0251,0
6181.8,0.0605,0,0.0424,0
8830.2,0.0554,0,0.0145,0
7077.3,0.6009,1,0.0189,0
7083.8,0.1274,0,0.0523,0
4116.6,0.1196,0,0.0653,0
7518.4,0.1047,0,0.0339,0
8683.0,0.0905,0,0.0193,0
8606.6,0.0689,0,0.0271,0
7157.2,0.0824,0,0.0294,0
13012.1,0.0266,0,0.0196,0
4515.0,0.5766,1,0.9577,1
8803.5,0.9803,1,0.9606,1
7284.6,0.7486,1,0.7545,1
6528.6,0.9714,1,0.9544,1
10328.8,0.9244,1,0.9707,1
7683.3,0.6112,1,0.0292,0
6994.5,0.8375,1,0.0754,0
9213.0,0.9416,1,0.7387,1
9524.3,0.0645,0,0.0505,0
9818.7,0.1378,0,0.0607,0
4970.5,0.6738,1,0.9877,1
7710.0,0.0643,0,0.0285,0
8652.0,0.8856,1,0.8071,1
10567.8,0.9343,1,0.0317,0
7238.8,0.8823,1,0.9694,1
7106.4,0.5733,1,0.7029,1
5382.6,0.8074,1,0.491,0
9978.1,0.805,1,0.8976,1
7900.1,0.1502,0,0.0458,0
12140.0,0.8806,1,0.9686,1
10109.9,0.064,0,0.0734,0
11879.4,0.7873,1,0.9025,1
9474.7,0.1932,0,0.031,0
12361.9,0.0404,0,0.0271,0
4589.6,0.4681,0,0.0218,0
11654.8,0.0848,0,0.0228,0
11335.7,0.0526,0,0.0361,0
11433.2,0.1248,0,0.0423,0
13443.0,0.0853,0,0.0315,0
13344.9,0.1118,0,0.0368,0
11664.4,0.1068,0,0.0286,0
13084.2,0.16,0,0.0401,0
13107.9,0.0824,0,0.0265,0
4998.5,0.0637,0,0.04,0
9991.3,0.0419,0,0.0268,0
13309.0,0.0321,0,0.042,0
11164.8,0.0407,0,0.0425,0
11093.2,0.0434,0,0.0527,0
9110.7,0.032,0,0.0318,0
10554.6,0.0455,0,0.0348,0
8826.1,0.0454,0,0.0541,0
4882.8,0.905,1,0.5194,1
4190.0,0.9193,1,0.5639,1
9509.5,0.0533,0,0.0828,0
11688.1,0.0637,0,0.0507,0
11156.1,0.0883,0,0.0375,0
5729.3,0.221,0,0.0476,0
5904.0,0.8136,1,0.0224,0
4349.2,0.8714,1,0.1339,0
6446.5,0.3212,0,0.1262,0
7065.9,0.6946,1,0.1637,0
9110.1,0.4206,0,0.0552,0
7636.3,0.093,0,0.0343,0
7185.8,0.0722,0,0.0412,0
9312.6,0.2362,0,0.2952,0
10474.1,0.1171,0,0.0434,0
6209.5,0.175,0,0.0312,0
6132.1,0.8376,1,0.0577,0
6403.5,0.7556,1,0.0373,0
10330.8,0.1707,0,0.079,0
9845.9,0.101,0,0.0805,0
15464.5,0.8671,1,0.0932,0
10279.9,0.1826,0,0.0514,0
6089.4,0.1032,0,0.0728,0
5914.6,0.2754,0,0.0271,0
4953.9,0.0362,0,0.0258,0
4923.0,0.6617,1,0.047,0
4556.6,0.083,0,0.0381,0
5372.6,0.3356,0,0.0283,0
4629.0,0.8101,1,0.083,0
4126.3,0.1396,0,0.0423,0
4116.8,0.3611,0,0.0815,0
4212.5,0.6744,1,0.0878,0
4246.1,0.3849,0,0.049,0
3922.9,0.6048,1,0.1715,0
8713.7,0.1325,0,0.0726,0
8538.6,0.0602,0,0.0432,0
7793.4,0.2436,0,0.0436,0
7188.1,0.1097,0,0.0401,0
5639.7,0.5189,1,0.033,0
5077.2,0.3951,0,0.0484,0
5458.0,0.6223,1,0.0504,0
5439.4,0.3101,0,0.0414,0
8625.5,0.1029,0,0.3175,0
6995.1,0.1335,0,0.0782,0
6829.0,0.5805,1,0.7146,1
9118.7,0.6716,1,0.2117,0
7954.6,0.4557,0,0.1896,0
7082.3,0.1134,0,0.148,0
6527.9,0.2056,0,0.1771,0
4852.2,0.5127,1,0.2791,0
6674.9,0.2745,0,0.6224,1
5075.3,0.6372,1,0.9139,1
6409.7,0.6457,1,0.64,1
3742.0,0.5407,1,0.3436,0
5512.0,0.6606,1,0.6878,1
6198.0,0.1265,0,0.2988,0
4882.7,0.566,1,0.6007,1
6454.7,0.5478,1,0.6564,1
3355.9,0.6046,1,0.7471,1
8066.9,0.1358,0,0.0309,0
9385.3,0.0568,0,0.0324,0
9841.1,0.0523,0,0.0266,0
11001.3,0.1422,0,0.0304,0
10991.3,0.0658,0,0.0173,0
8919.8,0.1301,0,0.0841,0
12564.7,0.066,0,0.0331,0
10307.9,0.056,0,0.016,0
11564.9,0.0611,0,0.0432,0
9269.7,0.0758,0,0.0333,0
8970.7,0.041,0,0.0501,0
7325.6,0.0664,0,0.0529,0
9040.4,0.0604,0,0.0308,0
9578.0,0.072,0,0.0515,0
12528.2,0.0613,0,0.0218,0
11630.2,0.112,0,0.0352,0
11231.4,0.0521,0,0.0301,0
10950.2,0.1003,0,0.03,0
13548.2,0.0924,0,0.0422,0
6445.0,0.0775,0,0.0245,0
7326.8,0.0539,0,0.0261,0
11995.2,0.0853,0,0.0595,0
14109.3,0.0627,0,0.024,0
5083.9,0.8985,1,0.2971,0
8616.3,0.0667,0,0.0272,0
5364.2,0.0923,0,0.0495,0
12870.3,0.0515,0,0.0386,0
12949.7,0.0783,0,0.0417,0
10727.8,0.0465,0,0.0554,0
11173.0,0.0633,0,0.0395,0
15750.5,0.0564,0,0.0583,0
12822.4,0.1193,0,0.0364,0
12899.6,0.0692,0,0.0377,0
14060.5,0.0449,0,0.0463,0
12641.4,0.0382,0,0.0285,0
14908.5,0.0688,0,0.0288,0
13032.2,0.084,0,0.073,0
14541.5,0.0174,0,0.0402,0
13166.4,0.0975,0,0.0605,0
14294.4,0.0557,0,0.0277,0
10237.8,0.0823,0,0.112,0
15149.3,0.1636,0,0.0511,0
4855.1,0.6095,1,0.0772,0
10287.7,0.0448,0,0.0486,0
9239.0,0.0354,0,0.0432,0
6666.8,0.6979,1,0.1549,0
6176.9,0.8123,1,0.0525,0
7013.6,0.87,1,0.2074,0
7434.0,0.7927,1,0.0437,0
7612.3,0.6449,1,0.1264,0
7105.2,0.7917,1,0.2452,0
7314.6,0.7763,1,0.0397,0
6715.7,0.9415,1,0.0364,0
6750.8,0.8449,1,0.0268,0
6787.0,0.8506,1,0.1564,0
6504.9,0.9158,1,0.0523,0
7201.3,0.8806,1,0.2634,0
7527.7,0.9379,1,0.061,0
8712.8,0.1361,0,0.038,0
8110.2,0.9312,1,0.021,0
7093.8,0.9172,1,0.0258,0
8920.0,0.3002,0,0.0341,0
6101.9,0.1939,0,0.0488,0
9486.9,0.4216,0,0.0302,0
5409.7,0.1274,0,0.056,0
10397.0,0.0486,0,0.0337,0
10133.3,0.3786,0,0.0383,0
10660.1,0.85,1,0.0354,0
10725.3,0.778,1,0.0445,0
9615.6,0.6464,1,0.0324,0
7915.5,0.0925,0,0.043,0
8619.3,0.1318,0,0.0288,0
9323.9,0.11,0,0.0331,0
9367.2,0.9914,1,0.0321,0
7818.2,0.1229,0,0.0178,0
10895.7,0.0792,0,0.0406,0
11236.1,0.8245,1,0.0153,0
10226.0,0.1162,0,0.0361,0
10462.5,0.1136,0,0.2227,0
8511.7,0.7156,1,0.0226,0
9157.0,0.9705,1,0.0411,0
12364.0,0.0634,0,0.0238,0
10164.1,0.5304,1,0.0153,0
11753.4,0.4612,0,0.0426,0
10371.1,0.0614,0,0.0912,0
10257.9,0.0746,0,0.0363,0
13474.6,0.1089,0,0.0466,0
5178.8,0.2239,0,0.1486,0
5377.8,0.1035,0,0.0556,0
12693.0,0.1105,0,0.0326,0
4925.5,0.3118,0,0.1153,0
5874.1,0.5077,1,0.0786,0
10993.8,0.0912,0,0.0499,0
8538.0,0.1302,0,0.0892,0
8100.4,0.8969,1,0.0219,0
8775.1,0.0424,0,0.0376,0
12442.4,0.0787,0,0.0453,0
8047.8,0.1317,0,0.2116,0
8897.2,0.0422,0,0.0541,0
5146.5,0.395,0,0.1021,0
6850.9,0.4045,0,0.072,0
10213.4,0.0459,0,0.0291,0
8327.2,0.4396,0,0.0298,0
10211.2,0.0644,0,0.0348,0
13178.0,0.0787,0,0.0401,0
11535.0,0.0404,0,0.056,0
8950.5,0.0521,0,0.0408,0
9388.1,0.0694,0,0.0346,0
6558.4,0.3372,0,0.047,0
7679.9,0.7653,1,0.0683,0
3724.7,0.8018,1,0.0202,0
7029.0,0.0472,0,0.0294,0
7024.0,0.7446,1,0.0432,0
8964.9,0.0426,0,0.0633,0
4968.8,0.6598,1,0.9872,1
4567.5,0.4851,0,0.0733,0
3274.8,0.391,0,0.3109,0
10682.7,0.1309,0,0.0216,0
13402.0,0.0812,0,0.0377,0
9257.2,0.036,0,0.0282,0
10273.2,0.0741,0,0.0393,0
9478.8,0.0421,0,0.0596,0
11622.4,0.0578,0,0.0267,0
8636.5,0.1636,0,0.0355,0
9726.5,0.0336,0,0.0472,0
10681.3,0.0375,0,0.0383,0
10453.5,0.0362,0,0.0435,0
13548.4,0.0786,0,0.022,0
11627.3,0.0834,0,0.0554,0
9550.8,0.0406,0,0.0543,0
10000.5,0.0586,0,0.0276,0
9877.2,0.2564,0,0.0335,0
10377.9,0.0266,0,0.0458,0
9872.5,0.0556,0,0.0362,0
9691.8,0.0538,0,0.0284,0
8589.0,0.9414,1,0.0978,0
8827.9,0.1163,0,0.0369,0
9306.0,0.083,0,0.0535,0
8338.9,0.0619,0,0.0517,0
12862.3,0.042,0,0.036,0
2991.3,0.262,0,0.7078,1
14222.7,0.0573,0,0.0437,0
17593.9,0.3497,0,0.5118,1
11675.0,0.0484,0,0.0339,0
11330.1,0.0312,0,0.0257,0
13026.6,0.056,0,0.0298,0
8920.3,0.0275,0,0.0267,0
9400.5,0.0368,0,0.037,0
9805.1,0.2046,0,0.1059,0
7967.3,0.101,0,0.0595,0
10060.9,0.7587,1,0.0751,0
8708.5,0.0801,0,0.0487,0
7739.1,0.0378,0,0.05,0
8827.1,0.056,0,0.0396,0
7572.1,0.046,0,0.0345,0
6268.9,0.04,0,0.0452,0
7752.6,0.0549,0,0.0403,0
9315.7,0.0667,0,0.0318,0
10353.8,0.0846,0,0.046,0
10621.9,0.0459,0,0.0648,0
4726.4,0.1711,0,0.1135,0
13396.6,0.0187,0,0.0328,0
14569.7,0.0796,0,0.0298,0
2809.0,0.6926,1,0.3797,0
4814.3,0.5644,1,0.6223,1
5158.2,0.4983,0,0.2246,0
4367.4,0.6438,1,0.2589,0
13763.2,0.0886,0,0.0421,0
12945.3,0.0798,0,0.0674,0
3022.0,0.5803,1,0.4502,0
2931.6,0.6337,1,0.5476,1
7252.5,0.6324,1,0.0708,0
2871.0,0.5649,1,0.6088,1
6190.2,0.5745,1,0.1838,0
3495.5,0.5643,1,0.2889,0
12479.6,0.0705,0,0.0466,0
16619.6,0.0727,0,0.0497,0
15077.4,0.0649,0,0.0783,0
15135.6,0.0582,0,0.0554,0
4295.5,0.5578,1,0.0749,0
3560.3,0.6297,1,0.1249,0
3681.7,0.5749,1,0.2196,0
3901.0,0.5894,1,0.1827,0
7597.6,0.5716,1,0.5151,1
7007.1,0.5223,1,0.3283,0
4571.9,0.5614,1,0.1287,0
4204.7,0.551,1,0.4621,0
7320.1,0.569,1,0.333,0
5097.0,0.5553,1,0.3441,0
4072.7,0.7097,1,0.4998,0
8248.6,0.699,1,0.298,0
5473.9,0.49,0,0.1698,0
5086.0,0.5279,1,0.2643,0
4795.7,0.5926,1,0.181,0
3596.5,0.5805,1,0.4328,0
6427.7,0.0423,0,0.0501,0
9416.5,0.0816,0,0.0329,0
9020.3,0.1013,0,0.0299,0
8667.3,0.0919,0,0.0368,0
12627.8,0.0848,0,0.037,0
11961.7,0.0817,0,0.0238,0
2890.1,0.6021,1,0.4673,0
10330.6,0.0628,0,0.0339,0
2989.9,0.5776,1,0.3888,0
11310.0,0.05,0,0.0198,0
11668.2,0.047,0,0.0439,0
11938.3,0.0439,0,0.022,0
12409.0,0.0708,0,0.0315,0
11496.8,0.0375,0,0.0281,0
11747.5,0.0887,0,0.0425,0
11595.1,0.1018,0,0.0346,0
10020.4,0.0474,0,0.0319,0
5115.1,0.0547,0,0.0287,0
4805.0,0.1854,0,0.0433,0
11349.2,0.2223,0,0.0415,0
14401.7,0.0151,0,0.1458,0
15211.5,0.0589,0,0.0321,0
11991.7,0.0862,0,0.0657,0
12533.7,0.0262,0,0.0212,0
5694.7,0.151,0,0.276,0
6587.5,0.0454,0,0.0383,0
8187.6,0.0681,0,0.0256,0
14851.0,0.0128,0,0.0432,0
11414.8,0.0229,0,0.0255,0
16379.6,0.0142,0,0.1256,0
8252.8,0.0107,0,0.0282,0
10506.1,0.0752,0,0.1657,0
11409.6,0.0231,0,0.0237,0
13509.2,0.0148,0,0.0394,0
12002.1,0.0197,0,0.034,0
12574.3,0.0181,0,0.0273,0
17456.8,0.0294,0,0.0256,0
12967.4,0.0349,0,0.0301,0
6876.3,0.521,1,0.0175,0
10255.7,0.0489,0,0.0226,0
6990.6,0.6712,1,0.021,0
9956.4,0.0492,0,0.0131,0
13023.5,0.0132,0,0.0295,0
11669.5,0.1548,0,0.028,0
12436.6,0.062,0,0.0198,0
12425.7,0.1292,0,0.0209,0
9546.6,0.3173,0,0.0237,0
11213.5,0.782,1,0.0132,0
11158.1,0.0566,0,0.0333,0
10056.7,0.0468,0,0.0488,0
4813.2,0.558,1,0.2361,0
12067.5,0.0509,0,0.0285,0
11339.4,0.138,0,0.0208,0
16529.7,0.0348,0,0.0348,0
17144.8,0.0719,0,0.0438,0
8343.5,0.2485,0,0.036,0
8652.2,0.0389,0,0.0344,0
9289.1,0.239,0,0.0276,0
7780.3,0.0752,0,0.0303,0
8454.5,0.0322,0,0.0424,0
7715.6,0.0572,0,0.034,0
7511.2,0.1446,0,0.037,0
7648.8,0.0397,0,0.054,0
7109.5,0.146,0,0.042,0
8202.4,0.0338,0,0.0327,0
7248.9,0.1,0,0.0553,0
8254.1,0.0711,0,0.0246,0
7350.0,0.0559,0,0.0715,0
7036.3,0.2275,0,0.0475,0
6299.1,0.1295,0,0.0347,0
8742.6,0.1225,0,0.0161,0
8871.7,0.0979,0,0.027,0
8702.2,0.253,0,0.0245,0
5774.4,0.7426,1,0.0311,0
8763.0,0.4132,0,0.0612,0
5045.5,0.7003,1,0.0986,0
8216.9,0.1651,0,0.0268,0
8856.7,0.0918,0,0.0211,0
8018.4,0.0689,0,0.0207,0
11398.0,0.1463,0,0.0292,0
8512.6,0.042,0,0.0323,0
9497.8,0.0253,0,0.0244,0
8439.8,0.504,1,0.1887,0
8283.0,0.0787,0,0.0479,0
6632.3,0.1119,0,0.0304,0
7419.1,0.0746,0,0.0321,0
9527.7,0.1049,0,0.0151,0
8285.9,0.0919,0,0.0413,0
12564.7,0.066,0,0.0331,0
10307.9,0.056,0,0.016,0
11564.9,0.0611,0,0.0432,0
9269.7,0.0758,0,0.0333,0
8970.7,0.041,0,0.0501,0
11630.2,0.112,0,0.0352,0
11231.4,0.0521,0,0.0301,0
10950.2,0.1003,0,0.03,0
13548.2,0.0924,0,0.0422,0
7325.6,0.0664,0,0.0529,0
14317.5,0.055,0,0.0137,0
13029.4,0.1928,0,0.0073,0
14763.7,0.0552,0,0.0116,0
14069.7,0.0738,0,0.2944,0
12783.5,0.1047,0,0.0099,0
14576.9,0.1095,0,0.0083,0
6296.5,0.1044,0,0.0644,0
7489.7,0.1929,0,0.0258,0
5520.7,0.0871,0,0.0609,0
7138.5,0.0788,0,0.0259,0
13722.3,0.1401,0,0.0081,0
11845.5,0.156,0,0.5182,1
11993.0,0.2212,0,0.5804,1
10791.6,0.144,0,0.1069,0
12621.3,0.0825,0,0.0071,0
12597.1,0.0977,0,0.0221,0
15628.5,0.062,0,0.0117,0
13528.6,0.0649,0,0.0078,0
6856.1,0.1641,0,0.0358,0
8982.6,0.0866,0,0.0435,0
9192.6,0.043,0,0.047,0
10930.5,0.0678,0,0.0274,0
7404.1,0.0935,0,0.0282,0
7865.9,0.071,0,0.0306,0
6691.0,0.0662,0,0.0415,0
9530.3,0.0635,0,0.0378,0
10779.1,0.1027,0,0.0905,0
13977.7,0.0695,0,0.0091,0
6801.1,0.0636,0,0.0332,0
6666.0,0.3767,0,0.0329,0
12782.4,0.1808,0,0.0397,0
6533.9,0.0637,0,0.0284,0
8412.3,0.0824,0,0.0313,0
7158.4,0.0638,0,0.0213,0
10303.1,0.1133,0,0.0364,0
1678.5,0.4835,0,0.0822,0
5186.1,0.437,0,0.0296,0
3940.9,0.5553,1,0.0385,0
2221.2,0.5553,1,0.0534,0
2100.9,0.5707,1,0.0673,0
2162.4,0.6012,1,0.0536,0
2335.8,0.1176,0,0.0378,0
2173.6,0.5131,1,0.0366,0
2162.0,0.5212,1,0.0561,0
3360.8,0.4674,0,0.1034,0
1806.9,0.0227,0,0.0356,0
1888.3,0.523,1,0.0346,0
2291.0,0.0971,0,0.0468,0
2016.5,0.5768,1,0.0337,0
1952.7,0.6229,1,0.0355,0
3374.8,0.1302,0,0.0125,0
3636.2,0.5683,1,0.0545,0
4197.8,0.538,1,0.0342,0
2439.6,0.6109,1,0.0404,0
6348.3,0.3255,0,0.0439,0
5162.2,0.229,0,0.0465,0
3354.3,0.5465,1,0.043,0
1236.2,0.5771,1,0.0562,0
6722.0,0.189,0,0.0149,0
9547.2,0.056,0,0.6596,1
6773.1,0.0487,0,0.8284,1
12510.4,0.0257,0,0.8907,1
4900.8,0.5668,1,0.5319,1
1551.5,0.5371,1,0.0395,0
2189.6,0.6384,1,0.0711,0
12519.9,0.0968,0,0.8194,1
11311.5,0.0466,0,0.9212,1
7613.4,0.0816,0,0.9546,1
8294.5,0.8823,1,0.8489,1
18467.2,0.026,0,0.898,1
7888.3,0.1016,0,0.9501,1
6479.4,0.4631,0,0.0353,0
7343.7,0.0322,0,0.4809,0
7650.3,0.03,0,0.0193,0
15515.9,0.056,0,0.6313,1
4077.6,0.5488,1,0.0684,0
7944.2,0.2111,0,0.0587,0
10048.0,0.1992,0,0.0155,0
12184.6,0.0529,0,0.0155,0
10178.0,0.6103,1,0.0209,0
4522.6,0.2439,0,0.033,0
8423.2,0.0182,0,0.0243,0
10656.7,0.1168,0,0.0369,0
6397.6,0.0337,0,0.2798,0
7394.0,0.0705,0,0.1453,0
7540.6,0.0498,0,0.2318,0
5277.4,0.4022,0,0.0326,0
9460.7,0.1211,0,0.044,0
13172.8,0.0375,0,0.1018,0
12173.8,0.1119,0,0.3685,0
4612.6,0.2421,0,0.1153,0
6092.1,0.0423,0,0.0721,0
6209.8,0.1959,0,0.2764,0
3847.2,0.4558,0,0.0515,0
2899.0,0.6358,1,0.4299,0
11259.5,0.6987,1,0.7339,1
6766.4,0.822,1,0.4682,0
9013.4,0.7941,1,0.2542,0
10450.1,0.0558,0,0.0304,0
5620.1,0.1314,0,0.0128,0
12056.2,0.9903,1,0.9574,1
11279.2,0.0359,0,0.0237,0
7562.4,0.0545,0,0.0245,0
13525.8,0.0376,0,0.0275,0
8846.9,0.0317,0,0.036,0
10566.8,0.3557,0,0.0329,0
12419.8,0.0903,0,0.0268,0
9669.2,0.0275,0,0.0316,0
9379.9,0.0401,0,0.029,0
11750.4,0.0777,0,0.0197,0
10737.1,0.0408,0,0.0492,0
10841.1,0.1597,0,0.0595,0
10827.3,0.0363,0,0.0243,0
11448.9,0.0407,0,0.0238,0
8134.6,0.1621,0,0.0433,0
9164.7,0.0424,0,0.0184,0
7795.1,0.1165,0,0.0149,0
7374.9,0.0741,0,0.0293,0
9128.4,0.0539,0,0.0257,0
6104.0,0.0372,0,0.026,0
6983.0,0.0316,0,0.0249,0
4667.9,0.1062,0,0.0949,0
10195.9,0.0419,0,0.0303,0
12496.6,0.1063,0,0.0794,0
6774.7,0.15,0,0.0463,0
6448.4,0.1052,0,0.0403,0
10855.3,0.1006,0,0.0639,0
8080.3,0.0737,0,0.0267,0
9177.5,0.0566,0,0.0347,0
8834.6,0.0621,0,0.0567,0
10498.0,0.0372,0,0.0255,0
8088.0,0.0895,0,0.0308,0
7258.7,0.1314,0,0.0349,0
8113.9,0.3375,0,0.0466,0
6638.2,0.0456,0,0.0194,0
9165.7,0.065,0,0.015,0
9177.3,0.0645,0,0.0411,0
9039.0,0.1468,0,0.0512,0
7470.5,0.0752,0,0.0254,0
12233.3,0.0758,0,0.0383,0
12963.5,0.0505,0,0.0511,0
11964.8,0.0592,0,0.0244,0
7984.5,0.1385,0,0.0535,0
11712.9,0.0526,0,0.0324,0
13872.7,0.0542,0,0.1609,0
10892.6,0.074,0,0.0221,0
13464.7,0.085,0,0.0375,0
9777.5,0.0855,0,0.0299,0
9979.6,0.0645,0,0.0234,0
9210.9,0.0681,0,0.0171,0
11758.5,0.0569,0,0.0292,0
16132.7,0.4853,0,0.7516,1
12541.7,0.0684,0,0.0794,0
15291.5,0.0663,0,0.0285,0
10589.8,0.1007,0,0.0514,0
11656.4,0.1245,0,0.0214,0
12630.5,0.0351,0,0.0864,0
11624.2,0.0563,0,0.0451,0
12791.1,0.0668,0,0.0307,0
11887.8,0.0618,0,0.0473,0
9394.5,0.0543,0,0.0225,0
9722.8,0.299,0,0.1887,0
7386.5,0.0694,0,0.0581,0
8072.4,0.0422,0,0.0244,0
5339.5,0.4956,0,0.6147,1
8110.7,0.0364,0,0.0273,0
9200.0,0.0724,0,0.0564,0
12476.9,0.0302,0,0.0236,0
7239.2,0.0484,0,0.04,0
6777.2,0.11,0,0.1018,0
9603.1,0.2515,0,0.0256,0
7967.1,0.3421,0,0.1409,0
9847.1,0.2587,0,0.09,0
10601.3,0.0758,0,0.1019,0
7495.8,0.1523,0,0.0529,0
7164.8,0.1307,0,0.2297,0
7459.9,0.6712,1,0.1087,0
12301.7,0.0469,0,0.0361,0
5729.3,0.8798,1,0.2485,0
7173.9,0.0505,0,0.027,0
7998.5,0.4569,0,0.0683,0
7528.0,0.2048,0,0.0389,0
4621.0,0.4084,0,0.6635,1
6711.5,0.1327,0,0.054,0
12348.5,0.0544,0,0.0337,0
11785.3,0.0799,0,0.0196,0
7832.7,0.1366,0,0.0409,0
11668.6,0.6034,1,0.0367,0
9965.9,0.1082,0,0.0325,0
8284.4,0.1898,0,0.077,0
13694.9,0.0769,0,0.0498,0
10147.9,0.0771,0,0.0366,0
6414.0,0.0934,0,0.0245,0
11395.5,0.1009,0,0.0261,0
11470.6,0.0618,0,0.0241,0
9878.7,0.0965,0,0.0171,0
10941.4,0.1178,0,0.0313,0
11997.4,0.077,0,0.0472,0
11769.8,0.1155,0,0.0303,0
16000.9,0.0645,0,0.0306,0
15825.6,0.0906,0,0.0455,0
13402.9,0.1084,0,0.0193,0
14017.7,0.0551,0,0.0265,0
9786.4,0.1302,0,0.0412,0
14935.3,0.0701,0,0.0252,0
17861.8,0.0717,0,0.0211,0
15105.6,0.0715,0,0.0332,0
12014.8,0.1521,0,0.0433,0
14631.7,0.0753,0,0.1211,0
16007.4,0.0601,0,0.0577,0
13176.2,0.0714,0,0.0275,0
12169.4,0.0616,0,0.0249,0
8908.6,0.0256,0,0.0624,0
11338.7,0.0507,0,0.0381,0
9914.0,0.1043,0,0.0448,0
11756.0,0.0776,0,0.0308,0
9231.4,0.1244,0,0.0403,0
11951.9,0.0442,0,0.0407,0
7895.9,0.063,0,0.0238,0
10370.6,0.0567,0,0.0328,0
5281.2,0.4025,0,0.0202,0
4188.3,0.0871,0,0.0436,0
12270.9,0.1421,0,0.0429,0
10695.2,0.0397,0,0.0172,0
7239.2,0.133,0,0.0439,0
2355.4,0.2902,0,0.6808,1
8068.5,0.083,0,0.047,0
2891.5,0.4208,0,0.0264,0
13785.5,0.0856,0,0.0373,0
1362.9,0.1301,0,0.3454,0
7574.7,0.9849,1,0.9308,1
8489.5,0.1741,0,0.0183,0
6608.7,0.1132,0,0.0331,0
8611.1,0.1707,0,0.0219,0
6488.4,0.2929,0,0.0214,0
8615.6,0.0377,0,0.0311,0
9201.8,0.057,0,0.0253,0
9355.8,0.9284,1,0.8556,1
6930.2,0.4615,0,0.0105,0
12219.2,0.925,1,0.9622,1
9726.2,0.0831,0,0.0175,0
8529.4,0.0773,0,0.0195,0
10499.6,0.0554,0,0.0186,0
11390.5,0.0472,0,0.0247,0
7289.5,0.0818,0,0.0263,0
10717.0,0.0993,0,0.0427,0
9130.1,0.0583,0,0.0474,0
4517.0,0.1238,0,0.0358,0
7439.0,0.0737,0,0.0337,0
10081.9,0.0326,0,0.0432,0
10882.6,0.101,0,0.0221,0
10093.4,0.0242,0,0.0224,0
9108.1,0.0506,0,0.0256,0
7962.2,0.9246,1,0.0219,0
7500.8,0.051,0,0.0552,0
5067.4,0.1014,0,0.0381,0
8652.5,0.0443,0,0.0263,0
11894.3,0.0725,0,0.0435,0
10188.2,0.1188,0,0.0424,0
1618.0,0.5187,1,0.0936,0
4253.1,0.0701,0,0.0445,0
3652.4,0.7398,1,0.9492,1
10880.3,0.0681,0,0.0267,0
11966.0,0.0849,0,0.0317,0
9713.4,0.0349,0,0.0288,0
7366.1,0.5865,1,0.1073,0
8674.6,0.8025,1,0.0858,0
7065.0,0.0459,0,0.0211,0
9795.0,0.0436,0,0.0202,0
10104.4,0.045,0,0.0243,0
5506.8,0.5519,1,0.093,0
4629.7,0.8717,1,0.884,1
6101.6,0.719,1,0.0421,0
7826.3,0.0502,0,0.0158,0
8207.2,0.0569,0,0.0275,0
6057.2,0.1815,0,0.0278,0
8674.0,0.0646,0,0.0334,0
4853.3,0.8997,1,0.0632,0
9172.8,0.0613,0,0.9694,1
7247.7,0.4717,0,0.7581,1
9075.3,0.3696,0,0.0663,0
11672.5,0.2412,0,0.6345,1
11242.6,0.063,0,0.0312,0
9491.7,0.0412,0,0.0335,0
11158.6,0.0414,0,0.024,0
3849.0,0.0667,0,0.0778,0
6959.0,0.0906,0,0.183,0
6770.8,0.3631,0,0.851,1
9519.4,0.0705,0,0.0233,0
9098.7,0.1626,0,0.1604,0
4368.9,0.1517,0,0.0408,0
9653.4,0.0512,0,0.039,0
9583.9,0.042,0,0.0176,0
9976.8,0.2598,0,0.0615,0
6094.2,0.0576,0,0.0205,0
12428.0,0.042,0,0.0323,0
8244.4,0.0858,0,0.0247,0
13419.7,0.1062,0,0.0355,0
11917.0,0.0464,0,0.0368,0
10106.0,0.1152,0,0.0297,0
14836.9,0.0966,0,0.0259,0
11925.6,0.0295,0,0.0378,0
10466.2,0.0304,0,0.0222,0
8685.6,0.0577,0,0.0288,0
5396.5,0.1108,0,0.0386,0
5291.6,0.0676,0,0.0583,0
7106.9,0.1004,0,0.0207,0
3959.4,0.1221,0,0.0577,0
6815.4,0.1964,0,0.0432,0
5365.0,0.0425,0,0.0339,0
11938.7,0.035,0,0.0368,0
5123.5,0.0501,0,0.0193,0
4879.5,0.0827,0,0.0755,0
5256.2,0.1093,0,0.0348,0
15625.9,0.1051,0,0.1056,0
14481.9,0.0735,0,0.1435,0
13616.0,0.1054,0,0.0797,0
16747.3,0.0608,0,0.0508,0
12766.4,0.0797,0,0.3862,0
9586.2,0.0588,0,0.0325,0
14167.9,0.0754,0,0.1977,0
16541.8,0.0494,0,0.1536,0
15301.5,0.0683,0,0.1,0
14656.7,0.0997,0,0.0778,0
15802.8,0.0654,0,0.0995,0
15984.2,0.1132,0,0.0753,0
14016.1,0.078,0,0.1618,0
15806.8,0.0856,0,0.3113,0
16309.9,0.0819,0,0.0206,0
13752.8,0.0677,0,0.0287,0
10813.0,0.1254,0,0.0663,0
10115.2,0.0429,0,0.0227,0
12272.9,0.0688,0,0.0271,0
4020.3,0.136,0,0.0508,0
11326.0,0.0484,0,0.0319,0
9122.3,0.0435,0,0.0174,0
12483.2,0.0713,0,0.0431,0
4650.6,0.0823,0,0.0476,0
12280.2,0.0884,0,0.04,0
4796.1,0.0312,0,0.0867,0
4007.9,0.1439,0,0.1658,0
4282.1,0.0889,0,0.0925,0
5960.7,0.0274,0,0.0561,0
11786.3,0.0258,0,0.0429,0
4725.4,0.0158,0,0.117,0
3577.1,0.008,0,0.1002,0
6528.0,0.5062,1,0.0707,0
5469.5,0.0317,0,0.073,0
5992.9,0.0907,0,0.0708,0
15756.0,0.0073,0,0.0316,0
6032.9,0.2919,0,0.0735,0
7542.2,0.0423,0,0.055,0
3856.3,0.0981,0,0.1054,0
11320.7,0.0152,0,0.0405,0
4148.4,0.052,0,0.1336,0
7962.5,0.1283,0,0.1715,0
8299.8,0.0158,0,0.0524,0
7909.7,0.0152,0,0.042,0
5872.4,0.4216,0,0.1453,0
7629.8,0.0279,0,0.0506,0
5933.4,0.0528,0,0.0804,0
4758.4,0.0152,0,0.1245,0
8041.0,0.1388,0,0.0778,0
7250.1,0.0324,0,0.0643,0
8301.9,0.0633,0,0.0649,0
5276.9,0.0598,0,0.0544,0
5361.2,0.0305,0,0.168,0
16868.2,0.0081,0,0.047,0
7601.9,0.2819,0,0.0502,0
6444.4,0.012,0,0.0579,0
9423.3,0.0109,0,0.0574,0
5606.1,0.0678,0,0.0599,0
5287.0,0.3949,0,0.094,0
6520.7,0.015,0,0.0395,0
5923.6,0.014,0,0.0707,0
5753.7,0.0247,0,0.0795,0
6801.6,0.2266,0,0.0901,0
5709.9,0.1156,0,0.0683,0
5252.9,0.0361,0,0.1045,0
3121.0,0.6853,1,0.1148,0
5697.0,0.0379,0,0.0811,0
4609.2,0.2835,0,0.095,0
5073.4,0.142,0,0.0836,0
6563.2,0.2662,0,0.0574,0
5273.2,0.0578,0,0.1197,0
6656.1,0.1041,0,0.0506,0
7990.2,0.1172,0,0.0595,0
8951.5,0.1274,0,0.0722,0
6158.5,0.3883,0,0.1457,0
8989.4,0.3442,0,0.0434,0
11303.0,0.0518,0,0.11,0
10962.9,0.0506,0,0.033,0
8429.4,0.1237,0,0.0341,0
9196.6,0.2185,0,0.0357,0
7775.1,0.3685,0,0.0731,0
6129.2,0.3773,0,0.0387,0
6816.7,0.1375,0,0.1375,0
8271.4,0.6955,1,0.1825,0
9079.5,0.0507,0,0.0336,0
9161.5,0.2214,0,0.032,0
12066.3,0.4618,0,0.1095,0
8609.9,0.2177,0,0.1846,0
9356.4,0.9122,1,0.0806,0
8524.0,0.4167,0,0.0477,0
9488.6,0.772,1,0.0426,0
7541.2,0.0617,0,0.0472,0
9081.7,0.6841,1,0.0368,0
6658.5,0.1556,0,0.0392,0
11403.7,0.0798,0,0.0653,0
10137.5,0.1582,0,0.0746,0
8032.0,0.217,0,0.0415,0
10580.1,0.8782,1,0.0529,0
10693.9,0.7127,1,0.3799,0
8308.1,0.9326,1,0.051,0
9628.2,0.4602,0,0.8203,1
7946.1,0.9768,1,0.0714,0
6692.7,0.9692,1,0.0578,0
6755.6,0.9585,1,0.0528,0
10363.4,0.1081,0,0.0279,0
11542.3,0.4634,0,0.0505,0
8759.2,0.7047,1,0.0375,0
8293.4,0.6618,1,0.0431,0
9142.9,0.2336,0,0.1307,0
8871.1,0.7507,1,0.048,0
5784.3,0.5307,1,0.4515,0
10496.3,0.1675,0,0.0467,0
9955.6,0.6058,1,0.1951,0
8418.0,0.4447,0,0.057,0
10216.7,0.0818,0,0.0609,0
10087.4,0.027,0,0.0482,0
8854.1,0.0903,0,0.0421,0
13217.3,0.0535,0,0.0693,0
7799.0,0.0814,0,0.0437,0
11780.0,0.0602,0,0.0363,0
6144.2,0.6812,1,0.2245,0
13315.7,0.1053,0,0.0317,0
4749.3,0.6422,1,0.4331,0
4842.6,0.6979,1,0.5121,1
4162.7,0.6369,1,0.1117,0
3816.5,0.7491,1,0.3565,0
4581.3,0.8068,1,0.1052,0
4843.2,0.6663,1,0.7016,1
5902.8,0.6742,1,0.3408,0
11842.7,0.0878,0,0.023,0
9090.7,0.3104,0,0.0438,0
4004.1,0.7881,1,0.2059,0
5352.1,0.9294,1,0.5414,1
8244.3,0.5337,1,0.5909,1
4139.0,0.5942,1,0.3581,0
9305.2,0.1815,0,0.0507,0
1837.6,0.6403,1,0.3805,0
4621.7,0.5183,1,0.5221,1
11847.6,0.2061,0,0.084,0
10447.4,0.0674,0,0.0442,0
3964.6,0.687,1,0.0694,0
3342.2,0.7215,1,0.0558,0
5445.8,0.7897,1,0.0422,0
5984.4,0.4684,0,0.0458,0
6375.5,0.6942,1,0.0458,0
4959.9,0.6908,1,0.0658,0
4343.1,0.832,1,0.0684,0
1808.7,0.6643,1,0.4144,0
4448.1,0.9817,1,0.0816,0
2762.8,0.4226,0,0.0502,0
5367.9,0.6245,1,0.1903,0
2224.2,0.4868,0,0.3917,0
6675.9,0.922,1,0.1023,0
2502.7,0.6153,1,0.5066,1
4242.6,0.7686,1,0.0668,0
5243.5,0.9409,1,0.0969,0
3530.2,0.4204,0,0.1519,0
4622.2,0.4932,0,0.0665,0
8064.6,0.8281,1,0.0879,0
6735.1,0.0759,0,0.0282,0
6933.3,0.6193,1,0.076,0
6369.2,0.0376,0,0.0754,0
4272.1,0.5658,1,0.5451,1
6275.3,0.642,1,0.07,0
6859.8,0.8459,1,0.5361,1
4612.4,0.7845,1,0.9284,1
5420.2,0.7563,1,0.6434,1
6678.8,0.1651,0,0.0562,0
6125.4,0.0778,0,0.0479,0
7192.5,0.1014,0,0.0562,0
5860.5,0.893,1,0.7231,1
8597.7,0.1727,0,0.041,0
6893.5,0.0936,0,0.0375,0
4754.9,0.8078,1,0.0853,0
7908.4,0.9121,1,0.0382,0
6602.0,0.0756,0,0.0685,0
7732.0,0.6754,1,0.0438,0
6938.7,0.0934,0,0.0531,0
8174.9,0.093,0,0.0452,0
9241.9,0.1882,0,0.0647,0
6120.4,0.3543,0,0.198,0
9101.3,0.2093,0,0.0505,0
7852.9,0.381,0,0.0752,0
6287.3,0.2691,0,0.038,0
7911.1,0.505,1,0.0401,0
9236.4,0.5402,1,0.3215,0
10984.0,0.0348,0,0.0322,0
5660.6,0.9786,1,0.15,0
8533.4,0.149,0,0.0349,0
9183.9,0.7744,1,0.0931,0
9155.5,0.0602,0,0.0286,0
3173.9,0.0963,0,0.1137,0
7096.8,0.0911,0,0.0507,0
8770.9,0.7695,1,0.468,0
11339.1,0.0638,0,0.0359,0
11015.7,0.063,0,0.038,0
6197.3,0.0941,0,0.0561,0
4580.4,0.1649,0,0.099,0
5374.1,0.0522,0,0.0424,0
4247.0,0.0743,0,0.0466,0
4430.1,0.0508,0,0.038,0
4299.2,0.0422,0,0.0943,0
4832.6,0.0356,0,0.0377,0
4056.6,0.0288,0,0.0404,0
7447.2,0.0377,0,0.0384,0
3005.7,0.5796,1,0.0395,0
7383.4,0.05,0,0.0672,0
3679.7,0.1139,0,0.0607,0
2687.6,0.3566,0,0.0955,0
3878.8,0.05,0,0.0433,0
7842.8,0.0253,0,0.04,0
6386.8,0.0706,0,0.0591,0
13618.2,0.0826,0,0.032,0
4959.8,0.697,1,0.0973,0
10700.7,0.0523,0,0.0341,0
6041.9,0.0737,0,0.042,0
5652.6,0.0425,0,0.0509,0
5004.9,0.0817,0,0.0499,0
3308.9,0.0529,0,0.0749,0
12153.1,0.0815,0,0.0485,0
10344.0,0.0262,0,0.0323,0
5244.0,0.0995,0,0.0878,0
8247.9,0.0746,0,0.0822,0
12726.8,0.0539,0,0.035,0
11986.1,0.0528,0,0.063,0
8261.2,0.1394,0,0.0588,0
5149.4,0.2467,0,0.1111,0
11611.9,0.4146,0,0.6088,1
8109.1,0.177,0,0.0759,0
15513.6,0.0305,0,0.0746,0
5113.8,0.1647,0,0.0667,0
7463.2,0.1595,0,0.0553,0
12793.8,0.0315,0,0.0391,0
5634.8,0.0629,0,0.0439,0
12177.4,0.2518,0,0.0423,0
3505.8,0.3619,0,0.0804,0
11201.3,0.0981,0,0.1239,0
6167.6,0.1221,0,0.0859,0
6335.1,0.0286,0,0.0346,0
13116.1,0.2198,0,0.0927,0
6283.9,0.1407,0,0.1236,0
7575.4,0.0576,0,0.0332,0
10116.3,0.2266,0,0.0334,0
4101.6,0.0802,0,0.1025,0
4311.8,0.0986,0,0.0721,0
5269.7,0.1218,0,0.0781,0
5012.8,0.0609,0,0.0951,0
4770.5,0.046,0,0.1457,0
7080.2,0.1341,0,0.0358,0
4619.6,0.1474,0,0.0522,0
6705.6,0.0473,0,0.2439,0
3833.3,0.0623,0,0.053,0
6718.8,0.0396,0,0.0524,0
5855.6,0.0347,0,0.0617,0
2916.0,0.0661,0,0.0976,0
3756.8,0.0764,0,0.3787,0
4271.7,0.7735,1,0.7426,1
3216.8,0.7474,1,0.0681,0
5874.9,0.3227,0,0.0553,0
3651.6,0.2025,0,0.0657,0
5253.3,0.0564,0,0.0572,0
4703.4,0.1256,0,0.0923,0
6330.2,0.0919,0,0.0886,0
6528.3,0.0696,0,0.0622,0
3893.0,0.4005,0,0.4886,0
4489.3,0.1938,0,0.1811,0
4044.4,0.9223,1,0.1193,0
6859.4,0.0726,0,0.0436,0
6844.9,0.0771,0,0.0642,0
4892.0,0.0979,0,0.0582,0
5513.6,0.0673,0,0.0737,0
6429.1,0.0993,0,0.1403,0
5092.3,0.0588,0,0.0549,0
5760.6,0.0375,0,0.0256,0
4200.4,0.0648,0,0.0853,0
6501.4,0.0442,0,0.0379,0
4153.8,0.0652,0,0.0845,0
4926.1,0.1337,0,0.0836,0
6275.1,0.0507,0,0.0553,0
6155.3,0.0837,0,0.116,0
6153.5,0.197,0,0.0789,0
6404.5,0.0584,0,0.0783,0
2963.5,0.1703,0,0.0476,0
3924.4,0.4522,0,0.1135,0
6406.5,0.0587,0,0.0564,0
4794.2,0.3115,0,0.0588,0
3637.6,0.2777,0,0.4517,0
3572.6,0.0906,0,0.081,0
7273.7,0.0795,0,0.048,0
4974.6,0.0883,0,0.0449,0
6183.7,0.1735,0,0.0922,0
5446.7,0.0868,0,0.0498,0
7527.0,0.1422,0,0.0516,0
5960.5,0.5825,1,0.0272,0
7535.9,0.3149,0,0.0373,0
7225.3,0.5727,1,0.0386,0
6769.4,0.1541,0,0.0365,0
3953.2,0.1236,0,0.1007,0
7245.3,0.0963,0,0.1143,0
4946.5,0.5736,1,0.0415,0
6851.4,0.667,1,0.0431,0
9109.4,0.1217,0,0.031,0
6854.2,0.1273,0,0.0609,0
8253.7,0.0455,0,0.0267,0
5048.8,0.5468,1,0.0436,0
5262.4,0.6616,1,0.0248,0
5694.4,0.4591,0,0.031,0
5812.2,0.0502,0,0.0559,0
5664.3,0.3906,0,0.0667,0
9787.4,0.0315,0,0.0249,0
6403.8,0.1902,0,0.034,0
6175.1,0.172,0,0.0645,0
10643.2,0.0686,0,0.046,0
8667.7,0.8028,1,0.0483,0
10567.7,0.7507,1,0.0372,0
10567.7,0.7507,1,0.0372,0
7043.3,0.0777,0,0.0378,0
6650.7,0.612,1,0.0279,0
6966.8,0.6652,1,0.0296,0
3536.4,0.4829,0,0.0317,0
3497.9,0.0755,0,0.0382,0
6569.4,0.0568,0,0.0228,0
6658.9,0.0351,0,0.0398,0
4127.9,0.0714,0,0.0385,0
4219.8,0.0733,0,0.0913,0
4761.8,0.0142,0,0.055,0
9019.9,0.0408,0,0.0327,0
7330.3,0.0724,0,0.0223,0
7375.3,0.1083,0,0.0208,0
4387.7,0.0563,0,0.0841,0
6518.8,0.0324,0,0.0417,0
2624.8,0.0088,0,0.0257,0
7621.0,0.0217,0,0.0628,0
7651.8,0.126,0,0.0256,0
3810.0,0.0256,0,0.0385,0
6921.2,0.0568,0,0.0178,0
7562.8,0.087,0,0.1013,0
9610.2,0.0332,0,0.0215,0
8775.5,0.0634,0,0.0119,0
9248.4,0.0354,0,0.0155,0
8102.2,0.0295,0,0.0264,0
11261.8,0.0551,0,0.0195,0
10887.0,0.0337,0,0.0257,0
7926.0,0.5153,1,0.0147,0
9740.7,0.0842,0,0.0428,0
9273.9,0.8988,1,0.938,1
8905.6,0.07,0,0.036,0
8663.8,0.0896,0,0.0438,0
8918.8,0.178,0,0.0267,0
7744.6,0.0403,0,0.0272,0
7968.2,0.2379,0,0.0363,0
9911.9,0.9206,1,0.03,0
7345.0,0.1292,0,0.0341,0
8422.5,0.0771,0,0.0255,0
10136.2,0.0744,0,0.0342,0
7947.2,0.1513,0,0.0562,0
9517.5,0.0582,0,0.0349,0
12202.7,0.0734,0,0.0507,0
7701.0,0.5002,1,0.7629,1
7452.6,0.0492,0,0.0368,0
7271.1,0.9075,1,0.972,1
10148.4,0.0726,0,0.0451,0
6486.9,0.6531,1,0.0246,0
9388.7,0.0403,0,0.0203,0
8197.5,0.0595,0,0.0217,0
8677.6,0.0756,0,0.0365,0
9726.5,0.0897,0,0.1846,0
9664.5,0.037,0,0.0755,0
8964.6,0.0709,0,0.0702,0
9788.7,0.0435,0,0.0755,0
9282.0,0.0801,0,0.0777,0
6683.1,0.054,0,0.0702,0
8352.5,0.0351,0,0.1855,0
5955.7,0.1242,0,0.1496,0
7026.0,0.0858,0,0.0915,0
8045.3,0.0796,0,0.1096,0
9718.4,0.0821,0,0.0451,0
11805.0,0.06,0,0.0442,0
10975.7,0.0702,0,0.0342,0
12546.5,0.0843,0,0.0395,0
10356.9,0.0569,0,0.0283,0
11973.1,0.0788,0,0.0472,0
10677.5,0.0508,0,0.0266,0
9337.4,0.0546,0,0.0172,0
12855.9,0.0464,0,0.0476,0
9498.5,0.0872,0,0.0494,0
6154.1,0.0511,0,0.063,0
6976.4,0.156,0,0.04,0
7270.8,0.1636,0,0.0492,0
7336.6,0.0308,0,0.022,0
9269.4,0.0547,0,0.0328,0
10577.5,0.0745,0,0.0466,0
9168.0,0.2183,0,0.1687,0
6214.5,0.9842,1,0.3509,0
5772.9,0.0308,0,0.0542,0
7011.8,0.0948,0,0.0383,0
4625.9,0.0662,0,0.0365,0
6869.5,0.1219,0,0.0382,0
7489.9,0.1029,0,0.0402,0
6151.5,0.0994,0,0.0404,0
9349.7,0.0715,0,0.0219,0
10882.7,0.1117,0,0.1241,0
10800.1,0.0555,0,0.0311,0
12002.4,0.0811,0,0.0465,0
8005.6,0.0883,0,0.0435,0
8004.4,0.054,0,0.0191,0
6787.4,0.0499,0,0.0726,0
12421.7,0.0408,0,0.0475,0
8962.7,0.0548,0,0.0487,0
9612.8,0.0521,0,0.0274,0
6930.3,0.3158,0,0.6954,1
8951.5,0.3615,0,0.0617,0
9922.6,0.1006,0,0.088,0
8364.1,0.1694,0,0.0206,0
8053.2,0.1183,0,0.0473,0
7727.6,0.1311,0,0.0505,0
8212.7,0.079,0,0.0298,0
9928.5,0.1118,0,0.0224,0
9459.6,0.2364,0,0.0231,0
11113.0,0.0892,0,0.023,0
9201.5,0.1082,0,0.0249,0
5805.8,0.5411,1,0.0169,0
9255.1,0.6576,1,0.9629,1
8954.0,0.3187,0,0.0759,0
8487.1,0.5145,1,0.0183,0
9158.7,0.1595,0,0.023,0
11040.7,0.0622,0,0.0548,0
7020.2,0.4547,0,0.0674,0
8076.7,0.5007,1,0.0254,0
7358.8,0.6749,1,0.6403,1
9356.9,0.385,0,0.02,0
9500.5,0.2415,0,0.0351,0
7899.4,0.6049,1,0.1033,0
7782.2,0.4642,0,0.1226,0
6646.6,0.5219,1,0.073,0
8765.0,0.5438,1,0.048,0
7068.4,0.3849,0,0.0727,0
6652.4,0.5474,1,0.0389,0
8592.9,0.2934,0,0.0559,0
5454.6,0.5382,1,0.0298,0
7072.3,0.1301,0,0.1474,0
5953.6,0.5727,1,0.0685,0
9852.6,0.1902,0,0.035,0
6940.7,0.0622,0,0.0301,0
11516.4,0.118,0,0.0251,0
8130.5,0.4486,0,0.1393,0
10526.6,0.4267,0,0.0384,0
7985.9,0.6843,1,0.0175,0
10152.6,0.6187,1,0.0193,0
10427.4,0.8482,1,0.0206,0
10486.3,0.3828,0,0.0208,0
7965.3,0.053,0,0.084,0
10091.6,0.8926,1,0.023,0
10891.6,0.2896,0,0.0213,0
3540.6,0.1198,0,0.059,0
8850.8,0.0741,0,0.0182,0
8058.4,0.1778,0,0.0166,0
5868.7,0.953,1,0.0158,0
10157.6,0.0467,0,0.0277,0
9441.5,0.7278,1,0.1102,0
6026.0,0.7664,1,0.0168,0
10793.1,0.1463,0,0.0259,0
10669.7,0.0777,0,0.0276,0
12561.2,0.0588,0,0.0438,0
10682.1,0.5362,1,0.1285,0
13824.2,0.0549,0,0.0296,0
11339.6,0.0864,0,0.0439,0
12748.8,0.1221,0,0.0176,0
12223.9,0.1531,0,0.0349,0
13619.2,0.0389,0,0.0683,0
8863.7,0.1749,0,0.0377,0
11164.0,0.0714,0,0.0319,0
7011.5,0.0912,0,0.0259,0
15346.4,0.1087,0,0.0281,0
6679.4,0.1094,0,0.2317,0
8383.8,0.1279,0,0.018,0
10794.2,0.0711,0,0.0531,0
9836.9,0.0413,0,0.0311,0
6519.7,0.1088,0,0.051,0
7879.5,0.0563,0,0.0247,0
5938.3,0.968,1,0.0862,0
8446.7,0.043,0,0.1751,0
9250.2,0.1506,0,0.0203,0
11043.2,0.1624,0,0.0371,0
8890.0,0.862,1,0.0483,0
10139.9,0.9505,1,0.0273,0
6632.9,0.5307,1,0.0187,0
8638.6,0.549,1,0.0498,0
7335.2,0.7225,1,0.029,0
11520.2,0.1286,0,0.0252,0
11974.1,0.7424,1,0.0444,0
12475.1,0.0901,0,0.0416,0
8327.2,0.0691,0,0.0282,0
12183.4,0.1092,0,0.0324,0
11792.6,0.0931,0,0.0379,0
13494.4,0.0431,0,0.0543,0
6805.5,0.6727,1,0.0175,0
6515.3,0.7043,1,0.0632,0
3778.4,0.9622,1,0.0648,0
6397.3,0.6177,1,0.2095,0
5202.9,0.3117,0,0.0643,0
8693.2,0.4114,0,0.0372,0
12485.7,0.1702,0,0.1097,0
8345.8,0.1996,0,0.0337,0
7809.2,0.0976,0,0.0286,0
7569.9,0.2975,0,0.0264,0
8269.7,0.6082,1,0.0566,0
8617.4,0.1203,0,0.0303,0
8491.1,0.5636,1,0.0214,0
9779.0,0.1912,0,0.0524,0
8817.1,0.0519,0,0.0223,0
6809.8,0.225,0,0.0276,0
8497.6,0.2685,0,0.018,0
6891.2,0.0905,0,0.0202,0
9377.9,0.2844,0,0.0348,0
7845.6,0.0904,0,0.033,0
6332.8,0.1066,0,0.0201,0
7091.2,0.273,0,0.0177,0
8546.6,0.9747,1,0.1,0
7756.9,0.8898,1,0.8006,1
9402.6,0.942,1,0.2004,0
5818.1,0.4992,0,0.0608,0
6510.5,0.0612,0,0.0341,0
9432.5,0.951,1,0.213,0
7632.5,0.914,1,0.6736,1
9155.3,0.8826,1,0.8434,1
8849.3,0.965,1,0.0313,0
8320.2,0.9795,1,0.7781,1
5842.7,0.0925,0,0.0285,0
7946.4,0.0622,0,0.0286,0
5796.3,0.1285,0,0.0309,0
4916.9,0.0481,0,0.0343,0
6551.9,0.0642,0,0.0258,0
5772.4,0.1017,0,0.0305,0
7285.2,0.0374,0,0.0322,0
6600.0,0.0554,0,0.0347,0
11262.7,0.0363,0,0.0235,0
6249.7,0.0709,0,0.0708,0
5438.5,0.0382,0,0.0253,0
13068.2,0.0405,0,0.0256,0
8918.6,0.0626,0,0.0231,0
4673.9,0.3467,0,0.0244,0
7789.1,0.0511,0,0.0165,0
11807.9,0.0432,0,0.0195,0
10395.5,0.0534,0,0.0235,0
9813.3,0.026,0,0.0222,0
12289.1,0.089,0,0.0404,0
5434.9,0.0605,0,0.019,0
4932.2,0.1538,0,0.0223,0
8790.0,0.1065,0,0.0416,0
7408.7,0.0479,0,0.0349,0
5668.5,0.0644,0,0.0176,0
6218.2,0.0527,0,0.0438,0
8819.3,0.0575,0,0.183,0
3105.7,0.9057,1,0.2951,0
8140.4,0.0274,0,0.0185,0
7796.8,0.0492,0,0.0217,0
8035.5,0.0666,0,0.0218,0
5581.1,0.0178,0,0.0234,0
10070.5,0.0361,0,0.0276,0
6588.7,0.0728,0,0.0478,0
7265.1,0.0601,0,0.0255,0
6219.1,0.0542,0,0.0318,0
5679.3,0.0749,0,0.0352,0
6521.2,0.0686,0,0.0451,0
5724.8,0.0438,0,0.034,0
6376.9,0.0345,0,0.0287,0
5568.7,0.0905,0,0.0406,0
6992.7,0.0561,0,0.035,0
6459.0,0.0332,0,0.0264,0
6338.5,0.0553,0,0.0383,0
5258.5,0.2773,0,0.0623,0
5292.7,0.3422,0,0.0531,0
12934.1,0.0798,0,0.0208,0
11361.4,0.1318,0,0.0349,0
10663.6,0.0405,0,0.0569,0
8754.1,0.0929,0,0.023,0
16023.4,0.0789,0,0.0355,0
7554.8,0.2339,0,0.0331,0
10030.6,0.0744,0,0.0254,0
10040.3,0.0722,0,0.028,0
13715.5,0.1424,0,0.0292,0
10414.0,0.1553,0,0.0152,0
3710.4,0.6651,1,0.0262,0
3959.7,0.6079,1,0.1664,0
5376.9,0.6691,1,0.0387,0
4109.3,0.699,1,0.0224,0
3558.7,0.5788,1,0.0456,0
6088.8,0.7391,1,0.0171,0
5101.7,0.0518,0,0.0394,0
3266.4,0.5296,1,0.0208,0
5094.6,0.1002,0,0.1251,0
10046.6,0.0558,0,0.0235,0
10775.0,0.1102,0,0.2768,0
7523.3,0.0454,0,0.0317,0
11648.9,0.086,0,0.0776,0
16043.0,0.0567,0,0.0589,0
11154.2,0.0638,0,0.0348,0
9519.0,0.0481,0,0.0359,0
6724.4,0.0608,0,0.0214,0
13906.1,0.0608,0,0.1109,0
14691.1,0.0159,0,0.0859,0
12775.1,0.038,0,0.0877,0
11698.2,0.0781,0,0.0271,0
8339.2,0.2366,0,0.0319,0
4166.6,0.0195,0,0.0197,0
4341.0,0.0145,0,0.0231,0
4066.1,0.0177,0,0.0193,0
9008.9,0.0588,0,0.0263,0
6566.3,0.0365,0,0.023,0
5450.4,0.0507,0,0.0263,0
5713.9,0.1094,0,0.0212,0
5153.0,0.0215,0,0.0358,0
5536.6,0.0442,0,0.013,0
6633.8,0.0151,0,0.014,0
9546.5,0.0689,0,0.0255,0
7997.3,0.0368,0,0.024,0
9072.3,0.2305,0,0.0533,0
13572.9,0.1063,0,0.0366,0
12152.0,0.221,0,0.031,0
10939.1,0.2723,0,0.0561,0
11683.4,0.1385,0,0.0734,0
12510.5,0.4958,0,0.0173,0
8945.7,0.1789,0,0.0595,0
9110.2,0.374,0,0.0503,0
5726.7,0.2163,0,0.034,0
7547.5,0.1599,0,0.0339,0
5733.0,0.1729,0,0.0497,0
12857.6,0.1197,0,0.0315,0
10343.8,0.2363,0,0.0371,0
7543.9,0.0408,0,0.0211,0
13174.5,0.306,0,0.4228,0
9548.5,0.0966,0,0.0356,0
8314.8,0.8153,1,0.8648,1
8257.9,0.0469,0,0.0956,0
2868.1,0.5952,1,0.6407,1
2810.1,0.696,1,0.7098,1
6500.1,0.6445,1,0.6516,1
4242.5,0.658,1,0.7599,1
6729.8,0.6099,1,0.0258,0
7544.7,0.1879,0,0.0408,0
6100.0,0.2215,0,0.0382,0
5717.5,0.1952,0,0.0202,0
4745.5,0.3224,0,0.0334,0
7627.7,0.0885,0,0.0892,0
5654.2,0.3388,0,0.8326,1
7844.1,0.0708,0,0.084,0
8323.9,0.0974,0,0.1612,0
5519.8,0.1596,0,0.0334,0
3503.6,0.537,1,0.0543,0
7615.3,0.189,0,0.0289,0
8153.8,0.0702,0,0.1173,0
8195.2,0.0954,0,0.1473,0
5553.5,0.1147,0,0.1158,0
6277.4,0.2674,0,0.0999,0
5274.7,0.177,0,0.2834,0
8272.6,0.03,0,0.0491,0
6169.8,0.0772,0,0.0898,0
7506.6,0.0424,0,0.0715,0
7497.1,0.0494,0,0.0474,0
5913.7,0.0858,0,0.0622,0
2980.9,0.655,1,0.7817,1
10797.4,0.0438,0,0.0327,0
10742.6,0.0397,0,0.0451,0
9775.8,0.0827,0,0.0504,0
9856.6,0.0674,0,0.0373,0
10610.0,0.1125,0,0.0307,0
9782.8,0.1161,0,0.0632,0
10270.5,0.037,0,0.0303,0
10394.3,0.0406,0,0.0241,0
13168.0,0.0299,0,0.041,0
10441.9,0.0505,0,0.1551,0
9418.4,0.0437,0,0.0589,0
9758.0,0.1026,0,0.0206,0
9526.4,0.9332,1,0.0543,0
11196.1,0.0438,0,0.0221,0
12114.0,0.0452,0,0.0324,0
12612.0,0.2365,0,0.0241,0
10248.5,0.0454,0,0.0774,0
8357.2,0.8415,1,0.1484,0
10510.7,0.0661,0,0.0167,0
10841.4,0.1146,0,0.0386,0
11451.5,0.0581,0,0.0282,0
9787.5,0.0987,0,0.018,0
15443.5,0.0384,0,0.0308,0
11327.9,0.1045,0,0.0279,0
6939.0,0.5187,1,0.0537,0
11113.7,0.0388,0,0.0224,0
14953.0,0.0448,0,0.0269,0
6337.3,0.9166,1,0.0528,0
9775.7,0.0371,0,0.0612,0
8926.6,0.0303,0,0.0308,0
11873.1,0.0495,0,0.0369,0
10587.4,0.0723,0,0.3016,0
7803.7,0.0794,0,0.0327,0
9454.9,0.0533,0,0.0253,0
11337.1,0.111,0,0.0321,0
9156.7,0.0613,0,0.0187,0
14870.7,0.1603,0,0.0341,0
11843.0,0.0723,0,0.0257,0
9753.4,0.0542,0,0.0183,0
10680.9,0.0841,0,0.0251,0
9832.8,0.0934,0,0.0278,0
16082.3,0.0476,0,0.0512,0
10742.2,0.0739,0,0.0261,0
11509.1,0.1469,0,0.0258,0
10964.6,0.1051,0,0.0305,0
10997.3,0.137,0,0.0283,0
13138.7,0.07,0,0.0282,0
10472.9,0.0737,0,0.0299,0
13788.9,0.0406,0,0.0374,0
12799.6,0.0832,0,0.0306,0
12047.0,0.0922,0,0.0328,0
12785.0,0.0855,0,0.0334,0
9746.2,0.1206,0,0.0295,0
11121.9,0.0586,0,0.0311,0
10445.8,0.0762,0,0.0321,0
13235.7,0.042,0,0.0317,0
12824.3,0.1216,0,0.0319,0
4876.0,0.1023,0,0.142,0
5857.4,0.0813,0,0.1472,0
4960.5,0.0899,0,0.0746,0
9330.9,0.0394,0,0.428,0
7286.1,0.1038,0,0.1107,0
8540.0,0.2737,0,0.432,0
8763.4,0.2752,0,0.567,1
4952.8,0.5788,1,0.685,1
12281.7,0.0609,0,0.2085,0
6299.3,0.1425,0,0.5757,1
8485.7,0.1508,0,0.332,0
12549.0,0.0222,0,0.2119,0
7508.3,0.2158,0,0.6101,1
6811.0,0.1366,0,0.5801,1
5644.6,0.1664,0,0.1145,0
5004.8,0.8212,1,0.7743,1
5727.2,0.6664,1,0.5554,1
8606.2,0.0777,0,0.2744,0
5105.3,0.6191,1,0.5802,1
5021.8,0.7174,1,0.0978,0
5978.6,0.7698,1,0.2768,0
4784.0,0.7236,1,0.1782,0
12981.1,0.0423,0,0.1909,0
6152.6,0.8275,1,0.1024,0
3965.2,0.5923,1,0.0813,0
6398.2,0.8532,1,0.0537,0
4394.1,0.5645,1,0.1212,0
8061.2,0.0683,0,0.3424,0
6185.5,0.1355,0,0.4182,0
5531.0,0.011,0,0.0646,0
6075.3,0.6557,1,0.4902,0
5349.2,0.0162,0,0.0839,0
6244.4,0.3247,0,0.0629,0
11441.8,0.0581,0,0.2501,0
6089.9,0.7269,1,0.2044,0
5943.3,0.7527,1,0.1976,0
5938.3,0.6091,1,0.1316,0
4636.3,0.6981,1,0.0802,0
5884.3,0.7102,1,0.1308,0
4071.9,0.7046,1,0.0737,0
6620.5,0.0042,0,0.06,0
6067.4,0.7345,1,0.2395,0
4153.4,0.6454,1,0.0849,0
6052.0,0.8624,1,0.2324,0
3852.0,0.7214,1,0.0953,0
8406.5,0.3468,0,0.1632,0
10808.2,0.0299,0,0.4939,0
5582.6,0.2932,0,0.0329,0
6120.0,0.7682,1,0.315,0
2700.9,0.5947,1,0.5292,1
3371.8,0.6485,1,0.5772,1
3672.0,0.6021,1,0.7927,1
9441.8,0.8912,1,0.8725,1
2727.4,0.5813,1,0.6126,1
2662.3,0.5552,1,0.5673,1
3128.1,0.6293,1,0.5948,1
2607.9,0.6022,1,0.5858,1
7948.0,0.9006,1,0.7374,1
3327.1,0.5469,1,0.5957,1
4564.5,0.732,1,0.7241,1
3077.2,0.6383,1,0.6159,1
3637.1,0.6203,1,0.4732,0
3427.9,0.6033,1,0.4975,0
2553.3,0.5846,1,0.5735,1
3526.3,0.6166,1,0.5826,1
3785.3,0.8173,1,0.5711,1
2769.0,0.5734,1,0.6706,1
3263.8,0.695,1,0.6003,1
3220.3,0.6052,1,0.5933,1
3671.8,0.5801,1,0.6207,1
2451.3,0.5443,1,0.6219,1
4264.3,0.932,1,0.9479,1
3525.4,0.5691,1,0.5397,1
2877.7,0.5084,1,0.584,1
2223.5,0.5844,1,0.5974,1
4807.5,0.5395,1,0.6299,1
2520.6,0.5951,1,0.5816,1
3246.7,0.7229,1,0.5233,1
3703.4,0.6561,1,0.9026,1
2991.1,0.6453,1,0.597,1
3277.4,0.5778,1,0.5791,1
2929.6,0.5496,1,0.5728,1
3285.0,0.6821,1,0.9224,1
3081.8,0.6795,1,0.9391,1
3411.2,0.8308,1,0.7508,1
2849.2,0.589,1,0.604,1
3559.3,0.6106,1,0.6036,1
3248.9,0.8359,1,0.876,1
2716.4,0.5119,1,0.611,1
3692.1,0.6341,1,0.5918,1
2470.7,0.6148,1,0.6357,1
2892.7,0.7166,1,0.5256,1
3393.6,0.566,1,0.5985,1
3276.3,0.511,1,0.5774,1
2862.2,0.6577,1,0.5907,1
3174.8,0.5996,1,0.7788,1
3128.3,0.565,1,0.5687,1
3069.0,0.7461,1,0.6437,1
2779.0,0.6861,1,0.5943,1
3056.8,0.7461,1,0.6006,1
3636.3,0.5379,1,0.5385,1
3281.1,0.1045,0,0.1289,0
3274.8,0.569,1,0.611,1
3412.4,0.4673,0,0.6638,1
3144.3,0.6317,1,0.5653,1
4768.5,0.5624,1,0.632,1
2980.9,0.6822,1,0.5849,1
3785.7,0.778,1,0.7955,1
1944.2,0.5557,1,0.619,1
3355.6,0.5609,1,0.5778,1
3444.5,0.5529,1,0.5619,1
2681.9,0.5223,1,0.6533,1
3635.7,0.5548,1,0.6057,1
3080.1,0.4411,0,0.5425,1
2773.5,0.6118,1,0.6034,1
6929.1,0.5498,1,0.1879,0
8043.1,0.0782,0,0.0157,0
15667.6,0.0949,0,0.034,0
12523.7,0.0304,0,0.0174,0
9334.3,0.0705,0,0.0358,0
12269.7,0.147,0,0.0313,0
12497.4,0.1139,0,0.0954,0
8171.7,0.1096,0,0.044,0
8316.1,0.1133,0,0.0228,0
6216.0,0.5847,1,0.0617,0
14747.6,0.1548,0,0.0723,0
10909.7,0.0677,0,0.0364,0
13743.4,0.1242,0,0.041,0
15238.0,0.1327,0,0.0368,0
16951.0,0.1069,0,0.0725,0
14341.6,0.1512,0,0.0519,0
12932.1,0.1174,0,0.0403,0
11496.1,0.1022,0,0.0457,0
7470.2,0.2721,0,0.0495,0
11795.2,0.142,0,0.0544,0
7995.1,0.0793,0,0.0665,0
4765.4,0.5149,1,0.4896,0
7636.7,0.0633,0,0.0581,0
19876.8,0.6064,1,0.1003,0
5047.6,0.5989,1,0.5067,1
1270.9,0.6665,1,0.4309,0
11018.8,0.0877,0,0.0277,0
10956.1,0.1688,0,0.0327,0
8859.3,0.0713,0,0.0394,0
8425.1,0.0454,0,0.0471,0
13468.8,0.5993,1,0.7369,1
7812.6,0.6219,1,0.1558,0
8106.7,0.5635,1,0.524,1
10340.4,0.7686,1,0.4741,0
9872.3,0.7221,1,0.7569,1
6066.4,0.6057,1,0.5406,1
2743.3,0.566,1,0.5386,1
2076.9,0.5653,1,0.5672,1
12992.1,0.1753,0,0.1796,0
13304.1,0.4933,0,0.8829,1
12490.6,0.7357,1,0.4755,0
5560.5,0.5619,1,0.6101,1
13149.1,0.0357,0,0.0605,0
18596.9,0.3112,0,0.1444,0
15321.3,0.6807,1,0.5797,1
11775.0,0.5629,1,0.501,1
2076.3,0.6269,1,0.498,0
14874.6,0.1436,0,0.0681,0
4216.3,0.6291,1,0.491,0
13074.7,0.6516,1,0.5313,1
9950.9,0.6757,1,0.0692,0
21491.5,0.0783,0,0.0521,0
8161.6,0.6377,1,0.522,1
5296.0,0.5134,1,0.1661,0
5046.8,0.5736,1,0.1999,0
4488.7,0.4673,0,0.6127,1
3830.3,0.5346,1,0.5901,1
3990.1,0.4662,0,0.5946,1
6035.1,0.5458,1,0.1624,0
5944.9,0.1624,0,0.3313,0
6230.4,0.624,1,0.1482,0
4631.4,0.6147,1,0.1652,0
4076.9,0.5376,1,0.6019,1
4459.5,0.0367,0,0.6243,1
4222.7,0.0672,0,0.2003,0
3991.8,0.4707,0,0.5901,1
4588.8,0.1772,0,0.2098,0
4807.3,0.0234,0,0.3961,0
5445.4,0.027,0,0.2454,0
4379.0,0.028,0,0.2517,0
4633.8,0.1004,0,0.4407,0
4289.3,0.063,0,0.2033,0
4289.7,0.477,0,0.5851,1
4278.3,0.4413,0,0.6076,1
4283.9,0.6047,1,0.6089,1
4146.2,0.1458,0,0.2664,0
4416.3,0.0176,0,0.3905,0
4572.4,0.1175,0,0.1412,0
4121.7,0.5063,1,0.5929,1
4173.4,0.5601,1,0.6289,1
4320.4,0.5183,1,0.5747,1
6050.3,0.5699,1,0.573,1
4077.0,0.6535,1,0.5816,1
3880.4,0.5281,1,0.606,1
4837.7,0.5373,1,0.7035,1
4963.5,0.5886,1,0.4136,0
3822.2,0.6381,1,0.6614,1
4416.3,0.4978,0,0.6509,1
5392.6,0.6747,1,0.5406,1
4204.1,0.5891,1,0.4626,0
4246.8,0.7538,1,0.5893,1
6185.9,0.6519,1,0.5961,1
4455.5,0.6345,1,0.594,1
6791.8,0.577,1,0.5969,1
5189.7,0.4761,0,0.6536,1
3946.2,0.5432,1,0.6526,1
4312.6,0.5128,1,0.607,1
3308.8,0.5406,1,0.6512,1
4399.6,0.5068,1,0.6124,1
3794.6,0.4734,0,0.5691,1
5424.0,0.5357,1,0.5907,1
6452.7,0.5576,1,0.6266,1
4215.4,0.5091,1,0.6431,1
3889.6,0.4802,0,0.6346,1
5181.8,0.5375,1,0.5558,1
4636.1,0.544,1,0.5543,1
4665.1,0.6245,1,0.6184,1
4799.4,0.6476,1,0.5786,1
4451.4,0.6538,1,0.4184,0
4787.8,0.5655,1,0.6117,1
5344.0,0.6479,1,0.5945,1
5594.3,0.5981,1,0.5396,1
4711.8,0.612,1,0.5556,1
4441.6,0.6431,1,0.5861,1
4466.7,0.5712,1,0.6072,1
6505.9,0.5206,1,0.6387,1
4755.3,0.5098,1,0.5986,1
4072.1,0.4737,0,0.6092,1
5173.3,0.5312,1,0.6363,1
2898.4,0.5476,1,0.5869,1
5056.6,0.5576,1,0.6067,1
3858.9,0.4911,0,0.801,1
4366.6,0.5837,1,0.5968,1
7740.2,0.0196,0,0.3744,0
3712.1,0.4934,0,0.6453,1
5020.0,0.8987,1,0.1905,0
5222.8,0.5176,1,0.5437,1
7881.4,0.0398,0,0.0413,0
5538.0,0.0488,0,0.1873,0
5486.0,0.0828,0,0.1284,0
6224.0,0.3999,0,0.1946,0
9618.3,0.0357,0,0.0223,0
8871.1,0.0297,0,0.0322,0
10141.6,0.0727,0,0.0219,0
6714.5,0.0209,0,0.2504,0
7375.1,0.6217,1,0.0648,0
7317.9,0.2228,0,0.2225,0
9990.2,0.1144,0,0.0291,0
6989.7,0.8492,1,0.2586,0
8383.3,0.0506,0,0.0277,0
7440.8,0.13,0,0.1604,0
8069.5,0.0615,0,0.0245,0
9401.3,0.0223,0,0.2192,0
9176.2,0.0396,0,0.0233,0
10748.5,0.067,0,0.0255,0
6654.4,0.13,0,0.262,0
11157.5,0.0276,0,0.0281,0
12677.6,0.0174,0,0.1189,0
8852.4,0.0285,0,0.0245,0
5978.5,0.5108,1,0.052,0
4362.8,0.6044,1,0.1259,0
5942.8,0.991,1,0.0921,0
5448.1,0.1398,0,0.0705,0
5201.9,0.1488,0,0.0678,0
11028.3,0.0515,0,0.033,0
5639.0,0.0434,0,0.0483,0
3970.7,0.1898,0,0.0663,0
4655.7,0.9017,1,0.0432,0
6189.3,0.0581,0,0.0525,0
6716.1,0.3136,0,0.0485,0
5319.4,0.6187,1,0.0543,0
5579.7,0.4496,0,0.0569,0
5495.6,0.9161,1,0.1056,0
6047.3,0.0811,0,0.6086,1
4911.7,0.3181,0,0.0664,0
6509.5,0.0817,0,0.0503,0
3949.9,0.6106,1,0.2145,0
4418.7,0.9658,1,0.0632,0
4854.8,0.6247,1,0.0669,0
4915.8,0.7076,1,0.0626,0
5047.0,0.9377,1,0.1442,0
5239.3,0.157,0,0.0478,0
4929.9,0.4706,0,0.0478,0
4653.0,0.7536,1,0.0657,0
5062.1,0.718,1,0.0667,0
5400.8,0.1656,0,0.0512,0
6301.2,0.7422,1,0.1561,0
5169.6,0.7432,1,0.0839,0
5061.9,0.4116,0,0.0581,0
6290.4,0.1608,0,0.0431,0
5173.8,0.1013,0,0.051,0
4837.0,0.6847,1,0.0717,0
6480.9,0.1786,0,0.0658,0
10917.0,0.1829,0,0.172,0
8249.6,0.0642,0,0.2963,0
10974.6,0.0392,0,0.2757,0
14859.3,0.0606,0,0.2942,0
14859.2,0.0905,0,0.2341,0
11256.1,0.0289,0,0.2413,0
14539.5,0.0587,0,0.1572,0
14904.8,0.2221,0,0.2975,0
18359.7,0.076,0,0.3945,0
13866.5,0.0326,0,0.0775,0
18599.9,0.0627,0,0.4014,0
15152.3,0.0533,0,0.3013,0
17417.7,0.03,0,0.7082,1
19100.2,0.1117,0,0.2543,0
10881.7,0.0818,0,0.233,0
18639.3,0.0373,0,0.5105,1
14358.1,0.0311,0,0.1357,0
8675.1,0.0213,0,0.0858,0
7239.5,0.0344,0,0.1125,0
17069.0,0.0297,0,0.4654,0
14144.6,0.0224,0,0.3453,0
5656.3,0.0839,0,0.1387,0
19075.6,0.0888,0,0.5349,1
16094.1,0.0278,0,0.4061,0
15699.1,0.1229,0,0.2188,0
10835.0,0.0878,0,0.0963,0
9492.8,0.0723,0,0.1402,0
10061.0,0.0792,0,0.139,0
11302.1,0.0595,0,0.5398,1
11426.4,0.1069,0,0.2481,0
10301.5,0.0931,0,0.2626,0
6214.8,0.0783,0,0.2987,0
7245.8,0.0274,0,0.3667,0
8690.4,0.8348,1,0.4906,0
16881.9,0.2052,0,0.089,0
6719.3,0.165,0,0.279,0
7327.2,0.062,0,0.1981,0
15089.9,0.1668,0,0.2677,0
9030.3,0.0407,0,0.1239,0
10322.5,0.045,0,0.1704,0
9290.6,0.8966,1,0.7635,1
11507.4,0.0819,0,0.49,0
15051.2,0.0855,0,0.5766,1
15020.4,0.046,0,0.6043,1
8322.2,0.0476,0,0.0989,0
14184.5,0.2185,0,0.315,0
4974.4,0.0838,0,0.1266,0
5160.2,0.9063,1,0.6491,1
4712.0,0.3679,0,0.7317,1
3282.8,0.2004,0,0.5708,1
9635.9,0.8984,1,0.6826,1
4725.6,0.1089,0,0.1196,0
4690.7,0.0682,0,0.0689,0
5033.0,0.0285,0,0.3368,0
7086.1,0.017,0,0.0767,0
5513.5,0.0595,0,0.057,0
5274.0,0.5426,1,0.2912,0
5234.9,0.1339,0,0.1685,0
6324.5,0.0754,0,0.0396,0
11253.5,0.2339,0,0.0394,0
4221.8,0.591,1,0.0287,0
3968.9,0.0368,0,0.0921,0
11052.3,0.1092,0,0.1303,0
3345.6,0.4479,0,0.0809,0
7182.3,0.0426,0,0.0429,0
14435.4,0.0909,0,0.0398,0
4166.7,0.555,1,0.0286,0
10594.5,0.0358,0,0.0699,0
4524.8,0.9156,1,0.133,0
5298.0,0.0331,0,0.1411,0
3672.0,0.5298,1,0.0865,0
3163.7,0.768,1,0.1365,0
6468.2,0.0884,0,0.0492,0
4680.4,0.0487,0,0.2308,0
5268.0,0.1293,0,0.2084,0
6301.2,0.0561,0,0.302,0
5208.2,0.7315,1,0.054,0
15880.6,0.0428,0,0.0526,0
5472.4,0.0258,0,0.155,0
5838.0,0.0143,0,0.2584,0
13399.2,0.0151,0,0.0261,0
7714.2,0.0551,0,0.0536,0
8065.5,0.0084,0,0.0424,0
7027.3,0.1554,0,0.037,0
4770.2,0.0892,0,0.1521,0
10958.4,0.0077,0,0.0448,0
7076.5,0.0285,0,0.0293,0
4314.3,0.9049,1,0.0272,0
10175.5,0.0576,0,0.0253,0
5739.5,0.0631,0,0.1226,0
9739.0,0.0838,0,0.0802,0
11008.3,0.0031,0,0.0209,0
5991.2,0.0319,0,0.3154,0
5846.3,0.0432,0,0.0309,0
15959.1,0.0184,0,0.028,0
9914.2,0.0289,0,0.027,0
4439.9,0.5326,1,0.1998,0
4474.9,0.09,0,0.0657,0
4505.8,0.0708,0,0.0483,0
14612.2,0.0199,0,0.1631,0
8799.7,0.0648,0,0.0362,0
6693.1,0.0773,0,0.0316,0
5793.6,0.0333,0,0.0208,0
8205.6,0.2949,0,0.3489,0
9634.4,0.0781,0,0.0384,0
9060.9,0.0664,0,0.0432,0
7364.9,0.0658,0,0.0462,0
8110.3,0.0783,0,0.063,0
3620.6,0.6591,1,0.0675,0
7068.8,0.0399,0,0.0327,0
6730.8,0.5921,1,0.0178,0
5702.1,0.1424,0,0.0835,0
8355.7,0.0767,0,0.1803,0
6056.7,0.0647,0,0.0463,0
6647.5,0.4556,0,0.1606,0
3528.2,0.5827,1,0.1461,0
7315.5,0.0588,0,0.0261,0
4139.8,0.6513,1,0.0951,0
3509.4,0.6785,1,0.1381,0
4807.2,0.0194,0,0.1224,0
7875.8,0.052,0,0.0386,0
5829.1,0.125,0,0.0478,0
4477.5,0.02,0,0.0202,0
6813.6,0.0388,0,0.4437,0
10665.9,0.1411,0,0.0557,0
9468.6,0.0223,0,0.1033,0
6323.0,0.0455,0,0.0411,0
6554.5,0.0121,0,0.0267,0
7165.1,0.7174,1,0.0404,0
5844.1,0.0854,0,0.1169,0
7089.5,0.0814,0,0.0462,0
12076.6,0.0152,0,0.0814,0
8846.2,0.0138,0,0.2288,0
5061.8,0.0283,0,0.145,0
8705.1,0.4725,0,0.1537,0
6452.2,0.5545,1,0.0545,0
10543.9,0.0067,0,0.1002,0
6101.2,0.0149,0,0.2447,0
7069.1,0.0702,0,0.0381,0
16196.8,0.0538,0,0.0381,0
7961.1,0.3965,0,0.1154,0
14264.8,0.0295,0,0.115,0
6032.4,0.0893,0,0.0619,0
6891.8,0.0153,0,0.1121,0
11357.6,0.0246,0,0.0536,0
10207.0,0.061,0,0.4481,0
9583.4,0.0857,0,0.0859,0
7739.4,0.0509,0,0.0393,0
9873.1,0.0635,0,0.0808,0
11094.7,0.0118,0,0.1868,0
9187.8,0.0679,0,0.2122,0
5141.1,0.784,1,0.0847,0
7909.6,0.0159,0,0.1504,0
12568.7,0.0106,0,0.0288,0
6085.7,0.4334,0,0.0972,0
7894.4,0.0162,0,0.1543,0
9346.6,0.0532,0,0.1169,0
9398.6,0.1326,0,0.0464,0
6804.0,0.6147,1,0.7089,1
17133.5,0.0096,0,0.1738,0
8180.3,0.0528,0,0.116,0
8305.2,0.0414,0,0.1049,0
4781.4,0.7828,1,0.841,1
4700.0,0.7197,1,0.5911,1
13206.7,0.033,0,0.0807,0
4469.1,0.5793,1,0.7806,1
7507.8,0.7558,1,0.6878,1
12866.7,0.4103,0,0.7998,1
6822.2,0.8752,1,0.8371,1
9687.5,0.0268,0,0.1284,0
7770.0,0.0357,0,0.2421,0
17694.2,0.0368,0,0.1309,0
8014.0,0.0863,0,0.1023,0
17694.1,0.0779,0,0.1283,0
5594.4,0.435,0,0.8899,1
15262.7,0.0328,0,0.1157,0
18195.9,0.054,0,0.2058,0
10608.5,0.9198,1,0.8618,1
18779.8,0.0686,0,0.1214,0
15828.9,0.0387,0,0.1216,0
6004.3,0.607,1,0.6965,1
18282.0,0.0478,0,0.2454,0
16878.8,0.0126,0,0.2417,0
18408.9,0.1461,0,0.2319,0
10218.2,0.0719,0,0.1345,0
19230.7,0.1329,0,0.5267,1
19064.9,0.0671,0,0.1633,0
17229.5,0.1568,0,0.1704,0
17404.0,0.0732,0,0.297,0
12294.0,0.0291,0,0.0614,0
16646.0,0.0574,0,0.1797,0
11478.6,0.1091,0,0.6973,1
13219.6,0.0251,0,0.1676,0
17579.0,0.0406,0,0.1163,0
16183.2,0.0456,0,0.0572,0
19541.2,0.1056,0,0.3719,0
18148.9,0.0567,0,0.2048,0
19206.0,0.0621,0,0.3902,0
12519.2,0.0232,0,0.1111,0
7116.8,0.0218,0,0.155,0
17234.3,0.0613,0,0.0719,0
5153.7,0.5525,1,0.5731,1
5169.7,0.0684,0,0.1732,0
16848.1,0.0535,0,0.2577,0
4243.8,0.9732,1,0.9273,1
11372.0,0.0175,0,0.1621,0
13973.9,0.236,0,0.1096,0
6617.5,0.3318,0,0.119,0
3847.2,0.5865,1,0.0979,0
8302.9,0.0481,0,0.1909,0
8954.9,0.0909,0,0.1664,0
7118.5,0.0628,0,0.0373,0
6511.9,0.08,0,0.0493,0
7257.8,0.6258,1,0.0988,0
11770.0,0.0908,0,0.0787,0
11507.6,0.0082,0,0.0265,0
5595.1,0.1856,0,0.2031,0
11898.7,0.0044,0,0.1045,0
15512.5,0.0961,0,0.0529,0
5327.7,0.007,0,0.2751,0
4839.5,0.244,0,0.0718,0
4191.6,0.5284,1,0.0792,0
6553.5,0.0607,0,0.3136,0
7621.9,0.5273,1,0.0434,0
6114.8,0.0683,0,0.1545,0
5441.4,0.0823,0,0.0564,0
4944.5,0.5354,1,0.0801,0
9763.5,0.0168,0,0.2096,0
7259.0,0.0576,0,0.0389,0
6295.0,0.5498,1,0.1654,0
5714.0,0.2185,0,0.1049,0
6587.2,0.5488,1,0.0785,0
3394.1,0.534,1,0.0868,0
12406.2,0.028,0,0.0552,0
8710.0,0.5422,1,0.0376,0
7182.2,0.029,0,0.167,0
7416.4,0.0666,0,0.0342,0
4151.6,0.1988,0,0.0609,0
7086.1,0.0491,0,0.0257,0
4875.1,0.2887,0,0.0565,0
8290.9,0.0179,0,0.0366,0
7130.6,0.0747,0,0.0354,0
5481.7,0.0988,0,0.0775,0
9379.6,0.0226,0,0.0333,0
5263.5,0.5944,1,0.1645,0
5147.1,0.7258,1,0.035,0
4146.2,0.4988,0,0.0513,0
5174.1,0.644,1,0.0398,0
11251.0,0.0163,0,0.0579,0
4073.0,0.6,1,0.3163,0
6530.3,0.1116,0,0.0344,0
4855.1,0.2918,0,0.0566,0
9446.3,0.0083,0,0.1111,0
6420.1,0.0284,0,0.0442,0
4879.9,0.4162,0,0.1767,0
4444.4,0.0438,0,0.1837,0
3165.3,0.0556,0,0.1308,0
3788.4,0.0275,0,0.0651,0
5329.6,0.0465,0,0.0289,0
8007.8,0.034,0,0.0558,0
3997.5,0.0854,0,0.0778,0
4303.8,0.0301,0,0.0291,0
4122.3,0.0861,0,0.0901,0
6489.7,0.0163,0,0.0388,0
5638.1,0.09,0,0.1234,0
11231.3,0.0509,0,0.0256,0
3883.5,0.5177,1,0.1784,0
3798.3,0.0438,0,0.116,0
6269.4,0.2059,0,0.159,0
4239.0,0.592,1,0.0793,0
3610.5,0.5654,1,0.0742,0
4904.1,0.5474,1,0.1354,0
4342.9,0.0809,0,0.0545,0
4671.0,0.6687,1,0.1246,0
2727.0,0.1743,0,0.1557,0
4132.8,0.0747,0,0.3507,0
12459.6,0.0226,0,0.0332,0
5203.0,0.0128,0,0.1364,0
3396.8,0.8285,1,0.1024,0
5682.1,0.1173,0,0.1414,0
3028.7,0.5838,1,0.1522,0
6179.4,0.1181,0,0.0705,0
9061.8,0.8059,1,0.0436,0
3751.6,0.1147,0,0.047,0
3747.6,0.5528,1,0.1505,0
5722.3,0.9413,1,0.2438,0
6402.1,0.7135,1,0.7932,1
4208.6,0.5072,1,0.2411,0
4388.5,0.0022,0,0.1273,0
9931.3,0.0198,0,0.0208,0
9903.0,0.0812,0,0.0222,0
8272.8,0.0995,0,0.4182,0
5829.3,0.0393,0,0.2104,0
7749.9,0.148,0,0.1194,0
7672.1,0.1914,0,0.8432,1
7068.0,0.1848,0,0.0346,0
5002.8,0.1173,0,0.1266,0
3874.6,0.7344,1,0.0984,0
5127.1,0.0406,0,0.2497,0
10793.4,0.083,0,0.2297,0
4467.6,0.1726,0,0.0602,0
3470.5,0.5853,1,0.0963,0
4294.5,0.0089,0,0.1624,0
10218.4,0.0428,0,0.028,0
5390.2,0.0419,0,0.2537,0
3203.9,0.5192,1,0.1498,0
19382.6,0.0163,0,0.0485,0
14920.4,0.0328,0,0.0774,0
4706.8,0.7845,1,0.0793,0
5170.5,0.0307,0,0.0313,0
6027.9,0.0335,0,0.0241,0
4009.7,0.5144,1,0.0306,0
3412.4,0.0192,0,0.1073,0
4737.4,0.7672,1,0.1149,0
3991.7,0.5946,1,0.1061,0
3061.2,0.2474,0,0.0987,0
3745.7,0.5972,1,0.1681,0
4411.5,0.5006,1,0.1893,0
4413.6,0.5664,1,0.3215,0
4611.3,0.7067,1,0.2657,0
4696.4,0.5246,1,0.1338,0
4044.2,0.5783,1,0.204,0
3833.9,0.4954,0,0.1592,0
4115.2,0.5866,1,0.1641,0
8189.6,0.0774,0,0.1711,0
3644.4,0.6362,1,0.1193,0
3772.1,0.4883,0,0.2052,0
3581.6,0.5029,1,0.2376,0
3959.3,0.8063,1,0.2459,0
5471.9,0.0713,0,0.2394,0
8625.8,0.0066,0,0.3043,0
5073.4,0.0472,0,0.1425,0
7104.1,0.1039,0,0.1791,0
4868.2,0.8551,1,0.2637,0
3922.5,0.0197,0,0.1859,0
14613.4,0.0385,0,0.3936,0
4379.2,0.4619,0,0.0958,0
11943.9,0.0807,0,0.2598,0
11093.2,0.0148,0,0.1351,0
4595.3,0.5007,1,0.2161,0
7333.9,0.023,0,0.2257,0
4284.8,0.1334,0,0.143,0
6880.3,0.0424,0,0.0436,0
3742.3,0.0868,0,0.1792,0
8864.5,0.0115,0,0.1412,0
8163.0,0.0218,0,0.3074,0
5165.7,0.7732,1,0.1496,0
7073.4,0.0715,0,0.643,1
3740.2,0.674,1,0.2331,0
7759.0,0.5766,1,0.6272,1
5863.0,0.2293,0,0.2563,0
5398.0,0.2351,0,0.2162,0
3168.4,0.5669,1,0.1554,0
8131.0,0.0656,0,0.2765,0
4119.5,0.0098,0,0.1731,0
4445.2,0.6047,1,0.1754,0
12155.9,0.1023,0,0.3278,0
10007.6,0.0676,0,0.2477,0
4808.3,0.0317,0,0.2336,0
5287.2,0.1656,0,0.1922,0
9607.3,0.0647,0,0.2929,0
7422.1,0.4843,0,0.1797,0
11575.8,0.0438,0,0.2157,0
4761.5,0.57,1,0.2388,0
11229.9,0.0572,0,0.2437,0
8433.8,0.0558,0,0.2546,0
8693.6,0.0294,0,0.3213,0
4256.0,0.8599,1,0.1163,0
5402.0,0.8659,1,0.3082,0
7804.9,0.1187,0,0.2288,0
8147.7,0.0699,0,0.2092,0
4183.3,0.5299,1,0.1856,0
10085.0,0.0562,0,0.728,1
3097.7,0.6224,1,0.1386,0
9915.6,0.0632,0,0.3889,0
12768.7,0.0502,0,0.4503,0
4138.3,0.5788,1,0.1856,0
3859.1,0.0937,0,0.1924,0
4593.6,0.594,1,0.1613,0
4394.9,0.4744,0,0.0886,0
4689.6,0.6525,1,0.1548,0
8249.6,0.0048,0,0.1251,0
4121.1,0.5568,1,0.2122,0
5862.7,0.5334,1,0.1548,0
6358.7,0.0845,0,0.27,0
5537.7,0.6887,1,0.3394,0
5640.1,0.7191,1,0.2782,0
6294.3,0.7143,1,0.2461,0
4250.6,0.5256,1,0.2046,0
5207.2,0.5594,1,0.2171,0
7598.1,0.2496,0,0.2054,0
4205.0,0.5083,1,0.1924,0
6658.8,0.0137,0,0.2285,0
4782.8,0.7796,1,0.2861,0
7485.3,0.1933,0,0.2811,0
7660.4,0.0318,0,0.3509,0
4815.9,0.5038,1,0.1491,0
4375.7,0.5584,1,0.1646,0
4248.0,0.8572,1,0.1648,0
9530.6,0.039,0,0.5181,1
4091.4,0.2129,0,0.2687,0
8446.4,0.428,0,0.3659,0
3894.9,0.6007,1,0.2479,0
4429.6,0.4628,0,0.1774,0
3689.4,0.5113,1,0.1555,0
8700.7,0.0109,0,0.5732,1
3824.7,0.4934,0,0.241,0
4042.1,0.5422,1,0.2254,0
4339.4,0.476,0,0.1374,0
10370.4,0.0384,0,0.4835,0
7408.0,0.0528,0,0.5368,1
12301.2,0.0327,0,0.1982,0
6933.5,0.1122,0,0.0522,0
7472.1,0.0628,0,0.3843,0
4331.5,0.5262,1,0.2409,0
4287.5,0.604,1,0.1603,0
12158.3,0.0218,0,0.2968,0
5094.6,0.0276,0,0.1734,0
9371.5,0.0217,0,0.3381,0
5855.6,0.6136,1,0.4507,0
6268.8,0.0618,0,0.2898,0
10334.6,0.0721,0,0.3156,0
3093.6,0.4657,0,0.1743,0
4046.2,0.5937,1,0.2143,0
5483.9,0.0237,0,0.1225,0
6699.2,0.0199,0,0.2728,0
11400.1,0.0275,0,0.1786,0
9736.2,0.1079,0,0.4229,0
4488.0,0.0563,0,0.221,0
4419.3,0.7335,1,0.1445,0
12437.2,0.0442,0,0.3713,0
8029.9,0.0716,0,0.2865,0
4144.7,0.6024,1,0.3694,0
9911.7,0.0095,0,0.1616,0
8276.3,0.0207,0,0.2693,0
4071.0,0.4751,0,0.309,0
3393.0,0.5239,1,0.1486,0
5220.7,0.1207,0,0.2147,0
7155.9,0.1393,0,0.2426,0
3575.1,0.5342,1,0.1568,0
4158.6,0.576,1,0.1642,0
7021.0,0.2716,0,0.3669,0
9620.7,0.0557,0,0.3125,0
5094.9,0.6151,1,0.1361,0
9684.6,0.0149,0,0.3329,0
5176.1,0.5856,1,0.2172,0
4284.9,0.5426,1,0.149,0
9807.3,0.1041,0,0.2776,0
5628.8,0.5868,1,0.2064,0
5212.8,0.578,1,0.2061,0
11870.2,0.0157,0,0.3182,0
7025.3,0.006,0,0.2369,0
5016.2,0.9239,1,0.2221,0
6679.4,0.0274,0,0.2826,0
4106.8,0.5176,1,0.2515,0
4881.4,0.5163,1,0.0665,0
4064.9,0.6339,1,0.1598,0
3993.2,0.6397,1,0.1921,0
4354.6,0.5253,1,0.1881,0
8046.5,0.6828,1,0.1962,0
7630.6,0.0456,0,0.3012,0
4224.5,0.5844,1,0.1505,0
4990.5,0.705,1,0.1814,0
3814.3,0.4931,0,0.2636,0
3956.5,0.6477,1,0.198,0
4365.4,0.5259,1,0.1424,0
3835.4,0.6921,1,0.1769,0
7699.9,0.6288,1,0.1147,0
10296.8,0.005,0,0.2799,0
3641.0,0.5281,1,0.2151,0
7632.6,0.0524,0,0.1756,0
3903.5,0.1087,0,0.1706,0
4991.0,0.5233,1,0.2683,0
4126.1,0.5298,1,0.1685,0
4613.3,0.5422,1,0.1182,0
10905.1,0.0462,0,0.0323,0
13136.8,0.367,0,0.0356,0
10047.1,0.097,0,0.0327,0
11673.3,0.0761,0,0.0434,0
4268.0,0.5582,1,0.5291,1
12082.1,0.0611,0,0.0353,0
13139.0,0.1084,0,0.0411,0
3996.9,0.3588,0,0.0657,0
10953.7,0.0307,0,0.0294,0
10479.2,0.0433,0,0.0469,0
4737.3,0.0767,0,0.4981,0
3452.1,0.5581,1,0.1832,0
5690.1,0.0673,0,0.0277,0
5520.7,0.0575,0,0.0146,0
3828.4,0.6113,1,0.6121,1
4901.4,0.8134,1,0.0498,0
4747.0,0.0836,0,0.056,0
7406.0,0.0604,0,0.142,0
5249.0,0.0566,0,0.1221,0
4971.4,0.1029,0,0.179,0
5864.6,0.1715,0,0.3872,0
6806.3,0.0921,0,0.1266,0
10284.3,0.0585,0,0.0785,0
7202.7,0.0726,0,0.0323,0
4052.1,0.7558,1,0.5807,1
4368.1,0.0644,0,0.2272,0
4502.6,0.0353,0,0.0886,0
4394.9,0.2257,0,0.6789,1
5658.6,0.1114,0,0.1625,0
3654.2,0.3453,0,0.3997,0
3425.9,0.0578,0,0.1994,0
10705.2,0.058,0,0.1771,0
5013.0,0.0753,0,0.0878,0
6293.0,0.1408,0,0.0393,0
10069.0,0.0703,0,0.0193,0
9124.2,0.0451,0,0.0685,0
4233.6,0.0661,0,0.0513,0
2775.0,0.6279,1,0.0447,0
5736.9,0.0439,0,0.0371,0
6159.8,0.4784,0,0.041,0
3005.0,0.5845,1,0.0452,0
9654.2,0.0653,0,0.1264,0
4303.2,0.0554,0,0.0555,0
4883.2,0.0369,0,0.0429,0
4869.7,0.0751,0,0.0235,0
3710.6,0.1408,0,0.0796,0
6630.1,0.0293,0,0.0378,0
4654.5,0.2258,0,0.0166,0
4367.5,0.1451,0,0.0189,0
3371.1,0.0204,0,0.059,0
5082.7,0.1182,0,0.0475,0
3602.8,0.8262,1,0.0824,0
2930.3,0.5948,1,0.0268,0
2997.6,0.5762,1,0.0623,0
5275.0,0.1471,0,0.3824,0
5312.3,0.1135,0,0.033,0
5375.3,0.0579,0,0.0283,0
9593.2,0.0765,0,0.0298,0
4940.2,0.0939,0,0.0444,0
3884.2,0.6198,1,0.0313,0
7874.4,0.1677,0,0.0566,0
9659.6,0.0315,0,0.0326,0
10167.1,0.0975,0,0.0409,0
9685.6,0.0308,0,0.0322,0
11397.3,0.0534,0,0.0482,0
8929.2,0.0282,0,0.0342,0
11735.9,0.0575,0,0.0332,0
10335.0,0.0722,0,0.0356,0
8830.2,0.0412,0,0.0321,0
8774.9,0.0235,0,0.0308,0
7944.7,0.1027,0,0.1367,0
9516.6,0.0683,0,0.0515,0
11175.6,0.0724,0,0.0254,0
5451.5,0.1366,0,0.0185,0
6892.0,0.1322,0,0.0266,0
10497.8,0.099,0,0.0221,0
3335.3,0.5706,1,0.2009,0
6512.3,0.6659,1,0.0166,0
5986.6,0.1148,0,0.903,1
6063.1,0.9741,1,0.0249,0
4067.1,0.0533,0,0.1664,0
13200.6,0.1166,0,0.3991,0
5620.3,0.1412,0,0.4523,0
12238.7,0.0766,0,0.033,0
5080.9,0.6706,1,0.539,1
6950.7,0.6023,1,0.0251,0
4080.3,0.758,1,0.0273,0
4080.1,0.5662,1,0.0797,0
8793.4,0.4676,0,0.9303,1
8651.4,0.5297,1,0.0437,0
6013.1,0.9524,1,0.1781,0
4129.9,0.3493,0,0.1037,0
7469.5,0.0805,0,0.0201,0
9070.8,0.0636,0,0.0334,0
8035.1,0.0475,0,0.0255,0
10530.5,0.0589,0,0.711,1
12125.4,0.0409,0,0.0257,0
3836.6,0.5666,1,0.043,0
3866.2,0.5738,1,0.1997,0
7456.3,0.4294,0,0.3061,0
3777.3,0.1163,0,0.0549,0
4978.4,0.7392,1,0.2176,0
3853.9,0.7959,1,0.1222,0
3356.0,0.594,1,0.2656,0
5936.2,0.1403,0,0.0288,0
4958.5,0.0676,0,0.0474,0
3830.8,0.7052,1,0.2754,0
4379.0,0.1239,0,0.0327,0
9708.0,0.0483,0,0.051,0
3898.1,0.6938,1,0.069,0
3169.4,0.5643,1,0.1801,0
5125.1,0.1258,0,0.0458,0
6739.5,0.0778,0,0.036,0
4144.6,0.5088,1,0.1963,0
4039.3,0.4882,0,0.1133,0
3916.2,0.0967,0,0.062,0
6166.6,0.0757,0,0.0944,0
6144.3,0.0472,0,0.0252,0
4085.2,0.0598,0,0.0454,0
3724.6,0.261,0,0.0329,0
5115.7,0.4904,0,0.6273,1
5913.9,0.5318,1,0.0641,0
3684.1,0.6711,1,0.3352,0
7597.6,0.0417,0,0.0298,0
4655.8,0.1041,0,0.2821,0
2679.5,0.4225,0,0.1869,0
9208.6,0.0574,0,0.0487,0
8332.8,0.0775,0,0.0261,0
5852.7,0.6238,1,0.0307,0
3726.3,0.5857,1,0.0316,0
4254.8,0.6524,1,0.026,0
7360.1,0.0189,0,0.0295,0
4586.9,0.6905,1,0.0102,0
5433.5,0.0246,0,0.0438,0
7236.6,0.0848,0,0.0342,0
5872.0,0.4138,0,0.0149,0
5722.9,0.0634,0,0.0238,0
10017.8,0.0581,0,0.0317,0
8789.3,0.1104,0,0.0361,0
3531.4,0.2358,0,0.0138,0
3303.6,0.1108,0,0.0163,0
3288.4,0.5149,1,0.0178,0
5345.2,0.6604,1,0.0121,0
2706.8,0.508,1,0.0304,0
4903.3,0.684,1,0.0328,0
3286.6,0.5987,1,0.0345,0
6471.3,0.0337,0,0.0306,0
3813.7,0.5604,1,0.0606,0
5437.5,0.4474,0,0.0231,0
6947.5,0.0386,0,0.0266,0
5143.8,0.1131,0,0.045,0
3253.3,0.5801,1,0.057,0
6553.2,0.0428,0,0.026,0
6322.8,0.0851,0,0.0629,0
3945.7,0.0944,0,0.026,0
8937.3,0.0864,0,0.0257,0
5875.3,0.0872,0,0.0184,0
8267.5,0.0791,0,0.7923,1
5444.7,0.4072,0,0.0215,0
6959.6,0.6014,1,0.0438,0
8132.6,0.8901,1,0.0343,0
6945.1,0.0922,0,0.0264,0
7672.5,0.0552,0,0.0361,0
7820.5,0.0566,0,0.0298,0
8295.3,0.0788,0,0.2138,0
7047.9,0.0537,0,0.032,0
5217.6,0.0665,0,0.1717,0
6873.8,0.2674,0,0.0444,0
9962.5,0.0387,0,0.233,0
8944.5,0.1369,0,0.0119,0
3987.8,0.1868,0,0.1871,0
9683.9,0.0511,0,0.2046,0
6595.7,0.1765,0,0.0354,0
9640.8,0.059,0,0.1385,0
8516.9,0.1091,0,0.053,0
5798.4,0.1148,0,0.4114,0
5908.0,0.0811,0,0.0537,0
5771.9,0.7509,1,0.1362,0
6691.9,0.2162,0,0.3061,0
5879.6,0.2634,0,0.072,0
6460.7,0.9549,1,0.3563,0
6209.6,0.0456,0,0.0556,0
3701.9,0.0587,0,0.0988,0
8858.1,0.708,1,0.0361,0
5081.7,0.0965,0,0.0471,0
8050.4,0.0788,0,0.0319,0
10197.3,0.0572,0,0.1715,0
4242.3,0.6379,1,0.2911,0
6685.5,0.07,0,0.0128,0
8093.5,0.0693,0,0.2375,0
8140.2,0.0835,0,0.0312,0
7419.0,0.0556,0,0.0128,0
7309.4,0.3228,0,0.0695,0
11608.5,0.0255,0,0.0288,0
11718.0,0.083,0,0.0248,0
14349.4,0.066,0,0.0273,0
7258.9,0.0789,0,0.0238,0
10587.9,0.0565,0,0.0442,0
9624.2,0.0495,0,0.0311,0
10541.8,0.1477,0,0.0339,0
12620.4,0.0643,0,0.0554,0
9313.8,0.0533,0,0.0202,0
14514.7,0.0588,0,0.0556,0
12363.4,0.1346,0,0.0526,0
15169.5,0.0423,0,0.0215,0
14604.3,0.0557,0,0.0717,0
13141.7,0.0584,0,0.0382,0
13311.2,0.0496,0,0.0224,0
13283.3,0.0725,0,0.068,0
14900.4,0.0394,0,0.0313,0
14437.6,0.0843,0,0.0588,0
13368.0,0.0745,0,0.0302,0
12797.2,0.0689,0,0.0355,0
15343.4,0.0522,0,0.0496,0
12227.3,0.0587,0,0.0402,0
11652.1,0.034,0,0.0224,0
4929.4,0.1618,0,0.0688,0
13469.4,0.0551,0,0.0203,0
7087.1,0.1902,0,0.2084,0
9236.0,0.0604,0,0.0372,0
10224.4,0.0513,0,0.0326,0
3444.2,0.0932,0,0.1105,0
10986.3,0.0654,0,0.1291,0
11687.0,0.055,0,0.0189,0
12310.2,0.0927,0,0.0292,0
4671.9,0.1836,0,0.0415,0
9337.4,0.0485,0,0.0357,0
8281.1,0.0762,0,0.0376,0
8755.2,0.0843,0,0.0199,0
8023.5,0.037,0,0.0187,0
9648.9,0.0425,0,0.0186,0
9711.9,0.0442,0,0.0169,0
6470.8,0.0807,0,0.0135,0
9873.4,0.154,0,0.0201,0
6129.7,0.0561,0,0.0257,0
9334.7,0.0647,0,0.0288,0
10452.6,0.028,0,0.0188,0
10030.0,0.0527,0,0.0291,0
8745.7,0.0471,0,0.0202,0
6871.1,0.1677,0,0.0482,0
8452.2,0.1024,0,0.0419,0
6727.6,0.1266,0,0.0511,0
6155.5,0.0989,0,0.0739,0
5849.4,0.1003,0,0.0408,0
6409.8,0.1568,0,0.0556,0
4469.9,0.2395,0,0.0664,0
5391.5,0.1168,0,0.0473,0
2961.9,0.1363,0,0.1054,0
5220.0,0.1853,0,0.1199,0
5276.1,0.684,1,0.0616,0
4993.2,0.2349,0,0.0783,0
3864.0,0.1331,0,0.1054,0
6585.4,0.1398,0,0.0501,0
4934.4,0.1931,0,0.0422,0
9110.3,0.0546,0,0.0272,0
5061.0,0.3191,0,0.0625,0
4445.2,0.1862,0,0.0823,0
3990.6,0.2641,0,0.0979,0
4722.8,0.3975,0,0.1339,0
4750.1,0.5016,1,0.2543,0
4745.8,0.1144,0,0.1076,0
5109.7,0.0907,0,0.037,0
4240.0,0.1029,0,0.0594,0
8898.5,0.6711,1,0.0329,0
4330.3,0.1057,0,0.0422,0
4250.7,0.1201,0,0.0609,0
4232.6,0.198,0,0.3003,0
5613.0,0.1321,0,0.0555,0
4272.9,0.7392,1,0.7419,1
7733.5,0.1582,0,0.0185,0
5960.6,0.0756,0,0.0467,0
6655.5,0.0512,0,0.0362,0
6345.5,0.1014,0,0.0221,0
5571.0,0.1255,0,0.032,0
6982.4,0.081,0,0.013,0
7345.4,0.0943,0,0.0163,0
12493.0,0.2551,0,0.0313,0
7845.1,0.0388,0,0.0307,0
12533.4,0.0323,0,0.0098,0
8819.4,0.1733,0,0.0465,0
6332.9,0.1182,0,0.0242,0
6784.1,0.1017,0,0.6977,1
10472.7,0.0921,0,0.0271,0
9419.1,0.0693,0,0.0291,0
10338.0,0.0829,0,0.1068,0
11928.6,0.1172,0,0.0414,0
9593.4,0.035,0,0.0362,0
10393.0,0.0764,0,0.0352,0
8422.3,0.0623,0,0.0256,0
7767.8,0.1177,0,0.0362,0
12276.8,0.0939,0,0.0249,0
10509.4,0.1254,0,0.0335,0
12150.6,0.0592,0,0.0391,0
13428.7,0.0682,0,0.6009,1
8938.7,0.0687,0,0.0372,0
13998.0,0.1163,0,0.057,0
10464.0,0.0569,0,0.0422,0
8759.1,0.8855,1,0.972,1
9902.8,0.0812,0,0.039,0
11465.8,0.0621,0,0.0362,0
9724.5,0.0508,0,0.0235,0
9167.1,0.0729,0,0.0246,0
12068.6,0.0668,0,0.0363,0
13406.1,0.0786,0,0.0247,0
10930.3,0.0461,0,0.9938,1
15157.5,0.0291,0,0.0206,0
8453.8,0.0452,0,0.0229,0
8450.1,0.0808,0,0.0144,0
8215.9,0.0709,0,0.035,0
11077.6,0.0629,0,0.0234,0
16079.7,0.0537,0,0.0367,0
10994.2,0.0664,0,0.0332,0
11884.9,0.0426,0,0.0359,0
13500.5,0.0881,0,0.1107,0
12374.1,0.1137,0,0.025,0
11627.9,0.0941,0,0.4047,0
12201.5,0.0536,0,0.047,0
11462.2,0.0651,0,0.3929,0
9196.6,0.4589,0,0.6567,1
11611.3,0.0609,0,0.0711,0
9574.6,0.0422,0,0.0659,0
11775.2,0.0348,0,0.035,0
13632.0,0.0528,0,0.0438,0
9826.5,0.0339,0,0.0209,0
7640.1,0.4667,0,0.2534,0
9426.5,0.0589,0,0.0192,0
12339.0,0.0546,0,0.018,0
14857.4,0.054,0,0.0255,0
4489.2,0.8386,1,0.9771,1
9992.4,0.0865,0,0.0336,0
7183.4,0.0504,0,0.0143,0
11195.1,0.0964,0,0.0347,0
9217.4,0.043,0,0.0202,0
9628.0,0.0478,0,0.0757,0
7031.5,0.0395,0,0.017,0
10955.8,0.0195,0,0.0355,0
9242.7,0.0404,0,0.0169,0
12251.9,0.1444,0,0.0595,0
9457.5,0.0395,0,0.0264,0
11551.6,0.0416,0,0.0236,0
8652.8,0.1272,0,0.0672,0
9082.1,0.1751,0,0.0465,0
8336.1,0.0869,0,0.0244,0
9530.1,0.0422,0,0.0333,0
6645.7,0.0885,0,0.938,1
9552.0,0.0355,0,0.0243,0
14999.7,0.087,0,0.0353,0
10243.8,0.041,0,0.0221,0
8314.5,0.054,0,0.0436,0
8385.7,0.0628,0,0.0294,0
13493.9,0.0622,0,0.0239,0
10467.4,0.0489,0,0.0357,0
12963.3,0.0636,0,0.0271,0
9067.9,0.0453,0,0.0214,0
7415.6,0.0429,0,0.0244,0
10029.2,0.088,0,0.0269,0
13371.3,0.1477,0,0.0374,0
8870.0,0.1087,0,0.0247,0
11348.1,0.0385,0,0.0235,0
7606.5,0.0822,0,0.0489,0
10363.5,0.0337,0,0.0164,0
6624.4,0.1693,0,0.0462,0
7900.5,0.0687,0,0.0444,0
10606.0,0.04,0,0.0278,0
11969.2,0.0362,0,0.0209,0
10618.9,0.0721,0,0.0315,0
12217.5,0.0774,0,0.0327,0
12813.5,0.0873,0,0.0313,0
10413.9,0.0538,0,0.0445,0
10164.3,0.0382,0,0.0287,0
10592.5,0.0608,0,0.0317,0
4882.0,0.7381,1,0.0438,0
5952.0,0.0619,0,0.0224,0
8504.8,0.2296,0,0.0257,0
11313.5,0.9391,1,0.9584,1
9618.9,0.0778,0,0.059,0
7747.5,0.0442,0,0.0205,0
8035.2,0.0892,0,0.0238,0
10438.6,0.0825,0,0.0287,0
5840.8,0.0436,0,0.1043,0
7802.9,0.0828,0,0.0271,0
8173.0,0.0819,0,0.0226,0
6237.0,0.1471,0,0.0111,0
5305.2,0.0964,0,0.0245,0
7892.4,0.0685,0,0.0209,0
8657.5,0.0778,0,0.0234,0
8071.5,0.1085,0,0.0534,0
5479.8,0.5833,1,0.078,0
10929.5,0.0989,0,0.0952,0
9307.3,0.1494,0,0.0457,0
5578.3,0.084,0,0.0405,0
3325.6,0.0844,0,0.0705,0
12005.8,0.0416,0,0.0281,0
7787.0,0.1302,0,0.0286,0
11008.2,0.0615,0,0.039,0
9226.9,0.0933,0,0.0066,0
2876.7,0.4311,0,0.0375,0
3727.5,0.0801,0,0.0361,0
7075.2,0.0658,0,0.0202,0
9360.6,0.108,0,0.0306,0
9466.9,0.0269,0,0.0258,0
7333.1,0.0505,0,0.0231,0
12270.5,0.0669,0,0.0331,0
12117.6,0.0449,0,0.0515,0
11039.8,0.5726,1,0.0267,0
10491.3,0.1262,0,0.085,0
13265.7,0.0587,0,0.0285,0
11258.4,0.0597,0,0.0325,0
12652.6,0.0299,0,0.0246,0
15862.4,0.0722,0,0.4522,0
10872.1,0.0496,0,0.0199,0
12901.6,0.0632,0,0.0251,0
12952.9,0.0457,0,0.032,0
11349.0,0.0567,0,0.019,0
9810.0,0.0561,0,0.0265,0
13609.3,0.0599,0,0.0216,0
9309.1,0.144,0,0.031,0
7339.1,0.9179,1,0.0278,0
10178.1,0.5723,1,0.0377,0
10694.3,0.2969,0,0.0384,0
12863.9,0.0528,0,0.0171,0
11662.3,0.0686,0,0.0306,0
10083.6,0.052,0,0.0204,0
14274.1,0.0603,0,0.0307,0
10667.0,0.0833,0,0.0344,0
10024.0,0.0642,0,0.0225,0
15090.0,0.0676,0,0.0412,0
11664.7,0.058,0,0.0987,0
12583.9,0.0768,0,0.2433,0
6262.0,0.0749,0,0.047,0
10174.5,0.0644,0,0.0319,0
9507.6,0.5176,1,0.051,0
12800.2,0.0568,0,0.0276,0
12159.9,0.5192,1,0.0444,0
11725.6,0.0546,0,0.0344,0
12829.6,0.0585,0,0.0234,0
14290.1,0.0274,0,0.1019,0
10619.2,0.0745,0,0.0366,0
11732.2,0.0748,0,0.0538,0
7525.8,0.4608,0,0.0412,0
14755.8,0.0874,0,0.0322,0
13705.6,0.0364,0,0.0451,0
8122.8,0.0461,0,0.0214,0
11078.5,0.0518,0,0.0364,0
14574.4,0.0634,0,0.031,0
15572.0,0.0641,0,0.0344,0
13333.1,0.0287,0,0.0505,0
17468.3,0.0745,0,0.0328,0
6604.6,0.1011,0,0.0279,0
11179.7,0.0675,0,0.0291,0
6891.2,0.1785,0,0.035,0
4354.4,0.085,0,0.0304,0
9701.3,0.043,0,0.031,0
14639.1,0.0609,0,0.0305,0
12076.1,0.0457,0,0.0295,0
15165.0,0.0485,0,0.0231,0
11112.3,0.0488,0,0.0334,0
14709.2,0.0785,0,0.0342,0
13017.0,0.124,0,0.0355,0
6966.0,0.1483,0,0.0296,0
8252.5,0.1249,0,0.1019,0
7966.6,0.0818,0,0.0213,0
7142.3,0.143,0,0.0266,0
5637.0,0.4864,0,0.1046,0
7432.8,0.0517,0,0.0351,0
7010.4,0.0908,0,0.4007,0
4674.6,0.0547,0,0.0465,0
13922.2,0.2606,0,0.0394,0
2955.7,0.6312,1,0.7703,1
8418.3,0.064,0,0.0376,0
6898.2,0.0523,0,0.0331,0
4172.8,0.0766,0,0.0785,0
8866.9,0.0539,0,0.0258,0
12744.4,0.0453,0,0.022,0
10930.7,0.046,0,0.0257,0
10154.3,0.0381,0,0.0267,0
10004.4,0.0548,0,0.0411,0
13677.1,0.0437,0,0.0452,0
6121.0,0.2019,0,0.0361,0
10813.9,0.0618,0,0.0638,0
11753.7,0.0671,0,0.0309,0
3150.1,0.6019,1,0.2519,0
8350.4,0.1155,0,0.0191,0
6353.1,0.1416,0,0.0261,0
6872.2,0.5968,1,0.0221,0
4188.3,0.498,0,0.0612,0
5497.1,0.1166,0,0.0686,0
9050.7,0.0484,0,0.0169,0
8202.8,0.08,0,0.0148,0
9061.7,0.1173,0,0.1199,0
7728.4,0.6575,1,0.0568,0
6116.7,0.1247,0,0.079,0
7691.7,0.1968,0,0.0685,0
6562.4,0.1113,0,0.0764,0
7662.4,0.3796,0,0.4153,0
11193.5,0.106,0,0.1492,0
6283.4,0.0888,0,0.0573,0
6805.7,0.2823,0,0.0528,0
5513.0,0.2287,0,0.1084,0
5611.5,0.5707,1,0.0981,0
10110.7,0.9381,1,0.9066,1
8324.5,0.2531,0,0.0639,0
9104.3,0.7637,1,0.9777,1
10818.3,0.9909,1,0.9779,1
8541.8,0.4341,0,0.0421,0
7398.3,0.6055,1,0.1847,0
9223.1,0.75,1,0.4986,0
7494.2,0.092,0,0.0397,0
10008.8,0.9226,1,0.9657,1
4916.3,0.3005,0,0.1231,0
7819.1,0.9555,1,0.9518,1
7086.4,0.1142,0,0.0784,0
8397.4,0.9606,1,0.7908,1
6112.6,0.9493,1,0.3239,0
7836.5,0.4799,0,0.0518,0
7255.6,0.264,0,0.0492,0
8219.8,0.7326,1,0.8132,1
10113.9,0.3237,0,0.8908,1
11306.5,0.0826,0,0.0365,0
10611.7,0.0609,0,0.0352,0
5524.7,0.9162,1,0.3008,0
6359.2,0.9599,1,0.3508,0
7662.0,0.7627,1,0.2445,0
5286.2,0.947,1,0.2204,0
10301.6,0.1312,0,0.0658,0
8321.8,0.0438,0,0.0185,0
11546.7,0.1377,0,0.0944,0
11779.6,0.0325,0,0.0271,0
4435.3,0.9704,1,0.2916,0
6323.6,0.5854,1,0.3539,0
6684.0,0.9813,1,0.2881,0
6148.9,0.9049,1,0.3466,0
16524.8,0.0547,0,0.1268,0
7706.2,0.7232,1,0.1848,0
10470.4,0.0961,0,0.1006,0
6013.9,0.6601,1,0.0739,0
5507.8,0.9712,1,0.3237,0
5900.5,0.9686,1,0.305,0
5239.7,0.9657,1,0.2784,0
9019.8,0.8952,1,0.2482,0
6846.3,0.8933,1,0.2033,0
7498.3,0.7923,1,0.249,0
5637.3,0.9669,1,0.4403,0
5694.0,0.3455,0,0.2465,0
7775.7,0.5873,1,0.3087,0
6110.1,0.7199,1,0.1824,0
7381.8,0.7967,1,0.2115,0
8391.8,0.5021,1,0.355,0
6464.3,0.5417,1,0.2413,0
6452.7,0.71,1,0.2507,0
5099.4,0.9627,1,0.2191,0
6703.4,0.9822,1,0.1806,0
5871.4,0.9745,1,0.292,0
7093.8,0.6308,1,0.2448,0
7086.8,0.6583,1,0.2417,0
4834.3,0.2642,0,0.5061,1
6547.9,0.766,1,0.2957,0
6212.0,0.8962,1,0.2395,0
4511.3,0.9619,1,0.2554,0
5340.3,0.7562,1,0.4322,0
7200.7,0.1834,0,0.1811,0
4595.9,0.6565,1,0.2501,0
5844.7,0.8638,1,0.2165,0
5137.9,0.9335,1,0.3119,0
7156.1,0.6704,1,0.248,0
8404.2,0.6823,1,0.2262,0
6647.4,0.3109,0,0.3717,0
7261.4,0.2104,0,0.2898,0
9344.1,0.3202,0,0.2627,0
5052.4,0.3603,0,0.948,1
6398.2,0.872,1,0.3171,0
9756.3,0.6427,1,0.4655,0
7098.1,0.4431,0,0.2804,0
5773.1,0.8134,1,0.2885,0
7280.8,0.8749,1,0.2861,0
5664.8,0.9215,1,0.3098,0
7891.1,0.6908,1,0.4668,0
6681.5,0.8483,1,0.2572,0
10055.2,0.3432,0,0.1849,0
10778.6,0.7635,1,0.1016,0
10592.2,0.4202,0,0.0315,0
9474.9,0.1504,0,0.0283,0
10367.4,0.0821,0,0.0799,0
13592.9,0.185,0,0.0218,0
12605.0,0.0721,0,0.0148,0
8499.1,0.6068,1,0.0165,0
8409.2,0.0557,0,0.0227,0
4881.4,0.9665,1,0.0259,0
8260.7,0.4658,0,0.0499,0
12181.9,0.691,1,0.0373,0
16094.5,0.0541,0,0.0188,0
17587.5,0.0728,0,0.0516,0
11437.5,0.0596,0,0.0567,0
3462.9,0.7685,1,0.0195,0
13052.0,0.0286,0,0.5857,1
18620.1,0.0439,0,0.4733,0
4952.8,0.0766,0,0.2168,0
12566.7,0.0489,0,0.7998,1
19577.1,0.0228,0,0.2594,0
3653.4,0.0525,0,0.2547,0
7480.0,0.4343,0,0.0212,0
11326.8,0.0699,0,0.0225,0
6807.0,0.884,1,0.0494,0
5301.2,0.1508,0,0.0344,0
4604.4,0.0445,0,0.2886,0
9996.7,0.0526,0,0.341,0
5694.5,0.0331,0,0.2533,0
6350.9,0.1321,0,0.5706,1
17872.5,0.0382,0,0.4487,0
9683.6,0.053,0,0.6781,1
8339.9,0.0659,0,0.3525,0
16333.5,0.0188,0,0.7469,1
5125.6,0.5075,1,0.2646,0
14335.2,0.0289,0,0.8096,1
5938.8,0.0744,0,0.47,0
4189.9,0.1288,0,0.1473,0
8444.4,0.1346,0,0.0519,0
3949.8,0.457,0,0.6332,1
15700.2,0.0361,0,0.4733,0
7079.9,0.077,0,0.3531,0
5600.9,0.0621,0,0.1897,0
9136.9,0.092,0,0.5355,1
10990.6,0.0346,0,0.2216,0
9795.2,0.0656,0,0.0786,0
4510.5,0.5442,1,0.3887,0
9796.6,0.095,0,0.0787,0
5147.7,0.0921,0,0.0449,0
9008.3,0.0599,0,0.0214,0
8483.3,0.0729,0,0.0323,0
5694.0,0.1112,0,0.0634,0
7538.7,0.4045,0,0.3897,0
6925.8,0.1345,0,0.0486,0
6936.1,0.0886,0,0.0493,0
8948.8,0.0744,0,0.0366,0
6052.7,0.1427,0,0.0275,0
8580.4,0.0718,0,0.0272,0
6993.3,0.2223,0,0.0475,0
6871.3,0.0936,0,0.0449,0
6694.4,0.1234,0,0.0458,0
9107.6,0.1321,0,0.0269,0
6892.5,0.1207,0,0.0379,0
9018.9,0.1182,0,0.0281,0
12723.3,0.0494,0,0.0594,0
10015.9,0.0393,0,0.0545,0
10074.3,0.0527,0,0.0672,0
11795.3,0.0738,0,0.0522,0
10339.4,0.0374,0,0.0214,0
8336.4,0.035,0,0.6522,1
10515.8,0.0432,0,0.0688,0
11675.2,0.0652,0,0.0806,0
8620.4,0.0346,0,0.0638,0
7779.7,0.4254,0,0.1019,0
8028.2,0.1007,0,0.0547,0
11066.8,0.0442,0,0.061,0
10383.5,0.0422,0,0.0612,0
9110.6,0.0564,0,0.0748,0
6207.6,0.0899,0,0.026,0
6973.6,0.1071,0,0.0344,0
7563.9,0.1234,0,0.0299,0
5188.4,0.1106,0,0.0269,0
13180.0,0.0579,0,0.0572,0
9530.3,0.0541,0,0.0638,0
7718.0,0.0504,0,0.0646,0
7325.9,0.1216,0,0.0149,0
6414.1,0.1,0,0.0266,0
6337.0,0.1136,0,0.0265,0
6846.6,0.0791,0,0.0346,0
9663.9,0.0468,0,0.0334,0
5990.9,0.3103,0,0.0314,0
9669.5,0.1025,0,0.0381,0
7650.4,0.0637,0,0.0193,0
11059.0,0.0907,0,0.0312,0
6681.9,0.1214,0,0.0292,0
4533.2,0.0781,0,0.0316,0
7817.0,0.1191,0,0.0267,0
6929.1,0.079,0,0.0411,0
7213.4,0.1205,0,0.0304,0
5443.5,0.1357,0,0.0418,0
8672.9,0.0911,0,0.0286,0
8028.0,0.072,0,0.0312,0
7389.8,0.0496,0,0.0356,0
9271.1,0.142,0,0.0359,0
9486.7,0.7605,1,0.0425,0
8337.8,0.2616,0,0.1506,0
10291.1,0.0748,0,0.0773,0
7745.6,0.0459,0,0.0298,0
6867.2,0.1006,0,0.0309,0
6971.1,0.0802,0,0.018,0
6933.1,0.4886,0,0.1238,0
8837.6,0.0797,0,0.0714,0
11489.2,0.0362,0,0.0456,0
10671.9,0.0432,0,0.0247,0
9266.2,0.0531,0,0.0412,0
7938.9,0.1401,0,0.0548,0
9787.2,0.0308,0,0.0261,0
7915.8,0.925,1,0.7509,1
9558.9,0.2526,0,0.0371,0
11000.6,0.5622,1,0.027,0
11291.4,0.0454,0,0.0489,0
10434.0,0.2854,0,0.5883,1
10423.9,0.0414,0,0.0376,0
8135.7,0.0653,0,0.0646,0
8376.9,0.0645,0,0.033,0
8223.0,0.0972,0,0.1343,0
10234.5,0.0319,0,0.0334,0
8813.7,0.723,1,0.0219,0
8608.9,0.1729,0,0.1317,0
8126.3,0.827,1,0.6104,1
7770.9,0.6053,1,0.1012,0
9810.6,0.0371,0,0.0114,0
11400.9,0.0434,0,0.0164,0
9895.6,0.0383,0,0.0192,0
10701.9,0.0303,0,0.0294,0
9640.1,0.0868,0,0.0129,0
13698.2,0.0271,0,0.026,0
10458.2,0.03,0,0.0135,0
10924.0,0.0344,0,0.0364,0
14433.6,0.0336,0,0.0204,0
10945.6,0.1314,0,0.0172,0
10217.8,0.0831,0,0.0235,0
9544.9,0.0803,0,0.0115,0
9570.9,0.1499,0,0.0142,0
9730.2,0.0848,0,0.0156,0
10621.9,0.0151,0,0.0199,0
10335.1,0.0446,0,0.0103,0
12367.8,0.0701,0,0.0257,0
9123.5,0.061,0,0.0388,0
15816.2,0.1165,0,0.0537,0
11005.1,0.0985,0,0.025,0
10339.5,0.0483,0,0.0338,0
13581.6,0.1216,0,0.0301,0
16550.1,0.0233,0,0.0346,0
7254.5,0.0482,0,0.016,0
14895.3,0.0484,0,0.0311,0
14586.9,0.0499,0,0.0413,0
8528.1,0.1417,0,0.0272,0
9451.1,0.0839,0,0.0322,0
5125.3,0.8614,1,0.0813,0
8581.2,0.1698,0,0.0265,0
10127.1,0.0749,0,0.0272,0
8732.6,0.4959,0,0.0108,0
8032.4,0.7556,1,0.1622,0
5113.3,0.1904,0,0.0856,0
9214.9,0.0771,0,0.0502,0
8577.8,0.1652,0,0.099,0
6550.4,0.8387,1,0.0455,0
2655.2,0.5651,1,0.1434,0
5989.6,0.4858,0,0.0379,0
8915.7,0.039,0,0.0268,0
8806.0,0.0525,0,0.0276,0
7789.5,0.1371,0,0.0179,0
9019.8,0.1756,0,0.037,0
10772.2,0.1062,0,0.1157,0
9814.2,0.0354,0,0.0253,0
8141.0,0.5712,1,0.0208,0
9496.2,0.0619,0,0.0442,0
10128.5,0.0095,0,0.0556,0
5559.5,0.1221,0,0.0373,0
13397.3,0.0292,0,0.0484,0
9698.8,0.0761,0,0.0554,0
8041.7,0.0201,0,0.021,0
10632.6,0.0279,0,0.023,0
12041.3,0.0144,0,0.0365,0
5871.3,0.0195,0,0.0462,0
16217.2,0.0182,0,0.045,0
7244.6,0.116,0,0.0322,0
8507.2,0.0324,0,0.0283,0
6673.1,0.0988,0,0.064,0
8905.1,0.0144,0,0.0284,0
11981.6,0.0092,0,0.0251,0
7956.2,0.0178,0,0.0221,0
11112.1,0.2824,0,0.0464,0
8752.2,0.0433,0,0.0246,0
11915.3,0.0833,0,0.0212,0
10804.3,0.091,0,0.0321,0
8278.9,0.0672,0,0.0359,0
8605.4,0.1383,0,0.0461,0
5796.9,0.0449,0,0.0261,0
8054.2,0.1131,0,0.0786,0
10350.5,0.1338,0,0.0408,0
10142.4,0.1596,0,0.0314,0
9983.0,0.2329,0,0.0537,0
6943.1,0.1008,0,0.119,0
7358.8,0.0727,0,0.0406,0
12296.6,0.0677,0,0.0295,0
10902.7,0.1016,0,0.0458,0
9229.8,0.031,0,0.0279,0
7759.8,0.031,0,0.0314,0
12124.8,0.0199,0,0.0517,0
8817.8,0.0148,0,0.0389,0
7920.9,0.0554,0,0.0413,0
9320.6,0.0966,0,0.0535,0
10404.6,0.0181,0,0.045,0
8957.6,0.0263,0,0.0398,0
11834.8,0.0122,0,0.0227,0
8892.9,0.0352,0,0.0301,0
9428.5,0.0612,0,0.042,0
7935.0,0.0881,0,0.0336,0
8675.8,0.0809,0,0.057,0
11676.1,0.0605,0,0.0741,0
9507.4,0.02,0,0.0505,0
9283.4,0.0188,0,0.0422,0
11754.9,0.1086,0,0.0401,0
11203.2,0.0452,0,0.0438,0
13736.1,0.0296,0,0.0466,0
8996.1,0.0157,0,0.0464,0
6823.5,0.0447,0,0.0279,0
3692.6,0.0231,0,0.0391,0
9808.8,0.1364,0,0.0605,0
10743.6,0.0113,0,0.0256,0
11247.1,0.013,0,0.0448,0
8648.9,0.064,0,0.0201,0
6305.6,0.1337,0,0.0301,0
7778.1,0.1388,0,0.0278,0
7528.5,0.0886,0,0.0532,0
7835.3,0.0758,0,0.0526,0
7809.7,0.0304,0,0.0241,0
8266.1,0.0501,0,0.0269,0
7124.1,0.1439,0,0.0264,0
7739.9,0.0402,0,0.0291,0
7818.1,0.0874,0,0.0355,0
7530.0,0.0278,0,0.0268,0
7254.6,0.0584,0,0.0264,0
6744.1,0.0267,0,0.0219,0
11058.0,0.0855,0,0.0387,0
10007.0,0.0242,0,0.0223,0
6949.0,0.0476,0,0.0388,0
7626.2,0.0632,0,0.0303,0
7535.2,0.0349,0,0.0248,0
8127.8,0.0507,0,0.0235,0
7241.7,0.1385,0,0.031,0
7467.1,0.0477,0,0.0238,0
10265.5,0.12,0,0.0384,0
6732.8,0.0941,0,0.0273,0
8463.9,0.098,0,0.0776,0
15317.6,0.13,0,0.0616,0
7820.2,0.0822,0,0.0575,0
8307.1,0.0117,0,0.033,0
8733.9,0.1048,0,0.032,0
8408.1,0.0185,0,0.0296,0
11715.3,0.0651,0,0.032,0
11525.7,0.0164,0,0.0288,0
9225.7,0.1019,0,0.0448,0
10457.4,0.0578,0,0.0449,0
10550.8,0.0539,0,0.0383,0
11433.2,0.0628,0,0.0347,0
14151.0,0.0168,0,0.0343,0
11999.9,0.0106,0,0.0306,0
12197.8,0.0549,0,0.0398,0
11383.7,0.0361,0,0.033,0
7434.4,0.0276,0,0.0224,0
13453.8,0.0828,0,0.0258,0
6669.9,0.0843,0,0.0247,0
11200.5,0.0142,0,0.039,0
10762.1,0.0075,0,0.0227,0
7893.9,0.1262,0,0.0487,0
7206.7,0.0379,0,0.0455,0
8802.2,0.087,0,0.0861,0
9093.0,0.0168,0,0.04,0
10652.1,0.0103,0,0.029,0
9173.3,0.0117,0,0.0231,0
7069.1,0.0846,0,0.0238,0
11134.6,0.0202,0,0.0251,0
8281.6,0.0075,0,0.038,0
8825.1,0.0646,0,0.0182,0
6030.8,0.0463,0,0.0267,0
12167.9,0.1048,0,0.0335,0
7098.7,0.493,0,0.0212,0
13013.8,0.0602,0,0.0309,0
11159.5,0.048,0,0.0181,0
7828.9,0.0407,0,0.0528,0
12937.9,0.0467,0,0.0417,0
8816.8,0.0782,0,0.0332,0
10065.4,0.0546,0,0.0179,0
9925.8,0.0695,0,0.0489,0
7562.8,0.1608,0,0.0286,0
5738.6,0.0417,0,0.0182,0
11027.1,0.0576,0,0.0164,0
10240.3,0.0743,0,0.0729,0
9069.9,0.088,0,0.0284,0
6448.2,0.1126,0,0.0445,0
10198.9,0.0708,0,0.0272,0
6613.2,0.1111,0,0.0288,0
8721.4,0.1334,0,0.0291,0
9643.3,0.0867,0,0.0319,0
11192.8,0.0534,0,0.0408,0
8396.2,0.0867,0,0.0295,0
5656.7,0.492,0,0.016,0
9137.9,0.0422,0,0.0319,0
9251.7,0.092,0,0.035,0
6046.8,0.6124,1,0.0826,0
10451.8,0.0866,0,0.0344,0
9376.9,0.1422,0,0.039,0
13956.1,0.1131,0,0.0448,0
7732.1,0.0901,0,0.0317,0
10904.9,0.0865,0,0.0478,0
9243.0,0.5875,1,0.0505,0
6831.1,0.0656,0,0.02,0
10586.2,0.0491,0,0.0226,0
11019.6,0.0614,0,0.0296,0
9068.6,0.0775,0,0.0234,0
8120.1,0.0539,0,0.3742,0
7316.5,0.1085,0,0.031,0
3629.4,0.4856,0,0.8597,1
9286.5,0.0737,0,0.0254,0
6590.2,0.9244,1,0.9726,1
5895.8,0.7355,1,0.6507,1
7495.7,0.6043,1,0.6125,1
8160.8,0.086,0,0.0964,0
7254.7,0.8043,1,0.6042,1
5930.3,0.136,0,0.3185,0
8837.1,0.0391,0,0.0774,0
6382.7,0.7243,1,0.7592,1
8515.1,0.8769,1,0.7616,1
10417.2,0.0432,0,0.0658,0
9835.3,0.0741,0,0.0641,0
3158.1,0.6589,1,0.7111,1
4007.6,0.8238,1,0.8697,1
5384.7,0.0942,0,0.1741,0
3325.3,0.762,1,0.7815,1
5698.5,0.8016,1,0.6618,1
2907.8,0.814,1,0.4803,0
6841.3,0.2848,0,0.6233,1
5715.2,0.9533,1,0.898,1
11282.4,0.0465,0,0.1701,0
8534.8,0.6133,1,0.6174,1
14510.1,0.131,0,0.0946,0
8306.7,0.0353,0,0.0675,0
11426.5,0.0819,0,0.0681,0
6406.4,0.491,0,0.7972,1
8854.4,0.8539,1,0.7585,1
7406.1,0.0551,0,0.0999,0
10349.0,0.1038,0,0.0651,0
3799.4,0.5765,1,0.731,1
6179.4,0.0951,0,0.1015,0
5572.9,0.9169,1,0.8842,1
8636.2,0.0883,0,0.1469,0
4333.9,0.9059,1,0.4383,0
2877.5,0.6292,1,0.6333,1
9091.8,0.8419,1,0.8601,1
4569.2,0.9251,1,0.792,1
4600.6,0.6047,1,0.6164,1
6373.1,0.093,0,0.0493,0
5182.2,0.0897,0,0.0526,0
5621.3,0.0736,0,0.0867,0
3343.1,0.5361,1,0.668,1
4088.0,0.3767,0,0.2318,0
7363.5,0.6955,1,0.3852,0
5258.3,0.9455,1,0.1702,0
3322.8,0.7057,1,0.3276,0
3670.6,0.6949,1,0.6068,1
3745.0,0.6819,1,0.6376,1
5529.6,0.0457,0,0.0529,0
6301.2,0.1509,0,0.0539,0
5582.4,0.0376,0,0.0455,0
4505.5,0.7191,1,0.1263,0
3718.6,0.6892,1,0.0742,0
4723.0,0.1784,0,0.0494,0
6164.2,0.8432,1,0.4113,0
2771.3,0.0436,0,0.0642,0
6476.4,0.0597,0,0.1311,0
3498.8,0.5248,1,0.5186,1
3715.9,0.2823,0,0.1024,0
4248.2,0.8263,1,0.1131,0
3761.8,0.2335,0,0.2131,0
4197.3,0.647,1,0.1741,0
5406.1,0.8036,1,0.2785,0
4433.7,0.3285,0,0.1106,0
3428.8,0.4181,0,0.1292,0
4049.1,0.0577,0,0.0428,0
3236.3,0.1509,0,0.3699,0
3741.8,0.1494,0,0.1082,0
5861.0,0.0581,0,0.04,0
5326.0,0.1016,0,0.0352,0
6749.8,0.129,0,0.0411,0
6869.9,0.0865,0,0.049,0
5919.1,0.117,0,0.0999,0
4522.6,0.4605,0,0.0366,0
4422.9,0.0398,0,0.021,0
5308.2,0.1142,0,0.0317,0
4282.7,0.0992,0,0.0409,0
5072.2,0.3207,0,0.0489,0
4215.9,0.5856,1,0.1749,0
7273.0,0.0436,0,0.0257,0
5994.2,0.0728,0,0.1258,0
4949.6,0.1205,0,0.047,0
5836.5,0.8576,1,0.1539,0
4922.4,0.9866,1,0.1395,0
4705.0,0.0715,0,0.0516,0
5611.0,0.7477,1,0.1359,0
6849.1,0.0786,0,0.0294,0
4249.2,0.7059,1,0.4371,0
7091.3,0.043,0,0.0159,0
6935.2,0.389,0,0.0609,0
4135.9,0.1459,0,0.0492,0
4887.5,0.0785,0,0.0519,0
5666.6,0.0621,0,0.0588,0
4306.4,0.7018,1,0.3707,0
9101.4,0.0151,0,0.0168,0
5514.8,0.4766,0,0.9277,1
5349.4,0.7638,1,0.0766,0
4037.8,0.0794,0,0.0486,0
4507.8,0.8251,1,0.1428,0
4772.1,0.7857,1,0.0739,0
6689.1,0.842,1,0.1157,0
4138.6,0.1314,0,0.081,0
4134.8,0.6718,1,0.1404,0
4463.4,0.8796,1,0.458,0
4081.2,0.8006,1,0.5591,1
10283.2,0.4645,0,0.8257,1
6041.2,0.0654,0,0.0423,0
4583.2,0.643,1,0.6221,1
6560.7,0.9333,1,0.112,0
3945.2,0.462,0,0.1766,0
3274.9,0.3501,0,0.9642,1
3384.3,0.3116,0,0.1663,0
3683.7,0.5666,1,0.5572,1
6350.3,0.3109,0,0.0486,0
5502.9,0.2595,0,0.0749,0
4951.2,0.0786,0,0.0205,0
7009.0,0.2495,0,0.0328,0
3765.8,0.4737,0,0.507,1
4330.0,0.9595,1,0.4372,0
4381.9,0.1698,0,0.0586,0
3862.9,0.0196,0,0.0367,0
3787.0,0.4508,0,0.587,1
3180.9,0.8238,1,0.0761,0
7775.2,0.0399,0,0.0734,0
17139.2,0.0111,0,0.0411,0
5337.5,0.9524,1,0.0539,0
4758.4,0.637,1,0.1161,0
4356.7,0.1386,0,0.2776,0
4315.9,0.2055,0,0.0648,0
8810.6,0.6247,1,0.0555,0
7400.9,0.0971,0,0.0512,0
4679.9,0.0121,0,0.0358,0
4224.0,0.1243,0,0.1389,0
5459.5,0.0096,0,0.0301,0
5641.2,0.0969,0,0.0289,0
3257.6,0.0303,0,0.045,0
3086.5,0.3681,0,0.235,0
6728.7,0.05,0,0.0449,0
4734.8,0.1749,0,0.0478,0
5580.9,0.1641,0,0.0756,0
4014.7,0.4676,0,0.2026,0
5327.3,0.0617,0,0.0659,0
5271.0,0.257,0,0.1191,0
4654.2,0.1343,0,0.6883,1
4240.4,0.1923,0,0.0824,0
4694.0,0.6496,1,0.285,0
4473.6,0.8036,1,0.1107,0
4084.4,0.2563,0,0.0929,0
5073.1,0.4536,0,0.0658,0
11003.3,0.1222,0,0.0231,0
9107.0,0.3093,0,0.0257,0
10693.0,0.1812,0,0.0285,0
9512.1,0.1367,0,0.0238,0
8618.4,0.0973,0,0.0262,0
6629.6,0.2469,0,0.0417,0
10619.3,0.1719,0,0.0311,0
12130.8,0.1508,0,0.0217,0
10833.1,0.0846,0,0.0304,0
7297.7,0.0456,0,0.0412,0
2918.9,0.5074,1,0.412,0
13492.4,0.0707,0,0.0312,0
10392.6,0.1214,0,0.0921,0
7386.0,0.3072,0,0.0592,0
7857.9,0.1975,0,0.0438,0
11293.2,0.0358,0,0.0536,0
8526.0,0.1176,0,0.0254,0
8743.1,0.1044,0,0.0317,0
4618.8,0.5494,1,0.0619,0
14004.9,0.0696,0,0.0367,0
12035.1,0.0292,0,0.051,0
7301.3,0.7558,1,0.0239,0
3560.5,0.4542,0,0.2594,0
14614.6,0.0768,0,0.0269,0
11771.2,0.0698,0,0.0708,0
8257.2,0.0232,0,0.0111,0
15347.4,0.043,0,0.0358,0
12851.7,0.091,0,0.0429,0
13337.4,0.0829,0,0.0215,0
3490.4,0.7275,1,0.1121,0
12325.5,0.081,0,0.0345,0
10971.3,0.075,0,0.0296,0
9981.3,0.0479,0,0.0728,0
10245.3,0.1236,0,0.0389,0
7771.9,0.0345,0,0.0473,0
8694.8,0.0657,0,0.0337,0
8283.6,0.0433,0,0.0369,0
7568.5,0.7005,1,0.0601,0
6067.2,0.1436,0,0.0338,0
4106.8,0.0419,0,0.018,0
8565.2,0.0923,0,0.0447,0
10435.9,0.0446,0,0.0193,0
12455.2,0.303,0,0.0338,0
5463.5,0.3948,0,0.0147,0
14136.5,0.0446,0,0.0326,0
5912.4,0.118,0,0.0618,0
7432.4,0.2005,0,0.0302,0
10340.2,0.097,0,0.0224,0
9519.7,0.1205,0,0.0367,0
10645.9,0.0818,0,0.032,0
15735.7,0.0957,0,0.0299,0
10197.5,0.667,1,0.0413,0
11846.3,0.0449,0,0.0305,0
12301.7,0.1784,0,0.043,0
7319.7,0.6737,1,0.0268,0
11419.7,0.1601,0,0.0263,0
8431.2,0.75,1,0.0396,0
11000.9,0.5537,1,0.1887,0
8585.4,0.3496,0,0.052,0
9635.7,0.3832,0,0.0264,0
10663.4,0.0986,0,0.0357,0
7913.3,0.0814,0,0.0321,0
11847.8,0.1644,0,0.0293,0
12294.3,0.0537,0,0.0193,0
10875.6,0.2131,0,0.0266,0
7929.9,0.0437,0,0.0262,0
10879.6,0.0515,0,0.0203,0
4308.8,0.378,0,0.0478,0
12578.1,0.0641,0,0.0304,0
6822.8,0.0944,0,0.0324,0
6844.8,0.1479,0,0.0611,0
9109.8,0.1414,0,0.1227,0
9375.4,0.0328,0,0.0253,0
12534.0,0.1194,0,0.0334,0
8833.8,0.0514,0,0.0268,0
5067.1,0.5112,1,0.0423,0
10292.9,0.5332,1,0.3882,0
8429.9,0.141,0,0.0332,0
7760.6,0.972,1,0.0697,0
9896.1,0.3672,0,0.0439,0
13668.7,0.0527,0,0.0346,0
13698.2,0.0701,0,0.049,0
11870.4,0.0549,0,0.023,0
11701.3,0.046,0,0.028,0
5967.5,0.0833,0,0.0329,0
8129.4,0.0576,0,0.0338,0
9399.6,0.072,0,0.0251,0
10656.0,0.0401,0,0.0287,0
11943.8,0.0637,0,0.0359,0
10010.5,0.0503,0,0.0249,0
7725.4,0.8997,1,0.9072,1
6944.2,0.9584,1,0.967,1
2535.8,0.5556,1,0.65,1
9635.2,0.0816,0,0.0187,0
7850.1,0.0859,0,0.9038,1
13822.7,0.0523,0,0.0165,0
12494.5,0.1534,0,0.0283,0
13496.5,0.1211,0,0.0333,0
7368.5,0.1099,0,0.0215,0
10041.5,0.0973,0,0.0269,0
9977.6,0.1039,0,0.0391,0
8805.3,0.0783,0,0.0248,0
5756.8,0.0176,0,0.0419,0
10462.8,0.0673,0,0.0371,0
10559.9,0.0355,0,0.0281,0
12655.6,0.1108,0,0.017,0
13754.0,0.0732,0,0.0242,0
8632.5,0.2478,0,0.0402,0
13570.2,0.0476,0,0.0302,0
10204.5,0.0405,0,0.0279,0
5825.3,0.0868,0,0.013,0
10086.5,0.2491,0,0.1513,0
6847.0,0.0388,0,0.0383,0
12016.1,0.0787,0,0.0462,0
10585.2,0.0862,0,0.0294,0
3349.1,0.4972,0,0.0536,0
11743.9,0.4646,0,0.0468,0
4948.0,0.0143,0,0.0258,0
5353.3,0.2749,0,0.0365,0
8617.9,0.0749,0,0.0263,0
13163.6,0.0546,0,0.0335,0
12161.4,0.7946,1,0.357,0
9557.7,0.0392,0,0.0316,0
6374.0,0.0547,0,0.0332,0
9364.4,0.0467,0,0.0189,0
7586.4,0.0853,0,0.0229,0
12504.1,0.0874,0,0.0235,0
12332.7,0.0563,0,0.023,0
12570.5,0.0451,0,0.0568,0
11355.5,0.0571,0,0.0398,0
10643.1,0.0333,0,0.0236,0
10733.1,0.0855,0,0.0526,0
9244.0,0.0786,0,0.0218,0
11266.6,0.1331,0,0.0344,0
9636.0,0.0382,0,0.0205,0
9742.3,0.093,0,0.0278,0
4610.3,0.12,0,0.0286,0
11165.5,0.1109,0,0.043,0
8877.0,0.0521,0,0.0268,0
10413.0,0.0469,0,0.0225,0
9914.8,0.0692,0,0.018,0
8945.6,0.0681,0,0.0384,0
7740.9,0.0701,0,0.037,0
12736.8,0.072,0,0.0425,0
15258.5,0.0941,0,0.035,0
9383.4,0.0521,0,0.0304,0
7835.7,0.0495,0,0.018,0
8923.2,0.1657,0,0.0709,0
13411.0,0.0685,0,0.0333,0
11713.8,0.0479,0,0.0338,0
10597.0,0.0738,0,0.0799,0
11410.6,0.0663,0,0.02,0
15308.5,0.045,0,0.1028,0
9363.0,0.0347,0,0.0253,0
2917.7,0.6526,1,0.4542,0
9158.2,0.0815,0,0.0107,0
9168.2,0.0956,0,0.0289,0
7258.7,0.0996,0,0.0402,0
7357.8,0.1242,0,0.0386,0
7812.0,0.0457,0,0.0339,0
4150.9,0.187,0,0.0559,0
5676.4,0.0845,0,0.0241,0
13003.1,0.0705,0,0.0444,0
10645.6,0.1124,0,0.0441,0
10780.1,0.0449,0,0.0396,0
7879.0,0.1018,0,0.2714,0
10510.2,0.1463,0,0.0316,0
11814.1,0.1632,0,0.0225,0
6051.9,0.1522,0,0.0632,0
13125.4,0.1714,0,0.0298,0
10647.2,0.0751,0,0.0209,0
12043.6,0.8911,1,0.1344,0
8387.0,0.0785,0,0.0215,0
4067.4,0.0429,0,0.0221,0
7343.1,0.1577,0,0.049,0
10316.1,0.037,0,0.0323,0
8672.6,0.0497,0,0.0173,0
9433.1,0.1263,0,0.0315,0
10688.0,0.2752,0,0.0339,0
7741.3,0.1357,0,0.0222,0
6991.0,0.1118,0,0.0447,0
12278.9,0.1923,0,0.0344,0
10473.8,0.0645,0,0.0189,0
10987.1,0.0546,0,0.0263,0
3770.0,0.0778,0,0.0337,0
12634.4,0.0585,0,0.0278,0
4420.5,0.0689,0,0.0307,0
8320.3,0.1103,0,0.0501,0
12100.5,0.088,0,0.0235,0
12576.1,0.0695,0,0.014,0
10787.9,0.0347,0,0.0255,0
8882.2,0.0485,0,0.0204,0
11969.8,0.0933,0,0.0127,0
12073.9,0.0612,0,0.0134,0
9325.3,0.0753,0,0.042,0
10174.4,0.9482,1,0.0156,0
7990.5,0.3299,0,0.0925,0
5308.8,0.1688,0,0.0347,0
3870.0,0.9089,1,0.981,1
10010.9,0.1333,0,0.0413,0
11933.9,0.1269,0,0.0306,0
3916.2,0.8727,1,0.089,0
11834.1,0.1561,0,0.0384,0
12508.2,0.0521,0,0.0439,0
8375.3,0.0916,0,0.0223,0
13187.5,0.0568,0,0.0258,0
8437.2,0.1011,0,0.0269,0
11013.0,0.0968,0,0.0394,0
7382.5,0.1169,0,0.0313,0
12306.0,0.0657,0,0.0199,0
6624.0,0.0533,0,0.0311,0
5423.4,0.1772,0,0.0665,0
6169.2,0.0957,0,0.0337,0
13035.9,0.0678,0,0.0146,0
6954.2,0.0758,0,0.0365,0
12141.5,0.0686,0,0.0254,0
9741.3,0.1046,0,0.0203,0
7923.4,0.9494,1,0.0706,0
12954.7,0.092,0,0.0206,0
11644.9,0.0492,0,0.0374,0
11121.1,0.0449,0,0.0273,0
9343.0,0.0363,0,0.0161,0
6248.7,0.0824,0,0.0158,0
11572.0,0.1002,0,0.0473,0
9931.1,0.0513,0,0.025,0
6938.8,0.0425,0,0.0359,0
12696.2,0.0891,0,0.0366,0
5375.1,0.0556,0,0.0368,0
12899.6,0.0604,0,0.0376,0
11303.5,0.0547,0,0.044,0
12426.5,0.8849,1,0.0814,0
10019.9,0.5068,1,0.7179,1
12575.5,0.0797,0,0.0194,0
6522.9,0.7614,1,0.0875,0
13496.4,0.1107,0,0.0232,0
11155.2,0.0388,0,0.0238,0
11978.2,0.0772,0,0.0196,0
8200.5,0.7351,1,0.9595,1
7063.0,0.1186,0,0.0334,0
13778.9,0.096,0,0.029,0
10296.1,0.9064,1,0.7043,1
9578.6,0.0533,0,0.0166,0
13915.6,0.0464,0,0.0111,0
6231.9,0.0725,0,0.0207,0
9635.5,0.0526,0,0.0176,0
12095.9,0.0843,0,0.0072,0
9421.9,0.0828,0,0.0151,0
8852.4,0.0641,0,0.0309,0
11060.1,0.038,0,0.0261,0
9226.1,0.068,0,0.0169,0
13770.6,0.0223,0,0.0256,0
10088.8,0.0386,0,0.0075,0
14435.6,0.0549,0,0.016,0
11596.4,0.5142,1,0.0141,0
7724.4,0.4237,0,0.0161,0
5600.6,0.403,0,0.0042,0
10311.1,0.0588,0,0.0155,0
7929.3,0.1699,0,0.0443,0
9586.8,0.4938,0,0.0148,0
4440.9,0.0633,0,0.026,0
9183.7,0.0399,0,0.0206,0
12192.1,0.0654,0,0.0168,0
10700.1,0.0866,0,0.0204,0
9147.9,0.9192,1,0.0162,0
11778.6,0.0444,0,0.0215,0
1659.4,0.157,0,0.0543,0
6796.5,0.272,0,0.0444,0
9652.5,0.0918,0,0.0217,0
7029.5,0.0528,0,0.0113,0
9494.4,0.0398,0,0.0107,0
6211.0,0.0541,0,0.0455,0
7118.0,0.1503,0,0.0194,0
10941.5,0.0334,0,0.0077,0
8101.9,0.0502,0,0.0192,0
13358.3,0.0491,0,0.0094,0
11642.2,0.0421,0,0.0157,0
8698.5,0.0816,0,0.0243,0
11549.8,0.0284,0,0.0281,0
9549.2,0.2392,0,0.0158,0
7581.4,0.0753,0,0.009,0
4962.3,0.1969,0,0.0659,0
6790.5,0.0409,0,0.0325,0
1046.3,0.1159,0,0.084,0
9147.6,0.0602,0,0.0246,0
10171.9,0.0375,0,0.0042,0
9574.6,0.1,0,0.0231,0
11150.9,0.078,0,0.0111,0
9508.8,0.078,0,0.0262,0
14029.6,0.0393,0,0.0296,0
12686.2,0.0576,0,0.0248,0
15305.3,0.6446,1,0.0378,0
8863.8,0.0802,0,0.025,0
5581.9,0.0346,0,0.0138,0
4653.5,0.2473,0,0.0226,0
6077.2,0.9268,1,0.5889,1
8739.5,0.0534,0,0.0774,0
2972.5,0.5114,1,0.1346,0
7746.0,0.0315,0,0.0188,0
6833.8,0.5592,1,0.0248,0
5286.5,0.2355,0,0.0251,0
9035.5,0.1193,0,0.0365,0
7413.0,0.0748,0,0.0159,0
9930.8,0.1176,0,0.0284,0
6273.0,0.1109,0,0.0165,0
7347.0,0.9115,1,0.9181,1
8800.8,0.1957,0,0.0252,0
9264.6,0.0983,0,0.0306,0
17115.0,0.0989,0,0.0777,0
13928.2,0.0641,0,0.0376,0
14558.9,0.1025,0,0.0126,0
11752.0,0.0471,0,0.0263,0
3250.9,0.6559,1,0.0852,0
9473.9,0.1687,0,0.0639,0
5016.0,0.6711,1,0.0153,0
8444.0,0.0931,0,0.0438,0
6798.6,0.1488,0,0.0226,0
7857.1,0.0376,0,0.0135,0
12737.1,0.0777,0,0.9487,1
8085.5,0.0712,0,0.0247,0
5178.9,0.9584,1,0.6495,1
13711.8,0.0336,0,0.1928,0
5149.9,0.0473,0,0.0207,0
10933.5,0.1104,0,0.0333,0
4965.8,0.038,0,0.0279,0
10917.8,0.0888,0,0.0403,0
4745.3,0.0192,0,0.0124,0
2407.2,0.0226,0,0.0356,0
3902.2,0.5556,1,0.0176,0
6037.0,0.3089,0,0.0182,0
5347.0,0.9233,1,0.4203,0
8145.6,0.0453,0,0.0156,0
10327.0,0.169,0,0.037,0
4074.4,0.1369,0,0.02,0
11633.2,0.1202,0,0.0204,0
10246.6,0.0914,0,0.0177,0
8231.6,0.6765,1,0.0226,0
10484.6,0.0782,0,0.0186,0
9565.7,0.247,0,0.0306,0
14113.3,0.0392,0,0.0283,0
7392.0,0.5542,1,0.0219,0
5310.7,0.0644,0,0.0316,0
12664.8,0.0374,0,0.0146,0
4973.1,0.1411,0,0.0718,0
9611.3,0.0348,0,0.037,0
12455.9,0.0423,0,0.0167,0
12760.7,0.4759,0,0.4273,0
6936.1,0.0536,0,0.0507,0
10697.2,0.1042,0,0.0242,0
10721.1,0.0406,0,0.0157,0
2324.0,0.5425,1,0.3068,0
2714.9,0.5548,1,0.018,0
13254.9,0.5129,1,0.0263,0
13654.9,0.3118,0,0.0202,0
11868.6,0.0846,0,0.0206,0
6039.8,0.0664,0,0.0582,0
14694.1,0.0722,0,0.0322,0
9755.7,0.0642,0,0.0267,0
11369.2,0.0993,0,0.0267,0
17287.6,0.1075,0,0.0411,0
11474.5,0.4071,0,0.0662,0
12193.4,0.2922,0,0.7983,1
11603.8,0.2826,0,0.0133,0
1714.7,0.4068,0,0.2864,0
2054.6,0.5117,1,0.5107,1
10710.8,0.0689,0,0.0191,0
6221.8,0.0832,0,0.0334,0
11084.8,0.0555,0,0.0353,0
7836.6,0.0709,0,0.0234,0
13268.0,0.0827,0,0.0115,0
11149.4,0.0221,0,0.0396,0
8664.6,0.031,0,0.0227,0
7790.5,0.053,0,0.1151,0
5126.5,0.0432,0,0.021,0
8237.6,0.0683,0,0.0467,0
5831.3,0.1348,0,0.055,0
7558.4,0.122,0,0.0228,0
4073.3,0.1247,0,0.0496,0
6301.8,0.0492,0,0.0251,0
12583.4,0.0655,0,0.0235,0
5085.8,0.0781,0,0.0151,0
10566.1,0.0894,0,0.0203,0
8871.0,0.443,0,0.0197,0
11292.3,0.0687,0,0.027,0
5342.0,0.1769,0,0.0199,0
9356.9,0.0454,0,0.0393,0
8697.3,0.0379,0,0.0384,0
5263.0,0.195,0,0.0219,0
10887.9,0.0606,0,0.0365,0
9986.8,0.0463,0,0.0253,0
9512.1,0.0429,0,0.0135,0
4507.7,0.6581,1,0.0627,0
6670.6,0.1506,0,0.0531,0
4391.1,0.8905,1,0.0418,0
7131.1,0.1557,0,0.0948,0
4484.0,0.283,0,0.0399,0
8669.1,0.1404,0,0.0329,0
10321.3,0.3333,0,0.7457,1
9298.1,0.0467,0,0.0114,0
5419.7,0.0499,0,0.0209,0
6563.8,0.0323,0,0.0243,0
4278.6,0.1321,0,0.0205,0
4444.2,0.1317,0,0.1022,0
9579.5,0.1118,0,0.0345,0
11486.3,0.0703,0,0.03,0
4375.3,0.2457,0,0.0318,0
7353.3,0.269,0,0.0496,0
12100.5,0.088,0,0.0235,0
6288.6,0.5387,1,0.0877,0
8910.8,0.0911,0,0.0332,0
11903.0,0.055,0,0.0221,0
15658.1,0.071,0,0.0208,0
4006.6,0.222,0,0.1906,0
12371.2,0.0512,0,0.0211,0
9330.3,0.1082,0,0.0238,0
9450.1,0.0669,0,0.0351,0
7651.7,0.9517,1,0.0303,0
5032.8,0.3359,0,0.0354,0
9466.0,0.141,0,0.054,0
9145.9,0.0576,0,0.0227,0
10700.6,0.0645,0,0.0194,0
10675.3,0.4633,0,0.8664,1
7981.4,0.7869,1,0.0336,0
6476.6,0.9508,1,0.9488,1
4089.8,0.1388,0,0.1003,0
10825.4,0.1467,0,0.0177,0
14341.0,0.0636,0,0.0304,0
7524.6,0.2919,0,0.0747,0
9750.5,0.1101,0,0.0306,0
10124.0,0.0899,0,0.0251,0
10340.3,0.8503,1,0.6743,1
7136.5,0.889,1,0.8984,1
8490.7,0.0615,0,0.0925,0
11853.7,0.0635,0,0.017,0
8191.7,0.0301,0,0.0266,0
10272.5,0.0458,0,0.0432,0
9757.6,0.088,0,0.0272,0
10441.7,0.0801,0,0.0176,0
8608.8,0.0417,0,0.0162,0
8145.4,0.0647,0,0.061,0
13176.9,0.1015,0,0.0288,0
9490.5,0.0687,0,0.0186,0
12416.9,0.1108,0,0.0277,0
12982.5,0.0517,0,0.0171,0
5494.5,0.1598,0,0.0945,0
8514.5,0.5058,1,0.1391,0
13455.6,0.0875,0,0.0199,0
6633.7,0.0377,0,0.0425,0
4757.4,0.5187,1,0.9373,1
10475.4,0.7398,1,0.0365,0
9860.9,0.08,0,0.0239,0
13393.7,0.0696,0,0.0162,0
13338.0,0.0673,0,0.0288,0
14299.6,0.062,0,0.0392,0
14636.2,0.0453,0,0.0465,0
11879.6,0.2092,0,0.0416,0
12051.1,0.0293,0,0.0413,0
15066.1,0.0747,0,0.0314,0
11929.1,0.0674,0,0.0234,0
10338.8,0.0828,0,0.0155,0
7883.1,0.1776,0,0.4555,0
12547.6,0.0768,0,0.0211,0
12778.2,0.1032,0,0.0388,0
10176.0,0.1887,0,0.0101,0
14699.8,0.0458,0,0.0382,0
9773.1,0.0658,0,0.0086,0
11852.7,0.0486,0,0.0322,0
13670.3,0.1177,0,0.0521,0
9642.2,0.0589,0,0.0253,0
11755.4,0.0801,0,0.0331,0
8390.7,0.7813,1,0.9764,1
12145.2,0.0849,0,0.0246,0
11896.2,0.0746,0,0.0353,0
12720.4,0.0741,0,0.0554,0
10028.3,0.049,0,0.0472,0
9890.1,0.0652,0,0.0192,0
14479.5,0.1272,0,0.0261,0
7368.4,0.1567,0,0.0323,0
10461.7,0.05,0,0.0204,0
4715.8,0.1213,0,0.0356,0
13277.7,0.0594,0,0.0228,0
9981.3,0.0594,0,0.0314,0
11177.2,0.0377,0,0.0232,0
8036.8,0.1338,0,0.0334,0
8486.1,0.0468,0,0.023,0
6216.8,0.0529,0,0.0249,0
10979.6,0.0359,0,0.0296,0
10270.9,0.0958,0,0.0384,0
16297.7,0.0423,0,0.0249,0
6791.4,0.403,0,0.9455,1
10578.0,0.0326,0,0.02,0
10854.0,0.0211,0,0.0279,0
10477.3,0.0271,0,0.0207,0
11780.2,0.066,0,0.0277,0
10021.5,0.0241,0,0.0232,0
11516.8,0.0476,0,0.0258,0
8684.8,0.0892,0,0.0294,0
12560.5,0.0992,0,0.0347,0
12247.4,0.7986,1,0.1408,0
10525.8,0.0551,0,0.0259,0
10830.0,0.0754,0,0.1372,0
9838.6,0.0643,0,0.0405,0
5584.3,0.1338,0,0.0287,0
6458.0,0.0812,0,0.0643,0
12275.2,0.0568,0,0.0241,0
10511.0,0.0516,0,0.0227,0
11866.0,0.0388,0,0.042,0
9067.9,0.0689,0,0.0253,0
8290.9,0.0751,0,0.0234,0
10503.0,0.9625,1,0.975,1
11936.7,0.0349,0,0.026,0
8815.1,0.66,1,0.183,0
10894.1,0.1255,0,0.0297,0
10016.3,0.1108,0,0.0229,0
12716.4,0.0348,0,0.0272,0
12444.2,0.1274,0,0.0252,0
10270.1,0.0721,0,0.0193,0
13014.7,0.0634,0,0.0294,0
5513.9,0.9529,1,0.9521,1
7073.3,0.796,1,0.9634,1
2447.8,0.5666,1,0.9764,1
4819.7,0.2339,0,0.0333,0
10947.6,0.0917,0,0.026,0
11318.5,0.0578,0,0.015,0
12674.2,0.0674,0,0.0233,0
15395.8,0.0404,0,0.0094,0
9896.8,0.2558,0,0.0149,0
4319.9,0.1461,0,0.045,0
9483.7,0.1161,0,0.0213,0
2961.1,0.6136,1,0.1776,0
1757.6,0.4912,0,0.1287,0
2047.2,0.1016,0,0.5868,1
12300.7,0.0362,0,0.0124,0
8365.5,0.767,1,0.027,0
8943.6,0.0589,0,0.0389,0
7051.2,0.2019,0,0.0401,0
13829.7,0.0678,0,0.0262,0
7363.9,0.064,0,0.022,0
4822.7,0.1034,0,0.0215,0
9782.4,0.087,0,0.0187,0
9493.7,0.0366,0,0.0121,0
7834.9,0.0696,0,0.0206,0
5663.0,0.17,0,0.009,0
14455.7,0.046,0,0.0035,0
1741.3,0.5091,1,0.3047,0
6476.7,0.1192,0,0.0236,0
14475.8,0.09,0,0.0268,0
12430.4,0.0555,0,0.024,0
12862.1,0.0608,0,0.0218,0
5217.4,0.2804,0,0.1084,0
10876.3,0.0461,0,0.0365,0
13485.3,0.0346,0,0.012,0
12831.8,0.0455,0,0.0396,0
10978.8,0.0387,0,0.0497,0
11941.3,0.0701,0,0.0433,0
10558.8,0.1171,0,0.0201,0
12816.1,0.0631,0,0.0289,0
5706.0,0.395,0,0.9687,1
8547.4,0.4173,0,0.1598,0
8885.3,0.1569,0,0.022,0
12564.3,0.0661,0,0.0306,0
8848.5,0.0555,0,0.011,0
11092.7,0.0617,0,0.045,0
13312.5,0.0673,0,0.0222,0
6307.3,0.2995,0,0.7729,1
12917.0,0.1293,0,0.0501,0
14989.2,0.0487,0,0.0316,0
9872.7,0.0276,0,0.0191,0
11888.1,0.1056,0,0.0558,0
4848.1,0.8679,1,0.5121,1
9156.5,0.0846,0,0.1475,0
12103.8,0.0385,0,0.0291,0
9272.7,0.0377,0,0.0253,0
11168.2,0.2007,0,0.0288,0
11508.7,0.0705,0,0.0275,0
9927.9,0.0532,0,0.036,0
13036.4,0.0747,0,0.0317,0
7405.2,0.0811,0,0.017,0
10381.0,0.0677,0,0.0305,0
8739.9,0.9562,1,0.9487,1
9212.6,0.0533,0,0.0301,0
12813.0,0.1033,0,0.0289,0
12000.1,0.1427,0,0.0299,0
8750.0,0.2295,0,0.0283,0
7744.9,0.7097,1,0.9768,1
11945.3,0.0588,0,0.0372,0
10751.6,0.2653,0,0.0442,0
10267.8,0.0636,0,0.0653,0
11331.3,0.2467,0,0.0228,0
8082.1,0.0601,0,0.0233,0
14318.0,0.0522,0,0.014,0
3689.9,0.258,0,0.0227,0
11403.6,0.051,0,0.0432,0
12947.2,0.0587,0,0.0504,0
10826.0,0.0618,0,0.021,0
8821.3,0.8526,1,0.0287,0
12652.9,0.0649,0,0.0204,0
7962.3,0.517,1,0.0269,0
5252.4,0.0836,0,0.0275,0
9653.7,0.0366,0,0.0276,0
11792.7,0.045,0,0.0257,0
7893.2,0.0279,0,0.0307,0
14848.1,0.06,0,0.0464,0
11250.2,0.0983,0,0.0186,0
10661.6,0.0596,0,0.0424,0
10770.9,0.04,0,0.0314,0
13331.1,0.0677,0,0.0341,0
10562.5,0.0916,0,0.0565,0
8069.7,0.0678,0,0.0217,0
11604.4,0.069,0,0.0256,0
15065.3,0.0493,0,0.0112,0
11877.4,0.3038,0,0.024,0
12573.4,0.2797,0,0.0334,0
11739.9,0.6124,1,0.9569,1
9117.2,0.1494,0,0.0222,0
7584.3,0.0479,0,0.0403,0
12550.6,0.0521,0,0.0331,0
10742.8,0.1658,0,0.0367,0
12777.2,0.0656,0,0.0225,0
10281.1,0.5222,1,0.0307,0
11502.1,0.023,0,0.0332,0
7384.1,0.0259,0,0.0263,0
8394.3,0.041,0,0.0447,0
11474.2,0.0814,0,0.04,0
8746.8,0.0423,0,0.0312,0
11260.1,0.0447,0,0.0232,0
12969.6,0.0567,0,0.0438,0
10367.9,0.0686,0,0.0189,0
10793.4,0.0901,0,0.0433,0
9654.2,0.0419,0,0.0362,0
14406.8,0.066,0,0.0483,0
12286.6,0.0528,0,0.0271,0
6777.5,0.1129,0,0.031,0
12467.8,0.0771,0,0.0341,0
9250.4,0.0815,0,0.0234,0
11863.9,0.4813,0,0.9637,1
9135.2,0.186,0,0.0244,0
6912.4,0.1176,0,0.0278,0
10923.3,0.0672,0,0.0207,0
12044.0,0.1031,0,0.0517,0
16490.2,0.626,1,0.9348,1
11947.2,0.1901,0,0.0919,0
10146.5,0.1032,0,0.0746,0
9467.2,0.0563,0,0.0219,0
10048.2,0.0949,0,0.0499,0
15601.5,0.0529,0,0.0266,0
11729.9,0.0886,0,0.0363,0
16401.5,0.0664,0,0.0436,0
8584.4,0.1011,0,0.0268,0
11577.7,0.0812,0,0.053,0
10112.1,0.0937,0,0.0774,0
8283.2,0.0949,0,0.0355,0
10329.3,0.0825,0,0.0393,0
14470.6,0.1002,0,0.0538,0
10573.1,0.1022,0,0.0295,0
9172.7,0.0437,0,0.0141,0
11125.6,0.1346,0,0.0285,0
10901.1,0.076,0,0.0289,0
11198.9,0.1453,0,0.1023,0
13338.2,0.102,0,0.1359,0
10722.9,0.1052,0,0.0172,0
10361.7,0.0245,0,0.028,0
10698.8,0.0457,0,0.0236,0
10906.0,0.0321,0,0.0489,0
5420.3,0.0531,0,0.0852,0
4608.4,0.9276,1,0.4986,0
11043.2,0.0759,0,0.0301,0
11025.2,0.0703,0,0.0304,0
13086.5,0.7372,1,0.9453,1
7626.9,0.0492,0,0.0378,0
3232.5,0.0932,0,0.091,0
11141.9,0.2152,0,0.0235,0
12810.0,0.1898,0,0.0465,0
12873.4,0.7882,1,0.9316,1
5696.9,0.0492,0,0.0382,0
12024.8,0.0506,0,0.0306,0
7431.6,0.9109,1,0.9735,1
14284.2,0.9097,1,0.9736,1
10107.7,0.9807,1,0.9245,1
11830.0,0.1637,0,0.9523,1
4139.8,0.8983,1,0.9421,1
5510.7,0.9309,1,0.964,1
12524.0,0.5846,1,0.9714,1
6041.5,0.6469,1,0.2091,0
11419.1,0.9275,1,0.9611,1
8998.0,0.6631,1,0.9633,1
11247.6,0.8864,1,0.9462,1
4989.9,0.9448,1,0.8937,1
6419.1,0.938,1,0.9698,1
11115.5,0.6159,1,0.9665,1
6496.9,0.9424,1,0.983,1
7409.1,0.9259,1,0.8917,1
8187.2,0.9877,1,0.9702,1
8639.4,0.0698,0,0.0174,0
11336.2,0.9786,1,0.9602,1
8912.4,0.4719,0,0.0435,0
10864.7,0.9796,1,0.9553,1
11608.9,0.0774,0,0.0244,0
7404.5,0.968,1,0.4035,0
9450.9,0.9887,1,0.6886,1
4018.3,0.8525,1,0.6246,1
10765.7,0.8032,1,0.871,1
12117.3,0.0455,0,0.0302,0
5548.3,0.1294,0,0.4859,0
11262.3,0.7389,1,0.6103,1
9113.7,0.8024,1,0.7902,1
8953.2,0.5322,1,0.9713,1
10048.5,0.4902,0,0.2695,0
8238.1,0.1398,0,0.0557,0
7994.9,0.0389,0,0.0267,0
9160.2,0.956,1,0.965,1
10109.5,0.4694,0,0.968,1
11493.6,0.3702,0,0.0626,0
10481.8,0.0801,0,0.0352,0
5665.9,0.9915,1,0.4839,0
7362.5,0.2074,0,0.0536,0
4797.9,0.3047,0,0.8118,1
5954.5,0.1678,0,0.9745,1
11297.5,0.1144,0,0.0915,0
8635.4,0.9042,1,0.9744,1
9882.3,0.8511,1,0.9738,1
12540.4,0.9405,1,0.7417,1
12644.4,0.05,0,0.1994,0
5020.3,0.5162,1,0.5698,1
2848.7,0.1528,0,0.0573,0
11413.3,0.8218,1,0.9747,1
8873.3,0.0634,0,0.0486,0
12912.9,0.4683,0,0.9546,1
6929.5,0.9367,1,0.9852,1
6989.9,0.9864,1,0.9508,1
10224.0,0.9604,1,0.9656,1
9458.3,0.9741,1,0.4048,0
4802.0,0.1158,0,0.0655,0
5741.2,0.1047,0,0.0391,0
11951.4,0.0911,0,0.0664,0
11601.8,0.0968,0,0.1121,0
6887.4,0.4052,0,0.9414,1
9742.0,0.1177,0,0.183,0
11606.0,0.1307,0,0.949,1
7400.1,0.7602,1,0.9651,1
13267.0,0.1619,0,0.0346,0
9734.9,0.6917,1,0.1229,0
9421.8,0.059,0,0.0186,0
4082.8,0.7985,1,0.0987,0
5893.9,0.8932,1,0.9779,1
9588.4,0.6825,1,0.8777,1
7747.5,0.9684,1,0.1158,0
10223.5,0.9483,1,0.9784,1
12377.9,0.3634,0,0.4193,0
7732.7,0.9893,1,0.4463,0
10913.9,0.0306,0,0.0372,0
10004.0,0.1246,0,0.0277,0
6653.1,0.4131,0,0.0193,0
5673.2,0.1865,0,0.7609,1
10210.2,0.9204,1,0.141,0
4999.9,0.905,1,0.9624,1
5008.2,0.662,1,0.0439,0
12239.7,0.506,1,0.0257,0
10895.1,0.0793,0,0.0196,0
11103.3,0.1933,0,0.0352,0
7415.0,0.104,0,0.0456,0
5874.6,0.0539,0,0.017,0
9517.1,0.0965,0,0.0135,0
9872.2,0.1225,0,0.0249,0
5797.3,0.0421,0,0.0398,0
6443.2,0.9525,1,0.9166,1
10289.7,0.0683,0,0.0252,0
4966.1,0.0978,0,0.0418,0
8738.4,0.0997,0,0.0968,0
9562.4,0.048,0,0.0253,0
13642.0,0.0438,0,0.0409,0
3812.3,0.9308,1,0.6163,1
10173.6,0.0956,0,0.0331,0
8990.4,0.9079,1,0.9347,1
8904.0,0.0917,0,0.0305,0
9872.0,0.5221,1,0.9346,1
14125.4,0.0518,0,0.0148,0
12649.3,0.9647,1,0.9674,1
7362.1,0.8927,1,0.2988,0
7438.9,0.0687,0,0.0677,0
10752.5,0.0613,0,0.0214,0
8347.9,0.9365,1,0.9707,1
10034.1,0.6668,1,0.0823,0
12184.6,0.0841,0,0.0234,0
11386.1,0.7819,1,0.3392,0
7038.8,0.0585,0,0.0658,0
7627.7,0.9556,1,0.855,1
13205.2,0.3254,0,0.0369,0
11624.9,0.5772,1,0.9671,1
5112.6,0.8179,1,0.955,1
9623.3,0.056,0,0.042,0
9374.2,0.8143,1,0.9772,1
4153.9,0.9063,1,0.9619,1
11089.9,0.6462,1,0.9457,1
7745.0,0.6633,1,0.7616,1
7044.0,0.8514,1,0.9398,1
8405.8,0.7333,1,0.9565,1
9483.0,0.1323,0,0.0145,0
11480.6,0.0919,0,0.0323,0
5359.8,0.7145,1,0.0419,0
2423.3,0.5393,1,0.1065,0
8644.5,0.4355,0,0.0688,0
8754.1,0.9496,1,0.979,1
14043.9,0.0408,0,0.0087,0
10081.7,0.5259,1,0.9736,1
7158.5,0.9703,1,0.966,1
9456.0,0.0535,0,0.0199,0
9453.1,0.3726,0,0.0251,0
10274.2,0.6209,1,0.1784,0
9504.3,0.0722,0,0.05,0
9965.5,0.057,0,0.0241,0
10794.3,0.0382,0,0.0337,0
11099.4,0.0429,0,0.0346,0
7664.4,0.154,0,0.3852,0
9101.1,0.1311,0,0.5992,1
10552.7,0.8764,1,0.3315,0
6496.0,0.0458,0,0.0355,0
6652.1,0.8115,1,0.4301,0
13474.8,0.0953,0,0.0321,0
10007.6,0.514,1,0.0608,0
8382.7,0.7556,1,0.9756,1
8369.0,0.0794,0,0.0342,0
8839.2,0.4232,0,0.972,1
13588.7,0.7232,1,0.9583,1
8543.2,0.0543,0,0.0354,0
9935.6,0.9675,1,0.9714,1
9460.9,0.0465,0,0.005,0
4913.0,0.9801,1,0.9312,1
8200.7,0.0601,0,0.0269,0
7296.3,0.889,1,0.9625,1
6616.4,0.9822,1,0.0245,0
14306.6,0.0398,0,0.0288,0
9530.2,0.0369,0,0.0306,0
12773.0,0.9421,1,0.8852,1
9483.0,0.646,1,0.0681,0
13520.3,0.9292,1,0.9597,1
11312.3,0.632,1,0.96,1
9763.3,0.2138,0,0.0887,0
13237.4,0.0626,0,0.0158,0
8524.2,0.196,0,0.0274,0
8893.1,0.3695,0,0.0583,0
10515.4,0.1237,0,0.0748,0
8803.3,0.0361,0,0.0467,0
18738.1,0.0466,0,0.0623,0
9068.9,0.0701,0,0.0364,0
9085.5,0.5104,1,0.0311,0
12616.4,0.0478,0,0.0335,0
10402.3,0.0502,0,0.31,0
9779.7,0.1467,0,0.0273,0
10037.3,0.1067,0,0.0262,0
9391.9,0.1304,0,0.0253,0
12675.0,0.1458,0,0.0313,0
10925.8,0.3802,0,0.0292,0
13912.6,0.0934,0,0.0191,0
13319.8,0.0579,0,0.0367,0
11638.3,0.0683,0,0.0405,0
12756.9,0.0551,0,0.0207,0
9563.9,0.0327,0,0.0246,0
7225.4,0.072,0,0.0219,0
7373.0,0.0457,0,0.0312,0
9713.2,0.0957,0,0.028,0
12598.7,0.052,0,0.0239,0
9848.4,0.0349,0,0.0202,0
10738.9,0.0368,0,0.0189,0
13390.5,0.9591,1,0.9435,1
10266.5,0.0609,0,0.0337,0
11206.0,0.9187,1,0.9589,1
5969.9,0.9789,1,0.6144,1
10514.7,0.617,1,0.9646,1
9953.0,0.0954,0,0.0446,0
9650.7,0.9593,1,0.9633,1
11377.8,0.0588,0,0.0356,0
11384.9,0.7286,1,0.4813,0
2453.9,0.6459,1,0.7847,1
5585.2,0.922,1,0.8115,1
9479.2,0.8515,1,0.9685,1
8670.9,0.0411,0,0.0258,0
11466.6,0.5,1,0.0249,0
12122.6,0.0767,0,0.0209,0
9992.3,0.9223,1,0.8293,1
13486.0,0.9752,1,0.9561,1
9531.7,0.7786,1,0.041,0
10941.7,0.0482,0,0.0275,0
10031.8,0.7276,1,0.0108,0
9436.4,0.8117,1,0.0228,0
10452.4,0.2015,0,0.0315,0
8805.3,0.4931,0,0.022,0
12127.0,0.0549,0,0.006,0
11633.5,0.0894,0,0.0067,0
12217.8,0.8308,1,0.0355,0
12469.6,0.0504,0,0.0205,0
10677.0,0.5447,1,0.321,0
12910.5,0.9695,1,0.9179,1
8863.4,0.5383,1,0.0654,0
12304.3,0.0708,0,0.0202,0
5143.2,0.1967,0,0.046,0
3807.1,0.1717,0,0.0807,0
9416.8,0.0812,0,0.0176,0
8192.7,0.0924,0,0.0309,0
8517.7,0.055,0,0.0172,0
12280.5,0.063,0,0.0293,0
11646.3,0.0585,0,0.0247,0
6615.1,0.3252,0,0.0334,0
12207.5,0.0545,0,0.0234,0
10504.5,0.0545,0,0.0165,0
9546.5,0.5464,1,0.0248,0
8845.3,0.0513,0,0.01,0
8028.2,0.0706,0,0.0137,0
4572.9,0.6766,1,0.7253,1
3565.6,0.8109,1,0.4588,0
11533.3,0.1111,0,0.0733,0
8117.8,0.6985,1,0.9211,1
13152.3,0.0431,0,0.0351,0
15419.5,0.9173,1,0.9421,1
8039.0,0.4202,0,0.1349,0
9805.4,0.9335,1,0.9718,1
2625.1,0.9271,1,0.9855,1
13510.8,0.1383,0,0.028,0
8602.9,0.0537,0,0.0059,0
10485.4,0.9144,1,0.975,1
9155.9,0.198,0,0.0508,0
7025.7,0.2172,0,0.967,1
12687.2,0.0927,0,0.0417,0
7669.6,0.9599,1,0.9665,1
4459.4,0.2121,0,0.0806,0
6776.2,0.0588,0,0.0269,0
6993.5,0.0992,0,0.026,0
10755.5,0.1087,0,0.0352,0
11344.2,0.0938,0,0.0339,0
10937.8,0.3778,0,0.0842,0
3648.7,0.6122,1,0.5779,1
13297.8,0.1843,0,0.2114,0
8572.3,0.0306,0,0.0129,0
6999.3,0.0962,0,0.0678,0
10299.2,0.0373,0,0.0205,0
8571.7,0.124,0,0.0423,0
12397.4,0.1394,0,0.8001,1
10367.2,0.0616,0,0.0229,0
2439.4,0.4952,0,0.1061,0
5441.6,0.048,0,0.6232,1
4595.6,0.3316,0,0.0205,0
11362.5,0.3803,0,0.0497,0
10111.9,0.0565,0,0.0194,0
4237.3,0.2584,0,0.0292,0
9330.5,0.9597,1,0.9751,1
14277.0,0.2777,0,0.0308,0
11628.8,0.0324,0,0.0255,0
5941.9,0.7481,1,0.9675,1
7106.6,0.8265,1,0.9817,1
9613.2,0.8663,1,0.9635,1
11144.1,0.9531,1,0.9601,1
6575.0,0.9607,1,0.9856,1
9534.7,0.7549,1,0.9829,1
2966.3,0.9113,1,0.9718,1
11727.7,0.9635,1,0.9754,1
10299.8,0.9619,1,0.9828,1
10654.4,0.7713,1,0.9432,1
8863.1,0.5102,1,0.9652,1
13427.1,0.1138,0,0.0192,0
11849.7,0.0319,0,0.0162,0
12430.5,0.9678,1,0.9829,1
8717.2,0.6218,1,0.8429,1
2811.7,0.4443,0,0.1845,0
4960.0,0.7647,1,0.8376,1
11136.7,0.0514,0,0.0264,0
10377.3,0.8999,1,0.3327,0
10905.3,0.0717,0,0.0228,0
8391.6,0.6652,1,0.0538,0
7357.7,0.1915,0,0.1235,0
8524.8,0.0273,0,0.0387,0
6405.0,0.0812,0,0.0309,0
14365.1,0.1391,0,0.0232,0
10266.4,0.0998,0,0.0566,0
6394.1,0.7249,1,0.3043,0
10397.8,0.0688,0,0.0257,0
9767.5,0.1334,0,0.0627,0
9157.1,0.0766,0,0.0268,0
5463.7,0.4067,0,0.0152,0
5869.1,0.8804,1,0.4261,0
7426.8,0.0318,0,0.0608,0
10404.6,0.7566,1,0.0241,0
2653.3,0.6451,1,0.2282,0
8221.0,0.0477,0,0.0198,0
1759.6,0.7681,1,0.7879,1
7057.8,0.2579,0,0.0343,0
4518.8,0.0768,0,0.074,0
7931.0,0.5498,1,0.0363,0
9456.5,0.0558,0,0.0282,0
8082.9,0.1116,0,0.0311,0
9201.6,0.3638,0,0.136,0
10811.3,0.125,0,0.0322,0
9316.6,0.0425,0,0.0339,0
6591.0,0.0812,0,0.0254,0
14179.0,0.036,0,0.0457,0
9120.5,0.2135,0,0.0336,0
11738.9,0.1995,0,0.0298,0
5386.9,0.5213,1,0.0172,0
7039.3,0.0519,0,0.0245,0
11025.4,0.0949,0,0.0179,0
7827.8,0.1374,0,0.0642,0
8836.2,0.0431,0,0.028,0
5868.4,0.9246,1,0.041,0
8143.2,0.7268,1,0.0743,0
9917.4,0.0901,0,0.0224,0
11497.5,0.0774,0,0.0266,0
8761.7,0.1099,0,0.0141,0
3077.7,0.4619,0,0.0252,0
8198.7,0.7632,1,0.0126,0
7299.4,0.0513,0,0.0152,0
12003.6,0.1084,0,0.0255,0
3383.1,0.1313,0,0.0503,0
3822.1,0.5853,1,0.0487,0
8738.0,0.1151,0,0.0275,0
9298.4,0.6544,1,0.0486,0
5596.1,0.0583,0,0.0361,0
3924.3,0.0984,0,0.0494,0
3720.8,0.1238,0,0.0321,0
8657.4,0.0588,0,0.0221,0
6768.3,0.0877,0,0.0873,0
6501.6,0.2204,0,0.0376,0
11802.9,0.0769,0,0.0213,0
7255.3,0.1271,0,0.0315,0
13488.3,0.1009,0,0.0265,0
5180.3,0.0825,0,0.0425,0
3901.4,0.1313,0,0.1171,0
7147.9,0.8598,1,0.9627,1
3709.2,0.1022,0,0.0585,0
11516.2,0.9591,1,0.9444,1
11765.8,0.0186,0,0.0512,0
10201.0,0.0919,0,0.0302,0
6312.8,0.7563,1,0.5514,1
8957.1,0.0864,0,0.0337,0
7705.0,0.9713,1,0.2044,0
10916.3,0.0859,0,0.0309,0
12048.7,0.9745,1,0.9693,1
10893.2,0.0955,0,0.0221,0
9465.5,0.9956,1,0.965,1
11485.0,0.0341,0,0.0348,0
8468.5,0.0413,0,0.0173,0
11837.6,0.1465,0,0.0297,0
10521.8,0.0241,0,0.024,0
5083.1,0.0961,0,0.0646,0
7419.5,0.1313,0,0.7047,1
8736.4,0.0943,0,0.031,0
11023.5,0.1132,0,0.0222,0
10611.5,0.0766,0,0.0295,0
13565.1,0.0548,0,0.0435,0
11385.6,0.1641,0,0.0251,0
7954.7,0.1559,0,0.0329,0
7314.7,0.0484,0,0.0272,0
9762.4,0.0637,0,0.0376,0
8231.2,0.0551,0,0.0356,0
10981.5,0.046,0,0.0248,0
11939.1,0.0377,0,0.0239,0
11905.4,0.1084,0,0.053,0
7039.7,0.0648,0,0.0467,0
12526.8,0.0717,0,0.0281,0
11490.2,0.2406,0,0.086,0
9499.5,0.0461,0,0.0257,0
12178.5,0.0284,0,0.0228,0
8594.4,0.6206,1,0.0198,0
8054.5,0.0538,0,0.042,0
10874.0,0.1478,0,0.9381,1
4898.0,0.1021,0,0.0431,0
7645.4,0.1063,0,0.0463,0
10778.7,0.0698,0,0.0314,0
11979.7,0.0715,0,0.0199,0
12622.4,0.0742,0,0.0262,0
8784.9,0.0709,0,0.0213,0
8325.9,0.0333,0,0.0354,0
10739.4,0.0376,0,0.0218,0
6774.6,0.055,0,0.0351,0
13343.6,0.0446,0,0.0409,0
12743.9,0.0796,0,0.0293,0
9417.9,0.0594,0,0.0254,0
4948.0,0.0581,0,0.0502,0
13874.0,0.0975,0,0.0351,0
14638.4,0.4959,0,0.8949,1
7127.6,0.0513,0,0.054,0
12933.3,0.0439,0,0.0234,0
9645.0,0.3234,0,0.0446,0
9519.8,0.0929,0,0.6502,1
10415.0,0.1418,0,0.0467,0
10605.7,0.0462,0,0.0398,0
7157.6,0.0477,0,0.0306,0
15736.1,0.3285,0,0.0462,0
11372.4,0.0386,0,0.0253,0
7779.8,0.0912,0,0.0998,0
6613.7,0.5223,1,0.9704,1
13996.3,0.6622,1,0.9683,1
12281.0,0.9776,1,0.922,1
7088.8,0.8801,1,0.327,0
7501.2,0.3157,0,0.0227,0
9085.7,0.1127,0,0.0247,0
8413.4,0.9306,1,0.9719,1
15765.3,0.58,1,0.0416,0
8006.9,0.04,0,0.0282,0
13379.3,0.8053,1,0.9714,1
15274.3,0.0764,0,0.0241,0
9641.7,0.0459,0,0.951,1
11998.1,0.4442,0,0.3558,0
10771.2,0.2281,0,0.8577,1
10745.2,0.134,0,0.9418,1
11107.7,0.6908,1,0.9686,1
5894.0,0.4317,0,0.151,0
11661.7,0.4762,0,0.942,1
13392.4,0.0254,0,0.9699,1
11570.4,0.6725,1,0.0695,0
14252.0,0.0659,0,0.0447,0
6601.0,0.0137,0,0.07,0
6767.8,0.9753,1,0.9669,1
12438.8,0.9776,1,0.9667,1
10292.2,0.9151,1,0.9597,1
11344.2,0.1408,0,0.1067,0
5743.0,0.9532,1,0.8079,1
9559.4,0.9227,1,0.9782,1
8620.2,0.6408,1,0.3097,0
13108.0,0.8675,1,0.9655,1
12536.2,0.1853,0,0.1095,0
8742.4,0.1459,0,0.0324,0
8606.0,0.106,0,0.0264,0
9746.0,0.8952,1,0.9582,1
8488.6,0.8412,1,0.3141,0
6861.7,0.3572,0,0.6648,1
5508.7,0.7012,1,0.2319,0
8642.3,0.0595,0,0.0278,0
7922.7,0.9181,1,0.9434,1
3579.7,0.1951,0,0.9615,1
11705.3,0.6168,1,0.6395,1
7614.0,0.7886,1,0.8597,1
12650.7,0.9345,1,0.9346,1
15476.3,0.0717,0,0.0354,0
9802.3,0.1049,0,0.0236,0
8136.7,0.9314,1,0.9581,1
11178.0,0.9129,1,0.9475,1
13361.4,0.9691,1,0.9664,1
11089.6,0.9371,1,0.9702,1
8572.2,0.9476,1,0.9124,1
12132.8,0.9263,1,0.9691,1
8400.7,0.8095,1,0.4059,0
11476.1,0.7474,1,0.9599,1
11578.0,0.0511,0,0.9624,1
7511.6,0.3566,0,0.9604,1
8755.3,0.9957,1,0.5617,1
10776.8,0.6274,1,0.5829,1
11630.4,0.9745,1,0.9718,1
9413.0,0.9675,1,0.9177,1
11994.6,0.9794,1,0.9754,1
10417.3,0.4899,0,0.8843,1
12976.9,0.0429,0,0.0284,0
5584.3,0.974,1,0.9692,1
11468.8,0.0808,0,0.9649,1
13471.8,0.6275,1,0.9594,1
4635.2,0.6937,1,0.9662,1
9275.0,0.584,1,0.6958,1
12510.1,0.9551,1,0.9646,1
11109.3,0.9216,1,0.9506,1
10230.0,0.0567,0,0.9106,1
12976.9,0.0429,0,0.0284,0
6512.6,0.1246,0,0.055,0
9754.7,0.7357,1,0.9154,1
12028.8,0.451,0,0.9666,1
13102.0,0.1182,0,0.0456,0
7438.4,0.9058,1,0.9696,1
8715.8,0.8831,1,0.773,1
9583.9,0.9401,1,0.9798,1
6827.9,0.0659,0,0.0514,0
12265.0,0.7577,1,0.7827,1
14145.6,0.9261,1,0.9742,1
14866.8,0.123,0,0.9647,1
12197.6,0.5633,1,0.3903,0
11874.6,0.7574,1,0.78,1
10311.8,0.6057,1,0.98,1
11724.8,0.9291,1,0.9025,1
15531.1,0.7896,1,0.9564,1
10655.7,0.9558,1,0.9728,1
11628.9,0.6249,1,0.8293,1
6648.7,0.6847,1,0.7156,1
7422.2,0.9804,1,0.2712,0
9104.1,0.2246,0,0.0612,0
12423.5,0.9408,1,0.9353,1
10127.9,0.077,0,0.0405,0
4626.7,0.2166,0,0.0779,0
6022.8,0.4774,0,0.469,0
7434.4,0.1329,0,0.0368,0
6131.4,0.2893,0,0.0436,0
4862.4,0.273,0,0.0407,0
2319.0,0.8073,1,0.078,0
3484.4,0.5547,1,0.0981,0
8733.2,0.0527,0,0.0295,0
9153.7,0.2714,0,0.0209,0
6581.0,0.0648,0,0.0127,0
5704.5,0.2557,0,0.1347,0
8560.0,0.0884,0,0.0546,0
12007.4,0.4895,0,0.02,0
5092.3,0.6927,1,0.2271,0
8373.9,0.076,0,0.0246,0
9945.6,0.0997,0,0.0261,0
11134.9,0.0478,0,0.0299,0
12585.8,0.0675,0,0.0459,0
2881.8,0.531,1,0.0279,0
12621.9,0.395,0,0.0642,0
6966.9,0.123,0,0.027,0
3728.4,0.4047,0,0.0281,0
16039.3,0.6247,1,0.0886,0
11847.2,0.0206,0,0.0377,0
10123.9,0.1803,0,0.0364,0
12671.7,0.073,0,0.0382,0
11831.0,0.3788,0,0.0572,0
13865.4,0.0553,0,0.0581,0
4511.5,0.0473,0,0.0165,0
9788.4,0.0429,0,0.0417,0
10859.3,0.0665,0,0.0309,0
9796.1,0.0457,0,0.0146,0
9085.9,0.0481,0,0.0225,0
9321.5,0.4072,0,0.029,0
10028.3,0.095,0,0.0298,0
11730.7,0.0893,0,0.02,0
8486.5,0.0558,0,0.0362,0
10500.4,0.1955,0,0.0219,0
13094.2,0.1014,0,0.0505,0
11513.7,0.0594,0,0.0323,0
8253.2,0.0634,0,0.0202,0
6756.3,0.9352,1,0.9446,1
8409.4,0.0844,0,0.0427,0
11136.8,0.4829,0,0.076,0
5395.3,0.2006,0,0.055,0
11253.7,0.1617,0,0.0249,0
14848.3,0.1779,0,0.0716,0
10885.4,0.0489,0,0.0452,0
14508.3,0.1382,0,0.2204,0
8130.4,0.7992,1,0.0209,0
8982.9,0.1222,0,0.0406,0
13206.9,0.8389,1,0.9594,1
8767.4,0.0854,0,0.1538,0
10407.7,0.5447,1,0.0484,0
3231.3,0.166,0,0.0217,0
10835.1,0.1052,0,0.0203,0
12639.4,0.9861,1,0.9603,1
7592.7,0.0901,0,0.3971,0
5434.5,0.0169,0,0.0151,0
15600.5,0.9769,1,0.8498,1
10010.7,0.9878,1,0.3458,0
13052.4,0.9833,1,0.9612,1
10299.5,0.3877,0,0.0327,0
15285.1,0.0608,0,0.0402,0
10695.8,0.0961,0,0.0257,0
10863.5,0.0727,0,0.0138,0
12776.3,0.0856,0,0.0217,0
11262.3,0.0741,0,0.0353,0
11932.7,0.1574,0,0.0342,0
13436.0,0.1038,0,0.0494,0
15130.9,0.0438,0,0.0203,0
11103.4,0.0782,0,0.0228,0
15765.2,0.056,0,0.044,0
14896.7,0.068,0,0.0169,0
11735.6,0.0858,0,0.0244,0
13578.0,0.0775,0,0.0213,0
15719.4,0.0748,0,0.0403,0
9723.0,0.063,0,0.0301,0
13380.8,0.083,0,0.0308,0
11110.9,0.1338,0,0.0309,0
12035.0,0.0561,0,0.0394,0
7881.6,0.0574,0,0.0153,0
15076.3,0.0217,0,0.0432,0
11502.4,0.0526,0,0.1994,0
12209.2,0.0484,0,0.0221,0
15091.8,0.0625,0,0.0323,0
6924.4,0.1114,0,0.0532,0
8592.2,0.1244,0,0.0277,0
7009.9,0.0555,0,0.0235,0
8334.0,0.1555,0,0.0306,0
8884.9,0.0784,0,0.2529,0
9425.8,0.1497,0,0.0334,0
7973.5,0.0447,0,0.0336,0
12134.2,0.0769,0,0.0438,0
5595.0,0.2073,0,0.0348,0
7319.0,0.1775,0,0.0261,0
9064.4,0.1036,0,0.0227,0
10208.7,0.1309,0,0.0267,0
11048.2,0.0886,0,0.0214,0
4989.9,0.4847,0,0.9747,1
8051.4,0.1051,0,0.028,0
14596.5,0.0713,0,0.0175,0
10496.1,0.0822,0,0.0316,0
13828.4,0.0381,0,0.07,0
11799.0,0.1008,0,0.023,0
12661.9,0.1373,0,0.02,0
11542.0,0.0474,0,0.0294,0
9256.9,0.0482,0,0.0547,0
12066.8,0.0786,0,0.0442,0
11918.2,0.0958,0,0.0275,0
13438.0,0.0918,0,0.0564,0
12391.3,0.0275,0,0.0273,0
15066.6,0.0617,0,0.0404,0
13082.3,0.0466,0,0.0233,0
10022.2,0.056,0,0.0304,0
13077.3,0.0433,0,0.04,0
7344.7,0.0649,0,0.0482,0
8107.0,0.1106,0,0.0362,0
10527.7,0.2221,0,0.0311,0
12622.6,0.0787,0,0.0566,0
14546.2,0.0448,0,0.0267,0
12081.3,0.0767,0,0.0237,0
6375.0,0.2127,0,0.0419,0
9496.4,0.1094,0,0.0205,0
9154.3,0.0408,0,0.023,0
13739.1,0.0417,0,0.0231,0
10933.3,0.049,0,0.0281,0
9592.2,0.0986,0,0.0177,0
13426.3,0.1041,0,0.0498,0
9569.9,0.2622,0,0.0324,0
14038.1,0.0789,0,0.0257,0
11884.2,0.1339,0,0.0391,0
13514.4,0.0579,0,0.0522,0
11674.8,0.0629,0,0.0474,0
13512.2,0.1256,0,0.0257,0
11673.7,0.1482,0,0.0428,0
10277.8,0.1117,0,0.0325,0
15576.1,0.0886,0,0.0465,0
13851.7,0.2541,0,0.4634,0
11928.5,0.0688,0,0.0287,0
12868.1,0.0751,0,0.0775,0
13807.4,0.0473,0,0.0264,0
10902.9,0.0336,0,0.0243,0
7431.4,0.064,0,0.0373,0
3977.5,0.1628,0,0.0695,0
10099.0,0.0423,0,0.0206,0
9585.6,0.0657,0,0.0398,0
10490.0,0.1997,0,0.0794,0
10508.9,0.0411,0,0.0331,0
8038.6,0.2592,0,0.0489,0
9223.1,0.0799,0,0.0244,0
8378.7,0.3658,0,0.0329,0
10126.5,0.0492,0,0.0274,0
10846.0,0.0748,0,0.0293,0
10126.5,0.0642,0,0.04,0
12554.6,0.0357,0,0.0172,0
9911.1,0.1022,0,0.0542,0
10092.2,0.0793,0,0.0491,0
8619.9,0.0417,0,0.035,0
11968.9,0.0467,0,0.0421,0
10749.9,0.1207,0,0.0385,0
9792.9,0.0405,0,0.0336,0
11248.7,0.0662,0,0.0387,0
11071.1,0.0988,0,0.03,0
11243.4,0.0349,0,0.0414,0
13209.4,0.1614,0,0.0475,0
10498.8,0.1002,0,0.0296,0
11339.1,0.3155,0,0.0251,0
13994.4,0.0408,0,0.0246,0
7654.7,0.0443,0,0.0185,0
10101.8,0.906,1,0.9638,1
7708.1,0.5086,1,0.0239,0
8909.2,0.962,1,0.9668,1
11291.1,0.5499,1,0.9722,1
8326.3,0.1081,0,0.0902,0
4087.2,0.1217,0,0.0405,0
2767.0,0.5413,1,0.4408,0
8003.5,0.1038,0,0.0217,0
5480.3,0.6131,1,0.0393,0
4880.1,0.6144,1,0.1095,0
10258.6,0.059,0,0.0377,0
8570.2,0.0552,0,0.0283,0
6151.5,0.9503,1,0.9778,1
7800.9,0.9237,1,0.9802,1
9044.1,0.1074,0,0.0295,0
10707.2,0.4796,0,0.049,0
10174.4,0.0578,0,0.0371,0
11112.7,0.0351,0,0.022,0
4913.8,0.4529,0,0.0264,0
8279.2,0.5902,1,0.0231,0
4139.8,0.1064,0,0.521,1
5810.7,0.8721,1,0.9696,1
10582.7,0.512,1,0.9325,1
5608.1,0.2076,0,0.039,0
12147.8,0.5558,1,0.0114,0
10115.8,0.7229,1,0.7918,1
9657.1,0.1096,0,0.0246,0
9558.1,0.0478,0,0.0336,0
10201.8,0.223,0,0.1663,0
4298.5,0.2436,0,0.0422,0
6388.7,0.1018,0,0.0377,0
10216.3,0.6235,1,0.5828,1
11080.5,0.1784,0,0.0314,0
10676.0,0.058,0,0.0144,0
11853.8,0.0626,0,0.025,0
10581.5,0.0876,0,0.0229,0
12602.8,0.592,1,0.0685,0
8152.5,0.075,0,0.0305,0
9989.9,0.0586,0,0.0309,0
12206.7,0.0624,0,0.0319,0
9537.9,0.1522,0,0.0299,0
7190.2,0.1082,0,0.045,0
12715.7,0.0678,0,0.0112,0
9161.5,0.1112,0,0.0407,0
13865.3,0.4723,0,0.0327,0
10705.6,0.0304,0,0.0438,0
10541.3,0.5413,1,0.4798,0
11107.9,0.7912,1,0.9525,1
8607.9,0.1072,0,0.0299,0
12392.7,0.0649,0,0.0317,0
10994.4,0.7662,1,0.0341,0
3819.5,0.9739,1,0.9561,1
10939.0,0.9567,1,0.9738,1
10557.3,0.9771,1,0.9664,1
15272.7,0.4782,0,0.1112,0
13988.4,0.8827,1,0.9627,1
9137.7,0.0363,0,0.0315,0
12998.8,0.9588,1,0.9576,1
9729.8,0.8999,1,0.9577,1
11323.5,0.9162,1,0.9668,1
14034.0,0.8446,1,0.9776,1
3486.1,0.9271,1,0.9402,1
6385.7,0.0524,0,0.0221,0
11212.0,0.1289,0,0.037,0
7136.7,0.1118,0,0.036,0
6850.7,0.1578,0,0.4998,0
8748.3,0.0691,0,0.0206,0
10883.2,0.0822,0,0.0534,0
10488.8,0.0794,0,0.7935,1
13590.6,0.1376,0,0.0506,0
14375.6,0.0589,0,0.0362,0
12139.4,0.0399,0,0.0284,0
10770.9,0.0495,0,0.0207,0
12021.3,0.844,1,0.1222,0
9902.6,0.039,0,0.0201,0
14838.9,0.0954,0,0.052,0
11634.2,0.0526,0,0.0298,0
11382.3,0.0551,0,0.0368,0
11252.1,0.0908,0,0.0624,0
5955.6,0.0552,0,0.039,0
9779.4,0.0374,0,0.0332,0
12525.3,0.2361,0,0.6656,1
11807.4,0.5886,1,0.0918,0
12275.5,0.0646,0,0.0244,0
14175.7,0.7548,1,0.9254,1
13904.2,0.7081,1,0.9413,1
14317.4,0.0865,0,0.0461,0
11734.4,0.4979,0,0.9462,1
4524.5,0.945,1,0.9174,1
12699.1,0.9326,1,0.2449,0
8733.8,0.9802,1,0.9033,1
14718.3,0.1112,0,0.0458,0
7170.1,0.9816,1,0.9673,1
11465.8,0.9471,1,0.9229,1
9623.3,0.0657,0,0.0462,0
7849.0,0.0545,0,0.046,0
11156.0,0.0649,0,0.0431,0
5651.8,0.0469,0,0.0711,0
13963.9,0.0601,0,0.0395,0
8598.2,0.0743,0,0.0178,0
9390.7,0.7747,1,0.971,1
4158.3,0.8218,1,0.1811,0
10263.9,0.1092,0,0.0255,0
13358.3,0.0859,0,0.0218,0
9570.4,0.0993,0,0.0531,0
9555.6,0.1945,0,0.0164,0
8902.9,0.9274,1,0.5341,1
5580.9,0.1148,0,0.0166,0
7622.0,0.1999,0,0.9515,1
12445.3,0.9801,1,0.062,0
7765.0,0.7368,1,0.8139,1
12193.9,0.0588,0,0.0292,0
10202.0,0.1087,0,0.0037,0
8951.8,0.9808,1,0.9621,1
10554.1,0.0393,0,0.252,0
7112.9,0.3281,0,0.1671,0
3534.0,0.0729,0,0.0298,0
15380.6,0.9325,1,0.3163,0
9469.0,0.1782,0,0.0208,0
6049.5,0.9329,1,0.9791,1
5800.8,0.3132,0,0.0729,0
11036.2,0.1939,0,0.0418,0
11007.0,0.0543,0,0.0287,0
11850.6,0.097,0,0.0432,0
15396.2,0.1299,0,0.0402,0
12763.8,0.1046,0,0.0384,0
12029.4,0.0324,0,0.0309,0
13278.7,0.0687,0,0.0335,0
9059.7,0.1156,0,0.417,0
12537.5,0.1392,0,0.0356,0
10474.7,0.0805,0,0.0336,0
4936.4,0.6208,1,0.0347,0
12061.1,0.5221,1,0.8235,1
12190.0,0.0617,0,0.0458,0
10584.8,0.0827,0,0.0455,0
14591.3,0.096,0,0.079,0
13699.5,0.0513,0,0.0453,0
10619.2,0.0462,0,0.0231,0
12484.2,0.0353,0,0.0213,0
11214.6,0.0364,0,0.016,0
10110.6,0.1591,0,0.0336,0
9121.2,0.1151,0,0.0864,0
11575.1,0.0526,0,0.0192,0
3049.0,0.1518,0,0.0426,0
14069.0,0.0473,0,0.0393,0
11732.1,0.0605,0,0.0349,0
13713.0,0.4066,0,0.9369,1
9861.9,0.0507,0,0.0238,0
12344.4,0.058,0,0.5008,1
10545.3,0.0421,0,0.03,0
9205.8,0.1327,0,0.0494,0
4310.6,0.4137,0,0.567,1
8992.7,0.084,0,0.0339,0
7586.6,0.4475,0,0.0368,0
7165.7,0.0452,0,0.0418,0
4081.8,0.4183,0,0.5363,1
4870.0,0.9518,1,0.8261,1
6511.5,0.1372,0,0.043,0
6229.0,0.3414,0,0.0537,0
10553.4,0.4338,0,0.0225,0
4603.9,0.6211,1,0.0882,0
11853.2,0.1213,0,0.0579,0
9783.6,0.0466,0,0.0069,0
11979.9,0.9564,1,0.9617,1
12742.6,0.0378,0,0.0149,0
7769.1,0.1823,0,0.06,0
11539.2,0.1198,0,0.0279,0
15249.8,0.0587,0,0.0383,0
6637.2,0.2752,0,0.0377,0
10681.8,0.067,0,0.0261,0
8808.1,0.7804,1,0.0846,0
11360.0,0.062,0,0.0321,0
12019.4,0.0329,0,0.0707,0
10963.6,0.0373,0,0.0065,0
12309.4,0.0803,0,0.0192,0
9773.1,0.8382,1,0.9615,1
7332.3,0.0541,0,0.0299,0
7853.7,0.0947,0,0.0559,0
11911.3,0.0765,0,0.0212,0
8034.3,0.4486,0,0.8986,1
6726.1,0.0376,0,0.0219,0
12339.6,0.034,0,0.0369,0
10103.0,0.0842,0,0.0551,0
11192.8,0.0501,0,0.0262,0
10296.2,0.053,0,0.0244,0
9466.3,0.0856,0,0.9648,1
11474.1,0.1859,0,0.1138,0
4456.6,0.0088,0,0.0288,0
5952.0,0.0464,0,0.0379,0
8717.8,0.0234,0,0.0264,0
10326.1,0.0332,0,0.0268,0
11361.5,0.2911,0,0.9701,1
10926.1,0.0704,0,0.0235,0
12883.0,0.8241,1,0.2761,0
7068.7,0.124,0,0.03,0
9517.6,0.1079,0,0.033,0
7001.3,0.5566,1,0.9745,1
10210.7,0.2527,0,0.8598,1
8541.5,0.0774,0,0.0309,0
3695.1,0.0305,0,0.0186,0
10061.7,0.4868,0,0.9527,1
10141.3,0.9419,1,0.9489,1
6388.1,0.0604,0,0.0557,0
8916.0,0.0765,0,0.0177,0
7179.6,0.0535,0,0.9535,1
8241.9,0.8002,1,0.027,0
5647.2,0.9754,1,0.2401,0
11971.7,0.0584,0,0.0316,0
13753.0,0.0758,0,0.0219,0
14165.4,0.0597,0,0.0173,0
10218.9,0.068,0,0.036,0
5512.2,0.0631,0,0.0316,0
7530.8,0.0462,0,0.0376,0
15005.5,0.0741,0,0.078,0
13188.0,0.0804,0,0.0275,0
9905.4,0.5173,1,0.0343,0
11346.6,0.9761,1,0.1065,0
11420.8,0.6456,1,0.0395,0
11347.8,0.9811,1,0.9801,1
9835.6,0.251,0,0.0359,0
11723.3,0.978,1,0.9776,1
5349.4,0.1657,0,0.0651,0
7358.7,0.0727,0,0.0071,0
12135.0,0.1083,0,0.8806,1
12586.3,0.0328,0,0.0248,0
11434.9,0.809,1,0.6858,1
10326.5,0.0436,0,0.0668,0
12028.0,0.0724,0,0.2954,0
8316.7,0.0736,0,0.0364,0
11892.9,0.162,0,0.0365,0
14500.7,0.0659,0,0.7452,1
12943.9,0.0318,0,0.0276,0
13504.7,0.0369,0,0.3034,0
11234.3,0.0696,0,0.0241,0
13392.2,0.0463,0,0.0239,0
12984.8,0.8641,1,0.953,1
12568.1,0.2093,0,0.1423,0
10732.2,0.0699,0,0.5775,1
8703.5,0.9672,1,0.9441,1
10690.6,0.9355,1,0.7228,1
12524.2,0.0681,0,0.0491,0
13337.3,0.0703,0,0.0346,0
7730.7,0.1149,0,0.033,0
9236.2,0.198,0,0.0626,0
11246.7,0.8945,1,0.7417,1
10793.0,0.9662,1,0.9628,1
10256.4,0.8884,1,0.9617,1
8714.1,0.9236,1,0.0312,0
8988.1,0.8583,1,0.6572,1
13648.9,0.9593,1,0.9669,1
2839.8,0.726,1,0.4772,0
10643.1,0.7817,1,0.9533,1
10863.0,0.8146,1,0.9526,1
10936.3,0.2331,0,0.0194,0
10520.3,0.1914,0,0.0115,0
6821.3,0.3964,0,0.0248,0
10258.8,0.1152,0,0.0158,0
10288.6,0.2725,0,0.0114,0
12921.6,0.0749,0,0.0149,0
9435.3,0.048,0,0.0324,0
11649.5,0.1131,0,0.0162,0
8775.7,0.1741,0,0.0079,0
9788.5,0.0331,0,0.0132,0
5418.3,0.7469,1,0.1036,0
10479.3,0.0918,0,0.0261,0
10435.8,0.0996,0,0.0147,0
10040.7,0.173,0,0.0125,0
9646.1,0.0654,0,0.0137,0
11883.6,0.1906,0,0.0167,0
12068.9,0.0683,0,0.0162,0
6905.5,0.1493,0,0.0363,0
11002.2,0.0822,0,0.0384,0
10583.6,0.0639,0,0.0246,0
15452.9,0.1112,0,0.0497,0
13681.0,0.0529,0,0.0318,0
11001.8,0.1127,0,0.0402,0
10101.0,0.0526,0,0.0225,0
12791.9,0.0499,0,0.0219,0
10246.4,0.0519,0,0.0363,0
12503.3,0.0377,0,0.0497,0
13031.2,0.2567,0,0.5899,1
14166.7,0.0523,0,0.0394,0
7631.8,0.6387,1,0.1638,0
11906.5,0.0823,0,0.0286,0
12225.1,0.0476,0,0.0442,0
14207.2,0.0954,0,0.0193,0
11713.2,0.0439,0,0.0392,0
6037.0,0.7511,1,0.0399,0
8809.9,0.0493,0,0.037,0
13923.0,0.1088,0,0.0179,0
15082.2,0.0641,0,0.0209,0
17630.5,0.1528,0,0.054,0
13596.1,0.0267,0,0.0156,0
13062.2,0.0713,0,0.0235,0
10812.1,0.0514,0,0.0157,0
11756.0,0.0604,0,0.0365,0
11591.4,0.0601,0,0.0325,0
5216.8,0.9643,1,0.26,0
10155.9,0.0796,0,0.0547,0
10832.5,0.1309,0,0.0421,0
11878.7,0.2235,0,0.8576,1
10054.2,0.9055,1,0.0685,0
14304.7,0.646,1,0.0542,0
11839.9,0.07,0,0.0315,0
11014.9,0.0965,0,0.0309,0
9582.4,0.0652,0,0.0545,0
11028.2,0.4106,0,0.0272,0
9683.1,0.3992,0,0.0289,0
13281.5,0.0736,0,0.0314,0
7050.0,0.9547,1,0.0216,0
12116.2,0.3019,0,0.0162,0
10253.5,0.3576,0,0.3559,0
10262.9,0.0951,0,0.0331,0
11369.4,0.1557,0,0.1061,0
9700.5,0.9307,1,0.0422,0
14409.0,0.4616,0,0.0492,0
10858.8,0.2907,0,0.0348,0
14221.2,0.1234,0,0.0367,0
15960.4,0.17,0,0.0755,0
9502.5,0.0936,0,0.034,0
9813.2,0.2475,0,0.0291,0
13441.7,0.0848,0,0.0584,0
7859.1,0.3093,0,0.0237,0
13269.3,0.3648,0,0.0188,0
11192.2,0.1364,0,0.0562,0
11102.1,0.1791,0,0.0422,0
9482.3,0.0662,0,0.0348,0
9121.6,0.8607,1,0.0231,0
10831.5,0.0812,0,0.0592,0
10843.0,0.3021,0,0.0473,0
14204.9,0.146,0,0.0334,0
14055.8,0.4526,0,0.2194,0
10670.9,0.4477,0,0.355,0
12801.7,0.5533,1,0.6807,1
14254.4,0.6101,1,0.1559,0
2213.8,0.5304,1,0.6305,1
12509.2,0.455,0,0.5477,1
14637.4,0.5354,1,0.2469,0
13170.6,0.5527,1,0.5035,1
12519.6,0.57,1,0.1519,0
3890.8,0.5495,1,0.5513,1
3353.4,0.477,0,0.7915,1
4127.5,0.5392,1,0.6064,1
3885.4,0.5725,1,0.5469,1
3311.7,0.6189,1,0.5456,1
3204.6,0.5387,1,0.8351,1
3287.7,0.5461,1,0.7166,1
2991.6,0.5642,1,0.8242,1
6401.1,0.0132,0,0.0227,0
12108.8,0.0275,0,0.0242,0
10315.3,0.0146,0,0.027,0
9618.3,0.0207,0,0.0103,0
3097.9,0.5422,1,0.574,1
2287.4,0.5076,1,0.601,1
7697.3,0.0385,0,0.0267,0
6702.8,0.0596,0,0.0288,0
9012.6,0.1016,0,0.0213,0
9350.4,0.0147,0,0.0092,0
6477.1,0.0312,0,0.0263,0
9146.9,0.0386,0,0.0279,0
8388.8,0.0151,0,0.0273,0
12849.8,0.6531,1,0.1914,0
13264.5,0.2684,0,0.0426,0
13474.1,0.2465,0,0.0419,0
10260.8,0.4895,0,0.2121,0
9132.2,0.0514,0,0.018,0
8876.0,0.0509,0,0.0194,0
8923.5,0.0533,0,0.0203,0
12602.8,0.5118,1,0.0305,0
13202.5,0.3288,0,0.0293,0
13317.7,0.3722,0,0.0333,0
12054.8,0.684,1,0.0976,0
8795.4,0.0354,0,0.0231,0
6714.2,0.0686,0,0.0413,0
7817.5,0.0583,0,0.0189,0
9767.0,0.0439,0,0.0316,0
9822.9,0.2555,0,0.776,1
13697.7,0.2044,0,0.0649,0
9283.2,0.1381,0,0.0274,0
11068.5,0.7837,1,0.0652,0
7231.7,0.0971,0,0.0066,0
7587.1,0.0262,0,0.0246,0
8107.6,0.0421,0,0.0178,0
9310.2,0.1668,0,0.0292,0
10548.1,0.1444,0,0.0361,0
11667.3,0.0667,0,0.0399,0
11906.2,0.1352,0,0.0366,0
10628.5,0.1188,0,0.0216,0
10588.9,0.0858,0,0.0343,0
8994.3,0.0429,0,0.0124,0
11158.4,0.0564,0,0.0326,0
11076.4,0.0991,0,0.041,0
12810.7,0.1217,0,0.0779,0
11539.5,0.0725,0,0.0194,0
12133.5,0.1032,0,0.0444,0
10356.4,0.0563,0,0.0943,0
7366.2,0.0629,0,0.8286,1
8772.8,0.1228,0,0.0553,0
4435.6,0.0792,0,0.0199,0
5327.7,0.4269,0,0.0142,0
7407.2,0.0842,0,0.6233,1
9813.0,0.1131,0,0.0174,0
9779.0,0.0589,0,0.3524,0
3435.0,0.6785,1,0.0135,0
6720.3,0.1317,0,0.0503,0
3651.6,0.169,0,0.0167,0
4454.0,0.6958,1,0.0096,0
8243.2,0.78,1,0.0187,0
7617.6,0.0863,0,0.0442,0
8606.7,0.0472,0,0.0256,0
6826.3,0.1415,0,0.2314,0
3797.0,0.5945,1,0.0284,0
9954.6,0.0342,0,0.0324,0
10111.4,0.0389,0,0.0288,0
8191.2,0.0626,0,0.0349,0
6385.1,0.0657,0,0.0139,0
10701.2,0.0665,0,0.0404,0
9868.9,0.8733,1,0.0321,0
10322.9,0.0538,0,0.0336,0
9405.2,0.5156,1,0.0319,0
7616.1,0.0642,0,0.0264,0
8811.0,0.3332,0,0.0271,0
8405.1,0.1412,0,0.0213,0
8640.7,0.045,0,0.0252,0
10859.4,0.0843,0,0.0372,0
10686.9,0.0418,0,0.0297,0
9556.3,0.038,0,0.0201,0
6916.3,0.0547,0,0.0303,0
4705.4,0.305,0,0.0471,0
11372.5,0.0501,0,0.0307,0
9212.2,0.6055,1,0.0257,0
10393.6,0.0912,0,0.0302,0
10119.8,0.0336,0,0.0272,0
8870.2,0.7976,1,0.0321,0
9596.2,0.044,0,0.0341,0
9471.8,0.0733,0,0.0387,0
10064.8,0.1315,0,0.0158,0
8797.9,0.0513,0,0.0285,0
7095.5,0.739,1,0.0578,0
10452.5,0.2196,0,0.0196,0
7943.6,0.1045,0,0.0152,0
9769.2,0.9717,1,0.0149,0
10413.2,0.3468,0,0.0355,0
5059.7,0.1657,0,0.0376,0
8587.2,0.7466,1,0.0309,0
4820.7,0.1275,0,0.0323,0
10909.1,0.2107,0,0.0333,0
9111.9,0.3301,0,0.0245,0
7739.8,0.0869,0,0.1724,0
8866.6,0.9827,1,0.0186,0
