slug,label,codec,score,verdict,cutoff_freq,families,Rule1MP3Bitrate,Rule2Cutoff,Rule3SourceVsContainer,Rule424BitSuspect,Rule5HighVariance,Rule6HighQualityProtection,Rule7SilenceAnalysis,Rule8NyquistException,Rule10Consistency,Rule11CassetteDetection,Rule12MLClassifier,Rule13MDCTAlignment,Rule17SBRReplication,_calculator
002-03-Hraach-Let-it-go,0,authentic,0,AUTHENTIC,22050.0,,0,0,,0,0,0,,-50,,,0,0,0,
003-01-Thor-Dari-lullaby,0,authentic,0,AUTHENTIC,22050.0,,0,0,,0,0,0,,-50,,,0,0,0,
000-03-Balla-et-ses-Balladins-Moi-ca-ma-fout,0,authentic,0,AUTHENTIC,22050.0,,0,0,,0,0,0,,-50,,,0,0,0,
001-11-Gilbert-B-caud-Le-bain-de-minuit,0,authentic,0,AUTHENTIC,21250.0,,0,0,,0,0,0,,-30,,,0,0,0,
006-09-Mahmoud-Ahmed-Tezeta,0,authentic,0,AUTHENTIC,22050.0,,0,0,,0,0,0,,-50,,,0,0,0,
007-07-Wax-Tailor-Positively-inclined-featuring-main,0,authentic,0,AUTHENTIC,22050.0,,0,0,,0,0,0,,-50,,,0,0,0,
004-01-Thiossane-Ablaye-Ndiaye-Aminata-ndiaye,0,authentic,0,AUTHENTIC,22050.0,,0,0,,0,0,0,,-50,,,0,0,0,
005-17-Los-Seven-Del-Swing-Celoso,0,authentic,0,AUTHENTIC,20250.0,,0,0,,0,0,0,,0,,,0,0,0,
010-06-Jon-Hassell-These-times,0,authentic,0,AUTHENTIC,22050.0,,0,0,,0,0,0,,-50,,,0,0,0,
011-07-Ensemble-National-des-Percussions-de-Guin-e-K,0,authentic,0,AUTHENTIC,21000.0,,0,0,,0,0,0,,-30,,,0,0,0,
014-26-Dock-Walsh-Bathe-in-that-beautiful-pool,0,authentic,0,AUTHENTIC,22050.0,,0,0,,0,0,0,,-50,,,0,0,0,
015-08-Jos-Gonz-lez-Vissel,0,authentic,0,AUTHENTIC,22050.0,,0,0,,0,0,0,,-50,,,0,0,0,
012-07-A-La-Carte-Brass-And-Percussion-Papa-was-a-ro,0,authentic,0,AUTHENTIC,20500.0,,0,0,,0,0,0,,0,,,0,0,0,
013-22-Roswell-Sacred-Harp-Quartet-Weeping-mary,0,authentic,0,AUTHENTIC,22050.0,,0,0,,0,0,0,,-50,,,0,0,0,
008-06-The-Mebusas-Mr-bull-dog-original-45-version,0,authentic,52,WARNING,19500.0,spectral+stereo+temporal,50,2,,0,0,0,0,0,0,,0,0,0,
009-03-Ilya-Beshevli-To-solitude,0,authentic,0,AUTHENTIC,22050.0,,0,0,,0,0,0,,-50,,,0,0,0,
016-03-Memory-Tapes-Green-knight,0,authentic,0,AUTHENTIC,22050.0,,0,0,,0,0,0,,-50,,,0,0,0,
017-13-Cafe-Del-Mar-Submariner,0,authentic,0,AUTHENTIC,22050.0,,0,0,,0,0,0,,-50,,,0,0,0,
018-04-Bag-o-wire-Resovoir,0,authentic,0,AUTHENTIC,21750.0,temporal,0,0,,0,0,0,,-50,,,0,0,0,
019-04-Kohi-Jadu,0,authentic,0,AUTHENTIC,22050.0,temporal,0,0,,0,0,0,,-50,,,0,0,0,
022-17-Michel-Legrand-It-s-good-to-be-alive-the-chas,0,authentic,0,AUTHENTIC,22050.0,,0,0,,0,0,0,,-50,,,0,0,0,
023-01-Yusef-Lateef-Buddy-and-lou,0,authentic,0,AUTHENTIC,21000.0,stereo,0,0,,0,0,0,,-30,,,0,0,0,
020-06-Bola-Tigantabame,0,authentic,0,AUTHENTIC,20500.0,,0,0,,0,0,0,,0,,,0,0,0,
021-13-Colombiafrica-The-Mystic-Orchestra-Rey-de-roc,0,authentic,50,WARNING,20500.0,spectral+stereo,50,0,,0,0,0,0,0,0,,0,0,0,
024-15-Jordi-Savall-Concert-li-la-rougeville-gigue,0,authentic,0,AUTHENTIC,22050.0,,0,0,,0,0,0,,-50,,,0,0,0,
025-07-Bolalar-Lola,0,authentic,0,AUTHENTIC,21500.0,stereo,0,0,,0,0,0,,-30,,,0,0,0,
026-06-Oumou-Dioubat-Siyala,0,authentic,0,AUTHENTIC,20500.0,temporal,0,0,,0,0,0,,0,,,0,0,0,
027-01-Dimlite-Kitty-Cradle-Fog,0,authentic,0,AUTHENTIC,22050.0,,0,0,,0,0,0,,-50,,,0,0,0,
028-04-Lisu-Yue-phue-alcool-de-ma-s,0,authentic,0,AUTHENTIC,22050.0,,0,0,,0,0,0,,-50,,,0,0,0,
029-05-Kuusow-Kurtunwaarey-Amin-Xaaji-Cusmaan-Cabdul,0,authentic,0,AUTHENTIC,22050.0,,0,0,,0,0,0,,-50,,,0,0,0,
030-06-S-bastien-Tellier-Benny,0,authentic,0,AUTHENTIC,22050.0,,0,0,,0,0,0,,-50,,,0,0,0,
031-07-Shkoon-Just-Emma-Id,0,authentic,0,AUTHENTIC,22050.0,stereo,0,0,,0,0,0,,-50,,,0,0,0,
032-05-2kilos-more-Cache-feu,0,authentic,0,AUTHENTIC,22050.0,,0,0,,0,0,0,,-50,,,0,0,0,
033-01-Daylight-Rising,0,authentic,0,AUTHENTIC,21500.0,,0,0,,0,0,0,,-30,,,0,0,0,
036-08-Nicolas-Comment-Amaurose,0,authentic,0,AUTHENTIC,21250.0,,0,0,,0,0,0,,-30,,,0,0,0,
037-02-Super-Cayor-De-Dakar-Emboutaieillage,0,authentic,0,AUTHENTIC,22050.0,,0,0,,0,0,0,,-50,,,0,0,0,
034-09-Snow-Ghosts-Bowline,0,authentic,0,AUTHENTIC,22050.0,,0,0,,0,0,0,,-50,,,0,0,0,
035-16-Slow-Air-In-Dropped-D,0,authentic,0,AUTHENTIC,21000.0,temporal,0,0,,0,0,0,,-30,,,0,0,0,
038-11-Red-Hot-Chili-Peppers-This-velvet-glove,0,authentic,0,AUTHENTIC,22050.0,,0,0,,0,0,0,,-50,,,0,0,0,
039-13-Kat-Onoma-Change-blues,0,authentic,0,AUTHENTIC,21000.0,,0,0,,0,0,0,,-30,,,0,0,0,
040-11-Xploding-Plastix-Far-flung-tonic,0,authentic,0,AUTHENTIC,21250.0,,0,0,,0,0,0,,-30,,,0,0,0,
041-07-Mondkopf-Summer-afternoon-on-the-carribean-se,0,authentic,5,AUTHENTIC,19000.0,stereo+temporal,0,5,,0,0,0,,0,,,0,0,0,
042-04-Keletigui-et-ses-Tambourinis-Nadia,0,authentic,0,AUTHENTIC,22050.0,,0,0,,0,0,0,,-50,,,0,0,0,
043-03-Massive-Attack-Inertia-Creeps-Manic-Street-Pr,0,authentic,0,AUTHENTIC,22050.0,,0,0,,0,0,0,,-50,,,0,0,0,
044-02-Various-Artists-Ka-mea-mea,0,authentic,0,AUTHENTIC,22050.0,,0,0,,0,0,0,,-50,,,0,0,0,
045-08-DJ-Katapila-Trotro-instrumental,0,authentic,11,AUTHENTIC,17750.0,,0,11,,0,0,0,,0,,0,0,0,0,
046-04-Clelia-Felix-Shine-so-bright,0,authentic,0,AUTHENTIC,22050.0,,0,0,,0,0,0,,-50,,,0,0,0,
047-03-Lemma-Souad-Asla-Maachouk-Nbi,0,authentic,0,AUTHENTIC,21250.0,,0,0,,0,0,0,,-30,,,0,0,0,
048-08-Gabriel-Romero-La-Piragua,0,authentic,0,AUTHENTIC,22050.0,,0,0,,0,0,0,,-50,,,0,0,0,
049-Nigeria-70-vol-1-Lagos-jump-09-Chief-Checker-Afr,0,authentic,0,AUTHENTIC,21500.0,,0,0,,0,0,0,,-30,,,0,0,0,
050-08-Boubacar-Traor-Pierrette,0,authentic,0,AUTHENTIC,21500.0,,0,0,,0,0,0,,-30,,,0,0,0,
051-07-Coldcut-x-On-U-Sound-Kajra-mohobbat-wala-feat,0,authentic,0,AUTHENTIC,21250.0,,0,0,,0,0,0,,-30,,,0,0,0,
052-06-Papa-Wemba-Efeka-mandundu,0,authentic,0,AUTHENTIC,22050.0,,0,0,,0,0,0,,-50,,,0,0,0,
053-03-Jupiter-Okwess-Ofakombolo,0,authentic,0,AUTHENTIC,20500.0,,0,0,,0,0,0,,0,,,0,0,0,
054-10-George-Bruns-Two-dogs-and-a-cycle,0,authentic,0,AUTHENTIC,22050.0,,0,0,,0,0,0,,-50,,,0,0,0,
055-01-Godspeed-You-Black-Emperor-Undoing-a-luciferi,0,authentic,0,AUTHENTIC,22050.0,,0,0,,0,0,0,,-50,,,0,0,0,
056-14-Hlamalani,0,authentic,0,AUTHENTIC,22050.0,stereo,0,0,,0,0,0,,-50,,,0,0,0,
057-02-Nass-El-Ghiwan-El-Mekkaoui-le-mecquois,0,authentic,0,AUTHENTIC,20750.0,,0,0,,0,0,0,,0,,,0,0,0,
058-01-Piny-Runa-Woko,0,authentic,0,AUTHENTIC,20750.0,,0,0,,0,0,0,,0,,,0,0,0,
059-01-Genesis-Gospel-Singers-Momma-mo-akoma-ntutu,0,authentic,0,AUTHENTIC,22050.0,,0,0,,0,0,0,,-50,,,0,0,0,
060-13-Naomi-The-Boys-Bad-loser,0,authentic,0,AUTHENTIC,22050.0,,0,0,,0,0,0,,-50,,,0,0,0,
061-07-Black-Truth-Rhythm-Band-Imo,0,authentic,11,AUTHENTIC,17750.0,,0,11,,0,0,0,,0,,0,0,0,0,
062-03-Alpha-Blondy-Jah-glory,0,authentic,0,AUTHENTIC,20500.0,,0,0,,0,0,0,,0,,,0,0,0,
063-09-Rodolphe-Burger-Billy-the-kid,0,authentic,0,AUTHENTIC,22050.0,,0,0,,0,0,0,,-50,,,0,0,0,
066-04-Etoile-de-Dakar-My-wa-wa,0,authentic,0,AUTHENTIC,22050.0,,0,0,,0,0,0,,-50,,,0,0,0,
067-03-The-Streets-Let-s-push-things-forward,0,authentic,0,AUTHENTIC,22050.0,,0,0,,0,0,0,,-50,,,0,0,0,
064-01-Blank-Jones-Feat-Mike-Francis-Someone-like-yo,0,authentic,0,AUTHENTIC,21250.0,,0,0,,0,0,0,,-30,,,0,0,0,
065-05-Quizas-Quizas,0,authentic,0,AUTHENTIC,22050.0,,0,0,,0,0,0,,-50,,,0,0,0,
068-08-Eddie-Palmieri-Cal-Tjader-Bamboleate,0,authentic,0,AUTHENTIC,22050.0,,0,0,,0,0,0,,-50,,,0,0,0,
069-02-Eden-Ahbez-The-wanderer,0,authentic,0,AUTHENTIC,22050.0,,0,0,,0,0,0,,-50,,,0,0,0,
070-02-Guts-Good-morning,0,authentic,0,AUTHENTIC,22050.0,,0,0,,0,0,0,,-50,,,0,0,0,
071-01-Jaipur-Kawa-Brass-Band-Piya-tu-ab-aaja,0,authentic,18,AUTHENTIC,16250.0,temporal,0,18,,0,0,0,,0,,0,0,0,0,
074-09-Koki-Nakano-Lift,0,authentic,0,AUTHENTIC,22050.0,,0,0,,0,0,0,,-50,,,0,0,0,
075-03-Jordi-Savall-El-rey-de-francia-esmirna,0,authentic,0,AUTHENTIC,22050.0,,0,0,,0,0,0,,-50,,,0,0,0,
072-05-Simo-Moumen-Samsara,0,authentic,2,AUTHENTIC,19500.0,,0,2,,0,0,0,,0,,,0,0,0,
073-10-Vanilla-Fudge-Eleanor-rigby,0,authentic,0,AUTHENTIC,20750.0,,0,0,,0,0,0,,0,,,0,0,0,
076-20-Fran-ois-Couperin-O-salutaris,0,authentic,0,AUTHENTIC,22050.0,,0,0,,0,0,0,,-50,,,0,0,0,
077-01-Jaga-Jazzist-All-i-know-is-tonight,0,authentic,0,AUTHENTIC,22050.0,,0,0,,0,0,0,,-50,,,0,0,0,
078-04-Kat-Onoma-La-chambre,0,authentic,0,AUTHENTIC,21500.0,,0,0,,0,0,0,,-30,,,0,0,0,
079-04-Gwen-McCrae-Let-s-straighten-it-out,0,authentic,0,AUTHENTIC,22050.0,temporal,0,0,,0,0,0,,-50,,,0,0,0,
002-03-Hraach-Let-it-go,1,aac_ff128,117,FAKE_CERTAIN,17500.0,mdct+spectral+stereo+temporal,50,12,,0,0,0,,0,,0,,55,,
003-01-Thor-Dari-lullaby,1,aac_ff128,98,FAKE_CERTAIN,17250.0,cnn+mdct+stereo+temporal,0,13,,0,0,0,,0,0,0,30,55,0,
004-01-Thiossane-Ablaye-Ndiaye-Aminata-ndiaye,1,aac_ff128,98,FAKE_CERTAIN,17250.0,cnn+mdct+stereo+temporal,0,13,,0,0,0,,0,0,0,30,55,0,
005-17-Los-Seven-Del-Swing-Celoso,1,aac_ff128,118,FAKE_CERTAIN,17250.0,mdct+spectral+stereo+temporal,50,13,,0,0,0,,0,,0,,55,,
000-03-Balla-et-ses-Balladins-Moi-ca-ma-fout,1,aac_ff128,68,FAKE_CERTAIN,17250.0,mdct+temporal,0,13,,0,0,0,,0,0,0,0,55,0,
001-11-Gilbert-B-caud-Le-bain-de-minuit,1,aac_ff128,98,FAKE_CERTAIN,17250.0,cnn+mdct+stereo+temporal,0,13,,0,0,0,,0,0,0,30,55,0,
006-09-Mahmoud-Ahmed-Tezeta,1,aac_ff128,68,FAKE_CERTAIN,17250.0,mdct+temporal,0,13,,0,0,0,,0,0,0,0,55,0,
007-07-Wax-Tailor-Positively-inclined-featuring-main,1,aac_ff128,95,FAKE_CERTAIN,17250.0,cnn+mdct+stereo+temporal,0,13,,0,0,0,,0,0,0,27,55,0,
008-06-The-Mebusas-Mr-bull-dog-original-45-version,1,aac_ff128,118,FAKE_CERTAIN,17250.0,mdct+spectral+stereo+temporal,50,13,,0,0,0,,0,,0,,55,,
009-03-Ilya-Beshevli-To-solitude,1,aac_ff128,55,FAKE_CERTAIN,22050.0,mdct+stereo+temporal,0,0,,0,0,0,,-50,,,0,55,0,50
010-06-Jon-Hassell-These-times,1,aac_ff128,118,FAKE_CERTAIN,17250.0,mdct+spectral+temporal,50,13,,0,0,0,,0,,0,,55,,
011-07-Ensemble-National-des-Percussions-de-Guin-e-K,1,aac_ff128,78,FAKE_CERTAIN,17250.0,cnn+mdct+stereo+temporal,0,13,,0,0,0,,0,-20,0,30,55,0,
012-07-A-La-Carte-Brass-And-Percussion-Papa-was-a-ro,1,aac_ff128,98,FAKE_CERTAIN,17250.0,cnn+mdct+stereo+temporal,0,13,,0,0,0,,0,0,0,30,55,0,
013-22-Roswell-Sacred-Harp-Quartet-Weeping-mary,1,aac_ff128,68,FAKE_CERTAIN,17250.0,mdct+temporal,0,13,,0,0,0,,0,0,0,0,55,0,
014-26-Dock-Walsh-Bathe-in-that-beautiful-pool,1,aac_ff128,55,FAKE_CERTAIN,22050.0,mdct+temporal,0,0,,0,0,0,,-50,,,0,55,0,50
015-08-Jos-Gonz-lez-Vissel,1,aac_ff128,118,FAKE_CERTAIN,17250.0,mdct+spectral+stereo+temporal,50,13,,0,0,0,,0,,0,,55,,
016-03-Memory-Tapes-Green-knight,1,aac_ff128,98,FAKE_CERTAIN,17250.0,cnn+mdct+stereo+temporal,0,13,,0,0,0,,0,0,0,30,55,0,
017-13-Cafe-Del-Mar-Submariner,1,aac_ff128,93,FAKE_CERTAIN,17250.0,cnn+mdct+stereo+temporal,0,13,,0,0,0,,0,0,0,25,55,0,
018-04-Bag-o-wire-Resovoir,1,aac_ff128,118,FAKE_CERTAIN,17250.0,mdct+spectral+stereo+temporal,50,13,,0,0,0,,0,,0,,55,,
019-04-Kohi-Jadu,1,aac_ff128,98,FAKE_CERTAIN,17250.0,cnn+mdct+stereo+temporal,0,13,,0,0,0,,0,0,0,30,55,0,
020-06-Bola-Tigantabame,1,aac_ff128,98,FAKE_CERTAIN,17250.0,cnn+mdct+stereo+temporal,0,13,,0,0,0,,0,0,0,30,55,0,
021-13-Colombiafrica-The-Mystic-Orchestra-Rey-de-roc,1,aac_ff128,118,FAKE_CERTAIN,17250.0,mdct+spectral+stereo+temporal,50,13,,0,0,0,,0,,0,,55,,
022-17-Michel-Legrand-It-s-good-to-be-alive-the-chas,1,aac_ff128,118,FAKE_CERTAIN,17250.0,mdct+spectral+stereo+temporal,50,13,,0,0,0,,0,,0,,55,,
023-01-Yusef-Lateef-Buddy-and-lou,1,aac_ff128,98,FAKE_CERTAIN,17250.0,cnn+mdct+stereo+temporal,0,13,,0,0,0,,0,0,0,30,55,0,
024-15-Jordi-Savall-Concert-li-la-rougeville-gigue,1,aac_ff128,118,FAKE_CERTAIN,17250.0,mdct+spectral+stereo+temporal,50,13,,0,0,0,,0,,0,,55,,
025-07-Bolalar-Lola,1,aac_ff128,118,FAKE_CERTAIN,17250.0,mdct+spectral+stereo+temporal,50,13,,0,0,0,,0,,0,,55,,
026-06-Oumou-Dioubat-Siyala,1,aac_ff128,117,FAKE_CERTAIN,17500.0,mdct+spectral+stereo+temporal,50,12,,0,0,0,,0,,0,,55,,
027-01-Dimlite-Kitty-Cradle-Fog,1,aac_ff128,98,FAKE_CERTAIN,17250.0,cnn+mdct+stereo+temporal,0,13,,0,0,0,,0,0,0,30,55,0,
028-04-Lisu-Yue-phue-alcool-de-ma-s,1,aac_ff128,55,FAKE_CERTAIN,22050.0,mdct+temporal,0,0,,0,0,0,,-50,,,0,55,0,50
029-05-Kuusow-Kurtunwaarey-Amin-Xaaji-Cusmaan-Cabdul,1,aac_ff128,98,FAKE_CERTAIN,17250.0,cnn+mdct+stereo+temporal,0,13,,0,0,0,,0,0,0,30,55,0,
030-06-S-bastien-Tellier-Benny,1,aac_ff128,118,FAKE_CERTAIN,17250.0,mdct+spectral+stereo+temporal,50,13,,0,0,0,,0,,0,,55,,
031-07-Shkoon-Just-Emma-Id,1,aac_ff128,55,FAKE_CERTAIN,22050.0,mdct+stereo+temporal,0,0,,0,0,0,,-50,,,0,55,0,50
032-05-2kilos-more-Cache-feu,1,aac_ff128,98,FAKE_CERTAIN,17250.0,cnn+mdct+stereo+temporal,0,13,,0,0,0,,0,0,0,30,55,0,
033-01-Daylight-Rising,1,aac_ff128,118,FAKE_CERTAIN,17250.0,mdct+spectral+stereo+temporal,50,13,,0,0,0,,0,,0,,55,,
034-09-Snow-Ghosts-Bowline,1,aac_ff128,118,FAKE_CERTAIN,17250.0,mdct+spectral+stereo+temporal,50,13,,0,0,0,,0,,0,,55,,
035-16-Slow-Air-In-Dropped-D,1,aac_ff128,68,FAKE_CERTAIN,17250.0,mdct+stereo+temporal,0,13,,0,0,0,,0,0,0,0,55,0,
036-08-Nicolas-Comment-Amaurose,1,aac_ff128,118,FAKE_CERTAIN,17250.0,mdct+spectral+stereo+temporal,50,13,,0,0,0,,0,,0,,55,,
037-02-Super-Cayor-De-Dakar-Emboutaieillage,1,aac_ff128,117,FAKE_CERTAIN,17500.0,mdct+spectral+stereo+temporal,50,12,,0,0,0,,0,,0,,55,,
038-11-Red-Hot-Chili-Peppers-This-velvet-glove,1,aac_ff128,54,WARNING,17250.0,mdct+stereo+temporal,0,13,,0,0,0,,0,-20,0,6,55,0,
039-13-Kat-Onoma-Change-blues,1,aac_ff128,98,FAKE_CERTAIN,17250.0,cnn+mdct+stereo+temporal,0,13,,0,0,0,,0,0,0,30,55,0,
040-11-Xploding-Plastix-Far-flung-tonic,1,aac_ff128,98,FAKE_CERTAIN,17250.0,cnn+mdct+stereo+temporal,0,13,,0,0,0,,0,0,0,30,55,0,
041-07-Mondkopf-Summer-afternoon-on-the-carribean-se,1,aac_ff128,117,FAKE_CERTAIN,17500.0,mdct+spectral+stereo+temporal,50,12,,0,0,0,,0,,0,,55,,
042-04-Keletigui-et-ses-Tambourinis-Nadia,1,aac_ff128,118,FAKE_CERTAIN,17250.0,mdct+spectral+temporal,50,13,,0,0,0,,0,,0,,55,,
043-03-Massive-Attack-Inertia-Creeps-Manic-Street-Pr,1,aac_ff128,98,FAKE_CERTAIN,17250.0,cnn+mdct+stereo+temporal,0,13,,0,0,0,,0,0,0,30,55,0,
044-02-Various-Artists-Ka-mea-mea,1,aac_ff128,118,FAKE_CERTAIN,17250.0,mdct+spectral+stereo+temporal,50,13,,0,0,0,,0,,0,,55,,
045-08-DJ-Katapila-Trotro-instrumental,1,aac_ff128,98,FAKE_CERTAIN,16750.0,cnn+mdct+stereo+temporal,0,16,,0,0,0,,0,0,0,27,55,0,
046-04-Clelia-Felix-Shine-so-bright,1,aac_ff128,118,FAKE_CERTAIN,17250.0,mdct+spectral+stereo+temporal,50,13,,0,0,0,,0,,0,,55,,
047-03-Lemma-Souad-Asla-Maachouk-Nbi,1,aac_ff128,98,FAKE_CERTAIN,17250.0,cnn+mdct+stereo+temporal,0,13,,0,0,0,,0,0,0,30,55,0,
048-08-Gabriel-Romero-La-Piragua,1,aac_ff128,118,FAKE_CERTAIN,17250.0,mdct+spectral+stereo+temporal,50,13,,0,0,0,,0,,0,,55,,
049-Nigeria-70-vol-1-Lagos-jump-09-Chief-Checker-Afr,1,aac_ff128,98,FAKE_CERTAIN,17250.0,cnn+mdct+stereo+temporal,0,13,,0,0,0,,0,0,0,30,55,0,
050-08-Boubacar-Traor-Pierrette,1,aac_ff128,118,FAKE_CERTAIN,17250.0,mdct+spectral+stereo+temporal,50,13,,0,0,0,,0,,0,,55,,
051-07-Coldcut-x-On-U-Sound-Kajra-mohobbat-wala-feat,1,aac_ff128,118,FAKE_CERTAIN,17250.0,mdct+spectral+stereo+temporal,50,13,,0,0,0,,0,,0,,55,,
052-06-Papa-Wemba-Efeka-mandundu,1,aac_ff128,68,FAKE_CERTAIN,17250.0,mdct+stereo+temporal,0,13,,0,0,0,,0,0,0,0,55,0,
053-03-Jupiter-Okwess-Ofakombolo,1,aac_ff128,118,FAKE_CERTAIN,17250.0,mdct+spectral+stereo+temporal,50,13,,0,0,0,,0,,0,,55,,
054-10-George-Bruns-Two-dogs-and-a-cycle,1,aac_ff128,118,FAKE_CERTAIN,17250.0,mdct+spectral+stereo+temporal,50,13,,0,0,0,,0,,0,,55,,
055-01-Godspeed-You-Black-Emperor-Undoing-a-luciferi,1,aac_ff128,68,FAKE_CERTAIN,17250.0,mdct+stereo+temporal,0,13,,0,0,0,,0,0,0,0,55,0,
056-14-Hlamalani,1,aac_ff128,118,FAKE_CERTAIN,17250.0,mdct+spectral+stereo+temporal,50,13,,0,0,0,,0,,0,,55,,
057-02-Nass-El-Ghiwan-El-Mekkaoui-le-mecquois,1,aac_ff128,118,FAKE_CERTAIN,17250.0,mdct+spectral+stereo+temporal,50,13,,0,0,0,,0,,0,,55,,
058-01-Piny-Runa-Woko,1,aac_ff128,118,FAKE_CERTAIN,17250.0,mdct+spectral+stereo+temporal,50,13,,0,0,0,,0,,0,,55,,
059-01-Genesis-Gospel-Singers-Momma-mo-akoma-ntutu,1,aac_ff128,118,FAKE_CERTAIN,17250.0,mdct+spectral+stereo+temporal,50,13,,0,0,0,,0,,0,,55,,
060-13-Naomi-The-Boys-Bad-loser,1,aac_ff128,118,FAKE_CERTAIN,17250.0,mdct+spectral+stereo+temporal,50,13,,0,0,0,,0,,0,,55,,
061-07-Black-Truth-Rhythm-Band-Imo,1,aac_ff128,118,FAKE_CERTAIN,17250.0,mdct+spectral+stereo+temporal,50,13,,0,0,0,,0,,0,,55,,
062-03-Alpha-Blondy-Jah-glory,1,aac_ff128,118,FAKE_CERTAIN,17250.0,mdct+spectral+stereo+temporal,50,13,,0,0,0,,0,,0,,55,,
063-09-Rodolphe-Burger-Billy-the-kid,1,aac_ff128,118,FAKE_CERTAIN,17250.0,mdct+spectral+stereo+temporal,50,13,,0,0,0,,0,,0,,55,,
064-01-Blank-Jones-Feat-Mike-Francis-Someone-like-yo,1,aac_ff128,118,FAKE_CERTAIN,17250.0,mdct+spectral+stereo+temporal,50,13,,0,0,0,,0,,0,,55,,
065-05-Quizas-Quizas,1,aac_ff128,118,FAKE_CERTAIN,17250.0,mdct+spectral+stereo+temporal,50,13,,0,0,0,,0,,0,,55,,
066-04-Etoile-de-Dakar-My-wa-wa,1,aac_ff128,98,FAKE_CERTAIN,17250.0,cnn+mdct+stereo+temporal,0,13,,0,0,0,,0,0,0,30,55,0,
067-03-The-Streets-Let-s-push-things-forward,1,aac_ff128,98,FAKE_CERTAIN,17250.0,cnn+mdct+stereo+temporal,0,13,,0,0,0,,0,0,0,30,55,0,
068-08-Eddie-Palmieri-Cal-Tjader-Bamboleate,1,aac_ff128,98,FAKE_CERTAIN,17250.0,cnn+mdct+stereo+temporal,0,13,,0,0,0,,0,0,0,30,55,0,
069-02-Eden-Ahbez-The-wanderer,1,aac_ff128,118,FAKE_CERTAIN,17250.0,mdct+spectral+stereo+temporal,50,13,,0,0,0,,0,,0,,55,,
070-02-Guts-Good-morning,1,aac_ff128,98,FAKE_CERTAIN,17250.0,cnn+mdct+stereo+temporal,0,13,,0,0,0,,0,0,0,30,55,0,
071-01-Jaipur-Kawa-Brass-Band-Piya-tu-ab-aaja,1,aac_ff128,95,FAKE_CERTAIN,16250.0,cnn+mdct+temporal,0,18,,0,0,0,,0,0,0,22,55,0,
072-05-Simo-Moumen-Samsara,1,aac_ff128,98,FAKE_CERTAIN,17250.0,cnn+mdct+stereo+temporal,0,13,,0,0,0,,0,0,0,30,55,0,
073-10-Vanilla-Fudge-Eleanor-rigby,1,aac_ff128,98,FAKE_CERTAIN,17250.0,cnn+mdct+temporal,0,13,,0,0,0,,0,0,0,30,55,0,
074-09-Koki-Nakano-Lift,1,aac_ff128,118,FAKE_CERTAIN,17250.0,mdct+spectral+stereo+temporal,50,13,,0,0,0,,0,,0,,55,,
075-03-Jordi-Savall-El-rey-de-francia-esmirna,1,aac_ff128,118,FAKE_CERTAIN,17250.0,mdct+spectral+stereo+temporal,50,13,,0,0,0,,0,,0,,55,,
076-20-Fran-ois-Couperin-O-salutaris,1,aac_ff128,55,FAKE_CERTAIN,22050.0,mdct+temporal,0,0,,0,0,0,,-50,,,0,55,0,50
077-01-Jaga-Jazzist-All-i-know-is-tonight,1,aac_ff128,98,FAKE_CERTAIN,17250.0,cnn+mdct+stereo+temporal,0,13,,0,0,0,,0,0,0,30,55,0,
078-04-Kat-Onoma-La-chambre,1,aac_ff128,118,FAKE_CERTAIN,17250.0,mdct+spectral+stereo+temporal,50,13,,0,0,0,,0,,0,,55,,
079-04-Gwen-McCrae-Let-s-straighten-it-out,1,aac_ff128,118,FAKE_CERTAIN,17250.0,mdct+spectral+stereo+temporal,50,13,,0,0,0,,0,,0,,55,,
002-03-Hraach-Let-it-go,1,aac_ff256,55,FAKE_CERTAIN,22050.0,mdct+stereo,0,0,,0,0,0,,-50,,,0,55,0,50
003-01-Thor-Dari-lullaby,1,aac_ff256,85,FAKE_CERTAIN,22050.0,cnn+mdct,0,0,,0,0,0,,-50,,,30,55,0,50
004-01-Thiossane-Ablaye-Ndiaye-Aminata-ndiaye,1,aac_ff256,85,FAKE_CERTAIN,22050.0,cnn+mdct,0,0,,0,0,0,,-50,,,30,55,0,50
005-17-Los-Seven-Del-Swing-Celoso,1,aac_ff256,66,SUSPICIOUS,20250.0,mdct,0,0,,0,0,0,,0,,,11,55,0,
006-09-Mahmoud-Ahmed-Tezeta,1,aac_ff256,55,SUSPICIOUS,22050.0,mdct,0,0,,0,0,0,,-50,,,0,55,0,50
007-07-Wax-Tailor-Positively-inclined-featuring-main,1,aac_ff256,76,FAKE_CERTAIN,22050.0,cnn+mdct+stereo,0,0,,0,0,0,,-50,,,21,55,0,50
008-06-The-Mebusas-Mr-bull-dog-original-45-version,1,aac_ff256,107,FAKE_CERTAIN,19500.0,mdct+spectral+stereo+temporal,50,2,,0,0,0,0,0,,,,55,,
009-03-Ilya-Beshevli-To-solitude,1,aac_ff256,55,SUSPICIOUS,22050.0,mdct,0,0,,0,0,0,,-50,,,0,55,0,50
000-03-Balla-et-ses-Balladins-Moi-ca-ma-fout,1,aac_ff256,55,SUSPICIOUS,22050.0,mdct,0,0,,0,0,0,,-50,,,0,55,0,50
001-11-Gilbert-B-caud-Le-bain-de-minuit,1,aac_ff256,55,SUSPICIOUS,21250.0,mdct,0,0,,0,0,0,,-30,,,0,55,0,30
016-03-Memory-Tapes-Green-knight,1,aac_ff256,85,FAKE_CERTAIN,22050.0,cnn+mdct+stereo,0,0,,0,0,0,,-50,,,30,55,0,50
017-13-Cafe-Del-Mar-Submariner,1,aac_ff256,85,FAKE_CERTAIN,22050.0,cnn+mdct,0,0,,0,0,0,,-50,,,30,55,0,50
012-07-A-La-Carte-Brass-And-Percussion-Papa-was-a-ro,1,aac_ff256,55,FAKE_CERTAIN,20500.0,mdct+stereo,0,0,,0,0,0,,0,,,0,55,0,
013-22-Roswell-Sacred-Harp-Quartet-Weeping-mary,1,aac_ff256,55,SUSPICIOUS,22050.0,mdct,0,0,,0,0,0,,-50,,,0,55,0,50
018-04-Bag-o-wire-Resovoir,1,aac_ff256,85,FAKE_CERTAIN,21750.0,cnn+mdct,0,0,,0,0,0,,-50,,,30,55,0,50
019-04-Kohi-Jadu,1,aac_ff256,83,FAKE_CERTAIN,22050.0,cnn+mdct+temporal,0,0,,0,0,0,,-50,,,28,55,0,50
010-06-Jon-Hassell-These-times,1,aac_ff256,55,SUSPICIOUS,22050.0,mdct,0,0,,0,0,0,,-50,,,0,55,0,50
011-07-Ensemble-National-des-Percussions-de-Guin-e-K,1,aac_ff256,55,SUSPICIOUS,21000.0,mdct,0,0,,0,0,0,,-30,,,0,55,0,30
020-06-Bola-Tigantabame,1,aac_ff256,79,FAKE_CERTAIN,20500.0,cnn+mdct,0,0,,0,0,0,,0,,,24,55,0,
021-13-Colombiafrica-The-Mystic-Orchestra-Rey-de-roc,1,aac_ff256,55,FAKE_CERTAIN,20750.0,mdct+stereo,0,0,,0,0,0,,0,,,0,55,0,
014-26-Dock-Walsh-Bathe-in-that-beautiful-pool,1,aac_ff256,55,SUSPICIOUS,22050.0,mdct,0,0,,0,0,0,,-50,,,0,55,0,50
015-08-Jos-Gonz-lez-Vissel,1,aac_ff256,55,SUSPICIOUS,22050.0,mdct,0,0,,0,0,0,,-50,,,0,55,0,50
026-06-Oumou-Dioubat-Siyala,1,aac_ff256,85,FAKE_CERTAIN,20500.0,cnn+mdct+temporal,0,0,,0,0,0,,0,,,30,55,0,
027-01-Dimlite-Kitty-Cradle-Fog,1,aac_ff256,85,FAKE_CERTAIN,22050.0,cnn+mdct,0,0,,0,0,0,,-50,,,30,55,0,50
022-17-Michel-Legrand-It-s-good-to-be-alive-the-chas,1,aac_ff256,64,SUSPICIOUS,21500.0,mdct,0,0,,0,0,0,,-30,,,9,55,0,30
023-01-Yusef-Lateef-Buddy-and-lou,1,aac_ff256,85,FAKE_CERTAIN,21000.0,cnn+mdct+stereo,0,0,,0,0,0,,-30,,,30,55,0,30
030-06-S-bastien-Tellier-Benny,1,aac_ff256,85,FAKE_CERTAIN,22050.0,cnn+mdct,0,0,,0,0,0,,-50,,,30,55,0,50
031-07-Shkoon-Just-Emma-Id,1,aac_ff256,55,FAKE_CERTAIN,22050.0,mdct+stereo,0,0,,0,0,0,,-50,,,0,55,0,50
024-15-Jordi-Savall-Concert-li-la-rougeville-gigue,1,aac_ff256,55,SUSPICIOUS,22050.0,mdct,0,0,,0,0,0,,-50,,,0,55,0,50
025-07-Bolalar-Lola,1,aac_ff256,85,FAKE_CERTAIN,21250.0,cnn+mdct+stereo,0,0,,0,0,0,,-30,,,30,55,0,30
032-05-2kilos-more-Cache-feu,1,aac_ff256,85,FAKE_CERTAIN,22050.0,cnn+mdct,0,0,,0,0,0,,-50,,,30,55,0,50
033-01-Daylight-Rising,1,aac_ff256,85,FAKE_CERTAIN,21750.0,cnn+mdct,0,0,,0,0,0,,-50,,,30,55,0,50
036-08-Nicolas-Comment-Amaurose,1,aac_ff256,85,FAKE_CERTAIN,21250.0,cnn+mdct,0,0,,0,0,0,,-30,,,30,55,0,30
037-02-Super-Cayor-De-Dakar-Emboutaieillage,1,aac_ff256,85,FAKE_CERTAIN,22050.0,cnn+mdct+stereo,0,0,,0,0,0,,-50,,,30,55,0,50
038-11-Red-Hot-Chili-Peppers-This-velvet-glove,1,aac_ff256,85,FAKE_CERTAIN,22050.0,cnn+mdct,0,0,,0,0,0,,-50,,,30,55,0,50
039-13-Kat-Onoma-Change-blues,1,aac_ff256,85,FAKE_CERTAIN,21000.0,cnn+mdct+stereo,0,0,,0,0,0,,-30,,,30,55,0,30
028-04-Lisu-Yue-phue-alcool-de-ma-s,1,aac_ff256,55,SUSPICIOUS,22050.0,mdct,0,0,,0,0,0,,-50,,,0,55,0,50
029-05-Kuusow-Kurtunwaarey-Amin-Xaaji-Cusmaan-Cabdul,1,aac_ff256,55,SUSPICIOUS,22050.0,mdct,0,0,,0,0,0,,-50,,,0,55,0,50
040-11-Xploding-Plastix-Far-flung-tonic,1,aac_ff256,85,FAKE_CERTAIN,21250.0,cnn+mdct,0,0,,0,0,0,,-30,,,30,55,0,30
041-07-Mondkopf-Summer-afternoon-on-the-carribean-se,1,aac_ff256,57,FAKE_CERTAIN,19500.0,mdct+stereo,0,2,,0,0,0,,0,,,0,55,0,
042-04-Keletigui-et-ses-Tambourinis-Nadia,1,aac_ff256,85,FAKE_CERTAIN,22050.0,cnn+mdct,0,0,,0,0,0,,-50,,,30,55,0,50
043-03-Massive-Attack-Inertia-Creeps-Manic-Street-Pr,1,aac_ff256,75,FAKE_CERTAIN,22050.0,cnn+mdct,0,0,,0,0,0,,-50,,,20,55,0,50
044-02-Various-Artists-Ka-mea-mea,1,aac_ff256,55,FAKE_CERTAIN,22050.0,mdct+stereo,0,0,,0,0,0,,-50,,,0,55,0,50
045-08-DJ-Katapila-Trotro-instrumental,1,aac_ff256,96,FAKE_CERTAIN,17750.0,cnn+mdct,0,11,,0,0,0,,0,0,0,30,55,0,
046-04-Clelia-Felix-Shine-so-bright,1,aac_ff256,85,FAKE_CERTAIN,22050.0,cnn+mdct,0,0,,0,0,0,,-50,,,30,55,0,50
047-03-Lemma-Souad-Asla-Maachouk-Nbi,1,aac_ff256,69,FAKE_CERTAIN,22050.0,mdct+stereo,0,0,,0,0,0,,-50,,,14,55,0,50
048-08-Gabriel-Romero-La-Piragua,1,aac_ff256,85,FAKE_CERTAIN,22050.0,cnn+mdct,0,0,,0,0,0,,-50,,,30,55,0,50
049-Nigeria-70-vol-1-Lagos-jump-09-Chief-Checker-Afr,1,aac_ff256,85,FAKE_CERTAIN,21500.0,cnn+mdct,0,0,,0,0,0,,-30,,,30,55,0,30
034-09-Snow-Ghosts-Bowline,1,aac_ff256,55,SUSPICIOUS,22050.0,mdct,0,0,,0,0,0,,-50,,,0,55,0,50
035-16-Slow-Air-In-Dropped-D,1,aac_ff256,55,SUSPICIOUS,21000.0,mdct,0,0,,0,0,0,,-30,,,0,55,0,30
056-14-Hlamalani,1,aac_ff256,85,FAKE_CERTAIN,22050.0,cnn+mdct+stereo,0,0,,0,0,0,,-50,,,30,55,0,50
057-02-Nass-El-Ghiwan-El-Mekkaoui-le-mecquois,1,aac_ff256,55,FAKE_CERTAIN,20750.0,mdct+stereo,0,0,,0,0,0,,0,,,0,55,0,
050-08-Boubacar-Traor-Pierrette,1,aac_ff256,85,FAKE_CERTAIN,21500.0,cnn+mdct,0,0,,0,0,0,,-30,,,30,55,0,30
051-07-Coldcut-x-On-U-Sound-Kajra-mohobbat-wala-feat,1,aac_ff256,69,SUSPICIOUS,21250.0,mdct,0,0,,0,0,0,,-30,,,14,55,0,30
052-06-Papa-Wemba-Efeka-mandundu,1,aac_ff256,55,SUSPICIOUS,22050.0,mdct,0,0,,0,0,0,,-50,,,0,55,0,50
053-03-Jupiter-Okwess-Ofakombolo,1,aac_ff256,85,FAKE_CERTAIN,20500.0,cnn+mdct,0,0,,0,0,0,,0,,,30,55,0,
058-01-Piny-Runa-Woko,1,aac_ff256,85,FAKE_CERTAIN,20750.0,cnn+mdct+stereo,0,0,,0,0,0,,0,,,30,55,0,
059-01-Genesis-Gospel-Singers-Momma-mo-akoma-ntutu,1,aac_ff256,85,FAKE_CERTAIN,22050.0,cnn+mdct,0,0,,0,0,0,,-50,,,30,55,0,50
054-10-George-Bruns-Two-dogs-and-a-cycle,1,aac_ff256,68,SUSPICIOUS,22050.0,mdct,0,0,,0,0,0,,-50,,,13,55,0,50
055-01-Godspeed-You-Black-Emperor-Undoing-a-luciferi,1,aac_ff256,55,SUSPICIOUS,22050.0,mdct,0,0,,0,0,0,,-50,,,0,55,0,50
060-13-Naomi-The-Boys-Bad-loser,1,aac_ff256,85,FAKE_CERTAIN,22050.0,cnn+mdct,0,0,,0,0,0,,-50,,,30,55,0,50
061-07-Black-Truth-Rhythm-Band-Imo,1,aac_ff256,74,SUSPICIOUS,20000.0,mdct,0,0,,0,0,0,,0,,,19,55,0,
062-03-Alpha-Blondy-Jah-glory,1,aac_ff256,85,FAKE_CERTAIN,21000.0,cnn+mdct+stereo,0,0,,0,0,0,,-30,,,30,55,0,30
063-09-Rodolphe-Burger-Billy-the-kid,1,aac_ff256,55,SUSPICIOUS,22050.0,mdct,0,0,,0,0,0,,-50,,,0,55,0,50
064-01-Blank-Jones-Feat-Mike-Francis-Someone-like-yo,1,aac_ff256,84,FAKE_CERTAIN,21000.0,cnn+mdct+stereo,0,0,,0,0,0,,-30,,,29,55,0,30
065-05-Quizas-Quizas,1,aac_ff256,65,SUSPICIOUS,22050.0,mdct,0,0,,0,0,0,,-50,,,10,55,0,50
070-02-Guts-Good-morning,1,aac_ff256,85,FAKE_CERTAIN,22050.0,cnn+mdct,0,0,,0,0,0,,-50,,,30,55,0,50
071-01-Jaipur-Kawa-Brass-Band-Piya-tu-ab-aaja,1,aac_ff256,73,FAKE_CERTAIN,16250.0,mdct+temporal,0,18,,0,0,0,,0,0,0,0,55,0,
072-05-Simo-Moumen-Samsara,1,aac_ff256,83,FAKE_CERTAIN,19750.0,cnn+mdct+stereo,0,1,,0,0,0,,0,,,27,55,0,
073-10-Vanilla-Fudge-Eleanor-rigby,1,aac_ff256,85,FAKE_CERTAIN,20750.0,cnn+mdct,0,0,,0,0,0,,0,,,30,55,0,
066-04-Etoile-de-Dakar-My-wa-wa,1,aac_ff256,55,SUSPICIOUS,22050.0,mdct,0,0,,0,0,0,,-50,,,0,55,0,50
067-03-The-Streets-Let-s-push-things-forward,1,aac_ff256,85,FAKE_CERTAIN,22050.0,cnn+mdct+stereo,0,0,,0,0,0,,-50,,,30,55,0,50
068-08-Eddie-Palmieri-Cal-Tjader-Bamboleate,1,aac_ff256,55,SUSPICIOUS,22050.0,mdct,0,0,,0,0,0,,-50,,,0,55,0,50
069-02-Eden-Ahbez-The-wanderer,1,aac_ff256,55,FAKE_CERTAIN,22050.0,mdct+stereo,0,0,,0,0,0,,-50,,,0,55,0,50
076-20-Fran-ois-Couperin-O-salutaris,1,aac_ff256,55,SUSPICIOUS,22050.0,mdct,0,0,,0,0,0,,-50,,,0,55,0,50
077-01-Jaga-Jazzist-All-i-know-is-tonight,1,aac_ff256,85,FAKE_CERTAIN,22050.0,cnn+mdct,0,0,,0,0,0,,-50,,,30,55,0,50
078-04-Kat-Onoma-La-chambre,1,aac_ff256,73,SUSPICIOUS,21500.0,mdct,0,0,,0,0,0,,-30,,,18,55,0,30
079-04-Gwen-McCrae-Let-s-straighten-it-out,1,aac_ff256,85,FAKE_CERTAIN,22050.0,cnn+mdct+temporal,0,0,,0,0,0,,-50,,,30,55,0,50
074-09-Koki-Nakano-Lift,1,aac_ff256,55,SUSPICIOUS,22050.0,mdct,0,0,,0,0,0,,-50,,,0,55,0,50
075-03-Jordi-Savall-El-rey-de-francia-esmirna,1,aac_ff256,55,SUSPICIOUS,22050.0,mdct,0,0,,0,0,0,,-50,,,0,55,0,50
000-03-Balla-et-ses-Balladins-Moi-ca-ma-fout,1,aac_ff320,55,SUSPICIOUS,22050.0,mdct,0,0,,0,0,0,,-50,,,0,55,0,50
001-11-Gilbert-B-caud-Le-bain-de-minuit,1,aac_ff320,55,SUSPICIOUS,21500.0,mdct,0,0,,0,0,0,,-30,,,0,55,0,30
002-03-Hraach-Let-it-go,1,aac_ff320,55,FAKE_CERTAIN,22050.0,mdct+stereo,0,0,,0,0,0,,-50,,,0,55,0,50
003-01-Thor-Dari-lullaby,1,aac_ff320,55,SUSPICIOUS,22050.0,mdct,0,0,,0,0,0,,-50,,,0,55,0,50
004-01-Thiossane-Ablaye-Ndiaye-Aminata-ndiaye,1,aac_ff320,55,SUSPICIOUS,22050.0,mdct,0,0,,0,0,0,,-50,,,0,55,0,50
005-17-Los-Seven-Del-Swing-Celoso,1,aac_ff320,55,SUSPICIOUS,20250.0,mdct,0,0,,0,0,0,,0,,,0,55,0,
008-06-The-Mebusas-Mr-bull-dog-original-45-version,1,aac_ff320,107,FAKE_CERTAIN,19500.0,mdct+spectral+stereo+temporal,50,2,,0,0,0,0,0,,,,55,,
009-03-Ilya-Beshevli-To-solitude,1,aac_ff320,55,SUSPICIOUS,22050.0,mdct,0,0,,0,0,0,,-50,,,0,55,0,50
006-09-Mahmoud-Ahmed-Tezeta,1,aac_ff320,55,SUSPICIOUS,22050.0,mdct,0,0,,0,0,0,,-50,,,0,55,0,50
007-07-Wax-Tailor-Positively-inclined-featuring-main,1,aac_ff320,55,SUSPICIOUS,22050.0,mdct,0,0,,0,0,0,,-50,,,0,55,0,50
010-06-Jon-Hassell-These-times,1,aac_ff320,55,SUSPICIOUS,22050.0,mdct,0,0,,0,0,0,,-50,,,0,55,0,50
011-07-Ensemble-National-des-Percussions-de-Guin-e-K,1,aac_ff320,55,SUSPICIOUS,21000.0,mdct,0,0,,0,0,0,,-30,,,0,55,0,30
012-07-A-La-Carte-Brass-And-Percussion-Papa-was-a-ro,1,aac_ff320,55,FAKE_CERTAIN,20500.0,mdct+stereo,0,0,,0,0,0,,0,,,0,55,0,
013-22-Roswell-Sacred-Harp-Quartet-Weeping-mary,1,aac_ff320,55,SUSPICIOUS,22050.0,mdct,0,0,,0,0,0,,-50,,,0,55,0,50
018-04-Bag-o-wire-Resovoir,1,aac_ff320,85,FAKE_CERTAIN,21750.0,cnn+mdct,0,0,,0,0,0,,-50,,,30,55,0,50
019-04-Kohi-Jadu,1,aac_ff320,55,FAKE_CERTAIN,22050.0,mdct+temporal,0,0,,0,0,0,,-50,,,0,55,0,50
014-26-Dock-Walsh-Bathe-in-that-beautiful-pool,1,aac_ff320,55,SUSPICIOUS,22050.0,mdct,0,0,,0,0,0,,-50,,,0,55,0,50
015-08-Jos-Gonz-lez-Vissel,1,aac_ff320,55,SUSPICIOUS,22050.0,mdct,0,0,,0,0,0,,-50,,,0,55,0,50
016-03-Memory-Tapes-Green-knight,1,aac_ff320,56,SUSPICIOUS,22050.0,mdct,0,0,,0,0,0,,-50,,,1,55,0,50
017-13-Cafe-Del-Mar-Submariner,1,aac_ff320,55,SUSPICIOUS,22050.0,mdct,0,0,,0,0,0,,-50,,,0,55,0,50
020-06-Bola-Tigantabame,1,aac_ff320,55,SUSPICIOUS,20500.0,mdct,0,0,,0,0,0,,0,,,0,55,0,
021-13-Colombiafrica-The-Mystic-Orchestra-Rey-de-roc,1,aac_ff320,105,FAKE_CERTAIN,20500.0,mdct+spectral+stereo,50,0,,0,0,0,0,0,,,,55,,
022-17-Michel-Legrand-It-s-good-to-be-alive-the-chas,1,aac_ff320,55,SUSPICIOUS,21500.0,mdct,0,0,,0,0,0,,-30,,,0,55,0,30
023-01-Yusef-Lateef-Buddy-and-lou,1,aac_ff320,55,FAKE_CERTAIN,21000.0,mdct+stereo,0,0,,0,0,0,,-30,,,0,55,0,30
024-15-Jordi-Savall-Concert-li-la-rougeville-gigue,1,aac_ff320,55,SUSPICIOUS,22050.0,mdct,0,0,,0,0,0,,-50,,,0,55,0,50
025-07-Bolalar-Lola,1,aac_ff320,55,FAKE_CERTAIN,21500.0,mdct+stereo,0,0,,0,0,0,,-30,,,0,55,0,30
026-06-Oumou-Dioubat-Siyala,1,aac_ff320,55,FAKE_CERTAIN,20500.0,mdct+temporal,0,0,,0,0,0,,0,,,0,55,0,
027-01-Dimlite-Kitty-Cradle-Fog,1,aac_ff320,55,SUSPICIOUS,22050.0,mdct,0,0,,0,0,0,,-50,,,0,55,0,50
030-06-S-bastien-Tellier-Benny,1,aac_ff320,55,SUSPICIOUS,22050.0,mdct,0,0,,0,0,0,,-50,,,0,55,0,50
031-07-Shkoon-Just-Emma-Id,1,aac_ff320,55,FAKE_CERTAIN,22050.0,mdct+stereo,0,0,,0,0,0,,-50,,,0,55,0,50
028-04-Lisu-Yue-phue-alcool-de-ma-s,1,aac_ff320,55,SUSPICIOUS,22050.0,mdct,0,0,,0,0,0,,-50,,,0,55,0,50
029-05-Kuusow-Kurtunwaarey-Amin-Xaaji-Cusmaan-Cabdul,1,aac_ff320,55,SUSPICIOUS,22050.0,mdct,0,0,,0,0,0,,-50,,,0,55,0,50
032-05-2kilos-more-Cache-feu,1,aac_ff320,85,FAKE_CERTAIN,22050.0,cnn+mdct,0,0,,0,0,0,,-50,,,30,55,0,50
033-01-Daylight-Rising,1,aac_ff320,65,SUSPICIOUS,21500.0,mdct,0,0,,0,0,0,,-30,,,10,55,0,30
036-08-Nicolas-Comment-Amaurose,1,aac_ff320,85,FAKE_CERTAIN,21250.0,cnn+mdct,0,0,,0,0,0,,-30,,,30,55,0,30
037-02-Super-Cayor-De-Dakar-Emboutaieillage,1,aac_ff320,63,SUSPICIOUS,22050.0,mdct,0,0,,0,0,0,,-50,,,8,55,0,50
034-09-Snow-Ghosts-Bowline,1,aac_ff320,55,SUSPICIOUS,22050.0,mdct,0,0,,0,0,0,,-50,,,0,55,0,50
035-16-Slow-Air-In-Dropped-D,1,aac_ff320,55,SUSPICIOUS,21000.0,mdct,0,0,,0,0,0,,-30,,,0,55,0,30
040-11-Xploding-Plastix-Far-flung-tonic,1,aac_ff320,55,SUSPICIOUS,21250.0,mdct,0,0,,0,0,0,,-30,,,0,55,0,30
041-07-Mondkopf-Summer-afternoon-on-the-carribean-se,1,aac_ff320,57,FAKE_CERTAIN,19500.0,mdct+stereo,0,2,,0,0,0,,0,,,0,55,0,
038-11-Red-Hot-Chili-Peppers-This-velvet-glove,1,aac_ff320,55,SUSPICIOUS,22050.0,mdct,0,0,,0,0,0,,-50,,,0,55,0,50
039-13-Kat-Onoma-Change-blues,1,aac_ff320,55,SUSPICIOUS,21000.0,mdct,0,0,,0,0,0,,-30,,,0,55,0,30
042-04-Keletigui-et-ses-Tambourinis-Nadia,1,aac_ff320,85,FAKE_CERTAIN,22050.0,cnn+mdct,0,0,,0,0,0,,-50,,,30,55,0,50
043-03-Massive-Attack-Inertia-Creeps-Manic-Street-Pr,1,aac_ff320,55,SUSPICIOUS,22050.0,mdct,0,0,,0,0,0,,-50,,,0,55,0,50
046-04-Clelia-Felix-Shine-so-bright,1,aac_ff320,55,SUSPICIOUS,22050.0,mdct,0,0,,0,0,0,,-50,,,0,55,0,50
047-03-Lemma-Souad-Asla-Maachouk-Nbi,1,aac_ff320,55,FAKE_CERTAIN,21250.0,mdct+stereo,0,0,,0,0,0,,-30,,,0,55,0,30
044-02-Various-Artists-Ka-mea-mea,1,aac_ff320,55,SUSPICIOUS,22050.0,mdct,0,0,,0,0,0,,-50,,,0,55,0,50
045-08-DJ-Katapila-Trotro-instrumental,1,aac_ff320,66,SUSPICIOUS,17750.0,mdct,0,11,,0,0,0,,0,0,0,0,55,0,
050-08-Boubacar-Traor-Pierrette,1,aac_ff320,85,FAKE_CERTAIN,21500.0,cnn+mdct,0,0,,0,0,0,,-30,,,30,55,0,30
051-07-Coldcut-x-On-U-Sound-Kajra-mohobbat-wala-feat,1,aac_ff320,55,SUSPICIOUS,21250.0,mdct,0,0,,0,0,0,,-30,,,0,55,0,30
048-08-Gabriel-Romero-La-Piragua,1,aac_ff320,55,SUSPICIOUS,22050.0,mdct,0,0,,0,0,0,,-50,,,0,55,0,50
049-Nigeria-70-vol-1-Lagos-jump-09-Chief-Checker-Afr,1,aac_ff320,55,SUSPICIOUS,21500.0,mdct,0,0,,0,0,0,,-30,,,0,55,0,30
052-06-Papa-Wemba-Efeka-mandundu,1,aac_ff320,55,SUSPICIOUS,22050.0,mdct,0,0,,0,0,0,,-50,,,0,55,0,50
053-03-Jupiter-Okwess-Ofakombolo,1,aac_ff320,85,FAKE_CERTAIN,20500.0,cnn+mdct,0,0,,0,0,0,,0,,,30,55,0,
056-14-Hlamalani,1,aac_ff320,55,FAKE_CERTAIN,22050.0,mdct+stereo,0,0,,0,0,0,,-50,,,0,55,0,50
057-02-Nass-El-Ghiwan-El-Mekkaoui-le-mecquois,1,aac_ff320,55,FAKE_CERTAIN,20750.0,mdct+stereo,0,0,,0,0,0,,0,,,0,55,0,
054-10-George-Bruns-Two-dogs-and-a-cycle,1,aac_ff320,59,SUSPICIOUS,22050.0,mdct,0,0,,0,0,0,,-50,,,4,55,0,50
055-01-Godspeed-You-Black-Emperor-Undoing-a-luciferi,1,aac_ff320,55,FAKE_CERTAIN,21750.0,mdct+stereo+temporal,0,0,,0,0,0,,-50,,,0,55,0,50
058-01-Piny-Runa-Woko,1,aac_ff320,55,FAKE_CERTAIN,20750.0,mdct+stereo,0,0,,0,0,0,,0,,,0,55,0,
059-01-Genesis-Gospel-Singers-Momma-mo-akoma-ntutu,1,aac_ff320,55,SUSPICIOUS,22050.0,mdct,0,0,,0,0,0,,-50,,,0,55,0,50
060-13-Naomi-The-Boys-Bad-loser,1,aac_ff320,85,FAKE_CERTAIN,22050.0,cnn+mdct,0,0,,0,0,0,,-50,,,30,55,0,50
061-07-Black-Truth-Rhythm-Band-Imo,1,aac_ff320,56,SUSPICIOUS,19750.0,mdct,0,1,,0,0,0,,0,,,0,55,0,
062-03-Alpha-Blondy-Jah-glory,1,aac_ff320,55,SUSPICIOUS,20750.0,mdct,0,0,,0,0,0,,0,,,0,55,0,
063-09-Rodolphe-Burger-Billy-the-kid,1,aac_ff320,55,SUSPICIOUS,22050.0,mdct,0,0,,0,0,0,,-50,,,0,55,0,50
064-01-Blank-Jones-Feat-Mike-Francis-Someone-like-yo,1,aac_ff320,55,SUSPICIOUS,21000.0,mdct,0,0,,0,0,0,,-30,,,0,55,0,30
065-05-Quizas-Quizas,1,aac_ff320,55,SUSPICIOUS,22050.0,mdct,0,0,,0,0,0,,-50,,,0,55,0,50
066-04-Etoile-de-Dakar-My-wa-wa,1,aac_ff320,55,SUSPICIOUS,22050.0,mdct,0,0,,0,0,0,,-50,,,0,55,0,50
067-03-The-Streets-Let-s-push-things-forward,1,aac_ff320,55,SUSPICIOUS,22050.0,mdct,0,0,,0,0,0,,-50,,,0,55,0,50
072-05-Simo-Moumen-Samsara,1,aac_ff320,62,FAKE_CERTAIN,19750.0,mdct+stereo,0,1,,0,0,0,,0,,,6,55,0,
073-10-Vanilla-Fudge-Eleanor-rigby,1,aac_ff320,85,FAKE_CERTAIN,20750.0,cnn+mdct,0,0,,0,0,0,,0,,,30,55,0,
070-02-Guts-Good-morning,1,aac_ff320,55,SUSPICIOUS,22050.0,mdct,0,0,,0,0,0,,-50,,,0,55,0,50
071-01-Jaipur-Kawa-Brass-Band-Piya-tu-ab-aaja,1,aac_ff320,73,FAKE_CERTAIN,16250.0,mdct+temporal,0,18,,0,0,0,,0,0,0,0,55,0,
068-08-Eddie-Palmieri-Cal-Tjader-Bamboleate,1,aac_ff320,55,SUSPICIOUS,22050.0,mdct,0,0,,0,0,0,,-50,,,0,55,0,50
069-02-Eden-Ahbez-The-wanderer,1,aac_ff320,55,SUSPICIOUS,22050.0,mdct,0,0,,0,0,0,,-50,,,0,55,0,50
000-03-Balla-et-ses-Balladins-Moi-ca-ma-fout,1,aacmf_256,25,AUTHENTIC,22050.0,mdct,0,0,,0,0,0,,-50,,,0,25,0,50
001-11-Gilbert-B-caud-Le-bain-de-minuit,1,aacmf_256,91,FAKE_CERTAIN,18750.0,cnn+mdct+stereo,0,6,,0,0,0,,0,,0,30,55,0,
078-04-Kat-Onoma-La-chambre,1,aac_ff320,55,SUSPICIOUS,21500.0,mdct,0,0,,0,0,0,,-30,,,0,55,0,30
079-04-Gwen-McCrae-Let-s-straighten-it-out,1,aac_ff320,55,FAKE_CERTAIN,22050.0,mdct+temporal,0,0,,0,0,0,,-50,,,0,55,0,50
074-09-Koki-Nakano-Lift,1,aac_ff320,55,SUSPICIOUS,22050.0,mdct,0,0,,0,0,0,,-50,,,0,55,0,50
075-03-Jordi-Savall-El-rey-de-francia-esmirna,1,aac_ff320,55,SUSPICIOUS,22050.0,mdct,0,0,,0,0,0,,-50,,,0,55,0,50
076-20-Fran-ois-Couperin-O-salutaris,1,aac_ff320,55,SUSPICIOUS,22050.0,mdct,0,0,,0,0,0,,-50,,,0,55,0,50
077-01-Jaga-Jazzist-All-i-know-is-tonight,1,aac_ff320,55,SUSPICIOUS,22050.0,mdct,0,0,,0,0,0,,-50,,,0,55,0,50
002-03-Hraach-Let-it-go,1,aacmf_256,84,FAKE_CERTAIN,21000.0,cnn+mdct+stereo,0,0,,0,0,0,,-30,,,29,55,0,30
003-01-Thor-Dari-lullaby,1,aacmf_256,31,WARNING,22050.0,cnn+stereo,0,0,,0,0,0,,-50,,,81,0,0,
004-01-Thiossane-Ablaye-Ndiaye-Aminata-ndiaye,1,aacmf_256,31,WARNING,22050.0,cnn+stereo,0,0,,0,0,0,,-50,,,81,0,0,
005-17-Los-Seven-Del-Swing-Celoso,1,aacmf_256,83,FAKE_CERTAIN,19250.0,cnn+spectral+stereo+temporal,50,3,,0,0,0,0,0,0,,30,0,0,
006-09-Mahmoud-Ahmed-Tezeta,1,aacmf_256,55,SUSPICIOUS,22050.0,mdct,0,0,,0,0,0,,-50,,,0,55,0,50
007-07-Wax-Tailor-Positively-inclined-featuring-main,1,aacmf_256,85,FAKE_CERTAIN,22050.0,cnn+mdct+stereo,0,0,,0,0,0,,-50,,,30,55,0,50
010-06-Jon-Hassell-These-times,1,aacmf_256,55,SUSPICIOUS,22050.0,mdct,0,0,,0,0,0,,-50,,,0,55,0,50
011-07-Ensemble-National-des-Percussions-de-Guin-e-K,1,aacmf_256,31,WARNING,21000.0,cnn,0,0,,0,0,0,,-30,,,61,0,0,
008-06-The-Mebusas-Mr-bull-dog-original-45-version,1,aacmf_256,91,FAKE_CERTAIN,17750.0,cnn+spectral+stereo+temporal,50,11,,0,0,0,,0,0,0,30,0,0,
009-03-Ilya-Beshevli-To-solitude,1,aacmf_256,55,SUSPICIOUS,22050.0,mdct,0,0,,0,0,0,,-50,,,0,55,0,50
018-04-Bag-o-wire-Resovoir,1,aacmf_256,85,FAKE_CERTAIN,21500.0,cnn+mdct,0,0,,0,0,0,,-30,,,30,55,0,30
019-04-Kohi-Jadu,1,aacmf_256,85,FAKE_CERTAIN,21500.0,cnn+mdct+stereo+temporal,0,0,,0,0,0,,-30,,,30,55,0,30
012-07-A-La-Carte-Brass-And-Percussion-Papa-was-a-ro,1,aacmf_256,32,WARNING,19500.0,cnn+stereo,0,2,,0,0,0,,0,,,30,0,0,
013-22-Roswell-Sacred-Harp-Quartet-Weeping-mary,1,aacmf_256,55,SUSPICIOUS,22050.0,mdct,0,0,,0,0,0,,-50,,,0,55,0,50
016-03-Memory-Tapes-Green-knight,1,aacmf_256,85,FAKE_CERTAIN,22050.0,cnn+mdct+stereo,0,0,,0,0,0,,-50,,,30,55,0,50
017-13-Cafe-Del-Mar-Submariner,1,aacmf_256,55,FAKE_CERTAIN,22050.0,cnn+mdct+stereo,0,0,,0,0,0,,-50,,,30,25,0,50
014-26-Dock-Walsh-Bathe-in-that-beautiful-pool,1,aacmf_256,25,AUTHENTIC,22050.0,mdct,0,0,,0,0,0,,-50,,,0,25,0,50
015-08-Jos-Gonz-lez-Vissel,1,aacmf_256,55,SUSPICIOUS,22050.0,mdct,0,0,,0,0,0,,-50,,,0,55,0,50
020-06-Bola-Tigantabame,1,aacmf_256,31,WARNING,20500.0,cnn+stereo,0,0,,0,0,0,,0,,,31,0,0,
021-13-Colombiafrica-The-Mystic-Orchestra-Rey-de-roc,1,aacmf_256,47,WARNING,16500.0,cnn,0,17,,0,0,0,,0,,0,30,0,0,
024-15-Jordi-Savall-Concert-li-la-rougeville-gigue,1,aacmf_256,0,AUTHENTIC,22050.0,,0,0,,0,0,0,,-50,,,9,0,0,
025-07-Bolalar-Lola,1,aacmf_256,31,WARNING,21250.0,cnn+stereo+temporal,0,0,,0,0,0,,-30,,,61,0,0,
022-17-Michel-Legrand-It-s-good-to-be-alive-the-chas,1,aacmf_256,56,FAKE_CERTAIN,18750.0,spectral+stereo+temporal,50,6,,0,0,0,,0,0,0,0,0,0,
023-01-Yusef-Lateef-Buddy-and-lou,1,aacmf_256,31,WARNING,20750.0,cnn+stereo,0,0,,0,0,0,,0,,,31,0,0,
026-06-Oumou-Dioubat-Siyala,1,aacmf_256,80,FAKE_CERTAIN,20000.0,cnn+spectral+stereo+temporal,50,0,,0,0,0,0,0,0,,30,0,0,
027-01-Dimlite-Kitty-Cradle-Fog,1,aacmf_256,85,FAKE_CERTAIN,22050.0,cnn+mdct+stereo,0,0,,0,0,0,,-50,,,30,55,0,50
032-05-2kilos-more-Cache-feu,1,aacmf_256,66,FAKE_CERTAIN,22050.0,mdct+stereo+temporal,0,0,,0,0,0,,-50,,,11,55,0,50
033-01-Daylight-Rising,1,aacmf_256,85,FAKE_CERTAIN,21000.0,cnn+mdct+stereo,0,0,,0,0,0,,-30,,,30,55,0,30
028-04-Lisu-Yue-phue-alcool-de-ma-s,1,aacmf_256,0,AUTHENTIC,22050.0,stereo,0,0,,0,0,0,,-50,,,0,0,0,
029-05-Kuusow-Kurtunwaarey-Amin-Xaaji-Cusmaan-Cabdul,1,aacmf_256,31,WARNING,22050.0,cnn+stereo,0,0,,0,0,0,,-50,,,81,0,0,
034-09-Snow-Ghosts-Bowline,1,aacmf_256,25,AUTHENTIC,22050.0,mdct+stereo,0,0,,0,0,0,,-50,,,0,25,0,50
035-16-Slow-Air-In-Dropped-D,1,aacmf_256,55,FAKE_CERTAIN,21000.0,mdct+stereo,0,0,,0,0,0,,-30,,,0,55,0,30
030-06-S-bastien-Tellier-Benny,1,aacmf_256,31,WARNING,21750.0,cnn+stereo,0,0,,0,0,0,,-50,,,81,0,0,
031-07-Shkoon-Just-Emma-Id,1,aacmf_256,0,AUTHENTIC,22050.0,stereo,0,0,,0,0,0,,-50,,,0,0,0,
036-08-Nicolas-Comment-Amaurose,1,aacmf_256,55,FAKE_CERTAIN,21000.0,cnn+mdct+stereo,0,0,,0,0,0,,-30,,,30,25,0,30
037-02-Super-Cayor-De-Dakar-Emboutaieillage,1,aacmf_256,31,WARNING,22050.0,cnn+stereo,0,0,,0,0,0,,-50,,,81,0,0,
038-11-Red-Hot-Chili-Peppers-This-velvet-glove,1,aacmf_256,85,FAKE_CERTAIN,22050.0,cnn+mdct+stereo,0,0,,0,0,0,,-50,,,30,55,0,50
039-13-Kat-Onoma-Change-blues,1,aacmf_256,31,WARNING,20750.0,cnn+stereo+temporal,0,0,,0,0,0,,0,,,31,0,0,
040-11-Xploding-Plastix-Far-flung-tonic,1,aacmf_256,85,FAKE_CERTAIN,21000.0,cnn+mdct+stereo,0,0,,0,0,0,,-30,,,30,55,0,30
041-07-Mondkopf-Summer-afternoon-on-the-carribean-se,1,aacmf_256,5,AUTHENTIC,19000.0,stereo,0,5,,0,0,0,,0,,,0,0,0,
044-02-Various-Artists-Ka-mea-mea,1,aacmf_256,55,FAKE_CERTAIN,21250.0,mdct+stereo,0,0,,0,0,0,,-30,,,0,55,0,30
045-08-DJ-Katapila-Trotro-instrumental,1,aacmf_256,77,FAKE_CERTAIN,17500.0,cnn+mdct+stereo,0,12,,0,0,0,,0,-20,0,30,55,0,
042-04-Keletigui-et-ses-Tambourinis-Nadia,1,aacmf_256,70,SUSPICIOUS,22050.0,mdct,0,0,,0,0,0,,-50,,,15,55,0,50
043-03-Massive-Attack-Inertia-Creeps-Manic-Street-Pr,1,aacmf_256,85,FAKE_CERTAIN,20750.0,cnn+mdct+stereo,0,0,,0,0,0,,0,,,30,55,0,
046-04-Clelia-Felix-Shine-so-bright,1,aacmf_256,31,WARNING,21750.0,cnn+stereo,0,0,,0,0,0,,-50,,,81,0,0,
047-03-Lemma-Souad-Asla-Maachouk-Nbi,1,aacmf_256,31,WARNING,21250.0,cnn+stereo,0,0,,0,0,0,,-30,,,61,0,0,
048-08-Gabriel-Romero-La-Piragua,1,aacmf_256,90,FAKE_CERTAIN,18000.0,cnn+mdct+stereo+temporal,0,10,,0,0,0,,0,0,0,25,55,0,
049-Nigeria-70-vol-1-Lagos-jump-09-Chief-Checker-Afr,1,aacmf_256,31,WARNING,20750.0,cnn+stereo,0,0,,0,0,0,,0,,,31,0,0,
052-06-Papa-Wemba-Efeka-mandundu,1,aacmf_256,55,FAKE_CERTAIN,21500.0,mdct+stereo,0,0,,0,0,0,,-30,,,0,55,0,30
053-03-Jupiter-Okwess-Ofakombolo,1,aacmf_256,105,FAKE_CERTAIN,20250.0,mdct+spectral+stereo+temporal,50,0,,0,0,0,0,0,,,,55,,
050-08-Boubacar-Traor-Pierrette,1,aacmf_256,31,WARNING,21000.0,cnn+stereo,0,0,,0,0,0,,-30,,,61,0,0,
051-07-Coldcut-x-On-U-Sound-Kajra-mohobbat-wala-feat,1,aacmf_256,37,WARNING,21000.0,mdct+stereo+temporal,0,0,,0,0,0,,-30,,,12,25,0,30
056-14-Hlamalani,1,aacmf_256,31,WARNING,22050.0,cnn+stereo,0,0,,0,0,0,,-50,,,81,0,0,
057-02-Nass-El-Ghiwan-El-Mekkaoui-le-mecquois,1,aacmf_256,55,FAKE_CERTAIN,20750.0,mdct+stereo,0,0,,0,0,0,,0,,,0,55,0,
058-01-Piny-Runa-Woko,1,aacmf_256,31,WARNING,20500.0,cnn+stereo+temporal,0,0,,0,0,0,,0,,,31,0,0,
059-01-Genesis-Gospel-Singers-Momma-mo-akoma-ntutu,1,aacmf_256,31,WARNING,22050.0,cnn+stereo,0,0,,0,0,0,,-50,,,81,0,0,
054-10-George-Bruns-Two-dogs-and-a-cycle,1,aacmf_256,90,FAKE_CERTAIN,18000.0,cnn+spectral+stereo,50,10,,0,0,0,,0,0,0,30,0,0,
055-01-Godspeed-You-Black-Emperor-Undoing-a-luciferi,1,aacmf_256,33,WARNING,19250.0,spectral+stereo+temporal,50,3,,0,0,0,0,0,-20,,0,0,0,
060-13-Naomi-The-Boys-Bad-loser,1,aacmf_256,85,FAKE_CERTAIN,22050.0,cnn+mdct+stereo,0,0,,0,0,0,,-50,,,30,55,0,50
061-07-Black-Truth-Rhythm-Band-Imo,1,aacmf_256,25,AUTHENTIC,17250.0,stereo,0,13,,0,0,0,,0,,0,12,0,0,
062-03-Alpha-Blondy-Jah-glory,1,aacmf_256,84,FAKE_CERTAIN,20500.0,cnn+mdct+stereo,0,0,,0,0,0,,0,,,29,55,0,
063-09-Rodolphe-Burger-Billy-the-kid,1,aacmf_256,55,FAKE_CERTAIN,22050.0,mdct+stereo,0,0,,0,0,0,,-50,,,0,55,0,50
064-01-Blank-Jones-Feat-Mike-Francis-Someone-like-yo,1,aacmf_256,31,WARNING,21000.0,cnn+stereo,0,0,,0,0,0,,-30,,,61,0,0,
065-05-Quizas-Quizas,1,aacmf_256,85,FAKE_CERTAIN,22050.0,cnn+mdct+stereo,0,0,,0,0,0,,-50,,,30,55,0,50
066-04-Etoile-de-Dakar-My-wa-wa,1,aacmf_256,31,WARNING,21500.0,cnn+stereo,0,0,,0,0,0,,-30,,,61,0,0,
067-03-The-Streets-Let-s-push-things-forward,1,aacmf_256,85,FAKE_CERTAIN,20750.0,cnn+mdct+stereo,0,0,,0,0,0,,0,,,30,55,0,
070-02-Guts-Good-morning,1,aacmf_256,31,WARNING,21500.0,cnn+stereo,0,0,,0,0,0,,-30,,,61,0,0,
071-01-Jaipur-Kawa-Brass-Band-Piya-tu-ab-aaja,1,aacmf_256,73,FAKE_CERTAIN,16250.0,mdct+temporal,0,18,,0,0,0,,0,0,0,0,55,0,
068-08-Eddie-Palmieri-Cal-Tjader-Bamboleate,1,aacmf_256,55,FAKE_CERTAIN,22050.0,cnn+mdct+stereo,0,0,,0,0,0,,-50,,,30,25,0,50
069-02-Eden-Ahbez-The-wanderer,1,aacmf_256,25,AUTHENTIC,20500.0,mdct+stereo,0,0,,0,0,0,,0,,,0,25,0,
074-09-Koki-Nakano-Lift,1,aacmf_256,55,FAKE_CERTAIN,22050.0,mdct+stereo,0,0,,0,0,0,,-50,,,0,55,0,50
075-03-Jordi-Savall-El-rey-de-francia-esmirna,1,aacmf_256,55,FAKE_CERTAIN,22050.0,mdct+stereo,0,0,,0,0,0,,-50,,,0,55,0,50
072-05-Simo-Moumen-Samsara,1,aacmf_256,108,FAKE_CERTAIN,19250.0,mdct+spectral+stereo+temporal,50,3,,0,0,0,0,0,,,,55,,
073-10-Vanilla-Fudge-Eleanor-rigby,1,aacmf_256,55,FAKE_CERTAIN,20500.0,cnn+mdct+temporal,0,0,,0,0,0,,0,,,30,25,0,
076-20-Fran-ois-Couperin-O-salutaris,1,aacmf_256,55,SUSPICIOUS,22050.0,mdct,0,0,,0,0,0,,-50,,,0,55,0,50
077-01-Jaga-Jazzist-All-i-know-is-tonight,1,aacmf_256,85,FAKE_CERTAIN,22050.0,cnn+mdct+stereo+temporal,0,0,,0,0,0,,-50,,,30,55,0,50
078-04-Kat-Onoma-La-chambre,1,aacmf_256,31,WARNING,21250.0,cnn+stereo,0,0,,0,0,0,,-30,,,61,0,0,
079-04-Gwen-McCrae-Let-s-straighten-it-out,1,aacmf_256,31,WARNING,21250.0,cnn+stereo+temporal,0,0,,0,0,0,,-30,,,61,0,0,
000-03-Balla-et-ses-Balladins-Moi-ca-ma-fout,1,mp3_128,17,AUTHENTIC,16500.0,temporal,0,17,,0,0,0,,0,,0,0,0,0,
001-11-Gilbert-B-caud-Le-bain-de-minuit,1,mp3_128,47,WARNING,16500.0,cnn+temporal,0,17,,0,0,0,,0,,0,30,0,0,
002-03-Hraach-Let-it-go,1,mp3_128,96,FAKE_CERTAIN,16750.0,cnn+spectral+stereo,50,16,,0,0,0,,0,0,0,30,0,0,
003-01-Thor-Dari-lullaby,1,mp3_128,46,WARNING,16750.0,cnn+temporal,0,16,,0,0,0,,0,,0,30,0,0,
006-09-Mahmoud-Ahmed-Tezeta,1,mp3_128,68,FAKE_CERTAIN,16250.0,spectral+temporal,50,18,,0,0,0,,0,0,0,0,0,0,
007-07-Wax-Tailor-Positively-inclined-featuring-main,1,mp3_128,47,WARNING,16500.0,cnn,0,17,,0,0,0,,0,,0,30,0,0,
004-01-Thiossane-Ablaye-Ndiaye-Aminata-ndiaye,1,mp3_128,46,WARNING,16750.0,cnn,0,16,,0,0,0,,0,,0,30,0,0,
005-17-Los-Seven-Del-Swing-Celoso,1,mp3_128,98,FAKE_CERTAIN,16250.0,cnn+spectral+temporal,50,18,,0,0,0,,0,0,0,30,0,0,
008-06-The-Mebusas-Mr-bull-dog-original-45-version,1,mp3_128,100,FAKE_CERTAIN,16000.0,cnn+spectral+temporal,50,20,,0,0,0,,0,0,0,30,0,0,
009-03-Ilya-Beshevli-To-solitude,1,mp3_128,0,AUTHENTIC,22050.0,stereo+temporal,0,0,,0,0,0,,-50,,,0,0,0,
010-06-Jon-Hassell-These-times,1,mp3_128,70,FAKE_CERTAIN,16000.0,spectral+temporal,50,20,,0,0,0,,0,0,0,0,0,0,
011-07-Ensemble-National-des-Percussions-de-Guin-e-K,1,mp3_128,46,WARNING,16750.0,cnn+temporal,0,16,,0,0,0,,0,,0,30,0,0,
012-07-A-La-Carte-Brass-And-Percussion-Papa-was-a-ro,1,mp3_128,47,WARNING,16500.0,cnn,0,17,,0,0,0,,0,,0,30,0,0,
013-22-Roswell-Sacred-Harp-Quartet-Weeping-mary,1,mp3_128,16,AUTHENTIC,16750.0,temporal,0,16,,0,0,0,,0,,0,0,0,0,
014-26-Dock-Walsh-Bathe-in-that-beautiful-pool,1,mp3_128,0,AUTHENTIC,22050.0,temporal,0,0,,0,0,0,,-50,,,0,0,0,
015-08-Jos-Gonz-lez-Vissel,1,mp3_128,66,FAKE_CERTAIN,16750.0,spectral+stereo+temporal,50,16,,0,0,0,,0,0,0,0,0,0,
016-03-Memory-Tapes-Green-knight,1,mp3_128,46,WARNING,16750.0,cnn+temporal,0,16,,0,0,0,,0,,0,30,0,0,
017-13-Cafe-Del-Mar-Submariner,1,mp3_128,46,WARNING,16750.0,cnn,0,16,,0,0,0,,0,,0,30,0,0,
018-04-Bag-o-wire-Resovoir,1,mp3_128,92,FAKE_CERTAIN,16750.0,cnn+spectral,50,16,,0,0,0,,0,0,0,26,0,0,
019-04-Kohi-Jadu,1,mp3_128,97,FAKE_CERTAIN,16500.0,cnn+spectral+stereo+temporal,50,17,,0,0,0,,0,0,0,30,0,0,
020-06-Bola-Tigantabame,1,mp3_128,46,WARNING,16750.0,cnn,0,16,,0,0,0,,0,,0,30,0,0,
021-13-Colombiafrica-The-Mystic-Orchestra-Rey-de-roc,1,mp3_128,102,FAKE_CERTAIN,15500.0,cnn&spectral+temporal,50,22,,0,0,0,,0,0,0,30,0,0,
022-17-Michel-Legrand-It-s-good-to-be-alive-the-chas,1,mp3_128,67,FAKE_CERTAIN,16500.0,spectral+temporal,50,17,,0,0,0,,0,0,0,0,0,0,
023-01-Yusef-Lateef-Buddy-and-lou,1,mp3_128,96,FAKE_CERTAIN,16750.0,cnn+spectral+temporal,50,16,,0,0,0,,0,0,0,30,0,0,
024-15-Jordi-Savall-Concert-li-la-rougeville-gigue,1,mp3_128,96,FAKE_CERTAIN,16750.0,cnn+spectral+temporal,50,16,,0,0,0,,0,0,0,30,0,0,
025-07-Bolalar-Lola,1,mp3_128,97,FAKE_CERTAIN,16500.0,cnn+spectral+temporal,50,17,,0,0,0,,0,0,0,30,0,0,
026-06-Oumou-Dioubat-Siyala,1,mp3_128,96,FAKE_CERTAIN,16750.0,cnn+spectral+temporal,50,16,,0,0,0,,0,0,0,30,0,0,
027-01-Dimlite-Kitty-Cradle-Fog,1,mp3_128,46,WARNING,16750.0,cnn,0,16,,0,0,0,,0,,0,30,0,0,
028-04-Lisu-Yue-phue-alcool-de-ma-s,1,mp3_128,0,AUTHENTIC,22050.0,stereo+temporal,0,0,,0,0,0,,-50,,,0,0,0,
029-05-Kuusow-Kurtunwaarey-Amin-Xaaji-Cusmaan-Cabdul,1,mp3_128,67,FAKE_CERTAIN,16500.0,cnn+spectral,50,17,,0,0,0,,0,-30,0,30,0,0,
030-06-S-bastien-Tellier-Benny,1,mp3_128,96,FAKE_CERTAIN,16750.0,cnn+spectral,50,16,,0,0,0,,0,0,0,30,0,0,
031-07-Shkoon-Just-Emma-Id,1,mp3_128,0,AUTHENTIC,22050.0,stereo,0,0,,0,0,0,,-50,,,0,0,0,
032-05-2kilos-more-Cache-feu,1,mp3_128,96,FAKE_CERTAIN,16750.0,cnn+spectral+stereo+temporal,50,16,,0,0,0,,0,0,0,30,0,0,
033-01-Daylight-Rising,1,mp3_128,96,FAKE_CERTAIN,16750.0,cnn+spectral+temporal,50,16,,0,0,0,,0,0,0,30,0,0,
034-09-Snow-Ghosts-Bowline,1,mp3_128,46,WARNING,16750.0,spectral+stereo+temporal,50,16,,0,0,0,,0,-20,0,0,0,0,
035-16-Slow-Air-In-Dropped-D,1,mp3_128,16,AUTHENTIC,16750.0,temporal,0,16,,0,0,0,,0,,0,0,0,0,
036-08-Nicolas-Comment-Amaurose,1,mp3_128,96,FAKE_CERTAIN,16750.0,cnn+spectral,50,16,,0,0,0,,0,0,0,30,0,0,
037-02-Super-Cayor-De-Dakar-Emboutaieillage,1,mp3_128,96,FAKE_CERTAIN,16750.0,cnn+spectral,50,16,,0,0,0,,0,0,0,30,0,0,
040-11-Xploding-Plastix-Far-flung-tonic,1,mp3_128,96,FAKE_CERTAIN,16750.0,cnn+spectral,50,16,,0,0,0,,0,0,0,30,0,0,
041-07-Mondkopf-Summer-afternoon-on-the-carribean-se,1,mp3_128,96,FAKE_CERTAIN,16750.0,cnn+spectral,50,16,,0,0,0,,0,0,0,30,0,0,
042-04-Keletigui-et-ses-Tambourinis-Nadia,1,mp3_128,96,FAKE_CERTAIN,16750.0,cnn+spectral,50,16,,0,0,0,,0,0,0,30,0,0,
043-03-Massive-Attack-Inertia-Creeps-Manic-Street-Pr,1,mp3_128,96,FAKE_CERTAIN,16750.0,cnn+spectral+temporal,50,16,,0,0,0,,0,0,0,30,0,0,
038-11-Red-Hot-Chili-Peppers-This-velvet-glove,1,mp3_128,46,WARNING,16750.0,cnn,0,16,,0,0,0,,0,,0,30,0,0,
039-13-Kat-Onoma-Change-blues,1,mp3_128,66,FAKE_CERTAIN,16750.0,mp3grid+spectral,50,16,,0,0,0,,0,0,0,0,0,0,
044-02-Various-Artists-Ka-mea-mea,1,mp3_128,70,FAKE_CERTAIN,16000.0,spectral+temporal,50,20,,0,0,0,,0,0,0,0,0,0,
045-08-DJ-Katapila-Trotro-instrumental,1,mp3_128,0,AUTHENTIC,16500.0,cnn,,17,,0,0,0,,0,,-40,21,0,0,
046-04-Clelia-Felix-Shine-so-bright,1,mp3_128,96,FAKE_CERTAIN,16750.0,cnn+spectral,50,16,,0,0,0,,0,0,0,30,0,0,
047-03-Lemma-Souad-Asla-Maachouk-Nbi,1,mp3_128,46,WARNING,16750.0,cnn+temporal,0,16,,0,0,0,,0,,0,30,0,0,
048-08-Gabriel-Romero-La-Piragua,1,mp3_128,98,FAKE_CERTAIN,16250.0,cnn+spectral+temporal,50,18,,0,0,0,,0,0,0,30,0,0,
049-Nigeria-70-vol-1-Lagos-jump-09-Chief-Checker-Afr,1,mp3_128,46,WARNING,16750.0,cnn,0,16,,0,0,0,,0,,0,30,0,0,
050-08-Boubacar-Traor-Pierrette,1,mp3_128,96,FAKE_CERTAIN,16750.0,cnn+spectral,50,16,,0,0,0,,0,0,0,30,0,0,
051-07-Coldcut-x-On-U-Sound-Kajra-mohobbat-wala-feat,1,mp3_128,67,FAKE_CERTAIN,16500.0,cnn+spectral+stereo+temporal,50,17,,0,0,0,,0,-30,0,30,0,0,
052-06-Papa-Wemba-Efeka-mandundu,1,mp3_128,66,FAKE_CERTAIN,16750.0,spectral+temporal,50,16,,0,0,0,,0,0,0,0,0,0,
053-03-Jupiter-Okwess-Ofakombolo,1,mp3_128,96,FAKE_CERTAIN,16750.0,cnn+spectral,50,16,,0,0,0,,0,0,0,30,0,0,
054-10-George-Bruns-Two-dogs-and-a-cycle,1,mp3_128,48,WARNING,16250.0,cnn+temporal,0,18,,0,0,0,,0,,0,30,0,0,
055-01-Godspeed-You-Black-Emperor-Undoing-a-luciferi,1,mp3_128,20,AUTHENTIC,16000.0,spectral+temporal,0,20,,0,0,0,,0,,0,0,0,0,
058-01-Piny-Runa-Woko,1,mp3_128,96,FAKE_CERTAIN,16750.0,cnn+spectral+temporal,50,16,,0,0,0,,0,0,0,30,0,0,
059-01-Genesis-Gospel-Singers-Momma-mo-akoma-ntutu,1,mp3_128,96,FAKE_CERTAIN,16750.0,cnn+spectral+temporal,50,16,,0,0,0,,0,0,0,30,0,0,
060-13-Naomi-The-Boys-Bad-loser,1,mp3_128,96,FAKE_CERTAIN,16750.0,cnn+spectral+temporal,50,16,,0,0,0,,0,0,0,30,0,0,
061-07-Black-Truth-Rhythm-Band-Imo,1,mp3_128,50,WARNING,16000.0,cnn+spectral+temporal,0,20,,0,0,0,,0,,0,30,0,0,
056-14-Hlamalani,1,mp3_128,96,FAKE_CERTAIN,16750.0,cnn+spectral+stereo+temporal,50,16,,0,0,0,,0,0,0,30,0,0,
057-02-Nass-El-Ghiwan-El-Mekkaoui-le-mecquois,1,mp3_128,66,FAKE_CERTAIN,16750.0,mp3grid+spectral,50,16,,0,0,0,,0,0,0,0,0,0,
062-03-Alpha-Blondy-Jah-glory,1,mp3_128,96,FAKE_CERTAIN,16750.0,cnn+spectral+temporal,50,16,,0,0,0,,0,0,0,30,0,0,
063-09-Rodolphe-Burger-Billy-the-kid,1,mp3_128,66,FAKE_CERTAIN,16750.0,spectral+stereo+temporal,50,16,,0,0,0,,0,0,0,0,0,0,
064-01-Blank-Jones-Feat-Mike-Francis-Someone-like-yo,1,mp3_128,96,FAKE_CERTAIN,16750.0,cnn+spectral,50,16,,0,0,0,,0,0,0,30,0,0,
065-05-Quizas-Quizas,1,mp3_128,96,FAKE_CERTAIN,16750.0,cnn+spectral+temporal,50,16,,0,0,0,,0,0,0,30,0,0,
066-04-Etoile-de-Dakar-My-wa-wa,1,mp3_128,47,WARNING,16500.0,cnn,0,17,,0,0,0,,0,,0,30,0,0,
067-03-The-Streets-Let-s-push-things-forward,1,mp3_128,46,WARNING,16750.0,cnn,0,16,,0,0,0,,0,,0,30,0,0,
068-08-Eddie-Palmieri-Cal-Tjader-Bamboleate,1,mp3_128,47,WARNING,16500.0,cnn,0,17,,0,0,0,,0,,0,30,0,0,
069-02-Eden-Ahbez-The-wanderer,1,mp3_128,70,FAKE_CERTAIN,16000.0,spectral+temporal,50,20,,0,0,0,,0,0,0,0,0,0,
070-02-Guts-Good-morning,1,mp3_128,96,FAKE_CERTAIN,16750.0,cnn+spectral,50,16,,0,0,0,,0,0,0,30,0,0,
071-01-Jaipur-Kawa-Brass-Band-Piya-tu-ab-aaja,1,mp3_128,48,WARNING,16250.0,cnn,0,18,,0,0,0,,0,,0,30,0,0,
072-05-Simo-Moumen-Samsara,1,mp3_128,97,FAKE_CERTAIN,16500.0,cnn+spectral,50,17,,0,0,0,,0,0,0,30,0,0,
073-10-Vanilla-Fudge-Eleanor-rigby,1,mp3_128,31,WARNING,16750.0,temporal,0,16,,0,0,0,,0,,0,15,0,0,
074-09-Koki-Nakano-Lift,1,mp3_128,67,FAKE_CERTAIN,16500.0,spectral+temporal,50,17,,0,0,0,,0,0,0,0,0,0,
075-03-Jordi-Savall-El-rey-de-francia-esmirna,1,mp3_128,66,FAKE_CERTAIN,16750.0,spectral+temporal,50,16,,0,0,0,,0,0,0,0,0,0,
076-20-Fran-ois-Couperin-O-salutaris,1,mp3_128,0,AUTHENTIC,22050.0,temporal,0,0,,0,0,0,,-50,,,0,0,0,
077-01-Jaga-Jazzist-All-i-know-is-tonight,1,mp3_128,46,WARNING,16750.0,cnn,0,16,,0,0,0,,0,,0,30,0,0,
078-04-Kat-Onoma-La-chambre,1,mp3_128,97,FAKE_CERTAIN,16500.0,cnn+spectral,50,17,,0,0,0,,0,0,0,30,0,0,
079-04-Gwen-McCrae-Let-s-straighten-it-out,1,mp3_128,96,FAKE_CERTAIN,16750.0,cnn+spectral,50,16,,0,0,0,,0,0,0,30,0,0,
000-03-Balla-et-ses-Balladins-Moi-ca-ma-fout,1,mp3_192,6,AUTHENTIC,18750.0,temporal,0,6,,0,0,0,,0,,0,0,0,0,
001-11-Gilbert-B-caud-Le-bain-de-minuit,1,mp3_192,87,FAKE_CERTAIN,18500.0,cnn+spectral+stereo,50,7,,0,0,0,,0,0,0,30,0,0,
004-01-Thiossane-Ablaye-Ndiaye-Aminata-ndiaye,1,mp3_192,86,FAKE_CERTAIN,18750.0,cnn+spectral+stereo+temporal,50,6,,0,0,0,,0,0,0,30,0,0,
005-17-Los-Seven-Del-Swing-Celoso,1,mp3_192,57,FAKE_CERTAIN,18500.0,cnn+spectral+stereo,50,7,,0,0,0,,0,-30,0,30,0,0,
002-03-Hraach-Let-it-go,1,mp3_192,86,FAKE_CERTAIN,18750.0,cnn+spectral+stereo+temporal,50,6,,0,0,0,,0,0,0,30,0,0,
003-01-Thor-Dari-lullaby,1,mp3_192,86,FAKE_CERTAIN,18750.0,cnn+spectral+stereo+temporal,50,6,,0,0,0,,0,0,0,30,0,0,
006-09-Mahmoud-Ahmed-Tezeta,1,mp3_192,6,AUTHENTIC,18750.0,temporal,0,6,,0,0,0,,0,,0,0,0,0,
007-07-Wax-Tailor-Positively-inclined-featuring-main,1,mp3_192,40,WARNING,18000.0,cnn+stereo,0,10,,0,0,0,,0,,0,30,0,0,
008-06-The-Mebusas-Mr-bull-dog-original-45-version,1,mp3_192,93,FAKE_CERTAIN,17250.0,cnn+spectral+stereo+temporal,50,13,,0,0,0,,0,0,0,30,0,0,
009-03-Ilya-Beshevli-To-solitude,1,mp3_192,0,AUTHENTIC,22050.0,stereo+temporal,0,0,,0,0,0,,-50,,,0,0,0,
012-07-A-La-Carte-Brass-And-Percussion-Papa-was-a-ro,1,mp3_192,36,WARNING,18750.0,cnn+stereo,0,6,,0,0,0,,0,,0,30,0,0,
013-22-Roswell-Sacred-Harp-Quartet-Weeping-mary,1,mp3_192,5,AUTHENTIC,19000.0,stereo+temporal,0,5,,0,0,0,,0,,,0,0,0,
014-26-Dock-Walsh-Bathe-in-that-beautiful-pool,1,mp3_192,0,AUTHENTIC,22050.0,,0,0,,0,0,0,,-50,,,0,0,0,
015-08-Jos-Gonz-lez-Vissel,1,mp3_192,6,AUTHENTIC,18750.0,stereo+temporal,0,6,,0,0,0,,0,,0,0,0,0,
010-06-Jon-Hassell-These-times,1,mp3_192,56,FAKE_CERTAIN,18750.0,mp3grid+spectral,50,6,,0,0,0,,0,0,0,0,0,0,
011-07-Ensemble-National-des-Percussions-de-Guin-e-K,1,mp3_192,36,WARNING,18750.0,cnn+stereo+temporal,0,6,,0,0,0,,0,,0,30,0,0,
016-03-Memory-Tapes-Green-knight,1,mp3_192,36,WARNING,18750.0,cnn+stereo+temporal,0,6,,0,0,0,,0,,0,30,0,0,
017-13-Cafe-Del-Mar-Submariner,1,mp3_192,36,WARNING,18750.0,cnn+stereo+temporal,0,6,,0,0,0,,0,,0,30,0,0,
018-04-Bag-o-wire-Resovoir,1,mp3_192,86,FAKE_CERTAIN,18750.0,cnn+spectral,50,6,,0,0,0,,0,0,0,30,0,0,
019-04-Kohi-Jadu,1,mp3_192,86,FAKE_CERTAIN,18750.0,cnn+spectral+stereo+temporal,50,6,,0,0,0,,0,0,0,30,0,0,
020-06-Bola-Tigantabame,1,mp3_192,36,WARNING,18750.0,cnn+stereo+temporal,0,6,,0,0,0,,0,,0,30,0,0,
021-13-Colombiafrica-The-Mystic-Orchestra-Rey-de-roc,1,mp3_192,100,FAKE_CERTAIN,16000.0,cnn+spectral+temporal,50,20,,0,0,0,,0,0,0,30,0,0,
022-17-Michel-Legrand-It-s-good-to-be-alive-the-chas,1,mp3_192,86,FAKE_CERTAIN,18750.0,cnn+spectral+stereo+temporal,50,6,,0,0,0,,0,0,0,30,0,0,
023-01-Yusef-Lateef-Buddy-and-lou,1,mp3_192,86,FAKE_CERTAIN,18750.0,cnn+spectral+stereo+temporal,50,6,,0,0,0,,0,0,0,30,0,0,
024-15-Jordi-Savall-Concert-li-la-rougeville-gigue,1,mp3_192,32,WARNING,19000.0,cnn+spectral+temporal,50,5,,0,0,0,-50,0,,,27,0,0,
025-07-Bolalar-Lola,1,mp3_192,86,FAKE_CERTAIN,18750.0,cnn+spectral+stereo+temporal,50,6,,0,0,0,,0,0,0,30,0,0,
026-06-Oumou-Dioubat-Siyala,1,mp3_192,86,FAKE_CERTAIN,18750.0,cnn+spectral+stereo+temporal,50,6,,0,0,0,,0,0,0,30,0,0,
027-01-Dimlite-Kitty-Cradle-Fog,1,mp3_192,36,WARNING,18750.0,cnn+stereo+temporal,0,6,,0,0,0,,0,,0,30,0,0,
028-04-Lisu-Yue-phue-alcool-de-ma-s,1,mp3_192,0,AUTHENTIC,22050.0,stereo+temporal,0,0,,0,0,0,,-50,,,0,0,0,
029-05-Kuusow-Kurtunwaarey-Amin-Xaaji-Cusmaan-Cabdul,1,mp3_192,86,FAKE_CERTAIN,18750.0,cnn+spectral+stereo,50,6,,0,0,0,,0,0,0,30,0,0,
030-06-S-bastien-Tellier-Benny,1,mp3_192,86,FAKE_CERTAIN,18750.0,cnn+spectral+stereo+temporal,50,6,,0,0,0,,0,0,0,30,0,0,
031-07-Shkoon-Just-Emma-Id,1,mp3_192,0,AUTHENTIC,22050.0,stereo+temporal,0,0,,0,0,0,,-50,,,0,0,0,
032-05-2kilos-more-Cache-feu,1,mp3_192,86,FAKE_CERTAIN,18750.0,cnn+spectral+stereo+temporal,50,6,,0,0,0,,0,0,0,30,0,0,
033-01-Daylight-Rising,1,mp3_192,86,FAKE_CERTAIN,18750.0,cnn+spectral+stereo+temporal,50,6,,0,0,0,,0,0,0,30,0,0,
034-09-Snow-Ghosts-Bowline,1,mp3_192,36,WARNING,18750.0,spectral+stereo,50,6,,0,0,0,,0,-20,0,0,0,0,
035-16-Slow-Air-In-Dropped-D,1,mp3_192,6,AUTHENTIC,18750.0,stereo+temporal,0,6,,0,0,0,,0,,0,0,0,0,
036-08-Nicolas-Comment-Amaurose,1,mp3_192,86,FAKE_CERTAIN,18750.0,cnn+spectral+stereo,50,6,,0,0,0,,0,0,0,30,0,0,
037-02-Super-Cayor-De-Dakar-Emboutaieillage,1,mp3_192,86,FAKE_CERTAIN,18750.0,cnn+spectral+stereo,50,6,,0,0,0,,0,0,0,30,0,0,
038-11-Red-Hot-Chili-Peppers-This-velvet-glove,1,mp3_192,36,WARNING,18750.0,cnn+stereo,0,6,,0,0,0,,0,,0,30,0,0,
039-13-Kat-Onoma-Change-blues,1,mp3_192,86,FAKE_CERTAIN,18750.0,cnn+spectral+stereo,50,6,,0,0,0,,0,0,0,30,0,0,
040-11-Xploding-Plastix-Far-flung-tonic,1,mp3_192,86,FAKE_CERTAIN,18750.0,cnn+spectral+stereo+temporal,50,6,,0,0,0,,0,0,0,30,0,0,
041-07-Mondkopf-Summer-afternoon-on-the-carribean-se,1,mp3_192,85,FAKE_CERTAIN,19000.0,cnn+spectral+stereo,50,5,,0,0,0,0,0,0,,30,0,0,
042-04-Keletigui-et-ses-Tambourinis-Nadia,1,mp3_192,86,FAKE_CERTAIN,18750.0,cnn+spectral+temporal,50,6,,0,0,0,,0,0,0,30,0,0,
043-03-Massive-Attack-Inertia-Creeps-Manic-Street-Pr,1,mp3_192,86,FAKE_CERTAIN,18750.0,cnn+spectral+stereo+temporal,50,6,,0,0,0,,0,0,0,30,0,0,
044-02-Various-Artists-Ka-mea-mea,1,mp3_192,56,FAKE_CERTAIN,18750.0,spectral+stereo,50,6,,0,0,0,,0,0,0,0,0,0,
045-08-DJ-Katapila-Trotro-instrumental,1,mp3_192,32,WARNING,16750.0,temporal,0,16,,0,0,0,,0,,0,16,0,0,
046-04-Clelia-Felix-Shine-so-bright,1,mp3_192,86,FAKE_CERTAIN,18750.0,cnn+spectral+stereo,50,6,,0,0,0,,0,0,0,30,0,0,
047-03-Lemma-Souad-Asla-Maachouk-Nbi,1,mp3_192,36,WARNING,18750.0,cnn+stereo+temporal,0,6,,0,0,0,,0,,0,30,0,0,
048-08-Gabriel-Romero-La-Piragua,1,mp3_192,93,FAKE_CERTAIN,17250.0,cnn+spectral+stereo+temporal,50,13,,0,0,0,,0,0,0,30,0,0,
049-Nigeria-70-vol-1-Lagos-jump-09-Chief-Checker-Afr,1,mp3_192,86,FAKE_CERTAIN,18750.0,cnn+spectral+stereo,50,6,,0,0,0,,0,0,0,30,0,0,
050-08-Boubacar-Traor-Pierrette,1,mp3_192,86,FAKE_CERTAIN,18750.0,cnn+spectral+stereo,50,6,,0,0,0,,0,0,0,30,0,0,
051-07-Coldcut-x-On-U-Sound-Kajra-mohobbat-wala-feat,1,mp3_192,86,FAKE_CERTAIN,18750.0,cnn+spectral+stereo+temporal,50,6,,0,0,0,,0,0,0,30,0,0,
052-06-Papa-Wemba-Efeka-mandundu,1,mp3_192,6,AUTHENTIC,18750.0,stereo+temporal,0,6,,0,0,0,,0,,0,0,0,0,
053-03-Jupiter-Okwess-Ofakombolo,1,mp3_192,86,FAKE_CERTAIN,18750.0,cnn+spectral+stereo+temporal,50,6,,0,0,0,,0,0,0,30,0,0,
054-10-George-Bruns-Two-dogs-and-a-cycle,1,mp3_192,90,FAKE_CERTAIN,18000.0,cnn+spectral+stereo+temporal,50,10,,0,0,0,,0,0,0,30,0,0,
055-01-Godspeed-You-Black-Emperor-Undoing-a-luciferi,1,mp3_192,56,FAKE_CERTAIN,18750.0,spectral+stereo+temporal,50,6,,0,0,0,,0,0,0,0,0,0,
056-14-Hlamalani,1,mp3_192,86,FAKE_CERTAIN,18750.0,cnn+spectral+stereo+temporal,50,6,,0,0,0,,0,0,0,30,0,0,
057-02-Nass-El-Ghiwan-El-Mekkaoui-le-mecquois,1,mp3_192,56,FAKE_CERTAIN,18750.0,spectral+stereo,50,6,,0,0,0,,0,0,0,0,0,0,
058-01-Piny-Runa-Woko,1,mp3_192,86,FAKE_CERTAIN,18750.0,cnn+spectral+stereo,50,6,,0,0,0,,0,0,0,30,0,0,
059-01-Genesis-Gospel-Singers-Momma-mo-akoma-ntutu,1,mp3_192,86,FAKE_CERTAIN,18750.0,cnn+spectral+stereo+temporal,50,6,,0,0,0,,0,0,0,30,0,0,
060-13-Naomi-The-Boys-Bad-loser,1,mp3_192,86,FAKE_CERTAIN,18750.0,cnn+spectral+stereo+temporal,50,6,,0,0,0,,0,0,0,30,0,0,
061-07-Black-Truth-Rhythm-Band-Imo,1,mp3_192,50,WARNING,16000.0,cnn+spectral,0,20,,0,0,0,,0,,0,30,0,0,
062-03-Alpha-Blondy-Jah-glory,1,mp3_192,87,FAKE_CERTAIN,18500.0,cnn+spectral+stereo+temporal,50,7,,0,0,0,,0,0,0,30,0,0,
063-09-Rodolphe-Burger-Billy-the-kid,1,mp3_192,56,FAKE_CERTAIN,18750.0,spectral+stereo+temporal,50,6,,0,0,0,,0,0,0,0,0,0,
064-01-Blank-Jones-Feat-Mike-Francis-Someone-like-yo,1,mp3_192,86,FAKE_CERTAIN,18750.0,cnn+spectral+stereo,50,6,,0,0,0,,0,0,0,30,0,0,
065-05-Quizas-Quizas,1,mp3_192,86,FAKE_CERTAIN,18750.0,cnn+spectral+stereo+temporal,50,6,,0,0,0,,0,0,0,30,0,0,
066-04-Etoile-de-Dakar-My-wa-wa,1,mp3_192,86,FAKE_CERTAIN,18750.0,cnn+spectral+stereo,50,6,,0,0,0,,0,0,0,30,0,0,
067-03-The-Streets-Let-s-push-things-forward,1,mp3_192,36,WARNING,18750.0,cnn+stereo+temporal,0,6,,0,0,0,,0,,0,30,0,0,
068-08-Eddie-Palmieri-Cal-Tjader-Bamboleate,1,mp3_192,86,FAKE_CERTAIN,18750.0,cnn+spectral+stereo+temporal,50,6,,0,0,0,,0,0,0,30,0,0,
069-02-Eden-Ahbez-The-wanderer,1,mp3_192,57,FAKE_CERTAIN,18500.0,spectral+stereo,50,7,,0,0,0,,0,0,0,0,0,0,
070-02-Guts-Good-morning,1,mp3_192,87,FAKE_CERTAIN,18500.0,cnn+spectral+stereo+temporal,50,7,,0,0,0,,0,0,0,30,0,0,
071-01-Jaipur-Kawa-Brass-Band-Piya-tu-ab-aaja,1,mp3_192,40,WARNING,16250.0,cnn,0,18,,0,0,0,,0,,0,22,0,0,
072-05-Simo-Moumen-Samsara,1,mp3_192,66,FAKE_CERTAIN,18750.0,cnn+spectral+stereo,50,6,,0,0,0,,0,-20,0,30,0,0,
073-10-Vanilla-Fudge-Eleanor-rigby,1,mp3_192,35,WARNING,18750.0,cnn+temporal,0,6,,0,0,0,,0,,0,29,0,0,
074-09-Koki-Nakano-Lift,1,mp3_192,56,FAKE_CERTAIN,18750.0,spectral+stereo+temporal,50,6,,0,0,0,,0,0,0,0,0,0,
075-03-Jordi-Savall-El-rey-de-francia-esmirna,1,mp3_192,6,AUTHENTIC,18750.0,stereo,0,6,,0,0,0,,0,,0,0,0,0,
076-20-Fran-ois-Couperin-O-salutaris,1,mp3_192,0,AUTHENTIC,22050.0,temporal,0,0,,0,0,0,,-50,,,0,0,0,
077-01-Jaga-Jazzist-All-i-know-is-tonight,1,mp3_192,86,FAKE_CERTAIN,18750.0,cnn+spectral+stereo+temporal,50,6,,0,0,0,,0,0,0,30,0,0,
078-04-Kat-Onoma-La-chambre,1,mp3_192,86,FAKE_CERTAIN,18750.0,cnn+spectral+stereo,50,6,,0,0,0,,0,0,0,30,0,0,
079-04-Gwen-McCrae-Let-s-straighten-it-out,1,mp3_192,86,FAKE_CERTAIN,18750.0,cnn+spectral+stereo,50,6,,0,0,0,,0,0,0,30,0,0,
000-03-Balla-et-ses-Balladins-Moi-ca-ma-fout,1,mp3_320,0,AUTHENTIC,20250.0,temporal,0,0,,0,0,0,,0,,,0,0,0,
001-11-Gilbert-B-caud-Le-bain-de-minuit,1,mp3_320,80,FAKE_CERTAIN,20000.0,cnn+spectral+stereo+temporal,50,0,,0,0,0,0,0,0,,30,0,0,
002-03-Hraach-Let-it-go,1,mp3_320,77,FAKE_CERTAIN,20000.0,cnn+spectral+stereo,50,0,,0,0,0,0,0,0,,27,0,0,
003-01-Thor-Dari-lullaby,1,mp3_320,80,FAKE_CERTAIN,20250.0,cnn+spectral+stereo+temporal,50,0,,0,0,0,0,0,0,,30,0,0,
004-01-Thiossane-Ablaye-Ndiaye-Aminata-ndiaye,1,mp3_320,80,FAKE_CERTAIN,20250.0,cnn+spectral+stereo+temporal,50,0,,0,0,0,0,0,0,,30,0,0,
005-17-Los-Seven-Del-Swing-Celoso,1,mp3_320,81,FAKE_CERTAIN,19750.0,cnn+spectral+stereo,50,1,,0,0,0,0,0,0,,30,0,0,
006-09-Mahmoud-Ahmed-Tezeta,1,mp3_320,0,AUTHENTIC,20250.0,temporal,0,0,,0,0,0,,0,,,0,0,0,
007-07-Wax-Tailor-Positively-inclined-featuring-main,1,mp3_320,31,WARNING,20000.0,cnn+stereo,0,0,,0,0,0,,0,,,31,0,0,
008-06-The-Mebusas-Mr-bull-dog-original-45-version,1,mp3_320,53,WARNING,19250.0,cnn+spectral+stereo+temporal,50,3,,0,0,0,0,0,-30,,30,0,0,
009-03-Ilya-Beshevli-To-solitude,1,mp3_320,0,AUTHENTIC,22050.0,stereo+temporal,0,0,,0,0,0,,-50,,,0,0,0,
010-06-Jon-Hassell-These-times,1,mp3_320,0,AUTHENTIC,20250.0,temporal,0,0,,0,0,0,,0,,,0,0,0,
011-07-Ensemble-National-des-Percussions-de-Guin-e-K,1,mp3_320,31,WARNING,20250.0,cnn+stereo+temporal,0,0,,0,0,0,,0,,,31,0,0,
012-07-A-La-Carte-Brass-And-Percussion-Papa-was-a-ro,1,mp3_320,81,FAKE_CERTAIN,19750.0,cnn+spectral+stereo,50,1,,0,0,0,0,0,0,,30,0,0,
013-22-Roswell-Sacred-Harp-Quartet-Weeping-mary,1,mp3_320,0,AUTHENTIC,20250.0,stereo+temporal,0,0,,0,0,0,,0,,,0,0,0,
014-26-Dock-Walsh-Bathe-in-that-beautiful-pool,1,mp3_320,0,AUTHENTIC,22050.0,temporal,0,0,,0,0,0,,-50,,,0,0,0,
015-08-Jos-Gonz-lez-Vissel,1,mp3_320,0,AUTHENTIC,20250.0,stereo+temporal,0,0,,0,0,0,,0,,,0,0,0,
016-03-Memory-Tapes-Green-knight,1,mp3_320,31,WARNING,20250.0,cnn+stereo,0,0,,0,0,0,,0,,,31,0,0,
017-13-Cafe-Del-Mar-Submariner,1,mp3_320,80,FAKE_CERTAIN,20250.0,cnn+spectral+stereo+temporal,50,0,,0,0,0,0,0,0,,30,0,0,
018-04-Bag-o-wire-Resovoir,1,mp3_320,10,AUTHENTIC,20000.0,temporal,0,0,,0,0,0,,0,,,10,0,0,
019-04-Kohi-Jadu,1,mp3_320,19,AUTHENTIC,20250.0,stereo+temporal,0,0,,0,0,0,,0,,,19,0,0,
020-06-Bola-Tigantabame,1,mp3_320,50,WARNING,20000.0,cnn+spectral+stereo+temporal,50,0,,0,0,0,0,0,-30,,30,0,0,
021-13-Colombiafrica-The-Mystic-Orchestra-Rey-de-roc,1,mp3_320,81,FAKE_CERTAIN,19750.0,cnn+spectral+stereo,50,1,,0,0,0,0,0,0,,30,0,0,
022-17-Michel-Legrand-It-s-good-to-be-alive-the-chas,1,mp3_320,31,WARNING,20000.0,cnn+stereo+temporal,0,0,,0,0,0,,0,,,31,0,0,
023-01-Yusef-Lateef-Buddy-and-lou,1,mp3_320,80,FAKE_CERTAIN,20250.0,cnn+spectral+stereo+temporal,50,0,,0,0,0,0,0,0,,30,0,0,
024-15-Jordi-Savall-Concert-li-la-rougeville-gigue,1,mp3_320,23,AUTHENTIC,20250.0,cnn+stereo+temporal,0,0,,0,0,0,,0,,,23,0,0,
025-07-Bolalar-Lola,1,mp3_320,80,FAKE_CERTAIN,20250.0,cnn+spectral+stereo,50,0,,0,0,0,0,0,0,,30,0,0,
026-06-Oumou-Dioubat-Siyala,1,mp3_320,80,FAKE_CERTAIN,20000.0,cnn+spectral+stereo+temporal,50,0,,0,0,0,0,0,0,,30,0,0,
027-01-Dimlite-Kitty-Cradle-Fog,1,mp3_320,80,FAKE_CERTAIN,20250.0,cnn+spectral+stereo,50,0,,0,0,0,0,0,0,,30,0,0,
028-04-Lisu-Yue-phue-alcool-de-ma-s,1,mp3_320,0,AUTHENTIC,22050.0,,0,0,,0,0,0,,-50,,,0,0,0,
029-05-Kuusow-Kurtunwaarey-Amin-Xaaji-Cusmaan-Cabdul,1,mp3_320,8,AUTHENTIC,20250.0,stereo+temporal,0,0,,0,0,0,,0,,,8,0,0,
030-06-S-bastien-Tellier-Benny,1,mp3_320,80,FAKE_CERTAIN,20250.0,cnn+spectral+stereo+temporal,50,0,,0,0,0,0,0,0,,30,0,0,
031-07-Shkoon-Just-Emma-Id,1,mp3_320,0,AUTHENTIC,22050.0,stereo+temporal,0,0,,0,0,0,,-50,,,0,0,0,
032-05-2kilos-more-Cache-feu,1,mp3_320,31,WARNING,20250.0,cnn+stereo+temporal,0,0,,0,0,0,,0,,,31,0,0,
033-01-Daylight-Rising,1,mp3_320,80,FAKE_CERTAIN,20250.0,cnn+spectral+stereo+temporal,50,0,,0,0,0,0,0,0,,30,0,0,
034-09-Snow-Ghosts-Bowline,1,mp3_320,30,AUTHENTIC,20250.0,spectral+stereo,50,0,,0,0,0,0,0,-20,,0,0,0,
035-16-Slow-Air-In-Dropped-D,1,mp3_320,0,AUTHENTIC,20250.0,stereo+temporal,0,0,,0,0,0,,0,,,0,0,0,
036-08-Nicolas-Comment-Amaurose,1,mp3_320,80,FAKE_CERTAIN,20250.0,cnn+spectral+stereo+temporal,50,0,,0,0,0,0,0,0,,30,0,0,
037-02-Super-Cayor-De-Dakar-Emboutaieillage,1,mp3_320,80,FAKE_CERTAIN,20250.0,cnn+spectral+stereo+temporal,50,0,,0,0,0,0,0,0,,30,0,0,
038-11-Red-Hot-Chili-Peppers-This-velvet-glove,1,mp3_320,31,WARNING,20250.0,cnn+stereo,0,0,,0,0,0,,0,,,31,0,0,
039-13-Kat-Onoma-Change-blues,1,mp3_320,80,FAKE_CERTAIN,20000.0,cnn+spectral+stereo+temporal,50,0,,0,0,0,0,0,0,,30,0,0,
040-11-Xploding-Plastix-Far-flung-tonic,1,mp3_320,80,FAKE_CERTAIN,20000.0,cnn+spectral+stereo,50,0,,0,0,0,0,0,0,,30,0,0,
041-07-Mondkopf-Summer-afternoon-on-the-carribean-se,1,mp3_320,55,FAKE_CERTAIN,19000.0,spectral+stereo+temporal,50,5,,0,0,0,0,0,0,,0,0,0,
042-04-Keletigui-et-ses-Tambourinis-Nadia,1,mp3_320,31,WARNING,20250.0,cnn+temporal,0,0,,0,0,0,,0,,,31,0,0,
043-03-Massive-Attack-Inertia-Creeps-Manic-Street-Pr,1,mp3_320,80,FAKE_CERTAIN,20250.0,cnn+spectral+stereo+temporal,50,0,,0,0,0,0,0,0,,30,0,0,
044-02-Various-Artists-Ka-mea-mea,1,mp3_320,0,AUTHENTIC,20250.0,stereo,0,0,,0,0,0,,0,,,0,0,0,
045-08-DJ-Katapila-Trotro-instrumental,1,mp3_320,53,WARNING,17750.0,cnn+spectral+stereo+temporal,50,11,,0,0,0,,0,-30,0,22,0,0,
046-04-Clelia-Felix-Shine-so-bright,1,mp3_320,80,FAKE_CERTAIN,20250.0,cnn+spectral+stereo,50,0,,0,0,0,0,0,0,,30,0,0,
047-03-Lemma-Souad-Asla-Maachouk-Nbi,1,mp3_320,72,FAKE_CERTAIN,20250.0,cnn+spectral+stereo,50,0,,0,0,0,0,0,0,,22,0,0,
048-08-Gabriel-Romero-La-Piragua,1,mp3_320,75,FAKE_CERTAIN,20000.0,cnn+spectral+stereo,50,0,,0,0,0,0,0,0,,25,0,0,
049-Nigeria-70-vol-1-Lagos-jump-09-Chief-Checker-Afr,1,mp3_320,80,FAKE_CERTAIN,20000.0,cnn+spectral+stereo,50,0,,0,0,0,0,0,0,,30,0,0,
050-08-Boubacar-Traor-Pierrette,1,mp3_320,80,FAKE_CERTAIN,20250.0,cnn+spectral+stereo+temporal,50,0,,0,0,0,0,0,0,,30,0,0,
051-07-Coldcut-x-On-U-Sound-Kajra-mohobbat-wala-feat,1,mp3_320,40,WARNING,20000.0,cnn+spectral+stereo+temporal,50,0,,0,0,0,0,0,-30,,20,0,0,
052-06-Papa-Wemba-Efeka-mandundu,1,mp3_320,0,AUTHENTIC,20250.0,stereo+temporal,0,0,,0,0,0,,0,,,0,0,0,
053-03-Jupiter-Okwess-Ofakombolo,1,mp3_320,80,FAKE_CERTAIN,20250.0,cnn+spectral+stereo,50,0,,0,0,0,0,0,0,,30,0,0,
054-10-George-Bruns-Two-dogs-and-a-cycle,1,mp3_320,31,WARNING,20000.0,cnn+stereo+temporal,0,0,,0,0,0,,0,,,31,0,0,
055-01-Godspeed-You-Black-Emperor-Undoing-a-luciferi,1,mp3_320,0,AUTHENTIC,20000.0,stereo+temporal,0,0,,0,0,0,,0,,,0,0,0,
056-14-Hlamalani,1,mp3_320,80,FAKE_CERTAIN,20250.0,cnn+spectral+stereo+temporal,50,0,,0,0,0,0,0,0,,30,0,0,
057-02-Nass-El-Ghiwan-El-Mekkaoui-le-mecquois,1,mp3_320,0,AUTHENTIC,20250.0,stereo+temporal,0,0,,0,0,0,,0,,,0,0,0,
058-01-Piny-Runa-Woko,1,mp3_320,31,WARNING,20250.0,cnn+stereo+temporal,0,0,,0,0,0,,0,,,31,0,0,
059-01-Genesis-Gospel-Singers-Momma-mo-akoma-ntutu,1,mp3_320,80,FAKE_CERTAIN,20250.0,cnn+spectral+stereo+temporal,50,0,,0,0,0,0,0,0,,30,0,0,
060-13-Naomi-The-Boys-Bad-loser,1,mp3_320,80,FAKE_CERTAIN,20250.0,cnn+spectral+stereo,50,0,,0,0,0,0,0,0,,30,0,0,
061-07-Black-Truth-Rhythm-Band-Imo,1,mp3_320,37,WARNING,17250.0,cnn+stereo,0,13,,0,0,0,,0,,0,24,0,0,
062-03-Alpha-Blondy-Jah-glory,1,mp3_320,80,FAKE_CERTAIN,20000.0,cnn+spectral+stereo+temporal,50,0,,0,0,0,0,0,0,,30,0,0,
063-09-Rodolphe-Burger-Billy-the-kid,1,mp3_320,0,AUTHENTIC,20250.0,stereo+temporal,0,0,,0,0,0,,0,,,0,0,0,
064-01-Blank-Jones-Feat-Mike-Francis-Someone-like-yo,1,mp3_320,80,FAKE_CERTAIN,20000.0,cnn+spectral+stereo+temporal,50,0,,0,0,0,0,0,0,,30,0,0,
065-05-Quizas-Quizas,1,mp3_320,31,WARNING,20250.0,cnn+stereo+temporal,0,0,,0,0,0,,0,,,31,0,0,
066-04-Etoile-de-Dakar-My-wa-wa,1,mp3_320,80,FAKE_CERTAIN,20250.0,cnn+spectral+stereo+temporal,50,0,,0,0,0,0,0,0,,30,0,0,
067-03-The-Streets-Let-s-push-things-forward,1,mp3_320,31,WARNING,20250.0,cnn+stereo,0,0,,0,0,0,,0,,,31,0,0,
068-08-Eddie-Palmieri-Cal-Tjader-Bamboleate,1,mp3_320,80,FAKE_CERTAIN,20000.0,cnn+spectral+stereo+temporal,50,0,,0,0,0,0,0,0,,30,0,0,
069-02-Eden-Ahbez-The-wanderer,1,mp3_320,0,AUTHENTIC,20000.0,stereo,0,0,,0,0,0,,0,,,0,0,0,
070-02-Guts-Good-morning,1,mp3_320,80,FAKE_CERTAIN,20000.0,cnn+spectral+stereo,50,0,,0,0,0,0,0,0,,30,0,0,
071-01-Jaipur-Kawa-Brass-Band-Piya-tu-ab-aaja,1,mp3_320,18,AUTHENTIC,16250.0,,0,18,,0,0,0,,0,,0,0,0,0,
072-05-Simo-Moumen-Samsara,1,mp3_320,27,AUTHENTIC,19500.0,cnn+stereo+temporal,0,2,,0,0,0,,0,,,25,0,0,
073-10-Vanilla-Fudge-Eleanor-rigby,1,mp3_320,0,AUTHENTIC,20250.0,temporal,0,0,,0,0,0,,0,,,0,0,0,
074-09-Koki-Nakano-Lift,1,mp3_320,0,AUTHENTIC,20000.0,stereo,0,0,,0,0,0,,0,,,0,0,0,
075-03-Jordi-Savall-El-rey-de-francia-esmirna,1,mp3_320,0,AUTHENTIC,20250.0,stereo,0,0,,0,0,0,,0,,,0,0,0,
076-20-Fran-ois-Couperin-O-salutaris,1,mp3_320,0,AUTHENTIC,22050.0,,0,0,,0,0,0,,-50,,,0,0,0,
077-01-Jaga-Jazzist-All-i-know-is-tonight,1,mp3_320,80,FAKE_CERTAIN,20250.0,cnn+spectral+stereo+temporal,50,0,,0,0,0,0,0,0,,30,0,0,
078-04-Kat-Onoma-La-chambre,1,mp3_320,80,FAKE_CERTAIN,20000.0,cnn+spectral+stereo,50,0,,0,0,0,0,0,0,,30,0,0,
079-04-Gwen-McCrae-Let-s-straighten-it-out,1,mp3_320,80,FAKE_CERTAIN,20000.0,cnn+spectral+stereo,50,0,,0,0,0,0,0,0,,30,0,0,
000-03-Balla-et-ses-Balladins-Moi-ca-ma-fout,1,mp3_V0,0,AUTHENTIC,22050.0,,0,0,,0,0,0,,-50,,,0,0,0,
001-11-Gilbert-B-caud-Le-bain-de-minuit,1,mp3_V0,31,WARNING,19750.0,cnn+stereo+temporal,0,1,,0,0,0,,0,,,30,0,0,
002-03-Hraach-Let-it-go,1,mp3_V0,24,AUTHENTIC,20750.0,cnn+stereo,0,0,,0,0,0,,0,,,24,0,0,
003-01-Thor-Dari-lullaby,1,mp3_V0,31,WARNING,22050.0,cnn+stereo,0,0,,0,0,0,,-50,,,81,0,0,
004-01-Thiossane-Ablaye-Ndiaye-Aminata-ndiaye,1,mp3_V0,31,WARNING,22050.0,cnn+stereo,0,0,,0,0,0,,-50,,,81,0,0,
005-17-Los-Seven-Del-Swing-Celoso,1,mp3_V0,82,FAKE_CERTAIN,19500.0,cnn+spectral+stereo+temporal,50,2,,0,0,0,0,0,0,,30,0,0,
006-09-Mahmoud-Ahmed-Tezeta,1,mp3_V0,0,AUTHENTIC,22050.0,,0,0,,0,0,0,,-50,,,0,0,0,
007-07-Wax-Tailor-Positively-inclined-featuring-main,1,mp3_V0,31,WARNING,21750.0,cnn+stereo,0,0,,0,0,0,,-50,,,81,0,0,
008-06-The-Mebusas-Mr-bull-dog-original-45-version,1,mp3_V0,83,FAKE_CERTAIN,19250.0,cnn+spectral+stereo+temporal,50,3,,0,0,0,0,0,0,,30,0,0,
009-03-Ilya-Beshevli-To-solitude,1,mp3_V0,0,AUTHENTIC,22050.0,stereo+temporal,0,0,,0,0,0,,-50,,,0,0,0,
010-06-Jon-Hassell-These-times,1,mp3_V0,8,AUTHENTIC,18250.0,,0,8,,0,0,0,,0,,0,0,0,0,
011-07-Ensemble-National-des-Percussions-de-Guin-e-K,1,mp3_V0,31,WARNING,21000.0,cnn,0,0,,0,0,0,,-30,,,61,0,0,
012-07-A-La-Carte-Brass-And-Percussion-Papa-was-a-ro,1,mp3_V0,31,WARNING,20000.0,cnn+stereo,0,0,,0,0,0,,0,,,31,0,0,
013-22-Roswell-Sacred-Harp-Quartet-Weeping-mary,1,mp3_V0,0,AUTHENTIC,22050.0,stereo+temporal,0,0,,0,0,0,,-50,,,0,0,0,
014-26-Dock-Walsh-Bathe-in-that-beautiful-pool,1,mp3_V0,0,AUTHENTIC,22050.0,,0,0,,0,0,0,,-50,,,0,0,0,
015-08-Jos-Gonz-lez-Vissel,1,mp3_V0,0,AUTHENTIC,22050.0,stereo+temporal,0,0,,0,0,0,,-50,,,0,0,0,
016-03-Memory-Tapes-Green-knight,1,mp3_V0,31,WARNING,22050.0,cnn+stereo,0,0,,0,0,0,,-50,,,81,0,0,
017-13-Cafe-Del-Mar-Submariner,1,mp3_V0,31,WARNING,22050.0,cnn+stereo+temporal,0,0,,0,0,0,,-50,,,81,0,0,
018-04-Bag-o-wire-Resovoir,1,mp3_V0,0,AUTHENTIC,21500.0,temporal,0,0,,0,0,0,,-30,,,10,0,0,
019-04-Kohi-Jadu,1,mp3_V0,0,AUTHENTIC,21250.0,stereo+temporal,0,0,,0,0,0,,-30,,,8,0,0,
020-06-Bola-Tigantabame,1,mp3_V0,31,WARNING,20500.0,cnn+stereo,0,0,,0,0,0,,0,,,31,0,0,
021-13-Colombiafrica-The-Mystic-Orchestra-Rey-de-roc,1,mp3_V0,45,WARNING,17000.0,cnn+stereo,0,15,,0,0,0,,0,,0,30,0,0,
022-17-Michel-Legrand-It-s-good-to-be-alive-the-chas,1,mp3_V0,0,AUTHENTIC,20250.0,stereo+temporal,0,0,,0,0,0,,0,,,0,0,0,
023-01-Yusef-Lateef-Buddy-and-lou,1,mp3_V0,31,WARNING,21000.0,cnn+stereo+temporal,0,0,,0,0,0,,-30,,,61,0,0,
024-15-Jordi-Savall-Concert-li-la-rougeville-gigue,1,mp3_V0,0,AUTHENTIC,22050.0,temporal,0,0,,0,0,0,,-50,,,0,0,0,
025-07-Bolalar-Lola,1,mp3_V0,31,WARNING,21250.0,cnn+stereo+temporal,0,0,,0,0,0,,-30,,,61,0,0,
026-06-Oumou-Dioubat-Siyala,1,mp3_V0,80,FAKE_CERTAIN,20500.0,cnn+spectral+stereo+temporal,50,0,,0,0,0,0,0,0,,30,0,0,
027-01-Dimlite-Kitty-Cradle-Fog,1,mp3_V0,31,WARNING,22050.0,cnn+stereo,0,0,,0,0,0,,-50,,,81,0,0,
028-04-Lisu-Yue-phue-alcool-de-ma-s,1,mp3_V0,0,AUTHENTIC,22050.0,stereo,0,0,,0,0,0,,-50,,,0,0,0,
029-05-Kuusow-Kurtunwaarey-Amin-Xaaji-Cusmaan-Cabdul,1,mp3_V0,31,WARNING,22050.0,cnn+stereo,0,0,,0,0,0,,-50,,,81,0,0,
030-06-S-bastien-Tellier-Benny,1,mp3_V0,31,WARNING,21500.0,cnn+stereo,0,0,,0,0,0,,-30,,,61,0,0,
031-07-Shkoon-Just-Emma-Id,1,mp3_V0,0,AUTHENTIC,22050.0,stereo,0,0,,0,0,0,,-50,,,0,0,0,
032-05-2kilos-more-Cache-feu,1,mp3_V0,31,WARNING,22050.0,cnn+stereo+temporal,0,0,,0,0,0,,-50,,,81,0,0,
033-01-Daylight-Rising,1,mp3_V0,31,WARNING,21250.0,cnn+stereo,0,0,,0,0,0,,-30,,,61,0,0,
034-09-Snow-Ghosts-Bowline,1,mp3_V0,0,AUTHENTIC,22050.0,stereo+temporal,0,0,,0,0,0,,-50,,,0,0,0,
035-16-Slow-Air-In-Dropped-D,1,mp3_V0,0,AUTHENTIC,21000.0,stereo+temporal,0,0,,0,0,0,,-30,,,0,0,0,
036-08-Nicolas-Comment-Amaurose,1,mp3_V0,31,WARNING,21000.0,cnn+stereo,0,0,,0,0,0,,-30,,,61,0,0,
037-02-Super-Cayor-De-Dakar-Emboutaieillage,1,mp3_V0,31,WARNING,22050.0,cnn+stereo,0,0,,0,0,0,,-50,,,81,0,0,
038-11-Red-Hot-Chili-Peppers-This-velvet-glove,1,mp3_V0,31,WARNING,22050.0,cnn,0,0,,0,0,0,,-50,,,81,0,0,
039-13-Kat-Onoma-Change-blues,1,mp3_V0,31,WARNING,20750.0,cnn+stereo+temporal,0,0,,0,0,0,,0,,,31,0,0,
040-11-Xploding-Plastix-Far-flung-tonic,1,mp3_V0,31,WARNING,20750.0,cnn+stereo,0,0,,0,0,0,,0,,,31,0,0,
041-07-Mondkopf-Summer-afternoon-on-the-carribean-se,1,mp3_V0,62,FAKE_CERTAIN,19000.0,spectral+stereo+temporal,50,5,,0,0,0,0,0,0,,7,0,0,
042-04-Keletigui-et-ses-Tambourinis-Nadia,1,mp3_V0,0,AUTHENTIC,22050.0,temporal,0,0,,0,0,0,,-50,,,4,0,0,
043-03-Massive-Attack-Inertia-Creeps-Manic-Street-Pr,1,mp3_V0,31,WARNING,20750.0,cnn+stereo+temporal,0,0,,0,0,0,,0,,,31,0,0,
044-02-Various-Artists-Ka-mea-mea,1,mp3_V0,0,AUTHENTIC,21000.0,stereo,0,0,,0,0,0,,-30,,,0,0,0,
045-08-DJ-Katapila-Trotro-instrumental,1,mp3_V0,42,WARNING,17500.0,cnn+stereo,0,12,,0,0,0,,0,,0,30,0,0,
046-04-Clelia-Felix-Shine-so-bright,1,mp3_V0,31,WARNING,21750.0,cnn+stereo,0,0,,0,0,0,,-50,,,81,0,0,
047-03-Lemma-Souad-Asla-Maachouk-Nbi,1,mp3_V0,0,AUTHENTIC,21250.0,stereo+temporal,0,0,,0,0,0,,-30,,,12,0,0,
050-08-Boubacar-Traor-Pierrette,1,mp3_V0,31,WARNING,20500.0,cnn+stereo,0,0,,0,0,0,,0,,,31,0,0,
051-07-Coldcut-x-On-U-Sound-Kajra-mohobbat-wala-feat,1,mp3_V0,31,WARNING,21250.0,cnn+stereo+temporal,0,0,,0,0,0,,-30,,,61,0,0,
048-08-Gabriel-Romero-La-Piragua,1,mp3_V0,24,AUTHENTIC,20000.0,cnn+stereo+temporal,0,0,,0,0,0,,0,,,24,0,0,
049-Nigeria-70-vol-1-Lagos-jump-09-Chief-Checker-Afr,1,mp3_V0,31,WARNING,20750.0,cnn+stereo,0,0,,0,0,0,,0,,,31,0,0,
052-06-Papa-Wemba-Efeka-mandundu,1,mp3_V0,0,AUTHENTIC,21000.0,stereo,0,0,,0,0,0,,-30,,,0,0,0,
053-03-Jupiter-Okwess-Ofakombolo,1,mp3_V0,80,FAKE_CERTAIN,20250.0,cnn+spectral+stereo,50,0,,0,0,0,0,0,0,,30,0,0,
054-10-George-Bruns-Two-dogs-and-a-cycle,1,mp3_V0,31,WARNING,20000.0,cnn+stereo+temporal,0,0,,0,0,0,,0,,,31,0,0,
055-01-Godspeed-You-Black-Emperor-Undoing-a-luciferi,1,mp3_V0,0,AUTHENTIC,21750.0,stereo+temporal,0,0,,0,0,0,,-50,,,0,0,0,
058-01-Piny-Runa-Woko,1,mp3_V0,31,WARNING,20500.0,cnn+stereo+temporal,0,0,,0,0,0,,0,,,31,0,0,
059-01-Genesis-Gospel-Singers-Momma-mo-akoma-ntutu,1,mp3_V0,31,WARNING,22050.0,cnn+stereo,0,0,,0,0,0,,-50,,,81,0,0,
056-14-Hlamalani,1,mp3_V0,31,WARNING,21750.0,cnn+stereo,0,0,,0,0,0,,-50,,,81,0,0,
057-02-Nass-El-Ghiwan-El-Mekkaoui-le-mecquois,1,mp3_V0,0,AUTHENTIC,20500.0,stereo,0,0,,0,0,0,,0,,,0,0,0,
062-03-Alpha-Blondy-Jah-glory,1,mp3_V0,80,FAKE_CERTAIN,20500.0,cnn+spectral+stereo,50,0,,0,0,0,0,0,0,,30,0,0,
063-09-Rodolphe-Burger-Billy-the-kid,1,mp3_V0,0,AUTHENTIC,22050.0,stereo,0,0,,0,0,0,,-50,,,0,0,0,
060-13-Naomi-The-Boys-Bad-loser,1,mp3_V0,31,WARNING,22050.0,cnn+stereo,0,0,,0,0,0,,-50,,,81,0,0,
061-07-Black-Truth-Rhythm-Band-Imo,1,mp3_V0,44,WARNING,16250.0,cnn+temporal,0,18,,0,0,0,,0,,0,26,0,0,
066-04-Etoile-de-Dakar-My-wa-wa,1,mp3_V0,0,AUTHENTIC,21750.0,stereo,0,0,,0,0,0,,-50,,,16,0,0,
067-03-The-Streets-Let-s-push-things-forward,1,mp3_V0,31,WARNING,21500.0,cnn+stereo,0,0,,0,0,0,,-30,,,61,0,0,
064-01-Blank-Jones-Feat-Mike-Francis-Someone-like-yo,1,mp3_V0,31,WARNING,21000.0,cnn+stereo,0,0,,0,0,0,,-30,,,61,0,0,
065-05-Quizas-Quizas,1,mp3_V0,0,AUTHENTIC,22050.0,,0,0,,0,0,0,,-50,,,9,0,0,
068-08-Eddie-Palmieri-Cal-Tjader-Bamboleate,1,mp3_V0,31,WARNING,22050.0,cnn,0,0,,0,0,0,,-50,,,81,0,0,
069-02-Eden-Ahbez-The-wanderer,1,mp3_V0,0,AUTHENTIC,21000.0,stereo,0,0,,0,0,0,,-30,,,0,0,0,
070-02-Guts-Good-morning,1,mp3_V0,31,WARNING,21500.0,cnn+stereo,0,0,,0,0,0,,-30,,,61,0,0,
071-01-Jaipur-Kawa-Brass-Band-Piya-tu-ab-aaja,1,mp3_V0,18,AUTHENTIC,16250.0,,0,18,,0,0,0,,0,,0,0,0,0,
074-09-Koki-Nakano-Lift,1,mp3_V0,0,AUTHENTIC,22050.0,stereo+temporal,0,0,,0,0,0,,-50,,,0,0,0,
075-03-Jordi-Savall-El-rey-de-francia-esmirna,1,mp3_V0,0,AUTHENTIC,21750.0,stereo,0,0,,0,0,0,,-50,,,0,0,0,
072-05-Simo-Moumen-Samsara,1,mp3_V0,32,WARNING,19500.0,cnn+stereo+temporal,0,2,,0,0,0,,0,,,30,0,0,
073-10-Vanilla-Fudge-Eleanor-rigby,1,mp3_V0,0,AUTHENTIC,20500.0,,0,0,,0,0,0,,0,,,0,0,0,
078-04-Kat-Onoma-La-chambre,1,mp3_V0,31,WARNING,21500.0,cnn+stereo,0,0,,0,0,0,,-30,,,61,0,0,
079-04-Gwen-McCrae-Let-s-straighten-it-out,1,mp3_V0,31,WARNING,20750.0,cnn+stereo+temporal,0,0,,0,0,0,,0,,,31,0,0,
076-20-Fran-ois-Couperin-O-salutaris,1,mp3_V0,0,AUTHENTIC,22050.0,temporal,0,0,,0,0,0,,-50,,,0,0,0,
077-01-Jaga-Jazzist-All-i-know-is-tonight,1,mp3_V0,31,WARNING,22050.0,cnn+stereo,0,0,,0,0,0,,-50,,,81,0,0,
002-03-Hraach-Let-it-go,1,mp3_V2,86,FAKE_CERTAIN,18750.0,cnn+spectral+stereo,50,6,,0,0,0,,0,0,0,30,0,0,
003-01-Thor-Dari-lullaby,1,mp3_V2,86,FAKE_CERTAIN,18750.0,cnn+spectral+stereo,50,6,,0,0,0,,0,0,0,30,0,0,
000-03-Balla-et-ses-Balladins-Moi-ca-ma-fout,1,mp3_V2,13,AUTHENTIC,17250.0,,0,13,,0,0,0,,0,,0,0,0,0,
001-11-Gilbert-B-caud-Le-bain-de-minuit,1,mp3_V2,37,WARNING,18500.0,cnn+stereo,0,7,,0,0,0,,0,,0,30,0,0,
006-09-Mahmoud-Ahmed-Tezeta,1,mp3_V2,0,AUTHENTIC,22050.0,temporal,0,0,,0,0,0,,-50,,,0,0,0,
007-07-Wax-Tailor-Positively-inclined-featuring-main,1,mp3_V2,36,WARNING,18750.0,cnn+stereo,0,6,,0,0,0,,0,,0,30,0,0,
004-01-Thiossane-Ablaye-Ndiaye-Aminata-ndiaye,1,mp3_V2,36,WARNING,18750.0,cnn+stereo,0,6,,0,0,0,,0,,0,30,0,0,
005-17-Los-Seven-Del-Swing-Celoso,1,mp3_V2,56,FAKE_CERTAIN,18750.0,cnn+spectral+stereo+temporal,50,6,,0,0,0,,0,-30,0,30,0,0,
008-06-The-Mebusas-Mr-bull-dog-original-45-version,1,mp3_V2,87,FAKE_CERTAIN,18500.0,cnn+spectral+stereo,50,7,,0,0,0,,0,0,0,30,0,0,
009-03-Ilya-Beshevli-To-solitude,1,mp3_V2,0,AUTHENTIC,22050.0,stereo+temporal,0,0,,0,0,0,,-50,,,0,0,0,
010-06-Jon-Hassell-These-times,1,mp3_V2,12,AUTHENTIC,17500.0,temporal,0,12,,0,0,0,,0,,0,0,0,0,
011-07-Ensemble-National-des-Percussions-de-Guin-e-K,1,mp3_V2,36,WARNING,18750.0,cnn+stereo+temporal,0,6,,0,0,0,,0,,0,30,0,0,
014-26-Dock-Walsh-Bathe-in-that-beautiful-pool,1,mp3_V2,0,AUTHENTIC,22050.0,temporal,0,0,,0,0,0,,-50,,,0,0,0,
015-08-Jos-Gonz-lez-Vissel,1,mp3_V2,11,AUTHENTIC,17750.0,stereo+temporal,0,11,,0,0,0,,0,,0,0,0,0,
012-07-A-La-Carte-Brass-And-Percussion-Papa-was-a-ro,1,mp3_V2,36,WARNING,18750.0,cnn+stereo,0,6,,0,0,0,,0,,0,30,0,0,
013-22-Roswell-Sacred-Harp-Quartet-Weeping-mary,1,mp3_V2,6,AUTHENTIC,18750.0,stereo+temporal,0,6,,0,0,0,,0,,0,0,0,0,
016-03-Memory-Tapes-Green-knight,1,mp3_V2,36,WARNING,18750.0,cnn+stereo,0,6,,0,0,0,,0,,0,30,0,0,
017-13-Cafe-Del-Mar-Submariner,1,mp3_V2,36,WARNING,18750.0,cnn+stereo,0,6,,0,0,0,,0,,0,30,0,0,
018-04-Bag-o-wire-Resovoir,1,mp3_V2,86,FAKE_CERTAIN,18750.0,cnn+spectral,50,6,,0,0,0,,0,0,0,30,0,0,
019-04-Kohi-Jadu,1,mp3_V2,86,FAKE_CERTAIN,18750.0,cnn+spectral+stereo,50,6,,0,0,0,,0,0,0,30,0,0,
020-06-Bola-Tigantabame,1,mp3_V2,36,WARNING,18750.0,cnn+stereo,0,6,,0,0,0,,0,,0,30,0,0,
021-13-Colombiafrica-The-Mystic-Orchestra-Rey-de-roc,1,mp3_V2,100,FAKE_CERTAIN,16000.0,cnn+spectral+temporal,50,20,,0,0,0,,0,0,0,30,0,0,
022-17-Michel-Legrand-It-s-good-to-be-alive-the-chas,1,mp3_V2,20,AUTHENTIC,16000.0,spectral+temporal,0,20,,0,0,0,,0,,0,0,0,0,
023-01-Yusef-Lateef-Buddy-and-lou,1,mp3_V2,86,FAKE_CERTAIN,18750.0,cnn+spectral+stereo+temporal,50,6,,0,0,0,,0,0,0,30,0,0,
024-15-Jordi-Savall-Concert-li-la-rougeville-gigue,1,mp3_V2,36,WARNING,18750.0,cnn+stereo+temporal,0,6,,0,0,0,,0,,0,30,0,0,
025-07-Bolalar-Lola,1,mp3_V2,86,FAKE_CERTAIN,18750.0,cnn+spectral+stereo,50,6,,0,0,0,,0,0,0,30,0,0,
026-06-Oumou-Dioubat-Siyala,1,mp3_V2,86,FAKE_CERTAIN,18750.0,cnn+spectral+stereo+temporal,50,6,,0,0,0,,0,0,0,30,0,0,
027-01-Dimlite-Kitty-Cradle-Fog,1,mp3_V2,36,WARNING,18750.0,cnn+stereo,0,6,,0,0,0,,0,,0,30,0,0,
028-04-Lisu-Yue-phue-alcool-de-ma-s,1,mp3_V2,0,AUTHENTIC,22050.0,stereo,0,0,,0,0,0,,-50,,,0,0,0,
029-05-Kuusow-Kurtunwaarey-Amin-Xaaji-Cusmaan-Cabdul,1,mp3_V2,67,FAKE_CERTAIN,18500.0,cnn+spectral+stereo,50,7,,0,0,0,,0,-20,0,30,0,0,
030-06-S-bastien-Tellier-Benny,1,mp3_V2,86,FAKE_CERTAIN,18750.0,cnn+spectral+stereo,50,6,,0,0,0,,0,0,0,30,0,0,
031-07-Shkoon-Just-Emma-Id,1,mp3_V2,0,AUTHENTIC,22050.0,stereo+temporal,0,0,,0,0,0,,-50,,,0,0,0,
034-09-Snow-Ghosts-Bowline,1,mp3_V2,36,WARNING,18750.0,spectral+stereo+temporal,50,6,,0,0,0,,0,-20,0,0,0,0,
035-16-Slow-Air-In-Dropped-D,1,mp3_V2,7,AUTHENTIC,18500.0,stereo+temporal,0,7,,0,0,0,,0,,0,0,0,0,
032-05-2kilos-more-Cache-feu,1,mp3_V2,86,FAKE_CERTAIN,18750.0,cnn+spectral+stereo+temporal,50,6,,0,0,0,,0,0,0,30,0,0,
033-01-Daylight-Rising,1,mp3_V2,86,FAKE_CERTAIN,18750.0,cnn+spectral+stereo+temporal,50,6,,0,0,0,,0,0,0,30,0,0,
036-08-Nicolas-Comment-Amaurose,1,mp3_V2,86,FAKE_CERTAIN,18750.0,cnn+spectral+stereo,50,6,,0,0,0,,0,0,0,30,0,0,
037-02-Super-Cayor-De-Dakar-Emboutaieillage,1,mp3_V2,66,FAKE_CERTAIN,18750.0,cnn+spectral+stereo,50,6,,0,0,0,,0,-20,0,30,0,0,
038-11-Red-Hot-Chili-Peppers-This-velvet-glove,1,mp3_V2,36,WARNING,18750.0,cnn+stereo,0,6,,0,0,0,,0,,0,30,0,0,
039-13-Kat-Onoma-Change-blues,1,mp3_V2,86,FAKE_CERTAIN,18750.0,cnn+spectral+stereo+temporal,50,6,,0,0,0,,0,0,0,30,0,0,
040-11-Xploding-Plastix-Far-flung-tonic,1,mp3_V2,86,FAKE_CERTAIN,18750.0,cnn+spectral+stereo+temporal,50,6,,0,0,0,,0,0,0,30,0,0,
041-07-Mondkopf-Summer-afternoon-on-the-carribean-se,1,mp3_V2,80,FAKE_CERTAIN,19000.0,cnn+spectral+stereo,50,5,,0,0,0,0,0,0,,25,0,0,
042-04-Keletigui-et-ses-Tambourinis-Nadia,1,mp3_V2,36,WARNING,18750.0,cnn,0,6,,0,0,0,,0,,0,30,0,0,
043-03-Massive-Attack-Inertia-Creeps-Manic-Street-Pr,1,mp3_V2,36,WARNING,18750.0,cnn+stereo+temporal,0,6,,0,0,0,,0,,0,30,0,0,
044-02-Various-Artists-Ka-mea-mea,1,mp3_V2,67,FAKE_CERTAIN,16500.0,spectral+temporal,50,17,,0,0,0,,0,0,0,0,0,0,
045-08-DJ-Katapila-Trotro-instrumental,1,mp3_V2,39,WARNING,17500.0,cnn+stereo,0,12,,0,0,0,,0,,0,27,0,0,
046-04-Clelia-Felix-Shine-so-bright,1,mp3_V2,36,WARNING,18750.0,cnn+stereo,0,6,,0,0,0,,0,,0,30,0,0,
047-03-Lemma-Souad-Asla-Maachouk-Nbi,1,mp3_V2,86,FAKE_CERTAIN,18750.0,cnn+spectral+stereo+temporal,50,6,,0,0,0,,0,0,0,30,0,0,
050-08-Boubacar-Traor-Pierrette,1,mp3_V2,92,FAKE_CERTAIN,17500.0,cnn+spectral+stereo,50,12,,0,0,0,,0,0,0,30,0,0,
051-07-Coldcut-x-On-U-Sound-Kajra-mohobbat-wala-feat,1,mp3_V2,86,FAKE_CERTAIN,18750.0,cnn+spectral+stereo+temporal,50,6,,0,0,0,,0,0,0,30,0,0,
048-08-Gabriel-Romero-La-Piragua,1,mp3_V2,87,FAKE_CERTAIN,18500.0,cnn+spectral+stereo+temporal,50,7,,0,0,0,,0,0,0,30,0,0,
049-Nigeria-70-vol-1-Lagos-jump-09-Chief-Checker-Afr,1,mp3_V2,36,WARNING,18750.0,cnn+stereo,0,6,,0,0,0,,0,,0,30,0,0,
052-06-Papa-Wemba-Efeka-mandundu,1,mp3_V2,7,AUTHENTIC,18500.0,stereo+temporal,0,7,,0,0,0,,0,,0,0,0,0,
053-03-Jupiter-Okwess-Ofakombolo,1,mp3_V2,36,WARNING,18750.0,cnn+stereo,0,6,,0,0,0,,0,,0,30,0,0,
054-10-George-Bruns-Two-dogs-and-a-cycle,1,mp3_V2,92,FAKE_CERTAIN,17500.0,cnn+spectral+stereo+temporal,50,12,,0,0,0,,0,0,0,30,0,0,
055-01-Godspeed-You-Black-Emperor-Undoing-a-luciferi,1,mp3_V2,56,FAKE_CERTAIN,18750.0,spectral+stereo+temporal,50,6,,0,0,0,,0,0,0,0,0,0,
058-01-Piny-Runa-Woko,1,mp3_V2,86,FAKE_CERTAIN,18750.0,cnn+spectral+stereo+temporal,50,6,,0,0,0,,0,0,0,30,0,0,
059-01-Genesis-Gospel-Singers-Momma-mo-akoma-ntutu,1,mp3_V2,86,FAKE_CERTAIN,18750.0,cnn+spectral+stereo+temporal,50,6,,0,0,0,,0,0,0,30,0,0,
056-14-Hlamalani,1,mp3_V2,86,FAKE_CERTAIN,18750.0,cnn+spectral+stereo,50,6,,0,0,0,,0,0,0,30,0,0,
057-02-Nass-El-Ghiwan-El-Mekkaoui-le-mecquois,1,mp3_V2,56,FAKE_CERTAIN,18750.0,spectral+stereo,50,6,,0,0,0,,0,0,0,0,0,0,
060-13-Naomi-The-Boys-Bad-loser,1,mp3_V2,86,FAKE_CERTAIN,18750.0,cnn+spectral+stereo,50,6,,0,0,0,,0,0,0,30,0,0,
061-07-Black-Truth-Rhythm-Band-Imo,1,mp3_V2,50,WARNING,16000.0,cnn+spectral+temporal,0,20,,0,0,0,,0,,0,30,0,0,
062-03-Alpha-Blondy-Jah-glory,1,mp3_V2,86,FAKE_CERTAIN,18750.0,cnn+spectral+stereo+temporal,50,6,,0,0,0,,0,0,0,30,0,0,
063-09-Rodolphe-Burger-Billy-the-kid,1,mp3_V2,56,FAKE_CERTAIN,18750.0,spectral+stereo+temporal,50,6,,0,0,0,,0,0,0,0,0,0,
066-04-Etoile-de-Dakar-My-wa-wa,1,mp3_V2,86,FAKE_CERTAIN,18750.0,cnn+spectral+stereo+temporal,50,6,,0,0,0,,0,0,0,30,0,0,
067-03-The-Streets-Let-s-push-things-forward,1,mp3_V2,37,WARNING,18500.0,cnn+stereo,0,7,,0,0,0,,0,,0,30,0,0,
064-01-Blank-Jones-Feat-Mike-Francis-Someone-like-yo,1,mp3_V2,86,FAKE_CERTAIN,18750.0,cnn+spectral+stereo,50,6,,0,0,0,,0,0,0,30,0,0,
065-05-Quizas-Quizas,1,mp3_V2,86,FAKE_CERTAIN,18750.0,cnn+spectral+stereo+temporal,50,6,,0,0,0,,0,0,0,30,0,0,
068-08-Eddie-Palmieri-Cal-Tjader-Bamboleate,1,mp3_V2,36,WARNING,18750.0,cnn+stereo,0,6,,0,0,0,,0,,0,30,0,0,
069-02-Eden-Ahbez-The-wanderer,1,mp3_V2,57,FAKE_CERTAIN,18500.0,spectral+stereo+temporal,50,7,,0,0,0,,0,0,0,0,0,0,
070-02-Guts-Good-morning,1,mp3_V2,87,FAKE_CERTAIN,18500.0,cnn+spectral+stereo,50,7,,0,0,0,,0,0,0,30,0,0,
071-01-Jaipur-Kawa-Brass-Band-Piya-tu-ab-aaja,1,mp3_V2,18,AUTHENTIC,16250.0,,0,18,,0,0,0,,0,,0,0,0,0,
072-05-Simo-Moumen-Samsara,1,mp3_V2,36,WARNING,18750.0,cnn+stereo,0,6,,0,0,0,,0,,0,30,0,0,
073-10-Vanilla-Fudge-Eleanor-rigby,1,mp3_V2,35,WARNING,18750.0,cnn+temporal,0,6,,0,0,0,,0,,0,29,0,0,
074-09-Koki-Nakano-Lift,1,mp3_V2,68,FAKE_CERTAIN,16250.0,spectral+temporal,50,18,,0,0,0,,0,0,0,0,0,0,
075-03-Jordi-Savall-El-rey-de-francia-esmirna,1,mp3_V2,6,AUTHENTIC,18750.0,stereo,0,6,,0,0,0,,0,,0,0,0,0,
076-20-Fran-ois-Couperin-O-salutaris,1,mp3_V2,0,AUTHENTIC,22050.0,temporal,0,0,,0,0,0,,-50,,,0,0,0,
077-01-Jaga-Jazzist-All-i-know-is-tonight,1,mp3_V2,36,WARNING,18750.0,cnn+stereo,0,6,,0,0,0,,0,,0,30,0,0,
078-04-Kat-Onoma-La-chambre,1,mp3_V2,86,FAKE_CERTAIN,18750.0,cnn+spectral+stereo,50,6,,0,0,0,,0,0,0,30,0,0,
079-04-Gwen-McCrae-Let-s-straighten-it-out,1,mp3_V2,86,FAKE_CERTAIN,18750.0,cnn+spectral+stereo,50,6,,0,0,0,,0,0,0,30,0,0,
002-03-Hraach-Let-it-go,1,opus_256,113,FAKE_CERTAIN,20250.0,mdct+spectral+stereo,50,8,,0,0,0,0,0,,,,55,,
003-01-Thor-Dari-lullaby,1,opus_256,113,FAKE_CERTAIN,20250.0,mdct+spectral+stereo,50,8,,0,0,0,0,0,,,,55,,
004-01-Thiossane-Ablaye-Ndiaye-Aminata-ndiaye,1,opus_256,113,FAKE_CERTAIN,20250.0,mdct+spectral+stereo,50,8,,0,0,0,0,0,,,,55,,
005-17-Los-Seven-Del-Swing-Celoso,1,opus_256,65,FAKE_CERTAIN,20000.0,mdct+stereo,0,10,,0,0,0,0,0,0,,0,55,0,
000-03-Balla-et-ses-Balladins-Moi-ca-ma-fout,1,opus_256,63,SUSPICIOUS,20250.0,mdct,0,8,,0,0,0,,0,,,0,55,0,
001-11-Gilbert-B-caud-Le-bain-de-minuit,1,opus_256,65,FAKE_CERTAIN,20000.0,mdct+stereo,0,10,,0,0,0,0,0,0,,0,55,0,
006-09-Mahmoud-Ahmed-Tezeta,1,opus_256,32,WARNING,20500.0,mdct,0,7,,0,0,0,,0,,,0,25,0,
007-07-Wax-Tailor-Positively-inclined-featuring-main,1,opus_256,82,FAKE_CERTAIN,20000.0,mdct+stereo,0,10,,0,0,0,0,0,0,,17,55,0,
008-06-The-Mebusas-Mr-bull-dog-original-45-version,1,opus_256,117,FAKE_CERTAIN,19500.0,mdct+spectral+stereo+temporal,50,12,,0,0,0,0,0,,,,55,,
009-03-Ilya-Beshevli-To-solitude,1,opus_256,0,AUTHENTIC,24000.0,stereo+temporal,0,0,,0,0,0,,-50,,,0,0,0,
010-06-Jon-Hassell-These-times,1,opus_256,63,FAKE_CERTAIN,20250.0,mdct+temporal,0,8,,0,0,0,,0,,,0,55,0,
011-07-Ensemble-National-des-Percussions-de-Guin-e-K,1,opus_256,63,FAKE_CERTAIN,20250.0,cnn+mdct+stereo+temporal,0,8,,0,0,0,,0,,,30,25,0,
012-07-A-La-Carte-Brass-And-Percussion-Papa-was-a-ro,1,opus_256,65,FAKE_CERTAIN,20000.0,mdct+stereo,0,10,,0,0,0,0,0,0,,0,55,0,
013-22-Roswell-Sacred-Harp-Quartet-Weeping-mary,1,opus_256,32,WARNING,20500.0,mdct+stereo+temporal,0,7,,0,0,0,,0,,,0,25,0,
014-26-Dock-Walsh-Bathe-in-that-beautiful-pool,1,opus_256,0,AUTHENTIC,24000.0,temporal,0,0,,0,0,0,,-50,,,0,0,0,
015-08-Jos-Gonz-lez-Vissel,1,opus_256,63,FAKE_CERTAIN,20250.0,mdct+stereo+temporal,0,8,,0,0,0,,0,,,0,55,0,
016-03-Memory-Tapes-Green-knight,1,opus_256,113,FAKE_CERTAIN,20250.0,mdct+spectral+stereo,50,8,,0,0,0,0,0,,,,55,,
017-13-Cafe-Del-Mar-Submariner,1,opus_256,113,FAKE_CERTAIN,20250.0,mdct+spectral+stereo,50,8,,0,0,0,0,0,,,,55,,
018-04-Bag-o-wire-Resovoir,1,opus_256,93,FAKE_CERTAIN,20250.0,cnn+mdct,0,8,,0,0,0,,0,,,30,55,0,
019-04-Kohi-Jadu,1,opus_256,113,FAKE_CERTAIN,20250.0,mdct+spectral+stereo+temporal,50,8,,0,0,0,0,0,,,,55,,
022-17-Michel-Legrand-It-s-good-to-be-alive-the-chas,1,opus_256,35,WARNING,20000.0,mdct+stereo+temporal,0,10,,0,0,0,0,0,-30,,0,55,0,
023-01-Yusef-Lateef-Buddy-and-lou,1,opus_256,113,FAKE_CERTAIN,20250.0,mdct+spectral+stereo,50,8,,0,0,0,0,0,,,,55,,
020-06-Bola-Tigantabame,1,opus_256,93,FAKE_CERTAIN,20000.0,cnn+mdct+stereo,0,10,,0,0,0,0,0,0,,28,55,0,
021-13-Colombiafrica-The-Mystic-Orchestra-Rey-de-roc,1,opus_256,65,FAKE_CERTAIN,20000.0,mdct+stereo,0,10,,0,0,0,0,0,0,,0,55,0,
024-15-Jordi-Savall-Concert-li-la-rougeville-gigue,1,opus_256,35,WARNING,20500.0,cnn+temporal,0,7,,0,0,0,,0,,,28,0,0,
025-07-Bolalar-Lola,1,opus_256,113,FAKE_CERTAIN,20250.0,mdct+spectral+stereo,50,8,,0,0,0,0,0,,,,55,,
026-06-Oumou-Dioubat-Siyala,1,opus_256,35,WARNING,20000.0,mdct+stereo+temporal,0,10,,0,0,0,0,0,-30,,0,55,0,
027-01-Dimlite-Kitty-Cradle-Fog,1,opus_256,58,FAKE_CERTAIN,20250.0,spectral+stereo,50,8,,0,0,0,0,0,0,,0,0,0,
028-04-Lisu-Yue-phue-alcool-de-ma-s,1,opus_256,0,AUTHENTIC,24000.0,temporal,0,0,,0,0,0,,-50,,,0,0,0,
029-05-Kuusow-Kurtunwaarey-Amin-Xaaji-Cusmaan-Cabdul,1,opus_256,113,FAKE_CERTAIN,20250.0,mdct+spectral+stereo+temporal,50,8,,0,0,0,0,0,,,,55,,
030-06-S-bastien-Tellier-Benny,1,opus_256,113,FAKE_CERTAIN,20250.0,mdct+spectral+stereo,50,8,,0,0,0,0,0,,,,55,,
031-07-Shkoon-Just-Emma-Id,1,opus_256,55,FAKE_CERTAIN,24000.0,mdct+stereo,0,0,,0,0,0,,-50,,,0,55,0,50
032-05-2kilos-more-Cache-feu,1,opus_256,113,FAKE_CERTAIN,20250.0,mdct+spectral+stereo+temporal,50,8,,0,0,0,0,0,,,,55,,
033-01-Daylight-Rising,1,opus_256,113,FAKE_CERTAIN,20250.0,mdct+spectral+stereo+temporal,50,8,,0,0,0,0,0,,,,55,,
036-08-Nicolas-Comment-Amaurose,1,opus_256,113,FAKE_CERTAIN,20250.0,mdct+spectral+stereo,50,8,,0,0,0,0,0,,,,55,,
037-02-Super-Cayor-De-Dakar-Emboutaieillage,1,opus_256,112,FAKE_CERTAIN,20500.0,mdct+spectral+stereo,50,7,,0,0,0,0,0,,,,55,,
034-09-Snow-Ghosts-Bowline,1,opus_256,45,WARNING,20000.0,mdct+stereo+temporal,0,10,,0,0,0,0,0,-20,,0,55,0,
035-16-Slow-Air-In-Dropped-D,1,opus_256,8,AUTHENTIC,20250.0,stereo,0,8,,0,0,0,,0,,,0,0,0,
038-11-Red-Hot-Chili-Peppers-This-velvet-glove,1,opus_256,84,FAKE_CERTAIN,20250.0,cnn+mdct+stereo,0,8,,0,0,0,,0,,,21,55,0,
039-13-Kat-Onoma-Change-blues,1,opus_256,113,FAKE_CERTAIN,20250.0,mdct+spectral+stereo,50,8,,0,0,0,0,0,,,,55,,
040-11-Xploding-Plastix-Far-flung-tonic,1,opus_256,65,FAKE_CERTAIN,20000.0,mdct+stereo,0,10,,0,0,0,0,0,0,,0,55,0,
041-07-Mondkopf-Summer-afternoon-on-the-carribean-se,1,opus_256,63,FAKE_CERTAIN,19250.0,spectral+stereo,50,13,,0,0,0,0,0,0,,0,0,0,
042-04-Keletigui-et-ses-Tambourinis-Nadia,1,opus_256,95,FAKE_CERTAIN,20000.0,cnn+mdct,0,10,,0,0,0,0,0,0,,30,55,0,
043-03-Massive-Attack-Inertia-Creeps-Manic-Street-Pr,1,opus_256,113,FAKE_CERTAIN,20250.0,mdct+spectral+stereo,50,8,,0,0,0,0,0,,,,55,,
046-04-Clelia-Felix-Shine-so-bright,1,opus_256,113,FAKE_CERTAIN,20250.0,mdct+spectral+stereo,50,8,,0,0,0,0,0,,,,55,,
047-03-Lemma-Souad-Asla-Maachouk-Nbi,1,opus_256,113,FAKE_CERTAIN,20250.0,mdct+spectral+stereo+temporal,50,8,,0,0,0,0,0,,,,55,,
044-02-Various-Artists-Ka-mea-mea,1,opus_256,63,FAKE_CERTAIN,20250.0,mdct+stereo+temporal,0,8,,0,0,0,,0,,,0,55,0,
045-08-DJ-Katapila-Trotro-instrumental,1,opus_256,76,FAKE_CERTAIN,17750.0,cnn+mdct+spectral+stereo,0,21,,0,0,0,,0,0,0,30,25,0,
048-08-Gabriel-Romero-La-Piragua,1,opus_256,35,WARNING,20000.0,mdct+stereo,0,10,,0,0,0,0,0,-30,,0,55,0,
049-Nigeria-70-vol-1-Lagos-jump-09-Chief-Checker-Afr,1,opus_256,39,WARNING,20000.0,mdct+stereo,0,10,,0,0,0,0,0,-30,,4,55,0,
052-06-Papa-Wemba-Efeka-mandundu,1,opus_256,63,FAKE_CERTAIN,20250.0,mdct+stereo+temporal,0,8,,0,0,0,,0,,,0,55,0,
053-03-Jupiter-Okwess-Ofakombolo,1,opus_256,113,FAKE_CERTAIN,20250.0,mdct+spectral+stereo,50,8,,0,0,0,0,0,,,,55,,
050-08-Boubacar-Traor-Pierrette,1,opus_256,95,FAKE_CERTAIN,20000.0,cnn+mdct+stereo,0,10,,0,0,0,0,0,0,,30,55,0,
051-07-Coldcut-x-On-U-Sound-Kajra-mohobbat-wala-feat,1,opus_256,35,WARNING,20000.0,mdct+stereo,0,10,,0,0,0,0,0,-30,,0,55,0,
054-10-George-Bruns-Two-dogs-and-a-cycle,1,opus_256,65,FAKE_CERTAIN,20000.0,mdct+stereo+temporal,0,10,,0,0,0,0,0,0,,0,55,0,
055-01-Godspeed-You-Black-Emperor-Undoing-a-luciferi,1,opus_256,35,WARNING,20000.0,mdct+stereo+temporal,0,10,,0,0,0,0,0,-30,,0,55,0,
056-14-Hlamalani,1,opus_256,113,FAKE_CERTAIN,20250.0,mdct+spectral+stereo,50,8,,0,0,0,0,0,,,,55,,
057-02-Nass-El-Ghiwan-El-Mekkaoui-le-mecquois,1,opus_256,63,FAKE_CERTAIN,20250.0,mdct+stereo,0,8,,0,0,0,,0,,,0,55,0,
058-01-Piny-Runa-Woko,1,opus_256,113,FAKE_CERTAIN,20250.0,mdct+spectral+stereo+temporal,50,8,,0,0,0,0,0,,,,55,,
059-01-Genesis-Gospel-Singers-Momma-mo-akoma-ntutu,1,opus_256,113,FAKE_CERTAIN,20250.0,mdct+spectral+stereo,50,8,,0,0,0,0,0,,,,55,,
062-03-Alpha-Blondy-Jah-glory,1,opus_256,113,FAKE_CERTAIN,20250.0,mdct+spectral+stereo+temporal,50,8,,0,0,0,0,0,,,,55,,
063-09-Rodolphe-Burger-Billy-the-kid,1,opus_256,63,FAKE_CERTAIN,20250.0,mdct+stereo+temporal,0,8,,0,0,0,,0,,,0,55,0,
064-01-Blank-Jones-Feat-Mike-Francis-Someone-like-yo,1,opus_256,81,FAKE_CERTAIN,20000.0,mdct+stereo,0,10,,0,0,0,0,0,0,,16,55,0,
065-05-Quizas-Quizas,1,opus_256,113,FAKE_CERTAIN,20250.0,mdct+spectral+stereo,50,8,,0,0,0,0,0,,,,55,,
060-13-Naomi-The-Boys-Bad-loser,1,opus_256,93,FAKE_CERTAIN,20250.0,cnn+mdct+stereo,0,8,,0,0,0,,0,,,30,55,0,
061-07-Black-Truth-Rhythm-Band-Imo,1,opus_256,46,WARNING,17750.0,mdct+spectral+stereo,0,21,,0,0,0,,0,-30,0,0,55,0,
066-04-Etoile-de-Dakar-My-wa-wa,1,opus_256,58,FAKE_CERTAIN,20250.0,spectral+stereo,50,8,,0,0,0,0,0,0,,0,0,0,
067-03-The-Streets-Let-s-push-things-forward,1,opus_256,35,WARNING,20000.0,mdct+stereo,0,10,,0,0,0,0,0,-30,,0,55,0,
068-08-Eddie-Palmieri-Cal-Tjader-Bamboleate,1,opus_256,113,FAKE_CERTAIN,20250.0,mdct+spectral+stereo,50,8,,0,0,0,0,0,,,,55,,
069-02-Eden-Ahbez-The-wanderer,1,opus_256,113,FAKE_CERTAIN,20250.0,mdct+spectral+stereo,50,8,,0,0,0,0,0,,,,55,,
072-05-Simo-Moumen-Samsara,1,opus_256,61,FAKE_CERTAIN,19750.0,mdct+stereo,0,11,,0,0,0,0,0,-20,,15,55,0,
073-10-Vanilla-Fudge-Eleanor-rigby,1,opus_256,93,FAKE_CERTAIN,20250.0,cnn+mdct+temporal,0,8,,0,0,0,,0,,,30,55,0,
070-02-Guts-Good-morning,1,opus_256,63,FAKE_CERTAIN,20000.0,cnn+mdct+stereo,0,10,,0,0,0,0,0,-30,,28,55,0,
071-01-Jaipur-Kawa-Brass-Band-Piya-tu-ab-aaja,1,opus_256,113,FAKE_CERTAIN,16250.0,cnn+mdct+spectral+temporal,0,28,,0,0,0,,0,0,0,30,55,0,
076-20-Fran-ois-Couperin-O-salutaris,1,opus_256,0,AUTHENTIC,24000.0,,0,0,,0,0,0,,-50,,,0,0,0,
077-01-Jaga-Jazzist-All-i-know-is-tonight,1,opus_256,113,FAKE_CERTAIN,20250.0,mdct+spectral+stereo,50,8,,0,0,0,0,0,,,,55,,
074-09-Koki-Nakano-Lift,1,opus_256,63,FAKE_CERTAIN,20250.0,mdct+stereo+temporal,0,8,,0,0,0,,0,,,0,55,0,
075-03-Jordi-Savall-El-rey-de-francia-esmirna,1,opus_256,8,AUTHENTIC,20250.0,stereo,0,8,,0,0,0,,0,,,0,0,0,
078-04-Kat-Onoma-La-chambre,1,opus_256,35,WARNING,20000.0,mdct+stereo,0,10,,0,0,0,0,0,-30,,0,55,0,
079-04-Gwen-McCrae-Let-s-straighten-it-out,1,opus_256,80,FAKE_CERTAIN,20000.0,mdct+stereo+temporal,0,10,,0,0,0,0,0,0,,15,55,0,
000-03-Balla-et-ses-Balladins-Moi-ca-ma-fout,1,vorbis_q8,55,SUSPICIOUS,20000.0,mdct,0,0,,0,0,0,,0,,,0,55,0,
001-11-Gilbert-B-caud-Le-bain-de-minuit,1,vorbis_q8,70,FAKE_CERTAIN,20250.0,mdct+stereo,0,0,,0,0,0,,0,,,15,55,0,
004-01-Thiossane-Ablaye-Ndiaye-Aminata-ndiaye,1,vorbis_q8,55,FAKE_CERTAIN,22050.0,mdct+stereo,0,0,,0,0,0,,-50,,,0,55,0,50
005-17-Los-Seven-Del-Swing-Celoso,1,vorbis_q8,106,FAKE_CERTAIN,19750.0,mdct+spectral+stereo,50,1,,0,0,0,0,0,,,,55,,
002-03-Hraach-Let-it-go,1,vorbis_q8,55,FAKE_CERTAIN,20750.0,mdct+stereo,0,0,,0,0,0,,0,,,0,55,0,
003-01-Thor-Dari-lullaby,1,vorbis_q8,84,FAKE_CERTAIN,22050.0,cnn+mdct+stereo,0,0,,0,0,0,,-50,,,29,55,0,50
008-06-The-Mebusas-Mr-bull-dog-original-45-version,1,vorbis_q8,107,FAKE_CERTAIN,19500.0,mdct+spectral+stereo+temporal,50,2,,0,0,0,0,0,,,,55,,
009-03-Ilya-Beshevli-To-solitude,1,vorbis_q8,55,FAKE_CERTAIN,22050.0,mdct+stereo+temporal,0,0,,0,0,0,,-50,,,0,55,0,50
006-09-Mahmoud-Ahmed-Tezeta,1,vorbis_q8,55,SUSPICIOUS,22050.0,mdct,0,0,,0,0,0,,-50,,,0,55,0,50
007-07-Wax-Tailor-Positively-inclined-featuring-main,1,vorbis_q8,55,FAKE_CERTAIN,21000.0,mdct+stereo,0,0,,0,0,0,,-30,,,0,55,0,30
012-07-A-La-Carte-Brass-And-Percussion-Papa-was-a-ro,1,vorbis_q8,105,FAKE_CERTAIN,20500.0,mdct+spectral+stereo,50,0,,0,0,0,0,0,,,,55,,
013-22-Roswell-Sacred-Harp-Quartet-Weeping-mary,1,vorbis_q8,55,FAKE_CERTAIN,22050.0,mdct+stereo+temporal,0,0,,0,0,0,,-50,,,0,55,0,50
014-26-Dock-Walsh-Bathe-in-that-beautiful-pool,1,vorbis_q8,55,FAKE_CERTAIN,22050.0,mdct+stereo,0,0,,0,0,0,,-50,,,0,55,0,50
015-08-Jos-Gonz-lez-Vissel,1,vorbis_q8,55,FAKE_CERTAIN,22050.0,mdct+stereo,0,0,,0,0,0,,-50,,,0,55,0,50
010-06-Jon-Hassell-These-times,1,vorbis_q8,55,SUSPICIOUS,21250.0,mdct,0,0,,0,0,0,,-30,,,0,55,0,30
011-07-Ensemble-National-des-Percussions-de-Guin-e-K,1,vorbis_q8,55,FAKE_CERTAIN,21000.0,mdct+stereo,0,0,,0,0,0,,-30,,,0,55,0,30
016-03-Memory-Tapes-Green-knight,1,vorbis_q8,85,FAKE_CERTAIN,22050.0,cnn+mdct+stereo,0,0,,0,0,0,,-50,,,30,55,0,50
017-13-Cafe-Del-Mar-Submariner,1,vorbis_q8,55,FAKE_CERTAIN,22050.0,mdct+stereo,0,0,,0,0,0,,-50,,,0,55,0,50
018-04-Bag-o-wire-Resovoir,1,vorbis_q8,85,FAKE_CERTAIN,21750.0,cnn+mdct+stereo,0,0,,0,0,0,,-50,,,30,55,0,50
019-04-Kohi-Jadu,1,vorbis_q8,55,FAKE_CERTAIN,21000.0,mdct+stereo+temporal,0,0,,0,0,0,,-30,,,0,55,0,30
020-06-Bola-Tigantabame,1,vorbis_q8,70,FAKE_CERTAIN,20500.0,mdct+stereo,0,0,,0,0,0,,0,,,15,55,0,
021-13-Colombiafrica-The-Mystic-Orchestra-Rey-de-roc,1,vorbis_q8,105,FAKE_CERTAIN,20000.0,mdct+spectral+stereo,50,0,,0,0,0,0,0,,,,55,,
024-15-Jordi-Savall-Concert-li-la-rougeville-gigue,1,vorbis_q8,85,FAKE_CERTAIN,22050.0,cnn+mdct,0,0,,0,0,0,,-50,,,30,55,0,50
025-07-Bolalar-Lola,1,vorbis_q8,78,FAKE_CERTAIN,21250.0,cnn+mdct+stereo,0,0,,0,0,0,,-30,,,23,55,0,30
022-17-Michel-Legrand-It-s-good-to-be-alive-the-chas,1,vorbis_q8,86,FAKE_CERTAIN,19750.0,cnn+mdct+stereo+temporal,0,1,,0,0,0,,0,,,30,55,0,
023-01-Yusef-Lateef-Buddy-and-lou,1,vorbis_q8,55,FAKE_CERTAIN,21000.0,mdct+stereo,0,0,,0,0,0,,-30,,,0,55,0,30
026-06-Oumou-Dioubat-Siyala,1,vorbis_q8,105,FAKE_CERTAIN,20250.0,mdct+spectral+stereo+temporal,50,0,,0,0,0,0,0,,,,55,,
027-01-Dimlite-Kitty-Cradle-Fog,1,vorbis_q8,55,FAKE_CERTAIN,22050.0,mdct+stereo,0,0,,0,0,0,,-50,,,0,55,0,50
032-05-2kilos-more-Cache-feu,1,vorbis_q8,84,FAKE_CERTAIN,21000.0,cnn+mdct+stereo+temporal,0,0,,0,0,0,,-30,,,29,55,0,30
033-01-Daylight-Rising,1,vorbis_q8,62,FAKE_CERTAIN,21250.0,mdct+stereo,0,0,,0,0,0,,-30,,,7,55,0,30
030-06-S-bastien-Tellier-Benny,1,vorbis_q8,68,FAKE_CERTAIN,21500.0,mdct+stereo,0,0,,0,0,0,,-30,,,13,55,0,30
031-07-Shkoon-Just-Emma-Id,1,vorbis_q8,55,FAKE_CERTAIN,22050.0,mdct+stereo,0,0,,0,0,0,,-50,,,0,55,0,50
034-09-Snow-Ghosts-Bowline,1,vorbis_q8,105,FAKE_CERTAIN,20250.0,mdct+spectral+stereo+temporal,50,0,,0,0,0,0,0,,,,55,,
035-16-Slow-Air-In-Dropped-D,1,vorbis_q8,55,FAKE_CERTAIN,21000.0,mdct+stereo,0,0,,0,0,0,,-30,,,0,55,0,30
028-04-Lisu-Yue-phue-alcool-de-ma-s,1,vorbis_q8,55,SUSPICIOUS,22050.0,mdct,0,0,,0,0,0,,-50,,,0,55,0,50
029-05-Kuusow-Kurtunwaarey-Amin-Xaaji-Cusmaan-Cabdul,1,vorbis_q8,55,FAKE_CERTAIN,22050.0,mdct+stereo,0,0,,0,0,0,,-50,,,0,55,0,50
040-11-Xploding-Plastix-Far-flung-tonic,1,vorbis_q8,55,FAKE_CERTAIN,21000.0,mdct+stereo,0,0,,0,0,0,,-30,,,0,55,0,30
041-07-Mondkopf-Summer-afternoon-on-the-carribean-se,1,vorbis_q8,110,FAKE_CERTAIN,19000.0,mdct+spectral+stereo+temporal,50,5,,0,0,0,0,0,,,,55,,
038-11-Red-Hot-Chili-Peppers-This-velvet-glove,1,vorbis_q8,85,FAKE_CERTAIN,22050.0,cnn+mdct,0,0,,0,0,0,,-50,,,30,55,0,50
039-13-Kat-Onoma-Change-blues,1,vorbis_q8,79,FAKE_CERTAIN,20750.0,cnn+mdct+stereo,0,0,,0,0,0,,0,,,24,55,0,
036-08-Nicolas-Comment-Amaurose,1,vorbis_q8,85,FAKE_CERTAIN,21000.0,cnn+mdct+stereo,0,0,,0,0,0,,-30,,,30,55,0,30
037-02-Super-Cayor-De-Dakar-Emboutaieillage,1,vorbis_q8,85,FAKE_CERTAIN,22050.0,cnn+mdct+stereo,0,0,,0,0,0,,-50,,,30,55,0,50
042-04-Keletigui-et-ses-Tambourinis-Nadia,1,vorbis_q8,85,FAKE_CERTAIN,22050.0,cnn+mdct,0,0,,0,0,0,,-50,,,30,55,0,50
043-03-Massive-Attack-Inertia-Creeps-Manic-Street-Pr,1,vorbis_q8,82,FAKE_CERTAIN,20750.0,cnn+mdct+stereo,0,0,,0,0,0,,0,,,27,55,0,
048-08-Gabriel-Romero-La-Piragua,1,vorbis_q8,106,FAKE_CERTAIN,19750.0,mdct+spectral+stereo,50,1,,0,0,0,0,0,,,,55,,
049-Nigeria-70-vol-1-Lagos-jump-09-Chief-Checker-Afr,1,vorbis_q8,85,FAKE_CERTAIN,21000.0,cnn+mdct+stereo,0,0,,0,0,0,,-30,,,30,55,0,30
044-02-Various-Artists-Ka-mea-mea,1,vorbis_q8,55,FAKE_CERTAIN,20500.0,mdct+stereo,0,0,,0,0,0,,0,,,0,55,0,
045-08-DJ-Katapila-Trotro-instrumental,1,vorbis_q8,96,FAKE_CERTAIN,17750.0,cnn+mdct+stereo,0,11,,0,0,0,,0,0,0,30,55,0,
046-04-Clelia-Felix-Shine-so-bright,1,vorbis_q8,85,FAKE_CERTAIN,21750.0,cnn+mdct+stereo,0,0,,0,0,0,,-50,,,30,55,0,50
047-03-Lemma-Souad-Asla-Maachouk-Nbi,1,vorbis_q8,55,FAKE_CERTAIN,21250.0,mdct+stereo,0,0,,0,0,0,,-30,,,0,55,0,30
050-08-Boubacar-Traor-Pierrette,1,vorbis_q8,105,FAKE_CERTAIN,20000.0,mdct+spectral+stereo,50,0,,0,0,0,0,0,,,,55,,
051-07-Coldcut-x-On-U-Sound-Kajra-mohobbat-wala-feat,1,vorbis_q8,57,FAKE_CERTAIN,21000.0,mdct+stereo+temporal,0,0,,0,0,0,,-30,,,2,55,0,30
052-06-Papa-Wemba-Efeka-mandundu,1,vorbis_q8,56,FAKE_CERTAIN,19750.0,mdct+stereo,0,1,,0,0,0,,0,,,0,55,0,
053-03-Jupiter-Okwess-Ofakombolo,1,vorbis_q8,105,FAKE_CERTAIN,20250.0,mdct+spectral+stereo,50,0,,0,0,0,0,0,,,,55,,
054-10-George-Bruns-Two-dogs-and-a-cycle,1,vorbis_q8,56,FAKE_CERTAIN,19750.0,mdct+stereo,0,1,,0,0,0,,0,,,0,55,0,
055-01-Godspeed-You-Black-Emperor-Undoing-a-luciferi,1,vorbis_q8,55,FAKE_CERTAIN,20500.0,mdct+stereo+temporal,0,0,,0,0,0,,0,,,0,55,0,
056-14-Hlamalani,1,vorbis_q8,55,FAKE_CERTAIN,21750.0,mdct+stereo,0,0,,0,0,0,,-50,,,0,55,0,50
057-02-Nass-El-Ghiwan-El-Mekkaoui-le-mecquois,1,vorbis_q8,55,FAKE_CERTAIN,20500.0,mdct+stereo,0,0,,0,0,0,,0,,,0,55,0,
058-01-Piny-Runa-Woko,1,vorbis_q8,66,FAKE_CERTAIN,20500.0,mdct+stereo,0,0,,0,0,0,,0,,,11,55,0,
059-01-Genesis-Gospel-Singers-Momma-mo-akoma-ntutu,1,vorbis_q8,85,FAKE_CERTAIN,22050.0,cnn+mdct+stereo,0,0,,0,0,0,,-50,,,30,55,0,50
060-13-Naomi-The-Boys-Bad-loser,1,vorbis_q8,85,FAKE_CERTAIN,22050.0,cnn+mdct+stereo,0,0,,0,0,0,,-50,,,30,55,0,50
061-07-Black-Truth-Rhythm-Band-Imo,1,vorbis_q8,68,FAKE_CERTAIN,17250.0,mdct+stereo,0,13,,0,0,0,,0,0,0,0,55,0,
062-03-Alpha-Blondy-Jah-glory,1,vorbis_q8,105,FAKE_CERTAIN,20500.0,mdct+spectral+stereo,50,0,,0,0,0,0,0,,,,55,,
063-09-Rodolphe-Burger-Billy-the-kid,1,vorbis_q8,55,FAKE_CERTAIN,22050.0,mdct+stereo,0,0,,0,0,0,,-50,,,0,55,0,50
064-01-Blank-Jones-Feat-Mike-Francis-Someone-like-yo,1,vorbis_q8,55,FAKE_CERTAIN,21000.0,mdct+stereo,0,0,,0,0,0,,-30,,,0,55,0,30
065-05-Quizas-Quizas,1,vorbis_q8,85,FAKE_CERTAIN,22050.0,cnn+mdct+stereo,0,0,,0,0,0,,-50,,,30,55,0,50
066-04-Etoile-de-Dakar-My-wa-wa,1,vorbis_q8,83,FAKE_CERTAIN,21500.0,cnn+mdct+stereo,0,0,,0,0,0,,-30,,,28,55,0,30
067-03-The-Streets-Let-s-push-things-forward,1,vorbis_q8,85,FAKE_CERTAIN,22050.0,cnn+mdct+stereo,0,0,,0,0,0,,-50,,,30,55,0,50
068-08-Eddie-Palmieri-Cal-Tjader-Bamboleate,1,vorbis_q8,85,FAKE_CERTAIN,21000.0,cnn+mdct+stereo,0,0,,0,0,0,,-30,,,30,55,0,30
069-02-Eden-Ahbez-The-wanderer,1,vorbis_q8,55,FAKE_CERTAIN,20750.0,mdct+stereo,0,0,,0,0,0,,0,,,0,55,0,
070-02-Guts-Good-morning,1,vorbis_q8,85,FAKE_CERTAIN,21500.0,cnn+mdct+stereo,0,0,,0,0,0,,-30,,,30,55,0,30
071-01-Jaipur-Kawa-Brass-Band-Piya-tu-ab-aaja,1,vorbis_q8,96,FAKE_CERTAIN,16250.0,cnn+mdct+temporal,0,18,,0,0,0,,0,0,0,23,55,0,
072-05-Simo-Moumen-Samsara,1,vorbis_q8,69,FAKE_CERTAIN,19500.0,mdct+stereo+temporal,0,2,,0,0,0,,0,,,12,55,0,
073-10-Vanilla-Fudge-Eleanor-rigby,1,vorbis_q8,85,FAKE_CERTAIN,20500.0,cnn+mdct+stereo,0,0,,0,0,0,,0,,,30,55,0,
074-09-Koki-Nakano-Lift,1,vorbis_q8,55,FAKE_CERTAIN,20750.0,mdct+stereo,0,0,,0,0,0,,0,,,0,55,0,
075-03-Jordi-Savall-El-rey-de-francia-esmirna,1,vorbis_q8,55,FAKE_CERTAIN,21000.0,mdct+stereo,0,0,,0,0,0,,-30,,,0,55,0,30
076-20-Fran-ois-Couperin-O-salutaris,1,vorbis_q8,55,FAKE_CERTAIN,22050.0,mdct+temporal,0,0,,0,0,0,,-50,,,0,55,0,50
077-01-Jaga-Jazzist-All-i-know-is-tonight,1,vorbis_q8,76,FAKE_CERTAIN,22050.0,cnn+mdct+stereo,0,0,,0,0,0,,-50,,,21,55,0,50
078-04-Kat-Onoma-La-chambre,1,vorbis_q8,55,FAKE_CERTAIN,21000.0,mdct+stereo,0,0,,0,0,0,,-30,,,0,55,0,30
079-04-Gwen-McCrae-Let-s-straighten-it-out,1,vorbis_q8,85,FAKE_CERTAIN,21250.0,cnn+mdct+stereo,0,0,,0,0,0,,-30,,,30,55,0,30
