file,bytes,engine_version,score,verdict,evidence_families,score_breakdown,hires_verdict,sample_rate,bit_depth,cutoff_hz,cutoff_std_hz,energy_ratio,residual_floor_db,container_kbps,stereo_run,seam
fd-exchange-v2-2026-08-0001.flac,6929988,1.13.0,90,FAKE_CERTAIN,cnn+mdct,"{""Rule8NyquistException"":0,""Rule1MP3Bitrate"":0,""Rule2Cutoff"":5,""Rule424BitSuspect"":0,""Rule5HighVariance"":0,""Rule6HighQualityProtection"":0,""Rule13MDCTAlignment"":55,""Rule14TemporalSeam"":0,""Rule15StereoSeam"":0,""Rule12MLClassifier"":30}",NOT_HIRES,44100,16,19000.0,0.0,6.309e-07,-33.5,924,1.33,0.568
fd-exchange-v2-2026-08-0002.flac,5033121,1.13.0,92,FAKE_CERTAIN,cnn+spectral+stereo+temporal,"{""Rule8NyquistException"":0,""Rule11CassetteDetection"":0,""Rule1MP3Bitrate"":50,""Rule2Cutoff"":13,""Rule424BitSuspect"":0,""Rule5HighVariance"":0,""Rule6HighQualityProtection"":0,""Rule14TemporalSeam"":0,""Rule15StereoSeam"":0,""Rule10Consistency"":0,""Rule12MLClassifier"":29}",NOT_HIRES,44100,16,17250.0,0.0,6.842e-05,nan,671,7.57,0.934
fd-exchange-v2-2026-08-0003.flac,5234941,1.13.0,0,AUTHENTIC,,"{""Rule8NyquistException"":-50,""Rule1MP3Bitrate"":0,""Rule2Cutoff"":0,""Rule424BitSuspect"":0,""Rule5HighVariance"":0,""Rule6HighQualityProtection"":0,""Rule13MDCTAlignment"":0,""Rule14TemporalSeam"":0,""Rule15StereoSeam"":0,""Rule12MLClassifier"":0}",NOT_HIRES,44100,16,22050.0,0.0,6.864e-06,nan,698,1.00,0.235
fd-exchange-v2-2026-08-0004.flac,5692547,1.13.0,18,AUTHENTIC,stereo+temporal,"{""Rule8NyquistException"":0,""Rule11CassetteDetection"":0,""Rule1MP3Bitrate"":0,""Rule2Cutoff"":18,""Rule424BitSuspect"":0,""Rule5HighVariance"":0,""Rule6HighQualityProtection"":0,""Rule14TemporalSeam"":0,""Rule15StereoSeam"":0,""Rule12MLClassifier"":0}",NOT_HIRES,44100,16,16250.0,0.0,4.054e-09,nan,759,10.65,0.715
fd-exchange-v2-2026-08-0005.flac,7073406,1.13.0,56,FAKE_CERTAIN,mdct+stereo+temporal,"{""Rule8NyquistException"":0,""Rule1MP3Bitrate"":0,""Rule2Cutoff"":1,""Rule424BitSuspect"":0,""Rule5HighVariance"":0,""Rule6HighQualityProtection"":0,""Rule13MDCTAlignment"":55,""Rule14TemporalSeam"":0,""Rule15StereoSeam"":0,""Rule12MLClassifier"":0}",NOT_HIRES,48000,16,21750.0,0.0,4.897e-06,-50.7,943,12.07,0.733
fd-exchange-v2-2026-08-0006.flac,6187226,1.13.0,20,AUTHENTIC,stereo+temporal,"{""Rule8NyquistException"":0,""Rule1MP3Bitrate"":0,""Rule2Cutoff"":7,""Rule424BitSuspect"":0,""Rule5HighVariance"":0,""Rule6HighQualityProtection"":0,""Rule13MDCTAlignment"":0,""Rule14TemporalSeam"":0,""Rule15StereoSeam"":0,""Rule12MLClassifier"":13}",NOT_HIRES,48000,16,20500.0,0.0,2.455e-05,-50.5,825,2.56,0.689
fd-exchange-v2-2026-08-0007.flac,1749776,1.13.0,6,AUTHENTIC,temporal,"{""Rule8NyquistException"":0,""Rule11CassetteDetection"":0,""Rule1MP3Bitrate"":0,""Rule2Cutoff"":6,""Rule424BitSuspect"":0,""Rule5HighVariance"":0,""Rule6HighQualityProtection"":0,""Rule13MDCTAlignment"":0,""Rule14TemporalSeam"":0,""Rule15StereoSeam"":0,""Rule12MLClassifier"":0}",NOT_HIRES,44100,16,18750.0,0.0,3.024e-07,-28.8,477,1.08,0.610
fd-exchange-v2-2026-08-0008.flac,5875902,1.13.0,125,FAKE_CERTAIN,mdct+spectral+stereo+temporal,"{""Rule8NyquistException"":0,""Rule11CassetteDetection"":0,""Rule1MP3Bitrate"":50,""Rule2Cutoff"":20,""Rule424BitSuspect"":0,""Rule5HighVariance"":0,""Rule6HighQualityProtection"":0,""Rule13MDCTAlignment"":55,""Rule14TemporalSeam"":0,""Rule15StereoSeam"":0}",NOT_HIRES,48000,16,18000.0,0.0,4.065e-07,nan,783,31.88,0.704
fd-exchange-v2-2026-08-0009.flac,4571222,1.13.0,63,FAKE_CERTAIN,spectral+stereo+temporal,"{""Rule8NyquistException"":0,""Rule11CassetteDetection"":0,""Rule1MP3Bitrate"":50,""Rule2Cutoff"":13,""Rule424BitSuspect"":0,""Rule5HighVariance"":0,""Rule6HighQualityProtection"":0,""Rule14TemporalSeam"":0,""Rule15StereoSeam"":0,""Rule10Consistency"":0,""Rule12MLClassifier"":0}",NOT_HIRES,44100,16,17250.0,0.0,4.127e-08,nan,609,3.93,0.896
fd-exchange-v2-2026-08-0010.flac,4928741,1.13.0,88,FAKE_CERTAIN,cnn+spectral+stereo+temporal,"{""Rule8NyquistException"":0,""Rule11CassetteDetection"":0,""Rule1MP3Bitrate"":50,""Rule2Cutoff"":13,""Rule424BitSuspect"":0,""Rule5HighVariance"":0,""Rule6HighQualityProtection"":0,""Rule14TemporalSeam"":0,""Rule15StereoSeam"":0,""Rule10Consistency"":0,""Rule12MLClassifier"":25}",NOT_HIRES,44100,16,17250.0,0.0,1.368e-06,nan,657,8.15,0.882
fd-exchange-v2-2026-08-0011.flac,5372391,1.13.0,85,FAKE_CERTAIN,cnn+mdct+stereo+temporal,"{""Rule8NyquistException"":-30,""Rule1MP3Bitrate"":0,""Rule2Cutoff"":0,""Rule424BitSuspect"":0,""Rule5HighVariance"":0,""Rule6HighQualityProtection"":0,""Rule13MDCTAlignment"":55,""_calculator"":30,""Rule14TemporalSeam"":0,""Rule15StereoSeam"":0,""Rule12MLClassifier"":30}",NOT_HIRES,44100,16,21500.0,0.0,1.827e-05,nan,716,8.82,0.708
fd-exchange-v2-2026-08-0012.flac,5144114,1.13.0,0,AUTHENTIC,stereo,"{""Rule8NyquistException"":0,""Rule1MP3Bitrate"":0,""Rule2Cutoff"":0,""Rule424BitSuspect"":0,""Rule5HighVariance"":0,""Rule6HighQualityProtection"":0,""Rule13MDCTAlignment"":0,""Rule14TemporalSeam"":0,""Rule15StereoSeam"":0,""Rule12MLClassifier"":0}",NOT_HIRES,44100,16,20250.0,0.0,6.098e-06,-49.9,686,4.71,0.510
fd-exchange-v2-2026-08-0013.flac,5972742,1.13.0,0,AUTHENTIC,,"{""Rule8NyquistException"":-30,""Rule1MP3Bitrate"":0,""Rule2Cutoff"":0,""Rule424BitSuspect"":0,""Rule5HighVariance"":0,""Rule6HighQualityProtection"":0,""Rule13MDCTAlignment"":0,""Rule14TemporalSeam"":0,""Rule15StereoSeam"":0,""Rule12MLClassifier"":0}",NOT_HIRES,44100,16,21500.0,0.0,1.022e-06,nan,796,1.80,0.396
fd-exchange-v2-2026-08-0014.flac,3661759,1.13.0,0,AUTHENTIC,,"{""Rule8NyquistException"":0,""Rule1MP3Bitrate"":0,""Rule2Cutoff"":0,""Rule424BitSuspect"":0,""Rule5HighVariance"":0,""Rule6HighQualityProtection"":0,""Rule13MDCTAlignment"":0,""Rule14TemporalSeam"":0,""Rule15StereoSeam"":0,""Rule12MLClassifier"":0}",NOT_HIRES,44100,16,20750.0,0.0,4.038e-07,nan,532,1.49,0.494
fd-exchange-v2-2026-08-0015.flac,5035758,1.13.0,86,FAKE_CERTAIN,cnn+spectral+stereo+temporal,"{""Rule8NyquistException"":0,""Rule11CassetteDetection"":0,""Rule1MP3Bitrate"":50,""Rule2Cutoff"":6,""Rule424BitSuspect"":0,""Rule5HighVariance"":0,""Rule6HighQualityProtection"":0,""Rule13MDCTAlignment"":0,""Rule14TemporalSeam"":0,""Rule15StereoSeam"":0,""Rule10Consistency"":0,""Rule12MLClassifier"":30}",NOT_HIRES,44100,16,18750.0,0.0,2.000e-06,-53.4,671,2.38,0.699
fd-exchange-v2-2026-08-0016.flac,5743812,1.13.0,111,FAKE_CERTAIN,mdct+spectral+stereo,"{""Rule8NyquistException"":0,""Rule11CassetteDetection"":0,""Rule1MP3Bitrate"":50,""Rule2Cutoff"":6,""Rule424BitSuspect"":0,""Rule5HighVariance"":0,""Rule6HighQualityProtection"":0,""Rule13MDCTAlignment"":55,""Rule14TemporalSeam"":0,""Rule15StereoSeam"":0}",NOT_HIRES,44100,16,18750.0,0.0,5.068e-08,-46.0,766,9.26,0.479
fd-exchange-v2-2026-08-0017.flac,5329962,1.13.0,31,WARNING,cnn+temporal,"{""Rule8NyquistException"":0,""Rule1MP3Bitrate"":0,""Rule2Cutoff"":0,""Rule424BitSuspect"":0,""Rule5HighVariance"":0,""Rule6HighQualityProtection"":0,""Rule13MDCTAlignment"":0,""Rule14TemporalSeam"":0,""Rule15StereoSeam"":0,""Rule12MLClassifier"":31}",NOT_HIRES,44100,16,20500.0,0.0,6.887e-06,-43.7,711,1.67,0.619
fd-exchange-v2-2026-08-0018.flac,5589837,1.13.0,55,FAKE_CERTAIN,mdct+stereo,"{""Rule8NyquistException"":-30,""Rule1MP3Bitrate"":0,""Rule2Cutoff"":0,""Rule424BitSuspect"":0,""Rule5HighVariance"":0,""Rule6HighQualityProtection"":0,""Rule13MDCTAlignment"":55,""_calculator"":30,""Rule14TemporalSeam"":0,""Rule15StereoSeam"":0,""Rule12MLClassifier"":0}",NOT_HIRES,44100,16,21500.0,0.0,7.116e-07,nan,745,2.00,0.335
fd-exchange-v2-2026-08-0019.flac,6188807,1.13.0,88,FAKE_CERTAIN,cnn+mdct,"{""Rule8NyquistException"":0,""Rule1MP3Bitrate"":0,""Rule2Cutoff"":3,""Rule424BitSuspect"":0,""Rule5HighVariance"":0,""Rule6HighQualityProtection"":0,""Rule13MDCTAlignment"":55,""Rule14TemporalSeam"":0,""Rule15StereoSeam"":0,""Rule12MLClassifier"":30}",NOT_HIRES,48000,16,21250.0,0.0,8.973e-05,-40.5,825,1.21,0.177
fd-exchange-v2-2026-08-0020.flac,6843364,1.13.0,0,AUTHENTIC,,"{""Rule8NyquistException"":-30,""Rule1MP3Bitrate"":0,""Rule2Cutoff"":0,""Rule424BitSuspect"":0,""Rule5HighVariance"":0,""Rule6HighQualityProtection"":0,""Rule13MDCTAlignment"":0,""Rule14TemporalSeam"":0,""Rule15StereoSeam"":0,""Rule12MLClassifier"":0}",NOT_HIRES,44100,16,21500.0,0.0,4.351e-07,nan,912,0.00,0.265
fd-exchange-v2-2026-08-0021.flac,5330076,1.13.0,31,WARNING,cnn+temporal,"{""Rule8NyquistException"":0,""Rule1MP3Bitrate"":0,""Rule2Cutoff"":0,""Rule424BitSuspect"":0,""Rule5HighVariance"":0,""Rule6HighQualityProtection"":0,""Rule13MDCTAlignment"":0,""Rule14TemporalSeam"":0,""Rule15StereoSeam"":0,""Rule12MLClassifier"":31}",NOT_HIRES,44100,16,20250.0,0.0,4.053e-06,-42.7,711,1.35,0.663
fd-exchange-v2-2026-08-0022.flac,1736064,1.13.0,85,FAKE_CERTAIN,cnn+mdct,"{""Rule8NyquistException"":-50,""Rule1MP3Bitrate"":0,""Rule2Cutoff"":0,""Rule424BitSuspect"":0,""Rule5HighVariance"":0,""Rule6HighQualityProtection"":0,""Rule13MDCTAlignment"":55,""_calculator"":50,""Rule14TemporalSeam"":0,""Rule15StereoSeam"":0,""Rule12MLClassifier"":30}",NOT_HIRES,44100,16,22050.0,0.0,2.147e-06,nan,384,1.00,0.293
fd-exchange-v2-2026-08-0023.flac,5313602,1.13.0,96,FAKE_CERTAIN,cnn+spectral+stereo+temporal,"{""Rule8NyquistException"":0,""Rule11CassetteDetection"":0,""Rule1MP3Bitrate"":50,""Rule2Cutoff"":16,""Rule424BitSuspect"":0,""Rule5HighVariance"":0,""Rule6HighQualityProtection"":0,""Rule14TemporalSeam"":0,""Rule15StereoSeam"":0,""Rule10Consistency"":0,""Rule12MLClassifier"":30}",NOT_HIRES,44100,16,16750.0,0.0,1.681e-07,nan,708,6.38,0.771
fd-exchange-v2-2026-08-0024.flac,5745953,1.13.0,50,WARNING,spectral+stereo,"{""Rule8NyquistException"":0,""Rule1MP3Bitrate"":50,""Rule2Cutoff"":0,""Rule424BitSuspect"":0,""Rule5HighVariance"":0,""Rule6HighQualityProtection"":0,""Rule7SilenceAnalysis"":0,""Rule13MDCTAlignment"":0,""Rule14TemporalSeam"":0,""Rule15StereoSeam"":0,""Rule10Consistency"":0,""Rule12MLClassifier"":0}",NOT_HIRES,44100,16,20000.0,0.0,8.270e-07,-55.3,766,9.00,0.505
fd-exchange-v2-2026-08-0025.flac,5563752,1.13.0,88,FAKE_CERTAIN,cnn+spectral+stereo+temporal,"{""Rule8NyquistException"":0,""Rule11CassetteDetection"":0,""Rule1MP3Bitrate"":50,""Rule2Cutoff"":8,""Rule424BitSuspect"":0,""Rule5HighVariance"":0,""Rule6HighQualityProtection"":0,""Rule13MDCTAlignment"":0,""Rule14TemporalSeam"":0,""Rule15StereoSeam"":0,""Rule10Consistency"":0,""Rule12MLClassifier"":30}",NOT_HIRES,44100,16,18250.0,0.0,1.018e-06,nan,742,12.67,0.757
fd-exchange-v2-2026-08-0026.flac,6044580,1.13.0,111,FAKE_CERTAIN,cnn+mdct+spectral+stereo+temporal,"{""Rule8NyquistException"":0,""Rule11CassetteDetection"":0,""Rule1MP3Bitrate"":50,""Rule2Cutoff"":6,""Rule424BitSuspect"":0,""Rule5HighVariance"":0,""Rule6HighQualityProtection"":0,""Rule13MDCTAlignment"":25,""Rule14TemporalSeam"":0,""Rule15StereoSeam"":0,""Rule10Consistency"":0,""Rule12MLClassifier"":30}",NOT_HIRES,44100,16,18750.0,0.0,6.057e-06,-60.5,806,5.77,0.802
fd-exchange-v2-2026-08-0027.flac,5992814,1.13.0,55,FAKE_CERTAIN,mdct+stereo,"{""Rule8NyquistException"":-50,""Rule1MP3Bitrate"":0,""Rule2Cutoff"":0,""Rule424BitSuspect"":0,""Rule5HighVariance"":0,""Rule6HighQualityProtection"":0,""Rule13MDCTAlignment"":55,""_calculator"":50,""Rule14TemporalSeam"":0,""Rule15StereoSeam"":0,""Rule12MLClassifier"":0}",NOT_HIRES,44100,16,21750.0,0.0,7.552e-07,nan,799,2.38,0.394
fd-exchange-v2-2026-08-0028.flac,4810557,1.13.0,14,AUTHENTIC,stereo,"{""Rule8NyquistException"":0,""Rule1MP3Bitrate"":0,""Rule2Cutoff"":0,""Rule424BitSuspect"":0,""Rule5HighVariance"":0,""Rule6HighQualityProtection"":0,""Rule13MDCTAlignment"":0,""Rule14TemporalSeam"":0,""Rule15StereoSeam"":0,""Rule12MLClassifier"":14}",NOT_HIRES,44100,16,20250.0,0.0,6.473e-06,-49.8,641,3.47,0.492
fd-exchange-v2-2026-08-0029.flac,5570831,1.13.0,0,AUTHENTIC,stereo,"{""Rule8NyquistException"":-50,""Rule1MP3Bitrate"":0,""Rule2Cutoff"":0,""Rule424BitSuspect"":0,""Rule5HighVariance"":0,""Rule6HighQualityProtection"":0,""Rule13MDCTAlignment"":0,""Rule14TemporalSeam"":0,""Rule15StereoSeam"":0,""Rule12MLClassifier"":0}",NOT_HIRES,44100,16,22050.0,0.0,5.075e-08,nan,743,6.31,0.418
fd-exchange-v2-2026-08-0030.flac,6615438,1.13.0,45,WARNING,cnn+stereo+temporal,"{""Rule8NyquistException"":0,""Rule1MP3Bitrate"":0,""Rule2Cutoff"":15,""Rule424BitSuspect"":0,""Rule5HighVariance"":0,""Rule6HighQualityProtection"":0,""Rule7SilenceAnalysis"":0,""Rule13MDCTAlignment"":0,""Rule14TemporalSeam"":0,""Rule15StereoSeam"":0,""Rule12MLClassifier"":30}",NOT_HIRES,48000,16,19000.0,0.0,3.285e-06,nan,882,12.17,0.667
fd-exchange-v2-2026-08-0031.flac,6935242,1.13.0,87,FAKE_CERTAIN,cnn+spectral+stereo+temporal,"{""Rule8NyquistException"":0,""Rule1MP3Bitrate"":50,""Rule2Cutoff"":7,""Rule424BitSuspect"":0,""Rule5HighVariance"":0,""Rule6HighQualityProtection"":0,""Rule7SilenceAnalysis"":0,""Rule13MDCTAlignment"":0,""Rule14TemporalSeam"":0,""Rule15StereoSeam"":0,""Rule10Consistency"":0,""Rule12MLClassifier"":30}",NOT_HIRES,48000,16,20500.0,0.0,4.706e-06,-58.5,925,14.83,0.615
fd-exchange-v2-2026-08-0032.flac,5716727,1.13.0,43,WARNING,cnn+stereo+temporal,"{""Rule8NyquistException"":0,""Rule11CassetteDetection"":0,""Rule1MP3Bitrate"":0,""Rule2Cutoff"":13,""Rule424BitSuspect"":0,""Rule5HighVariance"":0,""Rule6HighQualityProtection"":0,""Rule14TemporalSeam"":0,""Rule15StereoSeam"":0,""Rule12MLClassifier"":30}",NOT_HIRES,44100,16,17250.0,0.0,6.281e-07,nan,762,9.12,0.909
fd-exchange-v2-2026-08-0033.flac,5796469,1.13.0,55,FAKE_CERTAIN,mdct+stereo,"{""Rule8NyquistException"":-50,""Rule1MP3Bitrate"":0,""Rule2Cutoff"":0,""Rule424BitSuspect"":0,""Rule5HighVariance"":0,""Rule6HighQualityProtection"":0,""Rule13MDCTAlignment"":55,""_calculator"":50,""Rule14TemporalSeam"":0,""Rule15StereoSeam"":0,""Rule12MLClassifier"":0}",GENUINE_HIRES,96000,16,48000.0,0.0,1.966e-09,nan,773,3.57,0.355
fd-exchange-v2-2026-08-0034.flac,6543740,1.13.0,11,AUTHENTIC,stereo,"{""Rule8NyquistException"":0,""Rule11CassetteDetection"":0,""Rule1MP3Bitrate"":0,""Rule2Cutoff"":11,""Rule424BitSuspect"":0,""Rule5HighVariance"":0,""Rule6HighQualityProtection"":0,""Rule14TemporalSeam"":0,""Rule15StereoSeam"":0,""Rule12MLClassifier"":0}",NOT_HIRES,44100,16,17750.0,0.0,5.390e-07,nan,872,18.29,0.514
fd-exchange-v2-2026-08-0035.flac,6709432,1.13.0,55,FAKE_CERTAIN,mdct+stereo,"{""Rule8NyquistException"":-30,""Rule1MP3Bitrate"":0,""Rule2Cutoff"":0,""Rule424BitSuspect"":0,""Rule5HighVariance"":0,""Rule6HighQualityProtection"":0,""Rule13MDCTAlignment"":55,""_calculator"":30,""Rule14TemporalSeam"":0,""Rule15StereoSeam"":0,""Rule12MLClassifier"":0}",NOT_HIRES,44100,16,21500.0,0.0,1.027e-06,nan,895,4.00,0.422
fd-exchange-v2-2026-08-0036.flac,5605384,1.13.0,80,FAKE_CERTAIN,cnn+spectral+stereo+temporal,"{""Rule8NyquistException"":0,""Rule1MP3Bitrate"":50,""Rule2Cutoff"":0,""Rule424BitSuspect"":0,""Rule5HighVariance"":0,""Rule6HighQualityProtection"":0,""Rule7SilenceAnalysis"":0,""Rule13MDCTAlignment"":0,""Rule14TemporalSeam"":0,""Rule15StereoSeam"":0,""Rule10Consistency"":0,""Rule12MLClassifier"":30}",NOT_HIRES,44100,16,20000.0,0.0,1.931e-05,-64.3,747,11.67,0.683
fd-exchange-v2-2026-08-0037.flac,7296414,1.13.0,0,AUTHENTIC,,"{""Rule8NyquistException"":-30,""Rule1MP3Bitrate"":0,""Rule2Cutoff"":0,""Rule424BitSuspect"":0,""Rule5HighVariance"":0,""Rule6HighQualityProtection"":0,""Rule13MDCTAlignment"":0,""Rule14TemporalSeam"":0,""Rule15StereoSeam"":0,""Rule12MLClassifier"":0}",NOT_HIRES,44100,16,21500.0,0.0,5.610e-06,nan,973,0.00,0.540
fd-exchange-v2-2026-08-0038.flac,5961119,1.13.0,55,FAKE_CERTAIN,mdct+stereo,"{""Rule8NyquistException"":-30,""Rule1MP3Bitrate"":0,""Rule2Cutoff"":0,""Rule424BitSuspect"":0,""Rule5HighVariance"":0,""Rule6HighQualityProtection"":0,""Rule13MDCTAlignment"":55,""_calculator"":30,""Rule14TemporalSeam"":0,""Rule15StereoSeam"":0,""Rule12MLClassifier"":0}",NOT_HIRES,44100,16,21250.0,0.0,2.086e-06,nan,795,2.06,0.305
fd-exchange-v2-2026-08-0039.flac,1696257,1.13.0,31,WARNING,cnn,"{""Rule8NyquistException"":0,""Rule1MP3Bitrate"":0,""Rule2Cutoff"":0,""Rule424BitSuspect"":0,""Rule5HighVariance"":0,""Rule6HighQualityProtection"":0,""Rule13MDCTAlignment"":0,""Rule14TemporalSeam"":0,""Rule15StereoSeam"":0,""Rule12MLClassifier"":31}",NOT_HIRES,44100,16,20250.0,0.0,1.166e-06,-25.8,375,1.00,0.415
fd-exchange-v2-2026-08-0040.flac,5399736,1.13.0,57,FAKE_CERTAIN,spectral+stereo+temporal,"{""Rule8NyquistException"":0,""Rule11CassetteDetection"":0,""Rule1MP3Bitrate"":50,""Rule2Cutoff"":7,""Rule424BitSuspect"":0,""Rule5HighVariance"":0,""Rule6HighQualityProtection"":0,""Rule13MDCTAlignment"":0,""Rule14TemporalSeam"":0,""Rule15StereoSeam"":0,""Rule10Consistency"":0,""Rule12MLClassifier"":0}",NOT_HIRES,44100,16,18500.0,0.0,1.294e-08,nan,720,8.13,0.722
fd-exchange-v2-2026-08-0041.flac,4260427,1.13.0,0,AUTHENTIC,stereo+temporal,"{""Rule8NyquistException"":-50,""Rule1MP3Bitrate"":0,""Rule2Cutoff"":0,""Rule424BitSuspect"":0,""Rule5HighVariance"":0,""Rule6HighQualityProtection"":0,""Rule13MDCTAlignment"":0,""Rule14TemporalSeam"":0,""Rule15StereoSeam"":0,""Rule12MLClassifier"":0}",NOT_HIRES,44100,16,22050.0,0.0,2.950e-08,nan,568,4.47,0.762
fd-exchange-v2-2026-08-0042.flac,5176453,1.13.0,25,AUTHENTIC,mdct,"{""Rule8NyquistException"":-50,""Rule1MP3Bitrate"":0,""Rule2Cutoff"":0,""Rule424BitSuspect"":0,""Rule5HighVariance"":0,""Rule6HighQualityProtection"":0,""Rule13MDCTAlignment"":25,""_calculator"":50,""Rule14TemporalSeam"":0,""Rule15StereoSeam"":0,""Rule12MLClassifier"":0}",NOT_HIRES,44100,16,22050.0,0.0,6.190e-06,nan,690,1.72,0.565
fd-exchange-v2-2026-08-0043.flac,5540295,1.13.0,85,FAKE_CERTAIN,cnn+mdct+stereo,"{""Rule8NyquistException"":-50,""Rule1MP3Bitrate"":0,""Rule2Cutoff"":0,""Rule424BitSuspect"":0,""Rule5HighVariance"":0,""Rule6HighQualityProtection"":0,""Rule13MDCTAlignment"":55,""_calculator"":50,""Rule14TemporalSeam"":0,""Rule15StereoSeam"":0,""Rule12MLClassifier"":30}",NOT_HIRES,44100,16,22050.0,0.0,2.810e-05,nan,739,3.88,0.289
fd-exchange-v2-2026-08-0044.flac,6302117,1.13.0,43,WARNING,cnn+stereo+temporal,"{""Rule8NyquistException"":0,""Rule11CassetteDetection"":0,""Rule1MP3Bitrate"":0,""Rule2Cutoff"":13,""Rule424BitSuspect"":0,""Rule5HighVariance"":0,""Rule6HighQualityProtection"":0,""Rule14TemporalSeam"":0,""Rule15StereoSeam"":0,""Rule12MLClassifier"":30}",NOT_HIRES,44100,16,17250.0,0.0,1.210e-06,nan,840,4.13,0.911
fd-exchange-v2-2026-08-0045.flac,5809571,1.13.0,55,SUSPICIOUS,mdct,"{""Rule8NyquistException"":-50,""Rule1MP3Bitrate"":0,""Rule2Cutoff"":0,""Rule424BitSuspect"":0,""Rule5HighVariance"":0,""Rule6HighQualityProtection"":0,""Rule13MDCTAlignment"":55,""_calculator"":50,""Rule14TemporalSeam"":0,""Rule15StereoSeam"":0,""Rule12MLClassifier"":0}",NOT_HIRES,44100,16,22050.0,0.0,1.378e-07,nan,775,1.00,0.414
fd-exchange-v2-2026-08-0046.flac,3516870,1.13.0,36,WARNING,cnn+temporal,"{""Rule8NyquistException"":0,""Rule11CassetteDetection"":0,""Rule1MP3Bitrate"":0,""Rule2Cutoff"":6,""Rule424BitSuspect"":0,""Rule5HighVariance"":0,""Rule6HighQualityProtection"":0,""Rule13MDCTAlignment"":0,""Rule14TemporalSeam"":0,""Rule15StereoSeam"":0,""Rule12MLClassifier"":30}",NOT_HIRES,44100,16,18750.0,0.0,1.067e-06,-36.2,571,1.88,0.632
fd-exchange-v2-2026-08-0047.flac,5196314,1.13.0,63,FAKE_CERTAIN,spectral+stereo+temporal,"{""Rule8NyquistException"":0,""Rule11CassetteDetection"":0,""Rule1MP3Bitrate"":50,""Rule2Cutoff"":13,""Rule424BitSuspect"":0,""Rule5HighVariance"":0,""Rule6HighQualityProtection"":0,""Rule14TemporalSeam"":0,""Rule15StereoSeam"":0,""Rule10Consistency"":0,""Rule12MLClassifier"":0}",NOT_HIRES,44100,16,17250.0,0.0,2.510e-07,nan,693,6.21,0.905
fd-exchange-v2-2026-08-0048.flac,5417490,1.13.0,62,SUSPICIOUS,mdct,"{""Rule8NyquistException"":0,""Rule1MP3Bitrate"":0,""Rule2Cutoff"":0,""Rule424BitSuspect"":0,""Rule5HighVariance"":0,""Rule6HighQualityProtection"":0,""Rule13MDCTAlignment"":55,""Rule14TemporalSeam"":0,""Rule15StereoSeam"":0,""Rule12MLClassifier"":7}",NOT_HIRES,44100,16,20500.0,0.0,6.577e-06,-44.7,722,1.62,0.403
fd-exchange-v2-2026-08-0049.flac,5949477,1.13.0,55,SUSPICIOUS,mdct,"{""Rule8NyquistException"":-30,""Rule1MP3Bitrate"":0,""Rule2Cutoff"":0,""Rule424BitSuspect"":0,""Rule5HighVariance"":0,""Rule6HighQualityProtection"":0,""Rule13MDCTAlignment"":55,""_calculator"":30,""Rule14TemporalSeam"":0,""Rule15StereoSeam"":0,""Rule12MLClassifier"":0}",NOT_HIRES,44100,16,21250.0,0.0,2.100e-06,nan,793,1.58,0.325
fd-exchange-v2-2026-08-0050.flac,5318264,1.13.0,0,AUTHENTIC,stereo,"{""Rule8NyquistException"":0,""Rule1MP3Bitrate"":0,""Rule2Cutoff"":0,""Rule424BitSuspect"":0,""Rule5HighVariance"":0,""Rule6HighQualityProtection"":0,""Rule13MDCTAlignment"":0,""Rule14TemporalSeam"":0,""Rule15StereoSeam"":0,""Rule12MLClassifier"":0}",NOT_HIRES,44100,16,20000.0,0.0,2.972e-07,-44.7,709,4.78,0.570
fd-exchange-v2-2026-08-0051.flac,5471092,1.13.0,55,SUSPICIOUS,mdct,"{""Rule8NyquistException"":-50,""Rule1MP3Bitrate"":0,""Rule2Cutoff"":0,""Rule424BitSuspect"":0,""Rule5HighVariance"":0,""Rule6HighQualityProtection"":0,""Rule13MDCTAlignment"":55,""_calculator"":50,""Rule14TemporalSeam"":0,""Rule15StereoSeam"":0,""Rule12MLClassifier"":0}",NOT_HIRES,44100,16,21750.0,0.0,6.263e-06,nan,729,1.00,0.356
fd-exchange-v2-2026-08-0052.flac,5662370,1.13.0,43,WARNING,cnn+stereo+temporal,"{""Rule8NyquistException"":0,""Rule11CassetteDetection"":0,""Rule1MP3Bitrate"":0,""Rule2Cutoff"":13,""Rule424BitSuspect"":0,""Rule5HighVariance"":0,""Rule6HighQualityProtection"":0,""Rule14TemporalSeam"":0,""Rule15StereoSeam"":0,""Rule12MLClassifier"":30}",NOT_HIRES,44100,16,17250.0,0.0,1.679e-06,nan,755,19.00,0.894
fd-exchange-v2-2026-08-0053.flac,5354127,1.13.0,85,FAKE_CERTAIN,cnn+mdct,"{""Rule8NyquistException"":-50,""Rule1MP3Bitrate"":0,""Rule2Cutoff"":0,""Rule424BitSuspect"":0,""Rule5HighVariance"":0,""Rule6HighQualityProtection"":0,""Rule13MDCTAlignment"":55,""_calculator"":50,""Rule14TemporalSeam"":0,""Rule15StereoSeam"":0,""Rule12MLClassifier"":30}",NOT_HIRES,44100,16,22050.0,0.0,4.624e-06,nan,714,1.33,0.343
fd-exchange-v2-2026-08-0054.flac,5176640,1.13.0,0,AUTHENTIC,stereo,"{""Rule8NyquistException"":-30,""Rule1MP3Bitrate"":0,""Rule2Cutoff"":0,""Rule424BitSuspect"":0,""Rule5HighVariance"":0,""Rule6HighQualityProtection"":0,""Rule13MDCTAlignment"":0,""Rule14TemporalSeam"":0,""Rule15StereoSeam"":0,""Rule12MLClassifier"":0}",NOT_HIRES,44100,16,21500.0,0.0,1.927e-07,nan,690,5.94,0.379
fd-exchange-v2-2026-08-0055.flac,1736042,1.13.0,85,FAKE_CERTAIN,cnn+mdct,"{""Rule8NyquistException"":-50,""Rule1MP3Bitrate"":0,""Rule2Cutoff"":0,""Rule424BitSuspect"":0,""Rule5HighVariance"":0,""Rule6HighQualityProtection"":0,""Rule13MDCTAlignment"":55,""_calculator"":50,""Rule14TemporalSeam"":0,""Rule15StereoSeam"":0,""Rule12MLClassifier"":30}",NOT_HIRES,44100,16,22050.0,0.0,2.172e-06,nan,384,1.00,0.296
fd-exchange-v2-2026-08-0056.flac,5916928,1.13.0,43,WARNING,cnn+stereo+temporal,"{""Rule8NyquistException"":0,""Rule11CassetteDetection"":0,""Rule1MP3Bitrate"":0,""Rule2Cutoff"":13,""Rule424BitSuspect"":0,""Rule5HighVariance"":0,""Rule6HighQualityProtection"":0,""Rule14TemporalSeam"":0,""Rule15StereoSeam"":0,""Rule12MLClassifier"":30}",NOT_HIRES,44100,16,17250.0,0.0,2.330e-06,nan,789,12.75,0.903
fd-exchange-v2-2026-08-0057.flac,12819655,1.13.0,0,AUTHENTIC,,"{""Rule8NyquistException"":0,""Rule1MP3Bitrate"":0,""Rule2Cutoff"":0,""Rule424BitSuspect"":0,""Rule5HighVariance"":0,""Rule6HighQualityProtection"":0,""Rule13MDCTAlignment"":0,""Rule14TemporalSeam"":0,""Rule15StereoSeam"":0,""Rule12MLClassifier"":0}",GENUINE_HIRES,48000,24,22750.0,0.0,4.799e-06,nan,1709,1.47,0.339
fd-exchange-v2-2026-08-0058.flac,5401525,1.13.0,55,SUSPICIOUS,mdct,"{""Rule8NyquistException"":-50,""Rule1MP3Bitrate"":0,""Rule2Cutoff"":0,""Rule424BitSuspect"":0,""Rule5HighVariance"":0,""Rule6HighQualityProtection"":0,""Rule13MDCTAlignment"":55,""_calculator"":50,""Rule14TemporalSeam"":0,""Rule15StereoSeam"":0,""Rule12MLClassifier"":0}",NOT_HIRES,44100,16,22050.0,0.0,6.067e-06,nan,720,0.00,0.359
fd-exchange-v2-2026-08-0059.flac,7264824,1.13.0,80,FAKE_CERTAIN,cnn+spectral+stereo+temporal,"{""Rule8NyquistException"":0,""Rule1MP3Bitrate"":50,""Rule2Cutoff"":0,""Rule424BitSuspect"":0,""Rule5HighVariance"":0,""Rule6HighQualityProtection"":0,""Rule7SilenceAnalysis"":0,""Rule13MDCTAlignment"":0,""Rule14TemporalSeam"":0,""Rule15StereoSeam"":0,""Rule10Consistency"":0,""Rule12MLClassifier"":30}",NOT_HIRES,44100,16,20000.0,0.0,5.697e-06,-63.7,969,11.50,0.641
fd-exchange-v2-2026-08-0060.flac,5784428,1.13.0,55,SUSPICIOUS,mdct,"{""Rule8NyquistException"":-50,""Rule1MP3Bitrate"":0,""Rule2Cutoff"":0,""Rule424BitSuspect"":0,""Rule5HighVariance"":0,""Rule6HighQualityProtection"":0,""Rule13MDCTAlignment"":55,""_calculator"":50,""Rule14TemporalSeam"":0,""Rule15StereoSeam"":0,""Rule12MLClassifier"":0}",NOT_HIRES,44100,16,22050.0,0.0,2.447e-06,nan,771,1.39,0.524
fd-exchange-v2-2026-08-0061.flac,6044902,1.13.0,85,FAKE_CERTAIN,cnn+mdct,"{""Rule8NyquistException"":-50,""Rule1MP3Bitrate"":0,""Rule2Cutoff"":0,""Rule424BitSuspect"":0,""Rule5HighVariance"":0,""Rule6HighQualityProtection"":0,""Rule13MDCTAlignment"":55,""_calculator"":50,""Rule14TemporalSeam"":0,""Rule15StereoSeam"":0,""Rule12MLClassifier"":30}",NOT_HIRES,44100,16,22050.0,0.0,1.440e-04,nan,806,1.00,0.371
fd-exchange-v2-2026-08-0062.flac,6652795,1.13.0,0,AUTHENTIC,stereo,"{""Rule8NyquistException"":0,""Rule1MP3Bitrate"":0,""Rule2Cutoff"":0,""Rule424BitSuspect"":0,""Rule5HighVariance"":0,""Rule6HighQualityProtection"":0,""Rule13MDCTAlignment"":0,""Rule14TemporalSeam"":0,""Rule15StereoSeam"":0,""Rule12MLClassifier"":0}",NOT_HIRES,44100,16,20750.0,0.0,2.411e-07,nan,887,6.81,0.557
fd-exchange-v2-2026-08-0063.flac,6880129,1.13.0,43,WARNING,cnn+stereo+temporal,"{""Rule8NyquistException"":0,""Rule11CassetteDetection"":0,""Rule1MP3Bitrate"":0,""Rule2Cutoff"":13,""Rule424BitSuspect"":0,""Rule5HighVariance"":0,""Rule6HighQualityProtection"":0,""Rule14TemporalSeam"":0,""Rule15StereoSeam"":0,""Rule12MLClassifier"":30}",NOT_HIRES,44100,16,17250.0,0.0,5.172e-07,nan,917,19.34,0.909
fd-exchange-v2-2026-08-0064.flac,5693531,1.13.0,55,FAKE_CERTAIN,mdct+stereo,"{""Rule8NyquistException"":-50,""Rule1MP3Bitrate"":0,""Rule2Cutoff"":0,""Rule424BitSuspect"":0,""Rule5HighVariance"":0,""Rule6HighQualityProtection"":0,""Rule13MDCTAlignment"":55,""_calculator"":50,""Rule14TemporalSeam"":0,""Rule15StereoSeam"":0,""Rule12MLClassifier"":0}",GENUINE_HIRES,96000,16,48000.0,0.0,1.290e-09,nan,759,4.04,0.421
fd-exchange-v2-2026-08-0065.flac,5990862,1.13.0,0,AUTHENTIC,,"{""Rule8NyquistException"":-50,""Rule1MP3Bitrate"":0,""Rule2Cutoff"":0,""Rule424BitSuspect"":0,""Rule5HighVariance"":0,""Rule6HighQualityProtection"":0,""Rule13MDCTAlignment"":0,""Rule14TemporalSeam"":0,""Rule15StereoSeam"":0,""Rule12MLClassifier"":0}",NOT_HIRES,44100,16,21750.0,0.0,7.904e-07,nan,799,1.00,0.260
fd-exchange-v2-2026-08-0066.flac,5143812,1.13.0,31,WARNING,cnn+stereo+temporal,"{""Rule8NyquistException"":-50,""Rule1MP3Bitrate"":0,""Rule2Cutoff"":0,""Rule424BitSuspect"":0,""Rule5HighVariance"":0,""Rule6HighQualityProtection"":0,""Rule13MDCTAlignment"":0,""Rule14TemporalSeam"":0,""Rule15StereoSeam"":0,""Rule12MLClassifier"":81}",NOT_HIRES,44100,16,22050.0,0.0,3.408e-06,nan,686,2.42,0.657
fd-exchange-v2-2026-08-0067.flac,5700815,1.13.0,86,FAKE_CERTAIN,cnn+spectral+stereo+temporal,"{""Rule8NyquistException"":0,""Rule11CassetteDetection"":0,""Rule1MP3Bitrate"":50,""Rule2Cutoff"":6,""Rule424BitSuspect"":0,""Rule5HighVariance"":0,""Rule6HighQualityProtection"":0,""Rule13MDCTAlignment"":0,""Rule14TemporalSeam"":0,""Rule15StereoSeam"":0,""Rule10Consistency"":0,""Rule12MLClassifier"":30}",NOT_HIRES,44100,16,18750.0,0.0,1.111e-04,-66.8,760,6.11,0.664
fd-exchange-v2-2026-08-0068.flac,6681018,1.13.0,55,FAKE_CERTAIN,mdct+stereo,"{""Rule8NyquistException"":0,""Rule1MP3Bitrate"":0,""Rule2Cutoff"":0,""Rule424BitSuspect"":0,""Rule5HighVariance"":0,""Rule6HighQualityProtection"":0,""Rule13MDCTAlignment"":55,""Rule14TemporalSeam"":0,""Rule15StereoSeam"":0,""Rule12MLClassifier"":0}",NOT_HIRES,44100,16,20500.0,0.0,1.757e-07,-48.5,891,20.05,0.555
fd-exchange-v2-2026-08-0069.flac,6294834,1.13.0,55,FAKE_CERTAIN,mdct+stereo+temporal,"{""Rule8NyquistException"":0,""Rule1MP3Bitrate"":0,""Rule2Cutoff"":0,""Rule424BitSuspect"":0,""Rule5HighVariance"":0,""Rule6HighQualityProtection"":0,""Rule13MDCTAlignment"":55,""Rule14TemporalSeam"":0,""Rule15StereoSeam"":0,""Rule12MLClassifier"":0}",NOT_HIRES,48000,16,22000.0,0.0,2.548e-05,-45.0,839,2.51,0.825
fd-exchange-v2-2026-08-0070.flac,5928787,1.13.0,86,FAKE_CERTAIN,cnn+spectral+stereo+temporal,"{""Rule8NyquistException"":0,""Rule11CassetteDetection"":0,""Rule1MP3Bitrate"":50,""Rule2Cutoff"":6,""Rule424BitSuspect"":0,""Rule5HighVariance"":0,""Rule6HighQualityProtection"":0,""Rule13MDCTAlignment"":0,""Rule14TemporalSeam"":0,""Rule15StereoSeam"":0,""Rule10Consistency"":0,""Rule12MLClassifier"":30}",NOT_HIRES,44100,16,18750.0,0.0,8.520e-07,-51.6,791,3.78,0.631
fd-exchange-v2-2026-08-0071.flac,4546913,1.13.0,2,AUTHENTIC,stereo,"{""Rule8NyquistException"":0,""Rule1MP3Bitrate"":0,""Rule2Cutoff"":2,""Rule424BitSuspect"":0,""Rule5HighVariance"":0,""Rule6HighQualityProtection"":0,""Rule13MDCTAlignment"":0,""Rule14TemporalSeam"":0,""Rule15StereoSeam"":0,""Rule12MLClassifier"":0}",NOT_HIRES,44100,16,19500.0,0.0,2.967e-08,-43.2,606,3.86,0.511
fd-exchange-v2-2026-08-0072.flac,1887779,1.13.0,31,WARNING,cnn+stereo,"{""Rule8NyquistException"":0,""Rule1MP3Bitrate"":0,""Rule2Cutoff"":1,""Rule424BitSuspect"":0,""Rule5HighVariance"":0,""Rule6HighQualityProtection"":0,""Rule13MDCTAlignment"":0,""Rule14TemporalSeam"":0,""Rule15StereoSeam"":0,""Rule12MLClassifier"":30}",NOT_HIRES,44100,16,19750.0,0.0,5.693e-06,-40.1,561,2.11,0.475
fd-exchange-v2-2026-08-0073.flac,5930317,1.13.0,31,WARNING,cnn+stereo,"{""Rule8NyquistException"":0,""Rule1MP3Bitrate"":0,""Rule2Cutoff"":0,""Rule424BitSuspect"":0,""Rule5HighVariance"":0,""Rule6HighQualityProtection"":0,""Rule13MDCTAlignment"":0,""Rule14TemporalSeam"":0,""Rule15StereoSeam"":0,""Rule12MLClassifier"":31}",NOT_HIRES,44100,16,20000.0,0.0,8.309e-07,-47.1,791,6.90,0.543
fd-exchange-v2-2026-08-0074.flac,3660866,1.13.0,0,AUTHENTIC,,"{""Rule8NyquistException"":0,""Rule1MP3Bitrate"":0,""Rule2Cutoff"":0,""Rule424BitSuspect"":0,""Rule5HighVariance"":0,""Rule6HighQualityProtection"":0,""Rule13MDCTAlignment"":0,""Rule14TemporalSeam"":0,""Rule15StereoSeam"":0,""Rule12MLClassifier"":0}",NOT_HIRES,44100,16,20000.0,0.0,4.067e-07,-31.2,532,1.67,0.499
fd-exchange-v2-2026-08-0075.flac,5133759,1.13.0,31,WARNING,cnn+stereo,"{""Rule8NyquistException"":-50,""Rule1MP3Bitrate"":0,""Rule2Cutoff"":0,""Rule424BitSuspect"":0,""Rule5HighVariance"":0,""Rule6HighQualityProtection"":0,""Rule13MDCTAlignment"":0,""Rule14TemporalSeam"":0,""Rule15StereoSeam"":0,""Rule12MLClassifier"":81}",NOT_HIRES,44100,16,22050.0,0.0,2.231e-06,nan,684,2.64,0.520
fd-exchange-v2-2026-08-0076.flac,1585821,1.13.0,92,FAKE_CERTAIN,cnn+spectral,"{""Rule8NyquistException"":0,""Rule11CassetteDetection"":0,""Rule1MP3Bitrate"":50,""Rule2Cutoff"":12,""Rule424BitSuspect"":0,""Rule5HighVariance"":0,""Rule6HighQualityProtection"":0,""Rule14TemporalSeam"":0,""Rule15StereoSeam"":0,""Rule10Consistency"":0,""Rule12MLClassifier"":30}",NOT_HIRES,44100,16,17500.0,0.0,7.222e-07,nan,610,1.14,0.388
fd-exchange-v2-2026-08-0077.flac,5966703,1.13.0,0,AUTHENTIC,stereo,"{""Rule8NyquistException"":0,""Rule1MP3Bitrate"":0,""Rule2Cutoff"":0,""Rule424BitSuspect"":0,""Rule5HighVariance"":0,""Rule6HighQualityProtection"":0,""Rule13MDCTAlignment"":0,""Rule14TemporalSeam"":0,""Rule15StereoSeam"":0,""Rule12MLClassifier"":0}",NOT_HIRES,44100,16,20000.0,0.0,1.001e-06,-52.9,796,5.17,0.599
fd-exchange-v2-2026-08-0078.flac,4219633,1.13.0,0,AUTHENTIC,stereo+temporal,"{""Rule8NyquistException"":-50,""Rule1MP3Bitrate"":0,""Rule2Cutoff"":0,""Rule424BitSuspect"":0,""Rule5HighVariance"":0,""Rule6HighQualityProtection"":0,""Rule13MDCTAlignment"":0,""Rule14TemporalSeam"":0,""Rule15StereoSeam"":0,""Rule12MLClassifier"":0}",NOT_HIRES,44100,16,22050.0,0.0,2.397e-08,nan,563,4.23,0.659
fd-exchange-v2-2026-08-0079.flac,5587234,1.13.0,77,FAKE_CERTAIN,cnn+spectral+stereo,"{""Rule8NyquistException"":0,""Rule1MP3Bitrate"":50,""Rule2Cutoff"":0,""Rule424BitSuspect"":0,""Rule5HighVariance"":0,""Rule6HighQualityProtection"":0,""Rule7SilenceAnalysis"":0,""Rule13MDCTAlignment"":0,""Rule14TemporalSeam"":0,""Rule15StereoSeam"":0,""Rule10Consistency"":0,""Rule12MLClassifier"":27}",NOT_HIRES,44100,16,20250.0,0.0,2.565e-05,-55.9,745,3.76,0.580
fd-exchange-v2-2026-08-0080.flac,5986165,1.13.0,55,FAKE_CERTAIN,mdct+stereo,"{""Rule8NyquistException"":-30,""Rule1MP3Bitrate"":0,""Rule2Cutoff"":0,""Rule424BitSuspect"":0,""Rule5HighVariance"":0,""Rule6HighQualityProtection"":0,""Rule13MDCTAlignment"":55,""_calculator"":30,""Rule14TemporalSeam"":0,""Rule15StereoSeam"":0,""Rule12MLClassifier"":0}",NOT_HIRES,44100,16,21500.0,0.0,1.025e-06,nan,798,3.00,0.370
fd-exchange-v2-2026-08-0081.flac,4750467,1.13.0,56,FAKE_CERTAIN,spectral+stereo+temporal,"{""Rule8NyquistException"":0,""Rule11CassetteDetection"":0,""Rule1MP3Bitrate"":50,""Rule2Cutoff"":6,""Rule424BitSuspect"":0,""Rule5HighVariance"":0,""Rule6HighQualityProtection"":0,""Rule13MDCTAlignment"":0,""Rule14TemporalSeam"":0,""Rule15StereoSeam"":0,""Rule10Consistency"":0,""Rule12MLClassifier"":0}",NOT_HIRES,44100,16,18750.0,0.0,2.377e-06,-43.7,633,2.16,0.656
fd-exchange-v2-2026-08-0082.flac,5420538,1.13.0,55,SUSPICIOUS,mdct,"{""Rule8NyquistException"":-50,""Rule1MP3Bitrate"":0,""Rule2Cutoff"":0,""Rule424BitSuspect"":0,""Rule5HighVariance"":0,""Rule6HighQualityProtection"":0,""Rule13MDCTAlignment"":55,""_calculator"":50,""Rule14TemporalSeam"":0,""Rule15StereoSeam"":0,""Rule12MLClassifier"":0}",NOT_HIRES,44100,16,22050.0,0.0,3.781e-07,nan,723,1.00,0.352
fd-exchange-v2-2026-08-0083.flac,5251165,1.13.0,93,FAKE_CERTAIN,cnn+spectral+stereo+temporal,"{""Rule8NyquistException"":0,""Rule11CassetteDetection"":0,""Rule1MP3Bitrate"":50,""Rule2Cutoff"":13,""Rule424BitSuspect"":0,""Rule5HighVariance"":0,""Rule6HighQualityProtection"":0,""Rule14TemporalSeam"":0,""Rule15StereoSeam"":0,""Rule10Consistency"":0,""Rule12MLClassifier"":30}",NOT_HIRES,44100,16,17250.0,0.0,1.416e-05,nan,700,20.53,0.877
fd-exchange-v2-2026-08-0084.flac,5519086,1.13.0,112,FAKE_CERTAIN,mdct+spectral,"{""Rule8NyquistException"":0,""Rule11CassetteDetection"":0,""Rule1MP3Bitrate"":50,""Rule2Cutoff"":7,""Rule424BitSuspect"":0,""Rule5HighVariance"":0,""Rule6HighQualityProtection"":0,""Rule13MDCTAlignment"":55,""Rule14TemporalSeam"":0,""Rule15StereoSeam"":0}",NOT_HIRES,44100,16,18500.0,0.0,1.256e-06,nan,736,1.37,0.508
fd-exchange-v2-2026-08-0085.flac,3556624,1.13.0,28,AUTHENTIC,mdct,"{""Rule8NyquistException"":0,""Rule1MP3Bitrate"":0,""Rule2Cutoff"":3,""Rule424BitSuspect"":0,""Rule5HighVariance"":0,""Rule6HighQualityProtection"":0,""Rule13MDCTAlignment"":25,""Rule14TemporalSeam"":0,""Rule15StereoSeam"":0,""Rule12MLClassifier"":0}",NOT_HIRES,44100,16,19250.0,0.0,3.357e-07,-30.8,516,1.93,0.549
fd-exchange-v2-2026-08-0086.flac,4977325,1.13.0,75,FAKE_CERTAIN,cnn+spectral+stereo,"{""Rule8NyquistException"":0,""Rule11CassetteDetection"":0,""Rule1MP3Bitrate"":50,""Rule2Cutoff"":15,""Rule424BitSuspect"":0,""Rule5HighVariance"":0,""Rule6HighQualityProtection"":0,""Rule14TemporalSeam"":0,""Rule15StereoSeam"":0,""Rule10Consistency"":-20,""Rule12MLClassifier"":30}",NOT_HIRES,44100,16,17000.0,0.0,1.419e-08,nan,664,4.23,0.547
fd-exchange-v2-2026-08-0087.flac,5931550,1.13.0,43,WARNING,cnn+stereo+temporal,"{""Rule8NyquistException"":0,""Rule11CassetteDetection"":0,""Rule1MP3Bitrate"":0,""Rule2Cutoff"":13,""Rule424BitSuspect"":0,""Rule5HighVariance"":0,""Rule6HighQualityProtection"":0,""Rule14TemporalSeam"":0,""Rule15StereoSeam"":0,""Rule12MLClassifier"":30}",NOT_HIRES,44100,16,17250.0,0.0,1.062e-06,nan,791,6.32,0.918
fd-exchange-v2-2026-08-0088.flac,4941942,1.13.0,20,AUTHENTIC,spectral+stereo,"{""Rule8NyquistException"":0,""Rule11CassetteDetection"":0,""Rule1MP3Bitrate"":0,""Rule2Cutoff"":20,""Rule424BitSuspect"":0,""Rule5HighVariance"":0,""Rule6HighQualityProtection"":0,""Rule14TemporalSeam"":0,""Rule15StereoSeam"":0,""Rule12MLClassifier"":0}",NOT_HIRES,44100,16,16000.0,0.0,1.207e-09,nan,659,5.55,0.503
fd-exchange-v2-2026-08-0089.flac,6685879,1.13.0,0,AUTHENTIC,stereo+temporal,"{""Rule8NyquistException"":0,""Rule1MP3Bitrate"":0,""Rule2Cutoff"":0,""Rule424BitSuspect"":0,""Rule5HighVariance"":0,""Rule6HighQualityProtection"":0,""Rule13MDCTAlignment"":0,""Rule14TemporalSeam"":0,""Rule15StereoSeam"":0,""Rule12MLClassifier"":0}",NOT_HIRES,44100,16,20000.0,0.0,1.086e-06,-54.4,891,10.83,0.688
fd-exchange-v2-2026-08-0090.flac,6026145,1.13.0,95,FAKE_CERTAIN,cnn+spectral+stereo+temporal,"{""Rule8NyquistException"":0,""Rule1MP3Bitrate"":50,""Rule2Cutoff"":15,""Rule424BitSuspect"":0,""Rule5HighVariance"":0,""Rule6HighQualityProtection"":0,""Rule7SilenceAnalysis"":0,""Rule13MDCTAlignment"":0,""Rule14TemporalSeam"":0,""Rule15StereoSeam"":0,""Rule10Consistency"":0,""Rule12MLClassifier"":30}",NOT_HIRES,48000,16,19000.0,0.0,8.626e-05,nan,803,9.37,0.632
fd-exchange-v2-2026-08-0091.flac,6281119,1.13.0,3,AUTHENTIC,,"{""Rule8NyquistException"":0,""Rule1MP3Bitrate"":0,""Rule2Cutoff"":3,""Rule424BitSuspect"":0,""Rule5HighVariance"":0,""Rule6HighQualityProtection"":0,""Rule13MDCTAlignment"":0,""Rule14TemporalSeam"":0,""Rule15StereoSeam"":0,""Rule12MLClassifier"":0}",NOT_HIRES,48000,16,21250.0,0.0,9.220e-05,-40.4,837,1.00,0.182
fd-exchange-v2-2026-08-0092.flac,5677122,1.13.0,20,AUTHENTIC,spectral+stereo+temporal,"{""Rule8NyquistException"":0,""Rule11CassetteDetection"":0,""Rule1MP3Bitrate"":0,""Rule2Cutoff"":20,""Rule424BitSuspect"":0,""Rule5HighVariance"":0,""Rule6HighQualityProtection"":0,""Rule14TemporalSeam"":0,""Rule15StereoSeam"":0,""Rule12MLClassifier"":0}",NOT_HIRES,44100,16,16000.0,0.0,9.209e-10,nan,757,9.58,0.856
fd-exchange-v2-2026-08-0093.flac,6566474,1.13.0,32,WARNING,cnn+stereo,"{""Rule8NyquistException"":0,""Rule1MP3Bitrate"":0,""Rule2Cutoff"":2,""Rule424BitSuspect"":0,""Rule5HighVariance"":0,""Rule6HighQualityProtection"":0,""Rule13MDCTAlignment"":0,""Rule14TemporalSeam"":0,""Rule15StereoSeam"":0,""Rule12MLClassifier"":30}",NOT_HIRES,44100,16,19500.0,0.0,1.088e-05,-48.8,876,10.86,0.551
fd-exchange-v2-2026-08-0094.flac,5910893,1.13.0,55,FAKE_CERTAIN,mdct+stereo,"{""Rule8NyquistException"":0,""Rule1MP3Bitrate"":0,""Rule2Cutoff"":0,""Rule424BitSuspect"":0,""Rule5HighVariance"":0,""Rule6HighQualityProtection"":0,""Rule13MDCTAlignment"":55,""Rule14TemporalSeam"":0,""Rule15StereoSeam"":0,""Rule12MLClassifier"":0}",NOT_HIRES,48000,16,22500.0,0.0,4.524e-07,-37.4,788,26.05,0.374
fd-exchange-v2-2026-08-0095.flac,4467152,1.13.0,85,FAKE_CERTAIN,cnn+mdct+temporal,"{""Rule8NyquistException"":-50,""Rule1MP3Bitrate"":0,""Rule2Cutoff"":0,""Rule424BitSuspect"":0,""Rule5HighVariance"":0,""Rule6HighQualityProtection"":0,""Rule13MDCTAlignment"":55,""_calculator"":50,""Rule14TemporalSeam"":0,""Rule15StereoSeam"":0,""Rule12MLClassifier"":30}",NOT_HIRES,44100,16,22050.0,0.0,2.200e-08,nan,596,1.00,0.706
fd-exchange-v2-2026-08-0096.flac,5667807,1.13.0,0,AUTHENTIC,stereo+temporal,"{""Rule8NyquistException"":-50,""Rule1MP3Bitrate"":0,""Rule2Cutoff"":0,""Rule424BitSuspect"":0,""Rule5HighVariance"":0,""Rule6HighQualityProtection"":0,""Rule13MDCTAlignment"":0,""Rule14TemporalSeam"":0,""Rule15StereoSeam"":0,""Rule12MLClassifier"":0}",GENUINE_HIRES,96000,16,48000.0,0.0,2.206e-10,nan,756,3.61,0.775
fd-exchange-v2-2026-08-0097.flac,1937505,1.13.0,0,AUTHENTIC,,"{""Rule8NyquistException"":-30,""Rule1MP3Bitrate"":0,""Rule2Cutoff"":0,""Rule424BitSuspect"":0,""Rule5HighVariance"":0,""Rule6HighQualityProtection"":0,""Rule13MDCTAlignment"":0,""Rule14TemporalSeam"":0,""Rule15StereoSeam"":0,""Rule12MLClassifier"":0}",NOT_HIRES,44100,16,21000.0,0.0,6.519e-06,nan,576,1.53,0.473
fd-exchange-v2-2026-08-0098.flac,4679919,1.13.0,93,FAKE_CERTAIN,cnn+spectral+stereo+temporal,"{""Rule8NyquistException"":0,""Rule11CassetteDetection"":0,""Rule1MP3Bitrate"":50,""Rule2Cutoff"":13,""Rule424BitSuspect"":0,""Rule5HighVariance"":0,""Rule6HighQualityProtection"":0,""Rule14TemporalSeam"":0,""Rule15StereoSeam"":0,""Rule10Consistency"":0,""Rule12MLClassifier"":30}",NOT_HIRES,44100,16,17250.0,0.0,3.851e-06,nan,624,4.00,0.882
fd-exchange-v2-2026-08-0099.flac,5724678,1.13.0,43,WARNING,cnn+stereo+temporal,"{""Rule8NyquistException"":0,""Rule11CassetteDetection"":0,""Rule1MP3Bitrate"":0,""Rule2Cutoff"":13,""Rule424BitSuspect"":0,""Rule5HighVariance"":0,""Rule6HighQualityProtection"":0,""Rule14TemporalSeam"":0,""Rule15StereoSeam"":0,""Rule12MLClassifier"":30}",NOT_HIRES,44100,16,17250.0,0.0,7.158e-08,nan,763,9.81,0.910
fd-exchange-v2-2026-08-0100.flac,4184960,1.13.0,70,FAKE_CERTAIN,cnn+spectral+temporal,"{""Rule8NyquistException"":0,""Rule11CassetteDetection"":0,""Rule1MP3Bitrate"":50,""Rule2Cutoff"":20,""Rule424BitSuspect"":0,""Rule5HighVariance"":0,""Rule6HighQualityProtection"":0,""Rule14TemporalSeam"":0,""Rule15StereoSeam"":0,""Rule10Consistency"":-30,""Rule12MLClassifier"":30}",NOT_HIRES,44100,16,16000.0,0.0,1.226e-09,nan,558,1.38,0.767
fd-exchange-v2-2026-08-0101.flac,4391215,1.13.0,55,FAKE_CERTAIN,mdct+temporal,"{""Rule8NyquistException"":-50,""Rule1MP3Bitrate"":0,""Rule2Cutoff"":0,""Rule424BitSuspect"":0,""Rule5HighVariance"":0,""Rule6HighQualityProtection"":0,""Rule13MDCTAlignment"":55,""_calculator"":50,""Rule14TemporalSeam"":0,""Rule15StereoSeam"":0,""Rule12MLClassifier"":0}",NOT_HIRES,44100,16,22050.0,0.0,3.283e-08,nan,585,1.81,0.895
fd-exchange-v2-2026-08-0102.flac,6091964,1.13.0,55,SUSPICIOUS,mdct,"{""Rule8NyquistException"":-50,""Rule1MP3Bitrate"":0,""Rule2Cutoff"":0,""Rule424BitSuspect"":0,""Rule5HighVariance"":0,""Rule6HighQualityProtection"":0,""Rule13MDCTAlignment"":55,""_calculator"":50,""Rule14TemporalSeam"":0,""Rule15StereoSeam"":0,""Rule12MLClassifier"":0}",NOT_HIRES,44100,16,22050.0,0.0,1.715e-06,nan,812,1.20,0.248
fd-exchange-v2-2026-08-0103.flac,5262159,1.13.0,85,FAKE_CERTAIN,cnn+mdct,"{""Rule8NyquistException"":-50,""Rule1MP3Bitrate"":0,""Rule2Cutoff"":0,""Rule424BitSuspect"":0,""Rule5HighVariance"":0,""Rule6HighQualityProtection"":0,""Rule13MDCTAlignment"":55,""_calculator"":50,""Rule14TemporalSeam"":0,""Rule15StereoSeam"":0,""Rule12MLClassifier"":30}",NOT_HIRES,44100,16,22050.0,0.0,6.385e-06,nan,702,1.00,0.231
fd-exchange-v2-2026-08-0104.flac,5740209,1.13.0,20,AUTHENTIC,spectral+stereo,"{""Rule8NyquistException"":0,""Rule1MP3Bitrate"":50,""Rule2Cutoff"":0,""Rule424BitSuspect"":0,""Rule5HighVariance"":0,""Rule6HighQualityProtection"":0,""Rule7SilenceAnalysis"":0,""Rule13MDCTAlignment"":0,""Rule14TemporalSeam"":0,""Rule15StereoSeam"":0,""Rule10Consistency"":-30,""Rule12MLClassifier"":0}",NOT_HIRES,44100,16,20000.0,0.0,2.300e-06,-58.6,765,7.04,0.522
fd-exchange-v2-2026-08-0105.flac,6439481,1.13.0,45,WARNING,cnn+temporal,"{""Rule8NyquistException"":0,""Rule11CassetteDetection"":0,""Rule1MP3Bitrate"":0,""Rule2Cutoff"":15,""Rule424BitSuspect"":0,""Rule5HighVariance"":0,""Rule6HighQualityProtection"":0,""Rule14TemporalSeam"":0,""Rule15StereoSeam"":0,""Rule12MLClassifier"":30}",NOT_HIRES,44100,16,17000.0,0.0,9.726e-06,nan,859,1.25,0.601
fd-exchange-v2-2026-08-0106.flac,4402809,1.13.0,0,AUTHENTIC,temporal,"{""Rule8NyquistException"":-50,""Rule1MP3Bitrate"":0,""Rule2Cutoff"":0,""Rule424BitSuspect"":0,""Rule5HighVariance"":0,""Rule6HighQualityProtection"":0,""Rule13MDCTAlignment"":0,""Rule14TemporalSeam"":0,""Rule15StereoSeam"":0,""Rule12MLClassifier"":0}",NOT_HIRES,44100,16,22050.0,0.0,3.395e-08,nan,587,1.64,0.935
fd-exchange-v2-2026-08-0107.flac,4923583,1.13.0,20,AUTHENTIC,spectral+stereo+temporal,"{""Rule8NyquistException"":0,""Rule11CassetteDetection"":0,""Rule1MP3Bitrate"":0,""Rule2Cutoff"":20,""Rule424BitSuspect"":0,""Rule5HighVariance"":0,""Rule6HighQualityProtection"":0,""Rule14TemporalSeam"":0,""Rule15StereoSeam"":0,""Rule12MLClassifier"":0}",NOT_HIRES,44100,16,16000.0,0.0,1.295e-09,nan,656,6.06,0.699
fd-exchange-v2-2026-08-0108.flac,6673929,1.13.0,11,AUTHENTIC,,"{""Rule8NyquistException"":0,""Rule11CassetteDetection"":0,""Rule1MP3Bitrate"":0,""Rule2Cutoff"":11,""Rule424BitSuspect"":0,""Rule5HighVariance"":0,""Rule6HighQualityProtection"":0,""Rule14TemporalSeam"":0,""Rule15StereoSeam"":0,""Rule12MLClassifier"":0}",NOT_HIRES,44100,16,17750.0,0.0,6.301e-07,nan,890,1.00,0.349
fd-exchange-v2-2026-08-0109.flac,4949928,1.13.0,93,FAKE_CERTAIN,cnn+spectral+stereo+temporal,"{""Rule8NyquistException"":0,""Rule11CassetteDetection"":0,""Rule1MP3Bitrate"":50,""Rule2Cutoff"":13,""Rule424BitSuspect"":0,""Rule5HighVariance"":0,""Rule6HighQualityProtection"":0,""Rule14TemporalSeam"":0,""Rule15StereoSeam"":0,""Rule10Consistency"":0,""Rule12MLClassifier"":30}",NOT_HIRES,44100,16,17250.0,0.0,2.960e-06,nan,660,5.30,0.891
fd-exchange-v2-2026-08-0110.flac,4401412,1.13.0,55,FAKE_CERTAIN,mdct+temporal,"{""Rule8NyquistException"":-50,""Rule1MP3Bitrate"":0,""Rule2Cutoff"":0,""Rule424BitSuspect"":0,""Rule5HighVariance"":0,""Rule6HighQualityProtection"":0,""Rule13MDCTAlignment"":55,""_calculator"":50,""Rule14TemporalSeam"":0,""Rule15StereoSeam"":0,""Rule12MLClassifier"":0}",NOT_HIRES,44100,16,22050.0,0.0,3.470e-08,nan,587,1.91,0.888
fd-exchange-v2-2026-08-0111.flac,1874904,1.13.0,36,WARNING,cnn+stereo,"{""Rule8NyquistException"":0,""Rule11CassetteDetection"":0,""Rule1MP3Bitrate"":0,""Rule2Cutoff"":6,""Rule424BitSuspect"":0,""Rule5HighVariance"":0,""Rule6HighQualityProtection"":0,""Rule13MDCTAlignment"":0,""Rule14TemporalSeam"":0,""Rule15StereoSeam"":0,""Rule12MLClassifier"":30}",NOT_HIRES,44100,16,18750.0,0.0,4.221e-06,-40.4,557,2.05,0.577
fd-exchange-v2-2026-08-0112.flac,6306774,1.13.0,55,FAKE_CERTAIN,mdct+stereo,"{""Rule8NyquistException"":-30,""Rule1MP3Bitrate"":0,""Rule2Cutoff"":0,""Rule424BitSuspect"":0,""Rule5HighVariance"":0,""Rule6HighQualityProtection"":0,""Rule13MDCTAlignment"":55,""_calculator"":30,""Rule14TemporalSeam"":0,""Rule15StereoSeam"":0,""Rule12MLClassifier"":0}",NOT_HIRES,44100,16,21500.0,0.0,1.954e-07,nan,841,4.13,0.296
fd-exchange-v2-2026-08-0113.flac,6219783,1.13.0,0,AUTHENTIC,stereo+temporal,"{""Rule8NyquistException"":0,""Rule1MP3Bitrate"":0,""Rule2Cutoff"":0,""Rule424BitSuspect"":0,""Rule5HighVariance"":0,""Rule6HighQualityProtection"":0,""Rule13MDCTAlignment"":0,""Rule14TemporalSeam"":0,""Rule15StereoSeam"":0,""Rule12MLClassifier"":0}",NOT_HIRES,44100,16,20000.0,0.0,1.587e-07,-49.5,829,8.25,0.651
fd-exchange-v2-2026-08-0114.flac,6229234,1.13.0,55,SUSPICIOUS,mdct,"{""Rule8NyquistException"":-50,""Rule1MP3Bitrate"":0,""Rule2Cutoff"":0,""Rule424BitSuspect"":0,""Rule5HighVariance"":0,""Rule6HighQualityProtection"":0,""Rule13MDCTAlignment"":55,""_calculator"":50,""Rule14TemporalSeam"":0,""Rule15StereoSeam"":0,""Rule12MLClassifier"":0}",NOT_HIRES,44100,16,22050.0,0.0,3.811e-07,nan,831,1.00,0.353
fd-exchange-v2-2026-08-0115.flac,5693659,1.13.0,55,FAKE_CERTAIN,mdct+stereo,"{""Rule8NyquistException"":-30,""Rule1MP3Bitrate"":0,""Rule2Cutoff"":0,""Rule424BitSuspect"":0,""Rule5HighVariance"":0,""Rule6HighQualityProtection"":0,""Rule13MDCTAlignment"":55,""_calculator"":30,""Rule14TemporalSeam"":0,""Rule15StereoSeam"":0,""Rule12MLClassifier"":0}",NOT_HIRES,44100,16,21500.0,0.0,7.998e-07,nan,759,13.04,0.369
fd-exchange-v2-2026-08-0116.flac,6322235,1.13.0,50,WARNING,spectral+stereo+temporal,"{""Rule8NyquistException"":0,""Rule1MP3Bitrate"":50,""Rule2Cutoff"":0,""Rule424BitSuspect"":0,""Rule5HighVariance"":0,""Rule6HighQualityProtection"":0,""Rule7SilenceAnalysis"":0,""Rule13MDCTAlignment"":0,""Rule14TemporalSeam"":0,""Rule15StereoSeam"":0,""Rule10Consistency"":0,""Rule12MLClassifier"":0}",NOT_HIRES,44100,16,20000.0,0.0,4.502e-06,-55.6,843,4.43,0.609
fd-exchange-v2-2026-08-0117.flac,3762544,1.13.0,0,AUTHENTIC,,"{""Rule8NyquistException"":-50,""Rule1MP3Bitrate"":0,""Rule2Cutoff"":0,""Rule424BitSuspect"":0,""Rule5HighVariance"":0,""Rule6HighQualityProtection"":0,""Rule13MDCTAlignment"":0,""Rule14TemporalSeam"":0,""Rule15StereoSeam"":0,""Rule12MLClassifier"":0}",NOT_HIRES,44100,16,22050.0,0.0,1.062e-06,nan,611,1.00,0.465
fd-exchange-v2-2026-08-0118.flac,4504019,1.13.0,55,FAKE_CERTAIN,mdct+stereo+temporal,"{""Rule8NyquistException"":-50,""Rule1MP3Bitrate"":0,""Rule2Cutoff"":0,""Rule424BitSuspect"":0,""Rule5HighVariance"":0,""Rule6HighQualityProtection"":0,""Rule13MDCTAlignment"":55,""_calculator"":50,""Rule14TemporalSeam"":0,""Rule15StereoSeam"":0,""Rule12MLClassifier"":0}",NOT_HIRES,48000,16,24000.0,0.0,1.226e-08,nan,600,3.21,0.855
fd-exchange-v2-2026-08-0119.flac,5627373,1.13.0,0,AUTHENTIC,stereo,"{""Rule8NyquistException"":-30,""Rule1MP3Bitrate"":0,""Rule2Cutoff"":0,""Rule424BitSuspect"":0,""Rule5HighVariance"":0,""Rule6HighQualityProtection"":0,""Rule13MDCTAlignment"":0,""Rule14TemporalSeam"":0,""Rule15StereoSeam"":0,""Rule12MLClassifier"":0}",NOT_HIRES,44100,16,21500.0,0.0,6.584e-07,nan,750,11.78,0.419
fd-exchange-v2-2026-08-0120.flac,5913133,1.13.0,55,FAKE_CERTAIN,mdct+stereo,"{""Rule8NyquistException"":-50,""Rule1MP3Bitrate"":0,""Rule2Cutoff"":0,""Rule424BitSuspect"":0,""Rule5HighVariance"":0,""Rule6HighQualityProtection"":0,""Rule13MDCTAlignment"":55,""_calculator"":50,""Rule14TemporalSeam"":0,""Rule15StereoSeam"":0,""Rule12MLClassifier"":0}",GENUINE_HIRES,96000,16,48000.0,0.0,1.493e-09,nan,788,3.46,0.458
fd-exchange-v2-2026-08-0121.flac,5856936,1.13.0,85,FAKE_CERTAIN,cnn+spectral+stereo,"{""Rule8NyquistException"":0,""Rule1MP3Bitrate"":50,""Rule2Cutoff"":5,""Rule424BitSuspect"":0,""Rule5HighVariance"":0,""Rule6HighQualityProtection"":0,""Rule7SilenceAnalysis"":0,""Rule13MDCTAlignment"":0,""Rule14TemporalSeam"":0,""Rule15StereoSeam"":0,""Rule10Consistency"":0,""Rule12MLClassifier"":30}",NOT_HIRES,44100,16,19000.0,0.0,4.947e-07,-50.6,781,6.11,0.574
fd-exchange-v2-2026-08-0122.flac,5253134,1.13.0,55,SUSPICIOUS,mdct,"{""Rule8NyquistException"":-50,""Rule1MP3Bitrate"":0,""Rule2Cutoff"":0,""Rule424BitSuspect"":0,""Rule5HighVariance"":0,""Rule6HighQualityProtection"":0,""Rule13MDCTAlignment"":55,""_calculator"":50,""Rule14TemporalSeam"":0,""Rule15StereoSeam"":0,""Rule12MLClassifier"":0}",NOT_HIRES,44100,16,22050.0,0.0,7.563e-06,nan,700,1.00,0.311
fd-exchange-v2-2026-08-0123.flac,6848183,1.13.0,91,FAKE_CERTAIN,cnn+mdct+stereo+temporal,"{""Rule8NyquistException"":0,""Rule11CassetteDetection"":0,""Rule1MP3Bitrate"":0,""Rule2Cutoff"":6,""Rule424BitSuspect"":0,""Rule5HighVariance"":0,""Rule6HighQualityProtection"":0,""Rule13MDCTAlignment"":55,""Rule14TemporalSeam"":0,""Rule15StereoSeam"":0,""Rule12MLClassifier"":30}",NOT_HIRES,44100,16,18750.0,0.0,3.192e-07,-56.7,913,19.29,0.873
fd-exchange-v2-2026-08-0124.flac,4635852,1.13.0,86,FAKE_CERTAIN,cnn+spectral+stereo+temporal,"{""Rule8NyquistException"":0,""Rule11CassetteDetection"":0,""Rule1MP3Bitrate"":50,""Rule2Cutoff"":6,""Rule424BitSuspect"":0,""Rule5HighVariance"":0,""Rule6HighQualityProtection"":0,""Rule13MDCTAlignment"":0,""Rule14TemporalSeam"":0,""Rule15StereoSeam"":0,""Rule10Consistency"":0,""Rule12MLClassifier"":30}",NOT_HIRES,44100,16,18750.0,0.0,5.796e-06,-49.6,618,3.76,0.608
fd-exchange-v2-2026-08-0125.flac,4740374,1.13.0,87,FAKE_CERTAIN,cnn+spectral+stereo,"{""Rule8NyquistException"":0,""Rule11CassetteDetection"":0,""Rule1MP3Bitrate"":50,""Rule2Cutoff"":7,""Rule424BitSuspect"":0,""Rule5HighVariance"":0,""Rule6HighQualityProtection"":0,""Rule13MDCTAlignment"":0,""Rule14TemporalSeam"":0,""Rule15StereoSeam"":0,""Rule10Consistency"":0,""Rule12MLClassifier"":30}",NOT_HIRES,44100,16,18500.0,0.0,4.280e-08,nan,632,13.75,0.574
fd-exchange-v2-2026-08-0126.flac,4902213,1.13.0,85,FAKE_CERTAIN,cnn+mdct,"{""Rule8NyquistException"":-50,""Rule1MP3Bitrate"":0,""Rule2Cutoff"":0,""Rule424BitSuspect"":0,""Rule5HighVariance"":0,""Rule6HighQualityProtection"":0,""Rule13MDCTAlignment"":55,""_calculator"":50,""Rule14TemporalSeam"":0,""Rule15StereoSeam"":0,""Rule12MLClassifier"":30}",NOT_HIRES,44100,16,22050.0,0.0,6.597e-06,nan,654,1.00,0.437
fd-exchange-v2-2026-08-0127.flac,5082823,1.13.0,87,FAKE_CERTAIN,cnn+mdct+stereo+temporal,"{""Rule8NyquistException"":0,""Rule1MP3Bitrate"":0,""Rule2Cutoff"":5,""Rule424BitSuspect"":0,""Rule5HighVariance"":0,""Rule6HighQualityProtection"":0,""Rule13MDCTAlignment"":55,""Rule14TemporalSeam"":0,""Rule15StereoSeam"":0,""Rule12MLClassifier"":27}",NOT_HIRES,48000,16,21000.0,0.0,8.893e-05,-56.3,678,9.60,0.610
fd-exchange-v2-2026-08-0128.flac,4381095,1.13.0,31,WARNING,cnn+temporal,"{""Rule8NyquistException"":0,""Rule1MP3Bitrate"":0,""Rule2Cutoff"":0,""Rule424BitSuspect"":0,""Rule5HighVariance"":0,""Rule6HighQualityProtection"":0,""Rule13MDCTAlignment"":0,""Rule14TemporalSeam"":0,""Rule15StereoSeam"":0,""Rule12MLClassifier"":31}",NOT_HIRES,44100,16,20000.0,0.0,1.354e-08,-42.0,584,1.32,0.641
fd-exchange-v2-2026-08-0129.flac,6639165,1.13.0,0,AUTHENTIC,stereo+temporal,"{""Rule8NyquistException"":0,""Rule1MP3Bitrate"":0,""Rule2Cutoff"":0,""Rule424BitSuspect"":0,""Rule5HighVariance"":0,""Rule6HighQualityProtection"":0,""Rule13MDCTAlignment"":0,""Rule14TemporalSeam"":0,""Rule15StereoSeam"":0,""Rule12MLClassifier"":0}",NOT_HIRES,44100,16,20750.0,0.0,9.927e-07,nan,885,10.19,0.682
fd-exchange-v2-2026-08-0130.flac,4221609,1.13.0,55,SUSPICIOUS,mdct,"{""Rule8NyquistException"":-50,""Rule1MP3Bitrate"":0,""Rule2Cutoff"":0,""Rule424BitSuspect"":0,""Rule5HighVariance"":0,""Rule6HighQualityProtection"":0,""Rule13MDCTAlignment"":55,""_calculator"":50,""Rule14TemporalSeam"":0,""Rule15StereoSeam"":0,""Rule12MLClassifier"":0}",NOT_HIRES,44100,16,22050.0,0.0,4.888e-05,nan,563,1.30,0.460
fd-exchange-v2-2026-08-0131.flac,5701442,1.13.0,74,FAKE_CERTAIN,spectral+stereo+temporal,"{""Rule8NyquistException"":0,""Rule11CassetteDetection"":0,""Rule1MP3Bitrate"":50,""Rule2Cutoff"":11,""Rule424BitSuspect"":0,""Rule5HighVariance"":0,""Rule6HighQualityProtection"":0,""Rule14TemporalSeam"":0,""Rule15StereoSeam"":0,""Rule10Consistency"":0,""Rule12MLClassifier"":13}",NOT_HIRES,44100,16,17750.0,0.0,4.119e-07,nan,760,4.00,0.713
fd-exchange-v2-2026-08-0132.flac,5995058,1.13.0,43,WARNING,cnn+stereo+temporal,"{""Rule8NyquistException"":0,""Rule11CassetteDetection"":0,""Rule1MP3Bitrate"":0,""Rule2Cutoff"":13,""Rule424BitSuspect"":0,""Rule5HighVariance"":0,""Rule6HighQualityProtection"":0,""Rule14TemporalSeam"":0,""Rule15StereoSeam"":0,""Rule12MLClassifier"":30}",NOT_HIRES,44100,16,17250.0,0.0,4.043e-07,nan,799,22.83,0.917
fd-exchange-v2-2026-08-0133.flac,5330514,1.13.0,86,FAKE_CERTAIN,cnn+spectral+temporal,"{""Rule8NyquistException"":0,""Rule11CassetteDetection"":0,""Rule1MP3Bitrate"":50,""Rule2Cutoff"":6,""Rule424BitSuspect"":0,""Rule5HighVariance"":0,""Rule6HighQualityProtection"":0,""Rule13MDCTAlignment"":0,""Rule14TemporalSeam"":0,""Rule15StereoSeam"":0,""Rule10Consistency"":0,""Rule12MLClassifier"":30}",NOT_HIRES,44100,16,18750.0,0.0,3.853e-06,-50.4,711,1.62,0.860
fd-exchange-v2-2026-08-0134.flac,5283704,1.13.0,86,FAKE_CERTAIN,cnn+spectral+temporal,"{""Rule8NyquistException"":0,""Rule11CassetteDetection"":0,""Rule1MP3Bitrate"":50,""Rule2Cutoff"":6,""Rule424BitSuspect"":0,""Rule5HighVariance"":0,""Rule6HighQualityProtection"":0,""Rule13MDCTAlignment"":0,""Rule14TemporalSeam"":0,""Rule15StereoSeam"":0,""Rule10Consistency"":0,""Rule12MLClassifier"":30}",NOT_HIRES,44100,16,18750.0,0.0,3.813e-06,-50.5,704,1.66,0.678
fd-exchange-v2-2026-08-0135.flac,4813637,1.13.0,82,FAKE_CERTAIN,mdct+spectral+stereo,"{""Rule8NyquistException"":0,""Rule11CassetteDetection"":0,""Rule1MP3Bitrate"":50,""Rule2Cutoff"":7,""Rule424BitSuspect"":0,""Rule5HighVariance"":0,""Rule6HighQualityProtection"":0,""Rule13MDCTAlignment"":25,""Rule14TemporalSeam"":0,""Rule15StereoSeam"":0,""Rule10Consistency"":0,""Rule12MLClassifier"":0}",NOT_HIRES,44100,16,18500.0,0.0,5.894e-08,nan,642,11.58,0.517
fd-exchange-v2-2026-08-0136.flac,6526708,1.13.0,43,WARNING,cnn+stereo+temporal,"{""Rule8NyquistException"":0,""Rule11CassetteDetection"":0,""Rule1MP3Bitrate"":0,""Rule2Cutoff"":13,""Rule424BitSuspect"":0,""Rule5HighVariance"":0,""Rule6HighQualityProtection"":0,""Rule14TemporalSeam"":0,""Rule15StereoSeam"":0,""Rule12MLClassifier"":30}",NOT_HIRES,44100,16,17250.0,0.0,5.801e-07,nan,870,24.61,0.897
fd-exchange-v2-2026-08-0137.flac,5951270,1.13.0,0,AUTHENTIC,stereo,"{""Rule8NyquistException"":-50,""Rule1MP3Bitrate"":0,""Rule2Cutoff"":0,""Rule424BitSuspect"":0,""Rule5HighVariance"":0,""Rule6HighQualityProtection"":0,""Rule13MDCTAlignment"":0,""Rule14TemporalSeam"":0,""Rule15StereoSeam"":0,""Rule12MLClassifier"":0}",NOT_HIRES,48000,16,24000.0,0.0,5.587e-07,nan,794,19.87,0.325
fd-exchange-v2-2026-08-0138.flac,6927296,1.13.0,36,WARNING,cnn+stereo+temporal,"{""Rule8NyquistException"":0,""Rule11CassetteDetection"":0,""Rule1MP3Bitrate"":0,""Rule2Cutoff"":6,""Rule424BitSuspect"":0,""Rule5HighVariance"":0,""Rule6HighQualityProtection"":0,""Rule13MDCTAlignment"":0,""Rule14TemporalSeam"":0,""Rule15StereoSeam"":0,""Rule12MLClassifier"":30}",NOT_HIRES,44100,16,18750.0,0.0,4.915e-07,-56.8,924,15.23,0.610
fd-exchange-v2-2026-08-0139.flac,6939719,1.13.0,35,WARNING,cnn+stereo+temporal,"{""Rule8NyquistException"":0,""Rule1MP3Bitrate"":0,""Rule2Cutoff"":5,""Rule424BitSuspect"":0,""Rule5HighVariance"":0,""Rule6HighQualityProtection"":0,""Rule13MDCTAlignment"":0,""Rule14TemporalSeam"":0,""Rule15StereoSeam"":0,""Rule12MLClassifier"":30}",NOT_HIRES,44100,16,19000.0,0.0,6.858e-07,-56.6,925,11.00,0.658
fd-exchange-v2-2026-08-0140.flac,5423981,1.13.0,66,SUSPICIOUS,mdct,"{""Rule8NyquistException"":-50,""Rule1MP3Bitrate"":0,""Rule2Cutoff"":0,""Rule424BitSuspect"":0,""Rule5HighVariance"":0,""Rule6HighQualityProtection"":0,""Rule13MDCTAlignment"":55,""_calculator"":50,""Rule14TemporalSeam"":0,""Rule15StereoSeam"":0,""Rule12MLClassifier"":11}",NOT_HIRES,44100,16,22050.0,0.0,6.923e-06,nan,723,0.00,0.333
fd-exchange-v2-2026-08-0141.flac,5941136,1.13.0,80,FAKE_CERTAIN,cnn+spectral+stereo+temporal,"{""Rule8NyquistException"":0,""Rule1MP3Bitrate"":50,""Rule2Cutoff"":0,""Rule424BitSuspect"":0,""Rule5HighVariance"":0,""Rule6HighQualityProtection"":0,""Rule7SilenceAnalysis"":0,""Rule13MDCTAlignment"":0,""Rule14TemporalSeam"":0,""Rule15StereoSeam"":0,""Rule10Consistency"":0,""Rule12MLClassifier"":30}",NOT_HIRES,44100,16,20250.0,0.0,1.224e-04,-67.2,792,6.21,0.600
fd-exchange-v2-2026-08-0142.flac,6334967,1.13.0,86,FAKE_CERTAIN,cnn+spectral+stereo+temporal,"{""Rule8NyquistException"":0,""Rule11CassetteDetection"":0,""Rule1MP3Bitrate"":50,""Rule2Cutoff"":6,""Rule424BitSuspect"":0,""Rule5HighVariance"":0,""Rule6HighQualityProtection"":0,""Rule13MDCTAlignment"":0,""Rule14TemporalSeam"":0,""Rule15StereoSeam"":0,""Rule10Consistency"":0,""Rule12MLClassifier"":30}",NOT_HIRES,44100,16,18750.0,0.0,3.992e-06,-59.4,845,8.69,0.707
fd-exchange-v2-2026-08-0143.flac,5049742,1.13.0,55,SUSPICIOUS,mdct,"{""Rule8NyquistException"":-50,""Rule1MP3Bitrate"":0,""Rule2Cutoff"":0,""Rule424BitSuspect"":0,""Rule5HighVariance"":0,""Rule6HighQualityProtection"":0,""Rule13MDCTAlignment"":55,""_calculator"":50,""Rule14TemporalSeam"":0,""Rule15StereoSeam"":0,""Rule12MLClassifier"":0}",NOT_HIRES,44100,16,22050.0,0.0,6.662e-08,nan,673,1.14,0.355
fd-exchange-v2-2026-08-0144.flac,6676530,1.13.0,11,AUTHENTIC,,"{""Rule8NyquistException"":0,""Rule11CassetteDetection"":0,""Rule1MP3Bitrate"":0,""Rule2Cutoff"":11,""Rule424BitSuspect"":0,""Rule5HighVariance"":0,""Rule6HighQualityProtection"":0,""Rule14TemporalSeam"":0,""Rule15StereoSeam"":0,""Rule12MLClassifier"":0}",NOT_HIRES,44100,16,17750.0,0.0,6.591e-07,nan,890,1.05,0.342
fd-exchange-v2-2026-08-0145.flac,3168954,1.13.0,57,FAKE_CERTAIN,spectral+stereo+temporal,"{""Rule8NyquistException"":0,""Rule11CassetteDetection"":0,""Rule1MP3Bitrate"":50,""Rule2Cutoff"":7,""Rule424BitSuspect"":0,""Rule5HighVariance"":0,""Rule6HighQualityProtection"":0,""Rule13MDCTAlignment"":0,""Rule14TemporalSeam"":0,""Rule15StereoSeam"":0,""Rule10Consistency"":0,""Rule12MLClassifier"":0}",NOT_HIRES,44100,16,18500.0,0.0,5.894e-08,nan,658,3.38,0.617
fd-exchange-v2-2026-08-0146.flac,6411801,1.13.0,6,AUTHENTIC,stereo+temporal,"{""Rule8NyquistException"":0,""Rule11CassetteDetection"":0,""Rule1MP3Bitrate"":0,""Rule2Cutoff"":6,""Rule424BitSuspect"":0,""Rule5HighVariance"":0,""Rule6HighQualityProtection"":0,""Rule13MDCTAlignment"":0,""Rule14TemporalSeam"":0,""Rule15StereoSeam"":0,""Rule12MLClassifier"":0}",NOT_HIRES,44100,16,18750.0,0.0,3.541e-07,-54.5,855,10.61,0.876
fd-exchange-v2-2026-08-0147.flac,6405619,1.13.0,47,WARNING,cnn+stereo,"{""Rule8NyquistException"":0,""Rule11CassetteDetection"":0,""Rule1MP3Bitrate"":0,""Rule2Cutoff"":17,""Rule424BitSuspect"":0,""Rule5HighVariance"":0,""Rule6HighQualityProtection"":0,""Rule14TemporalSeam"":0,""Rule15StereoSeam"":0,""Rule12MLClassifier"":30}",NOT_HIRES,44100,16,16500.0,0.0,1.425e-07,nan,854,18.96,0.593
fd-exchange-v2-2026-08-0148.flac,1688909,1.13.0,31,WARNING,cnn,"{""Rule8NyquistException"":-50,""Rule1MP3Bitrate"":0,""Rule2Cutoff"":0,""Rule424BitSuspect"":0,""Rule5HighVariance"":0,""Rule6HighQualityProtection"":0,""Rule13MDCTAlignment"":0,""Rule14TemporalSeam"":0,""Rule15StereoSeam"":0,""Rule12MLClassifier"":81}",NOT_HIRES,44100,16,22050.0,0.0,1.415e-06,nan,373,1.00,0.516
fd-exchange-v2-2026-08-0149.flac,5899332,1.13.0,7,AUTHENTIC,stereo,"{""Rule8NyquistException"":0,""Rule1MP3Bitrate"":0,""Rule2Cutoff"":7,""Rule424BitSuspect"":0,""Rule5HighVariance"":0,""Rule6HighQualityProtection"":0,""Rule13MDCTAlignment"":0,""Rule14TemporalSeam"":0,""Rule15StereoSeam"":0,""Rule12MLClassifier"":0}",NOT_HIRES,48000,16,20500.0,0.0,4.319e-07,-45.1,787,21.54,0.516
fd-exchange-v2-2026-08-0150.flac,5439464,1.13.0,93,FAKE_CERTAIN,cnn+spectral+stereo+temporal,"{""Rule8NyquistException"":0,""Rule11CassetteDetection"":0,""Rule1MP3Bitrate"":50,""Rule2Cutoff"":13,""Rule424BitSuspect"":0,""Rule5HighVariance"":0,""Rule6HighQualityProtection"":0,""Rule14TemporalSeam"":0,""Rule15StereoSeam"":0,""Rule10Consistency"":0,""Rule12MLClassifier"":30}",NOT_HIRES,44100,16,17250.0,0.0,1.551e-05,nan,725,4.19,0.853
fd-exchange-v2-2026-08-0151.flac,4510824,1.13.0,60,FAKE_CERTAIN,mdct+spectral+stereo,"{""Rule8NyquistException"":0,""Rule1MP3Bitrate"":50,""Rule2Cutoff"":5,""Rule424BitSuspect"":0,""Rule5HighVariance"":0,""Rule6HighQualityProtection"":0,""Rule7SilenceAnalysis"":0,""Rule13MDCTAlignment"":25,""Rule14TemporalSeam"":0,""Rule15StereoSeam"":0,""Rule10Consistency"":-20,""Rule12MLClassifier"":0}",NOT_HIRES,44100,16,19000.0,0.0,1.539e-08,-43.1,601,4.06,0.469
fd-exchange-v2-2026-08-0152.flac,4245054,1.13.0,96,FAKE_CERTAIN,cnn+spectral+temporal,"{""Rule8NyquistException"":0,""Rule11CassetteDetection"":0,""Rule1MP3Bitrate"":50,""Rule2Cutoff"":16,""Rule424BitSuspect"":0,""Rule5HighVariance"":0,""Rule6HighQualityProtection"":0,""Rule14TemporalSeam"":0,""Rule15StereoSeam"":0,""Rule10Consistency"":0,""Rule12MLClassifier"":30}",NOT_HIRES,44100,16,16750.0,0.0,5.142e-09,nan,566,1.40,0.679
fd-exchange-v2-2026-08-0153.flac,3715899,1.13.0,0,AUTHENTIC,,"{""Rule8NyquistException"":0,""Rule1MP3Bitrate"":0,""Rule2Cutoff"":0,""Rule424BitSuspect"":0,""Rule5HighVariance"":0,""Rule6HighQualityProtection"":0,""Rule13MDCTAlignment"":0,""Rule14TemporalSeam"":0,""Rule15StereoSeam"":0,""Rule12MLClassifier"":0}",NOT_HIRES,44100,16,20250.0,0.0,1.016e-06,-36.2,603,1.69,0.482
fd-exchange-v2-2026-08-0154.flac,4213740,1.13.0,55,FAKE_CERTAIN,mdct+stereo+temporal,"{""Rule8NyquistException"":-50,""Rule1MP3Bitrate"":0,""Rule2Cutoff"":0,""Rule424BitSuspect"":0,""Rule5HighVariance"":0,""Rule6HighQualityProtection"":0,""Rule13MDCTAlignment"":55,""_calculator"":50,""Rule14TemporalSeam"":0,""Rule15StereoSeam"":0,""Rule12MLClassifier"":0}",NOT_HIRES,44100,16,22050.0,0.0,3.447e-08,nan,562,4.77,0.908
fd-exchange-v2-2026-08-0155.flac,7828767,1.13.0,53,WARNING,cnn+spectral+stereo+temporal,"{""Rule8NyquistException"":0,""Rule11CassetteDetection"":0,""Rule1MP3Bitrate"":0,""Rule2Cutoff"":23,""Rule424BitSuspect"":0,""Rule5HighVariance"":0,""Rule6HighQualityProtection"":0,""Rule14TemporalSeam"":0,""Rule15StereoSeam"":0,""Rule12MLClassifier"":30}",NOT_HIRES,44100,16,15250.0,0.0,7.251e-05,nan,1044,6.39,0.874
fd-exchange-v2-2026-08-0156.flac,5893732,1.13.0,31,WARNING,cnn+stereo,"{""Rule8NyquistException"":0,""Rule1MP3Bitrate"":0,""Rule2Cutoff"":0,""Rule424BitSuspect"":0,""Rule5HighVariance"":0,""Rule6HighQualityProtection"":0,""Rule13MDCTAlignment"":0,""Rule14TemporalSeam"":0,""Rule15StereoSeam"":0,""Rule12MLClassifier"":31}",NOT_HIRES,44100,16,20500.0,0.0,6.481e-07,-47.0,786,5.48,0.557
fd-exchange-v2-2026-08-0157.flac,6133525,1.13.0,81,FAKE_CERTAIN,cnn+spectral+stereo+temporal,"{""Rule8NyquistException"":0,""Rule1MP3Bitrate"":50,""Rule2Cutoff"":2,""Rule424BitSuspect"":0,""Rule5HighVariance"":0,""Rule6HighQualityProtection"":0,""Rule7SilenceAnalysis"":0,""Rule13MDCTAlignment"":0,""Rule14TemporalSeam"":0,""Rule15StereoSeam"":0,""Rule10Consistency"":0,""Rule12MLClassifier"":29}",NOT_HIRES,44100,16,19500.0,0.0,8.181e-06,-61.0,818,5.79,0.673
fd-exchange-v2-2026-08-0158.flac,1930490,1.13.0,2,AUTHENTIC,,"{""Rule8NyquistException"":0,""Rule1MP3Bitrate"":0,""Rule2Cutoff"":0,""Rule424BitSuspect"":0,""Rule5HighVariance"":0,""Rule6HighQualityProtection"":0,""Rule13MDCTAlignment"":0,""Rule14TemporalSeam"":0,""Rule15StereoSeam"":0,""Rule12MLClassifier"":2}",NOT_HIRES,44100,16,20000.0,0.0,6.659e-06,-40.6,574,1.84,0.485
fd-exchange-v2-2026-08-0159.flac,5065950,1.13.0,57,FAKE_CERTAIN,spectral+stereo+temporal,"{""Rule8NyquistException"":0,""Rule11CassetteDetection"":0,""Rule1MP3Bitrate"":50,""Rule2Cutoff"":7,""Rule424BitSuspect"":0,""Rule5HighVariance"":0,""Rule6HighQualityProtection"":0,""Rule13MDCTAlignment"":0,""Rule14TemporalSeam"":0,""Rule15StereoSeam"":0,""Rule10Consistency"":0,""Rule12MLClassifier"":0}",NOT_HIRES,44100,16,18500.0,0.0,7.777e-08,nan,675,5.64,0.715
fd-exchange-v2-2026-08-0160.flac,5932731,1.13.0,2,AUTHENTIC,stereo,"{""Rule8NyquistException"":0,""Rule1MP3Bitrate"":0,""Rule2Cutoff"":2,""Rule424BitSuspect"":0,""Rule5HighVariance"":0,""Rule6HighQualityProtection"":0,""Rule13MDCTAlignment"":0,""Rule14TemporalSeam"":0,""Rule15StereoSeam"":0,""Rule12MLClassifier"":0}",NOT_HIRES,44100,16,19500.0,0.0,9.165e-07,-52.9,791,5.23,0.545
fd-exchange-v2-2026-08-0161.flac,5904516,1.13.0,55,FAKE_CERTAIN,mdct+stereo,"{""Rule8NyquistException"":0,""Rule1MP3Bitrate"":0,""Rule2Cutoff"":0,""Rule424BitSuspect"":0,""Rule5HighVariance"":0,""Rule6HighQualityProtection"":0,""Rule13MDCTAlignment"":55,""Rule14TemporalSeam"":0,""Rule15StereoSeam"":0,""Rule12MLClassifier"":0}",NOT_HIRES,44100,16,20500.0,0.0,2.109e-06,-51.5,787,11.91,0.334
fd-exchange-v2-2026-08-0162.flac,6440026,1.13.0,44,WARNING,cnn+stereo+temporal,"{""Rule8NyquistException"":0,""Rule11CassetteDetection"":0,""Rule1MP3Bitrate"":0,""Rule2Cutoff"":16,""Rule424BitSuspect"":0,""Rule5HighVariance"":0,""Rule6HighQualityProtection"":0,""Rule14TemporalSeam"":0,""Rule15StereoSeam"":0,""Rule12MLClassifier"":28}",NOT_HIRES,44100,16,16750.0,0.0,2.364e-07,nan,859,21.04,0.718
fd-exchange-v2-2026-08-0163.flac,5127887,1.13.0,55,SUSPICIOUS,mdct,"{""Rule8NyquistException"":-50,""Rule1MP3Bitrate"":0,""Rule2Cutoff"":0,""Rule424BitSuspect"":0,""Rule5HighVariance"":0,""Rule6HighQualityProtection"":0,""Rule13MDCTAlignment"":55,""_calculator"":50,""Rule14TemporalSeam"":0,""Rule15StereoSeam"":0,""Rule12MLClassifier"":0}",NOT_HIRES,44100,16,22050.0,0.0,2.509e-06,nan,684,1.11,0.350
fd-exchange-v2-2026-08-0164.flac,5862610,1.13.0,78,FAKE_CERTAIN,mdct+spectral+stereo+temporal,"{""Rule8NyquistException"":0,""Rule1MP3Bitrate"":50,""Rule2Cutoff"":3,""Rule424BitSuspect"":0,""Rule5HighVariance"":0,""Rule6HighQualityProtection"":0,""Rule7SilenceAnalysis"":0,""Rule13MDCTAlignment"":25,""Rule14TemporalSeam"":0,""Rule15StereoSeam"":0,""Rule10Consistency"":0,""Rule12MLClassifier"":0}",NOT_HIRES,44100,16,19250.0,0.0,1.847e-06,-52.6,782,13.33,0.682
fd-exchange-v2-2026-08-0165.flac,6890063,1.13.0,36,WARNING,cnn+stereo+temporal,"{""Rule8NyquistException"":0,""Rule11CassetteDetection"":0,""Rule1MP3Bitrate"":0,""Rule2Cutoff"":6,""Rule424BitSuspect"":0,""Rule5HighVariance"":0,""Rule6HighQualityProtection"":0,""Rule13MDCTAlignment"":0,""Rule14TemporalSeam"":0,""Rule15StereoSeam"":0,""Rule12MLClassifier"":30}",NOT_HIRES,44100,16,18750.0,0.0,6.940e-07,-56.9,919,6.89,0.681
fd-exchange-v2-2026-08-0166.flac,5675467,1.13.0,72,FAKE_CERTAIN,spectral+stereo+temporal,"{""Rule8NyquistException"":0,""Rule11CassetteDetection"":0,""Rule1MP3Bitrate"":50,""Rule2Cutoff"":11,""Rule424BitSuspect"":0,""Rule5HighVariance"":0,""Rule6HighQualityProtection"":0,""Rule14TemporalSeam"":0,""Rule15StereoSeam"":0,""Rule10Consistency"":0,""Rule12MLClassifier"":11}",NOT_HIRES,44100,16,17750.0,0.0,3.934e-07,nan,757,11.40,0.835
fd-exchange-v2-2026-08-0167.flac,5578488,1.13.0,55,SUSPICIOUS,mdct,"{""Rule8NyquistException"":-30,""Rule1MP3Bitrate"":0,""Rule2Cutoff"":0,""Rule424BitSuspect"":0,""Rule5HighVariance"":0,""Rule6HighQualityProtection"":0,""Rule13MDCTAlignment"":55,""_calculator"":30,""Rule14TemporalSeam"":0,""Rule15StereoSeam"":0,""Rule12MLClassifier"":0}",NOT_HIRES,44100,16,21500.0,0.0,7.162e-07,nan,744,1.76,0.295
fd-exchange-v2-2026-08-0168.flac,3966860,1.13.0,55,SUSPICIOUS,mdct,"{""Rule8NyquistException"":-50,""Rule1MP3Bitrate"":0,""Rule2Cutoff"":0,""Rule424BitSuspect"":0,""Rule5HighVariance"":0,""Rule6HighQualityProtection"":0,""Rule13MDCTAlignment"":55,""_calculator"":50,""Rule14TemporalSeam"":0,""Rule15StereoSeam"":0,""Rule12MLClassifier"":0}",NOT_HIRES,44100,16,22050.0,0.0,9.309e-08,nan,555,1.00,0.524
fd-exchange-v2-2026-08-0169.flac,5651356,1.13.0,0,AUTHENTIC,stereo,"{""Rule8NyquistException"":-30,""Rule1MP3Bitrate"":0,""Rule2Cutoff"":0,""Rule424BitSuspect"":0,""Rule5HighVariance"":0,""Rule6HighQualityProtection"":0,""Rule13MDCTAlignment"":0,""Rule14TemporalSeam"":0,""Rule15StereoSeam"":0,""Rule12MLClassifier"":0}",NOT_HIRES,44100,16,21250.0,0.0,1.821e-06,nan,754,17.74,0.544
fd-exchange-v2-2026-08-0170.flac,6278808,1.13.0,0,AUTHENTIC,stereo,"{""Rule8NyquistException"":0,""Rule1MP3Bitrate"":0,""Rule2Cutoff"":0,""Rule424BitSuspect"":0,""Rule5HighVariance"":0,""Rule6HighQualityProtection"":0,""Rule13MDCTAlignment"":0,""Rule14TemporalSeam"":0,""Rule15StereoSeam"":0,""Rule12MLClassifier"":0}",NOT_HIRES,44100,16,20000.0,0.0,1.792e-07,-46.9,837,9.94,0.563
fd-exchange-v2-2026-08-0171.flac,5128534,1.13.0,93,FAKE_CERTAIN,cnn+spectral+stereo+temporal,"{""Rule8NyquistException"":0,""Rule11CassetteDetection"":0,""Rule1MP3Bitrate"":50,""Rule2Cutoff"":13,""Rule424BitSuspect"":0,""Rule5HighVariance"":0,""Rule6HighQualityProtection"":0,""Rule14TemporalSeam"":0,""Rule15StereoSeam"":0,""Rule10Consistency"":0,""Rule12MLClassifier"":30}",NOT_HIRES,44100,16,17250.0,0.0,4.585e-07,nan,684,2.69,0.912
fd-exchange-v2-2026-08-0172.flac,4845995,1.13.0,85,FAKE_CERTAIN,cnn+mdct+stereo,"{""Rule8NyquistException"":-50,""Rule1MP3Bitrate"":0,""Rule2Cutoff"":0,""Rule424BitSuspect"":0,""Rule5HighVariance"":0,""Rule6HighQualityProtection"":0,""Rule13MDCTAlignment"":55,""_calculator"":50,""Rule14TemporalSeam"":0,""Rule15StereoSeam"":0,""Rule12MLClassifier"":30}",NOT_HIRES,44100,16,22050.0,0.0,6.387e-06,nan,646,3.70,0.422
fd-exchange-v2-2026-08-0173.flac,5226741,1.13.0,39,WARNING,cnn+stereo+temporal,"{""Rule8NyquistException"":0,""Rule11CassetteDetection"":0,""Rule1MP3Bitrate"":0,""Rule2Cutoff"":18,""Rule424BitSuspect"":0,""Rule5HighVariance"":0,""Rule6HighQualityProtection"":0,""Rule14TemporalSeam"":0,""Rule15StereoSeam"":0,""Rule12MLClassifier"":21}",NOT_HIRES,44100,16,16250.0,0.0,1.889e-07,nan,697,5.10,0.795
fd-exchange-v2-2026-08-0174.flac,4216644,1.13.0,70,FAKE_CERTAIN,cnn+spectral+temporal,"{""Rule8NyquistException"":0,""Rule11CassetteDetection"":0,""Rule1MP3Bitrate"":50,""Rule2Cutoff"":20,""Rule424BitSuspect"":0,""Rule5HighVariance"":0,""Rule6HighQualityProtection"":0,""Rule14TemporalSeam"":0,""Rule15StereoSeam"":0,""Rule10Consistency"":-30,""Rule12MLClassifier"":30}",NOT_HIRES,44100,16,16000.0,0.0,2.417e-09,nan,562,1.41,0.646
fd-exchange-v2-2026-08-0175.flac,5630874,1.13.0,55,SUSPICIOUS,mdct,"{""Rule8NyquistException"":-50,""Rule1MP3Bitrate"":0,""Rule2Cutoff"":0,""Rule424BitSuspect"":0,""Rule5HighVariance"":0,""Rule6HighQualityProtection"":0,""Rule13MDCTAlignment"":55,""_calculator"":50,""Rule14TemporalSeam"":0,""Rule15StereoSeam"":0,""Rule12MLClassifier"":0}",NOT_HIRES,44100,16,22050.0,0.0,2.852e-05,nan,751,0.00,0.291
fd-exchange-v2-2026-08-0176.flac,5143383,1.13.0,123,FAKE_CERTAIN,mdct+spectral+stereo+temporal,"{""Rule8NyquistException"":0,""Rule11CassetteDetection"":0,""Rule1MP3Bitrate"":50,""Rule2Cutoff"":18,""Rule424BitSuspect"":0,""Rule5HighVariance"":0,""Rule6HighQualityProtection"":0,""Rule13MDCTAlignment"":55,""Rule14TemporalSeam"":0,""Rule15StereoSeam"":0}",NOT_HIRES,48000,16,18250.0,0.0,5.602e-05,nan,686,16.59,0.779
fd-exchange-v2-2026-08-0177.flac,3233735,1.13.0,55,FAKE_CERTAIN,mdct+stereo,"{""Rule8NyquistException"":0,""Rule1MP3Bitrate"":0,""Rule2Cutoff"":0,""Rule424BitSuspect"":0,""Rule5HighVariance"":0,""Rule6HighQualityProtection"":0,""Rule13MDCTAlignment"":55,""Rule14TemporalSeam"":0,""Rule15StereoSeam"":0,""Rule12MLClassifier"":0}",NOT_HIRES,44100,16,20000.0,0.0,4.576e-07,-39.5,672,3.34,0.581
fd-exchange-v2-2026-08-0178.flac,5679953,1.13.0,32,WARNING,stereo+temporal,"{""Rule8NyquistException"":0,""Rule11CassetteDetection"":0,""Rule1MP3Bitrate"":0,""Rule2Cutoff"":13,""Rule424BitSuspect"":0,""Rule5HighVariance"":0,""Rule6HighQualityProtection"":0,""Rule14TemporalSeam"":0,""Rule15StereoSeam"":0,""Rule12MLClassifier"":19}",NOT_HIRES,44100,16,17250.0,0.0,2.764e-07,nan,757,10.03,0.879
fd-exchange-v2-2026-08-0179.flac,6037599,1.13.0,0,AUTHENTIC,stereo,"{""Rule8NyquistException"":0,""Rule1MP3Bitrate"":0,""Rule2Cutoff"":0,""Rule424BitSuspect"":0,""Rule5HighVariance"":0,""Rule6HighQualityProtection"":0,""Rule13MDCTAlignment"":0,""Rule14TemporalSeam"":0,""Rule15StereoSeam"":0,""Rule12MLClassifier"":0}",NOT_HIRES,44100,16,20000.0,0.0,4.917e-07,-52.3,805,10.13,0.462
fd-exchange-v2-2026-08-0180.flac,6430977,1.13.0,16,AUTHENTIC,stereo+temporal,"{""Rule8NyquistException"":0,""Rule11CassetteDetection"":0,""Rule1MP3Bitrate"":0,""Rule2Cutoff"":16,""Rule424BitSuspect"":0,""Rule5HighVariance"":0,""Rule6HighQualityProtection"":0,""Rule14TemporalSeam"":0,""Rule15StereoSeam"":0,""Rule12MLClassifier"":0}",NOT_HIRES,44100,16,16750.0,0.0,7.132e-09,nan,857,17.10,0.677
fd-exchange-v2-2026-08-0181.flac,4886591,1.13.0,63,FAKE_CERTAIN,spectral+stereo+temporal,"{""Rule8NyquistException"":0,""Rule11CassetteDetection"":0,""Rule1MP3Bitrate"":50,""Rule2Cutoff"":13,""Rule424BitSuspect"":0,""Rule5HighVariance"":0,""Rule6HighQualityProtection"":0,""Rule14TemporalSeam"":0,""Rule15StereoSeam"":0,""Rule10Consistency"":0,""Rule12MLClassifier"":0}",NOT_HIRES,44100,16,17250.0,0.0,3.482e-06,nan,652,2.24,0.923
fd-exchange-v2-2026-08-0182.flac,5348924,1.13.0,91,FAKE_CERTAIN,cnn+spectral+stereo+temporal,"{""Rule8NyquistException"":0,""Rule11CassetteDetection"":0,""Rule1MP3Bitrate"":50,""Rule2Cutoff"":11,""Rule424BitSuspect"":0,""Rule5HighVariance"":0,""Rule6HighQualityProtection"":0,""Rule14TemporalSeam"":0,""Rule15StereoSeam"":0,""Rule10Consistency"":0,""Rule12MLClassifier"":30}",NOT_HIRES,44100,16,17750.0,0.0,4.664e-07,nan,713,7.25,0.777
fd-exchange-v2-2026-08-0183.flac,7297939,1.13.0,55,FAKE_CERTAIN,mdct+stereo,"{""Rule8NyquistException"":-30,""Rule1MP3Bitrate"":0,""Rule2Cutoff"":0,""Rule424BitSuspect"":0,""Rule5HighVariance"":0,""Rule6HighQualityProtection"":0,""Rule13MDCTAlignment"":55,""_calculator"":30,""Rule14TemporalSeam"":0,""Rule15StereoSeam"":0,""Rule12MLClassifier"":0}",NOT_HIRES,44100,16,21500.0,0.0,5.467e-06,nan,973,2.00,0.515
fd-exchange-v2-2026-08-0184.flac,5372391,1.13.0,43,WARNING,spectral+temporal,"{""Rule8NyquistException"":0,""Rule11CassetteDetection"":0,""Rule1MP3Bitrate"":50,""Rule2Cutoff"":13,""Rule424BitSuspect"":0,""Rule5HighVariance"":0,""Rule6HighQualityProtection"":0,""Rule14TemporalSeam"":0,""Rule15StereoSeam"":0,""Rule10Consistency"":-20,""Rule12MLClassifier"":0}",NOT_HIRES,44100,16,17250.0,0.0,3.568e-07,nan,716,1.09,0.734
fd-exchange-v2-2026-08-0185.flac,5157839,1.13.0,18,AUTHENTIC,,"{""Rule8NyquistException"":0,""Rule11CassetteDetection"":0,""Rule1MP3Bitrate"":0,""Rule2Cutoff"":18,""Rule424BitSuspect"":0,""Rule5HighVariance"":0,""Rule6HighQualityProtection"":0,""Rule14TemporalSeam"":0,""Rule15StereoSeam"":0,""Rule12MLClassifier"":0}",NOT_HIRES,44100,16,16250.0,0.0,1.278e-08,nan,688,1.35,0.495
fd-exchange-v2-2026-08-0186.flac,3561127,1.13.0,0,AUTHENTIC,,"{""Rule8NyquistException"":-50,""Rule1MP3Bitrate"":0,""Rule2Cutoff"":0,""Rule424BitSuspect"":0,""Rule5HighVariance"":0,""Rule6HighQualityProtection"":0,""Rule13MDCTAlignment"":0,""Rule14TemporalSeam"":0,""Rule15StereoSeam"":0,""Rule12MLClassifier"":13}",NOT_HIRES,44100,16,22050.0,0.0,1.081e-06,nan,578,1.14,0.467
fd-exchange-v2-2026-08-0187.flac,5145043,1.13.0,93,FAKE_CERTAIN,cnn+spectral+stereo+temporal,"{""Rule8NyquistException"":0,""Rule11CassetteDetection"":0,""Rule1MP3Bitrate"":50,""Rule2Cutoff"":13,""Rule424BitSuspect"":0,""Rule5HighVariance"":0,""Rule6HighQualityProtection"":0,""Rule14TemporalSeam"":0,""Rule15StereoSeam"":0,""Rule10Consistency"":0,""Rule12MLClassifier"":30}",NOT_HIRES,44100,16,17250.0,0.0,2.030e-06,nan,686,2.62,0.910
fd-exchange-v2-2026-08-0188.flac,4804364,1.13.0,115,FAKE_CERTAIN,mdct+spectral+stereo,"{""Rule8NyquistException"":0,""Rule11CassetteDetection"":0,""Rule1MP3Bitrate"":50,""Rule2Cutoff"":10,""Rule424BitSuspect"":0,""Rule5HighVariance"":0,""Rule6HighQualityProtection"":0,""Rule13MDCTAlignment"":55,""Rule14TemporalSeam"":0,""Rule15StereoSeam"":0}",NOT_HIRES,44100,16,18000.0,0.0,4.061e-08,nan,641,12.45,0.505
fd-exchange-v2-2026-08-0189.flac,6625189,1.13.0,82,FAKE_CERTAIN,cnn+spectral+stereo+temporal,"{""Rule8NyquistException"":0,""Rule1MP3Bitrate"":50,""Rule2Cutoff"":2,""Rule424BitSuspect"":0,""Rule5HighVariance"":0,""Rule6HighQualityProtection"":0,""Rule7SilenceAnalysis"":0,""Rule13MDCTAlignment"":0,""Rule14TemporalSeam"":0,""Rule15StereoSeam"":0,""Rule10Consistency"":0,""Rule12MLClassifier"":30}",NOT_HIRES,44100,16,19500.0,0.0,1.310e-05,-59.5,883,10.62,0.629
fd-exchange-v2-2026-08-0190.flac,6206372,1.13.0,55,SUSPICIOUS,mdct,"{""Rule8NyquistException"":-50,""Rule1MP3Bitrate"":0,""Rule2Cutoff"":0,""Rule424BitSuspect"":0,""Rule5HighVariance"":0,""Rule6HighQualityProtection"":0,""Rule13MDCTAlignment"":55,""_calculator"":50,""Rule14TemporalSeam"":0,""Rule15StereoSeam"":0,""Rule12MLClassifier"":0}",NOT_HIRES,48000,16,24000.0,0.0,5.875e-07,nan,827,1.60,0.336
fd-exchange-v2-2026-08-0191.flac,3776659,1.13.0,55,SUSPICIOUS,mdct,"{""Rule8NyquistException"":-50,""Rule1MP3Bitrate"":0,""Rule2Cutoff"":0,""Rule424BitSuspect"":0,""Rule5HighVariance"":0,""Rule6HighQualityProtection"":0,""Rule13MDCTAlignment"":55,""_calculator"":50,""Rule14TemporalSeam"":0,""Rule15StereoSeam"":0,""Rule12MLClassifier"":0}",NOT_HIRES,44100,16,22050.0,0.0,1.105e-06,nan,613,1.05,0.439
fd-exchange-v2-2026-08-0192.flac,6042993,1.13.0,0,AUTHENTIC,,"{""Rule8NyquistException"":-30,""Rule1MP3Bitrate"":0,""Rule2Cutoff"":0,""Rule424BitSuspect"":0,""Rule5HighVariance"":0,""Rule6HighQualityProtection"":0,""Rule13MDCTAlignment"":0,""Rule14TemporalSeam"":0,""Rule15StereoSeam"":0,""Rule12MLClassifier"":0}",NOT_HIRES,44100,16,21250.0,0.0,4.962e-07,nan,806,1.07,0.210
fd-exchange-v2-2026-08-0193.flac,7581185,1.13.0,0,AUTHENTIC,stereo,"{""Rule8NyquistException"":-50,""Rule1MP3Bitrate"":0,""Rule2Cutoff"":0,""Rule424BitSuspect"":0,""Rule5HighVariance"":0,""Rule6HighQualityProtection"":0,""Rule13MDCTAlignment"":0,""Rule14TemporalSeam"":0,""Rule15StereoSeam"":0,""Rule12MLClassifier"":0}",GENUINE_HIRES,96000,16,48000.0,0.0,1.606e-08,nan,1011,2.29,0.295
fd-exchange-v2-2026-08-0194.flac,6672358,1.13.0,12,AUTHENTIC,,"{""Rule8NyquistException"":0,""Rule11CassetteDetection"":0,""Rule1MP3Bitrate"":0,""Rule2Cutoff"":12,""Rule424BitSuspect"":0,""Rule5HighVariance"":0,""Rule6HighQualityProtection"":0,""Rule14TemporalSeam"":0,""Rule15StereoSeam"":0,""Rule12MLClassifier"":0}",NOT_HIRES,44100,16,17500.0,0.0,6.191e-07,nan,890,0.00,0.366
fd-exchange-v2-2026-08-0195.flac,6128718,1.13.0,0,AUTHENTIC,stereo+temporal,"{""Rule8NyquistException"":0,""Rule1MP3Bitrate"":0,""Rule2Cutoff"":0,""Rule424BitSuspect"":0,""Rule5HighVariance"":0,""Rule6HighQualityProtection"":0,""Rule13MDCTAlignment"":0,""Rule14TemporalSeam"":0,""Rule15StereoSeam"":0,""Rule12MLClassifier"":0}",NOT_HIRES,44100,16,20250.0,0.0,1.974e-07,-45.8,817,8.65,0.647
fd-exchange-v2-2026-08-0196.flac,5076971,1.13.0,18,AUTHENTIC,stereo,"{""Rule8NyquistException"":0,""Rule11CassetteDetection"":0,""Rule1MP3Bitrate"":0,""Rule2Cutoff"":18,""Rule424BitSuspect"":0,""Rule5HighVariance"":0,""Rule6HighQualityProtection"":0,""Rule14TemporalSeam"":0,""Rule15StereoSeam"":0,""Rule12MLClassifier"":0}",NOT_HIRES,44100,16,16250.0,0.0,7.950e-09,nan,677,3.78,0.546
fd-exchange-v2-2026-08-0197.flac,6608987,1.13.0,32,WARNING,cnn+stereo,"{""Rule8NyquistException"":0,""Rule1MP3Bitrate"":0,""Rule2Cutoff"":2,""Rule424BitSuspect"":0,""Rule5HighVariance"":0,""Rule6HighQualityProtection"":0,""Rule13MDCTAlignment"":0,""Rule14TemporalSeam"":0,""Rule15StereoSeam"":0,""Rule12MLClassifier"":30}",NOT_HIRES,44100,16,19500.0,0.0,1.256e-05,-46.0,881,9.16,0.508
fd-exchange-v2-2026-08-0198.flac,6216403,1.13.0,107,FAKE_CERTAIN,mdct+spectral+stereo+temporal,"{""Rule8NyquistException"":0,""Rule1MP3Bitrate"":50,""Rule2Cutoff"":2,""Rule424BitSuspect"":0,""Rule5HighVariance"":0,""Rule6HighQualityProtection"":0,""Rule7SilenceAnalysis"":0,""Rule13MDCTAlignment"":55,""Rule14TemporalSeam"":0,""Rule15StereoSeam"":0}",NOT_HIRES,44100,16,19500.0,0.0,3.423e-06,-55.4,829,5.18,0.862
fd-exchange-v2-2026-08-0199.flac,6597547,1.13.0,87,FAKE_CERTAIN,cnn+mdct+stereo,"{""Rule8NyquistException"":0,""Rule1MP3Bitrate"":0,""Rule2Cutoff"":2,""Rule424BitSuspect"":0,""Rule5HighVariance"":0,""Rule6HighQualityProtection"":0,""Rule13MDCTAlignment"":55,""Rule14TemporalSeam"":0,""Rule15StereoSeam"":0,""Rule12MLClassifier"":30}",NOT_HIRES,44100,16,19500.0,0.0,1.186e-05,-44.9,880,4.53,0.505
fd-exchange-v2-2026-08-0200.flac,5229383,1.13.0,60,SUSPICIOUS,mdct,"{""Rule8NyquistException"":0,""Rule1MP3Bitrate"":0,""Rule2Cutoff"":2,""Rule424BitSuspect"":0,""Rule5HighVariance"":0,""Rule6HighQualityProtection"":0,""Rule13MDCTAlignment"":55,""Rule14TemporalSeam"":0,""Rule15StereoSeam"":0,""Rule12MLClassifier"":3}",NOT_HIRES,44100,16,19500.0,0.0,4.862e-07,-41.7,697,1.27,0.333
fd-exchange-v2-2026-08-0201.flac,6035703,1.13.0,55,FAKE_CERTAIN,mdct+stereo,"{""Rule8NyquistException"":-50,""Rule1MP3Bitrate"":0,""Rule2Cutoff"":0,""Rule424BitSuspect"":0,""Rule5HighVariance"":0,""Rule6HighQualityProtection"":0,""Rule13MDCTAlignment"":55,""_calculator"":50,""Rule14TemporalSeam"":0,""Rule15StereoSeam"":0,""Rule12MLClassifier"":0}",NOT_HIRES,44100,16,22050.0,0.0,1.677e-06,nan,805,4.66,0.257
fd-exchange-v2-2026-08-0202.flac,5795540,1.13.0,55,SUSPICIOUS,mdct,"{""Rule8NyquistException"":-50,""Rule1MP3Bitrate"":0,""Rule2Cutoff"":0,""Rule424BitSuspect"":0,""Rule5HighVariance"":0,""Rule6HighQualityProtection"":0,""Rule13MDCTAlignment"":55,""_calculator"":50,""Rule14TemporalSeam"":0,""Rule15StereoSeam"":0,""Rule12MLClassifier"":0}",NOT_HIRES,44100,16,22050.0,0.0,2.405e-06,nan,773,1.74,0.499
fd-exchange-v2-2026-08-0203.flac,4988725,1.13.0,20,AUTHENTIC,spectral+stereo+temporal,"{""Rule8NyquistException"":0,""Rule11CassetteDetection"":0,""Rule1MP3Bitrate"":0,""Rule2Cutoff"":20,""Rule424BitSuspect"":0,""Rule5HighVariance"":0,""Rule6HighQualityProtection"":0,""Rule14TemporalSeam"":0,""Rule15StereoSeam"":0,""Rule12MLClassifier"":0}",NOT_HIRES,44100,16,16000.0,0.0,4.248e-09,nan,665,5.32,0.796
fd-exchange-v2-2026-08-0204.flac,6207556,1.13.0,85,FAKE_CERTAIN,cnn+spectral+stereo+temporal,"{""Rule8NyquistException"":0,""Rule1MP3Bitrate"":50,""Rule2Cutoff"":8,""Rule424BitSuspect"":0,""Rule5HighVariance"":0,""Rule6HighQualityProtection"":0,""Rule7SilenceAnalysis"":0,""Rule13MDCTAlignment"":0,""Rule14TemporalSeam"":0,""Rule15StereoSeam"":0,""Rule10Consistency"":0,""Rule12MLClassifier"":27}",NOT_HIRES,48000,16,20250.0,0.0,2.289e-05,nan,828,2.62,0.680
fd-exchange-v2-2026-08-0205.flac,4277176,1.13.0,0,AUTHENTIC,stereo,"{""Rule8NyquistException"":-50,""Rule1MP3Bitrate"":0,""Rule2Cutoff"":0,""Rule424BitSuspect"":0,""Rule5HighVariance"":0,""Rule6HighQualityProtection"":0,""Rule13MDCTAlignment"":0,""Rule14TemporalSeam"":0,""Rule15StereoSeam"":0,""Rule12MLClassifier"":0}",NOT_HIRES,48000,16,24000.0,0.0,4.593e-09,nan,570,4.23,0.600
fd-exchange-v2-2026-08-0206.flac,5398227,1.13.0,93,FAKE_CERTAIN,cnn+spectral+stereo+temporal,"{""Rule8NyquistException"":0,""Rule11CassetteDetection"":0,""Rule1MP3Bitrate"":50,""Rule2Cutoff"":13,""Rule424BitSuspect"":0,""Rule5HighVariance"":0,""Rule6HighQualityProtection"":0,""Rule14TemporalSeam"":0,""Rule15StereoSeam"":0,""Rule10Consistency"":0,""Rule12MLClassifier"":30}",NOT_HIRES,44100,16,17250.0,0.0,1.135e-06,nan,720,6.64,0.907
fd-exchange-v2-2026-08-0207.flac,5295972,1.13.0,0,AUTHENTIC,,"{""Rule8NyquistException"":-50,""Rule1MP3Bitrate"":0,""Rule2Cutoff"":0,""Rule424BitSuspect"":0,""Rule5HighVariance"":0,""Rule6HighQualityProtection"":0,""Rule13MDCTAlignment"":0,""Rule14TemporalSeam"":0,""Rule15StereoSeam"":0,""Rule12MLClassifier"":0}",NOT_HIRES,44100,16,22050.0,0.0,3.400e-06,nan,706,1.00,0.408
fd-exchange-v2-2026-08-0208.flac,3698473,1.13.0,11,AUTHENTIC,,"{""Rule8NyquistException"":0,""Rule1MP3Bitrate"":0,""Rule2Cutoff"":0,""Rule424BitSuspect"":0,""Rule5HighVariance"":0,""Rule6HighQualityProtection"":0,""Rule13MDCTAlignment"":0,""Rule14TemporalSeam"":0,""Rule15StereoSeam"":0,""Rule12MLClassifier"":11}",NOT_HIRES,44100,16,20000.0,0.0,1.053e-06,-36.3,601,1.72,0.473
fd-exchange-v2-2026-08-0209.flac,1786078,1.13.0,0,AUTHENTIC,,"{""Rule8NyquistException"":-50,""Rule1MP3Bitrate"":0,""Rule2Cutoff"":0,""Rule424BitSuspect"":0,""Rule5HighVariance"":0,""Rule6HighQualityProtection"":0,""Rule13MDCTAlignment"":0,""Rule14TemporalSeam"":0,""Rule15StereoSeam"":0,""Rule12MLClassifier"":0}",NOT_HIRES,44100,16,21750.0,0.0,4.965e-07,nan,486,1.05,0.454
fd-exchange-v2-2026-08-0210.flac,4962402,1.13.0,48,WARNING,cnn+stereo+temporal,"{""Rule8NyquistException"":0,""Rule11CassetteDetection"":0,""Rule1MP3Bitrate"":0,""Rule2Cutoff"":18,""Rule424BitSuspect"":0,""Rule5HighVariance"":0,""Rule6HighQualityProtection"":0,""Rule14TemporalSeam"":0,""Rule15StereoSeam"":0,""Rule12MLClassifier"":30}",NOT_HIRES,44100,16,16250.0,0.0,5.515e-09,nan,662,4.16,0.666
fd-exchange-v2-2026-08-0211.flac,5363852,1.13.0,90,FAKE_CERTAIN,cnn+spectral+stereo,"{""Rule8NyquistException"":0,""Rule11CassetteDetection"":0,""Rule1MP3Bitrate"":50,""Rule2Cutoff"":10,""Rule424BitSuspect"":0,""Rule5HighVariance"":0,""Rule6HighQualityProtection"":0,""Rule13MDCTAlignment"":0,""Rule14TemporalSeam"":0,""Rule15StereoSeam"":0,""Rule10Consistency"":0,""Rule12MLClassifier"":30}",NOT_HIRES,44100,16,18000.0,0.0,5.317e-07,nan,715,5.32,0.525
fd-exchange-v2-2026-08-0212.flac,6562231,1.13.0,12,AUTHENTIC,stereo,"{""Rule8NyquistException"":0,""Rule11CassetteDetection"":0,""Rule1MP3Bitrate"":0,""Rule2Cutoff"":12,""Rule424BitSuspect"":0,""Rule5HighVariance"":0,""Rule6HighQualityProtection"":0,""Rule14TemporalSeam"":0,""Rule15StereoSeam"":0,""Rule12MLClassifier"":0}",NOT_HIRES,44100,16,17500.0,0.0,5.566e-07,nan,875,11.39,0.556
fd-exchange-v2-2026-08-0213.flac,5778196,1.13.0,0,AUTHENTIC,,"{""Rule8NyquistException"":-50,""Rule1MP3Bitrate"":0,""Rule2Cutoff"":0,""Rule424BitSuspect"":0,""Rule5HighVariance"":0,""Rule6HighQualityProtection"":0,""Rule13MDCTAlignment"":0,""Rule14TemporalSeam"":0,""Rule15StereoSeam"":0,""Rule12MLClassifier"":0}",NOT_HIRES,44100,16,22050.0,0.0,2.535e-06,nan,770,1.05,0.526
fd-exchange-v2-2026-08-0214.flac,5414281,1.13.0,110,FAKE_CERTAIN,mdct+spectral+stereo,"{""Rule8NyquistException"":0,""Rule1MP3Bitrate"":50,""Rule2Cutoff"":5,""Rule424BitSuspect"":0,""Rule5HighVariance"":0,""Rule6HighQualityProtection"":0,""Rule7SilenceAnalysis"":0,""Rule13MDCTAlignment"":55,""Rule14TemporalSeam"":0,""Rule15StereoSeam"":0}",NOT_HIRES,44100,16,19000.0,0.0,6.797e-07,-50.7,722,5.76,0.417
fd-exchange-v2-2026-08-0215.flac,5151588,1.13.0,20,AUTHENTIC,spectral,"{""Rule8NyquistException"":0,""Rule11CassetteDetection"":0,""Rule1MP3Bitrate"":0,""Rule2Cutoff"":20,""Rule424BitSuspect"":0,""Rule5HighVariance"":0,""Rule6HighQualityProtection"":0,""Rule14TemporalSeam"":0,""Rule15StereoSeam"":0,""Rule12MLClassifier"":0}",NOT_HIRES,44100,16,16000.0,0.0,1.122e-08,nan,687,1.33,0.591
fd-exchange-v2-2026-08-0216.flac,6694411,1.13.0,55,SUSPICIOUS,mdct,"{""Rule8NyquistException"":-50,""Rule1MP3Bitrate"":0,""Rule2Cutoff"":0,""Rule424BitSuspect"":0,""Rule5HighVariance"":0,""Rule6HighQualityProtection"":0,""Rule13MDCTAlignment"":55,""_calculator"":50,""Rule14TemporalSeam"":0,""Rule15StereoSeam"":0,""Rule12MLClassifier"":0}",NOT_HIRES,44100,16,22050.0,0.0,5.329e-06,nan,893,0.00,0.245
fd-exchange-v2-2026-08-0217.flac,6021239,1.13.0,38,WARNING,cnn+stereo+temporal,"{""Rule8NyquistException"":0,""Rule11CassetteDetection"":0,""Rule1MP3Bitrate"":0,""Rule2Cutoff"":8,""Rule424BitSuspect"":0,""Rule5HighVariance"":0,""Rule6HighQualityProtection"":0,""Rule13MDCTAlignment"":0,""Rule14TemporalSeam"":0,""Rule15StereoSeam"":0,""Rule12MLClassifier"":30}",NOT_HIRES,44100,16,18250.0,0.0,5.159e-06,nan,803,5.30,0.670
fd-exchange-v2-2026-08-0218.flac,6145524,1.13.0,55,FAKE_CERTAIN,mdct+stereo+temporal,"{""Rule8NyquistException"":0,""Rule1MP3Bitrate"":0,""Rule2Cutoff"":0,""Rule424BitSuspect"":0,""Rule5HighVariance"":0,""Rule6HighQualityProtection"":0,""Rule13MDCTAlignment"":55,""Rule14TemporalSeam"":0,""Rule15StereoSeam"":0,""Rule12MLClassifier"":0}",NOT_HIRES,44100,16,20000.0,0.0,1.114e-07,-47.2,819,22.60,0.669
fd-exchange-v2-2026-08-0219.flac,5225526,1.13.0,2,AUTHENTIC,,"{""Rule8NyquistException"":0,""Rule1MP3Bitrate"":0,""Rule2Cutoff"":2,""Rule424BitSuspect"":0,""Rule5HighVariance"":0,""Rule6HighQualityProtection"":0,""Rule13MDCTAlignment"":0,""Rule14TemporalSeam"":0,""Rule15StereoSeam"":0,""Rule12MLClassifier"":0}",NOT_HIRES,44100,16,19500.0,0.0,5.043e-07,-44.3,697,1.42,0.331
fd-exchange-v2-2026-08-0220.flac,6313305,1.13.0,43,WARNING,cnn+stereo+temporal,"{""Rule8NyquistException"":0,""Rule11CassetteDetection"":0,""Rule1MP3Bitrate"":0,""Rule2Cutoff"":13,""Rule424BitSuspect"":0,""Rule5HighVariance"":0,""Rule6HighQualityProtection"":0,""Rule14TemporalSeam"":0,""Rule15StereoSeam"":0,""Rule12MLClassifier"":30}",NOT_HIRES,44100,16,17250.0,0.0,5.854e-06,nan,842,10.96,0.892
fd-exchange-v2-2026-08-0221.flac,5835226,1.13.0,55,FAKE_CERTAIN,mdct+stereo,"{""Rule8NyquistException"":-50,""Rule1MP3Bitrate"":0,""Rule2Cutoff"":0,""Rule424BitSuspect"":0,""Rule5HighVariance"":0,""Rule6HighQualityProtection"":0,""Rule13MDCTAlignment"":55,""_calculator"":50,""Rule14TemporalSeam"":0,""Rule15StereoSeam"":0,""Rule12MLClassifier"":0}",NOT_HIRES,44100,16,21750.0,0.0,8.231e-07,nan,778,2.15,0.310
fd-exchange-v2-2026-08-0222.flac,5671252,1.13.0,13,AUTHENTIC,stereo+temporal,"{""Rule8NyquistException"":0,""Rule11CassetteDetection"":0,""Rule1MP3Bitrate"":0,""Rule2Cutoff"":13,""Rule424BitSuspect"":0,""Rule5HighVariance"":0,""Rule6HighQualityProtection"":0,""Rule14TemporalSeam"":0,""Rule15StereoSeam"":0,""Rule12MLClassifier"":0}",NOT_HIRES,44100,16,17250.0,0.0,5.109e-07,nan,756,13.17,0.902
fd-exchange-v2-2026-08-0223.flac,6725662,1.13.0,31,WARNING,cnn+temporal,"{""Rule8NyquistException"":-50,""Rule1MP3Bitrate"":0,""Rule2Cutoff"":0,""Rule424BitSuspect"":0,""Rule5HighVariance"":0,""Rule6HighQualityProtection"":0,""Rule13MDCTAlignment"":0,""Rule14TemporalSeam"":0,""Rule15StereoSeam"":0,""Rule12MLClassifier"":81}",NOT_HIRES,44100,16,22050.0,0.0,6.158e-06,nan,897,0.00,0.619
fd-exchange-v2-2026-08-0224.flac,4283619,1.13.0,0,AUTHENTIC,stereo+temporal,"{""Rule8NyquistException"":-50,""Rule1MP3Bitrate"":0,""Rule2Cutoff"":0,""Rule424BitSuspect"":0,""Rule5HighVariance"":0,""Rule6HighQualityProtection"":0,""Rule13MDCTAlignment"":0,""Rule14TemporalSeam"":0,""Rule15StereoSeam"":0,""Rule12MLClassifier"":0}",NOT_HIRES,44100,16,22050.0,0.0,3.036e-08,nan,571,2.89,0.686
fd-exchange-v2-2026-08-0225.flac,6129655,1.13.0,0,AUTHENTIC,stereo,"{""Rule8NyquistException"":0,""Rule1MP3Bitrate"":0,""Rule2Cutoff"":0,""Rule424BitSuspect"":0,""Rule5HighVariance"":0,""Rule6HighQualityProtection"":0,""Rule13MDCTAlignment"":0,""Rule14TemporalSeam"":0,""Rule15StereoSeam"":0,""Rule12MLClassifier"":0}",NOT_HIRES,44100,16,20000.0,0.0,8.041e-06,-54.4,817,5.70,0.344
fd-exchange-v2-2026-08-0226.flac,6940558,1.13.0,61,FAKE_CERTAIN,cnn+mdct+stereo,"{""Rule8NyquistException"":0,""Rule11CassetteDetection"":0,""Rule1MP3Bitrate"":0,""Rule2Cutoff"":6,""Rule424BitSuspect"":0,""Rule5HighVariance"":0,""Rule6HighQualityProtection"":0,""Rule13MDCTAlignment"":25,""Rule14TemporalSeam"":0,""Rule15StereoSeam"":0,""Rule12MLClassifier"":30}",NOT_HIRES,44100,16,18750.0,0.0,6.744e-07,-57.7,925,21.75,0.561
fd-exchange-v2-2026-08-0227.flac,5371649,1.13.0,86,FAKE_CERTAIN,cnn+spectral+stereo,"{""Rule8NyquistException"":0,""Rule11CassetteDetection"":0,""Rule1MP3Bitrate"":50,""Rule2Cutoff"":6,""Rule424BitSuspect"":0,""Rule5HighVariance"":0,""Rule6HighQualityProtection"":0,""Rule13MDCTAlignment"":0,""Rule14TemporalSeam"":0,""Rule15StereoSeam"":0,""Rule10Consistency"":0,""Rule12MLClassifier"":30}",NOT_HIRES,44100,16,18750.0,0.0,2.180e-05,-55.9,716,3.96,0.538
fd-exchange-v2-2026-08-0228.flac,5252690,1.13.0,56,FAKE_CERTAIN,mdct+stereo,"{""Rule8NyquistException"":0,""Rule1MP3Bitrate"":0,""Rule2Cutoff"":1,""Rule424BitSuspect"":0,""Rule5HighVariance"":0,""Rule6HighQualityProtection"":0,""Rule13MDCTAlignment"":55,""Rule14TemporalSeam"":0,""Rule15StereoSeam"":0,""Rule12MLClassifier"":0}",NOT_HIRES,44100,16,19750.0,0.0,2.768e-07,-42.9,700,5.80,0.528
fd-exchange-v2-2026-08-0229.flac,3399859,1.13.0,0,AUTHENTIC,,"{""Rule8NyquistException"":-50,""Rule1MP3Bitrate"":0,""Rule2Cutoff"":0,""Rule424BitSuspect"":0,""Rule5HighVariance"":0,""Rule6HighQualityProtection"":0,""Rule13MDCTAlignment"":0,""Rule14TemporalSeam"":0,""Rule15StereoSeam"":0,""Rule12MLClassifier"":0}",NOT_HIRES,44100,16,22050.0,0.0,9.392e-07,nan,706,1.00,0.183
fd-exchange-v2-2026-08-0230.flac,5543435,1.13.0,80,FAKE_CERTAIN,cnn+spectral+stereo+temporal,"{""Rule8NyquistException"":0,""Rule1MP3Bitrate"":50,""Rule2Cutoff"":0,""Rule424BitSuspect"":0,""Rule5HighVariance"":0,""Rule6HighQualityProtection"":0,""Rule7SilenceAnalysis"":0,""Rule13MDCTAlignment"":0,""Rule14TemporalSeam"":0,""Rule15StereoSeam"":0,""Rule10Consistency"":0,""Rule12MLClassifier"":30}",NOT_HIRES,44100,16,20000.0,0.0,1.923e-05,-64.2,739,5.73,0.831
fd-exchange-v2-2026-08-0231.flac,3976181,1.13.0,55,SUSPICIOUS,mdct,"{""Rule8NyquistException"":-50,""Rule1MP3Bitrate"":0,""Rule2Cutoff"":0,""Rule424BitSuspect"":0,""Rule5HighVariance"":0,""Rule6HighQualityProtection"":0,""Rule13MDCTAlignment"":55,""_calculator"":50,""Rule14TemporalSeam"":0,""Rule15StereoSeam"":0,""Rule12MLClassifier"":0}",NOT_HIRES,44100,16,22050.0,0.0,9.644e-08,nan,556,1.00,0.520
fd-exchange-v2-2026-08-0232.flac,4449540,1.13.0,85,FAKE_CERTAIN,cnn+mdct+temporal,"{""Rule8NyquistException"":-50,""Rule1MP3Bitrate"":0,""Rule2Cutoff"":0,""Rule424BitSuspect"":0,""Rule5HighVariance"":0,""Rule6HighQualityProtection"":0,""Rule13MDCTAlignment"":55,""_calculator"":50,""Rule14TemporalSeam"":0,""Rule15StereoSeam"":0,""Rule12MLClassifier"":30}",NOT_HIRES,44100,16,22050.0,0.0,1.953e-08,nan,593,1.00,0.653
fd-exchange-v2-2026-08-0233.flac,3920803,1.13.0,55,FAKE_CERTAIN,mdct+stereo+temporal,"{""Rule8NyquistException"":-50,""Rule1MP3Bitrate"":0,""Rule2Cutoff"":0,""Rule424BitSuspect"":0,""Rule5HighVariance"":0,""Rule6HighQualityProtection"":0,""Rule13MDCTAlignment"":55,""_calculator"":50,""Rule14TemporalSeam"":0,""Rule15StereoSeam"":0,""Rule12MLClassifier"":0}",NOT_HIRES,48000,16,24000.0,0.0,9.349e-10,nan,523,5.84,0.790
fd-exchange-v2-2026-08-0234.flac,6644335,1.13.0,80,FAKE_CERTAIN,cnn+spectral+stereo+temporal,"{""Rule8NyquistException"":0,""Rule1MP3Bitrate"":50,""Rule2Cutoff"":0,""Rule424BitSuspect"":0,""Rule5HighVariance"":0,""Rule6HighQualityProtection"":0,""Rule7SilenceAnalysis"":0,""Rule13MDCTAlignment"":0,""Rule14TemporalSeam"":0,""Rule15StereoSeam"":0,""Rule10Consistency"":0,""Rule12MLClassifier"":30}",NOT_HIRES,44100,16,20000.0,0.0,3.487e-06,-57.5,886,3.86,0.673
fd-exchange-v2-2026-08-0235.flac,6054415,1.13.0,55,FAKE_CERTAIN,mdct+stereo,"{""Rule8NyquistException"":-30,""Rule1MP3Bitrate"":0,""Rule2Cutoff"":0,""Rule424BitSuspect"":0,""Rule5HighVariance"":0,""Rule6HighQualityProtection"":0,""Rule13MDCTAlignment"":55,""_calculator"":30,""Rule14TemporalSeam"":0,""Rule15StereoSeam"":0,""Rule12MLClassifier"":0}",NOT_HIRES,44100,16,21500.0,0.0,4.847e-07,nan,807,2.00,0.215
fd-exchange-v2-2026-08-0236.flac,1914865,1.13.0,56,FAKE_CERTAIN,mdct+stereo,"{""Rule8NyquistException"":0,""Rule1MP3Bitrate"":0,""Rule2Cutoff"":1,""Rule424BitSuspect"":0,""Rule5HighVariance"":0,""Rule6HighQualityProtection"":0,""Rule13MDCTAlignment"":55,""Rule14TemporalSeam"":0,""Rule15StereoSeam"":0,""Rule12MLClassifier"":0}",NOT_HIRES,44100,16,19750.0,0.0,6.153e-06,-39.9,569,2.05,0.484
fd-exchange-v2-2026-08-0237.flac,5773899,1.13.0,31,WARNING,cnn+temporal,"{""Rule8NyquistException"":-50,""Rule1MP3Bitrate"":0,""Rule2Cutoff"":0,""Rule424BitSuspect"":0,""Rule5HighVariance"":0,""Rule6HighQualityProtection"":0,""Rule13MDCTAlignment"":0,""Rule14TemporalSeam"":0,""Rule15StereoSeam"":0,""Rule12MLClassifier"":81}",NOT_HIRES,44100,16,22050.0,0.0,1.587e-04,nan,770,1.12,0.637
fd-exchange-v2-2026-08-0238.flac,6287923,1.13.0,55,FAKE_CERTAIN,mdct+stereo,"{""Rule8NyquistException"":0,""Rule1MP3Bitrate"":0,""Rule2Cutoff"":0,""Rule424BitSuspect"":0,""Rule5HighVariance"":0,""Rule6HighQualityProtection"":0,""Rule13MDCTAlignment"":55,""Rule14TemporalSeam"":0,""Rule15StereoSeam"":0,""Rule12MLClassifier"":0}",NOT_HIRES,44100,16,20500.0,0.0,4.407e-06,-49.9,838,5.04,0.454
fd-exchange-v2-2026-08-0239.flac,4240369,1.13.0,64,SUSPICIOUS,mdct,"{""Rule8NyquistException"":-50,""Rule1MP3Bitrate"":0,""Rule2Cutoff"":0,""Rule424BitSuspect"":0,""Rule5HighVariance"":0,""Rule6HighQualityProtection"":0,""Rule13MDCTAlignment"":55,""_calculator"":50,""Rule14TemporalSeam"":0,""Rule15StereoSeam"":0,""Rule12MLClassifier"":9}",NOT_HIRES,44100,16,22050.0,0.0,4.877e-05,nan,565,1.14,0.453
fd-exchange-v2-2026-08-0240.flac,7836802,1.13.0,51,WARNING,cnn+spectral+stereo+temporal,"{""Rule8NyquistException"":0,""Rule11CassetteDetection"":0,""Rule1MP3Bitrate"":0,""Rule2Cutoff"":21,""Rule424BitSuspect"":0,""Rule5HighVariance"":0,""Rule6HighQualityProtection"":0,""Rule14TemporalSeam"":0,""Rule15StereoSeam"":0,""Rule12MLClassifier"":30}",NOT_HIRES,44100,16,15750.0,0.0,7.423e-05,nan,1045,9.44,0.636
fd-exchange-v2-2026-08-0241.flac,6717659,1.13.0,0,AUTHENTIC,,"{""Rule8NyquistException"":-30,""Rule1MP3Bitrate"":0,""Rule2Cutoff"":0,""Rule424BitSuspect"":0,""Rule5HighVariance"":0,""Rule6HighQualityProtection"":0,""Rule13MDCTAlignment"":0,""Rule14TemporalSeam"":0,""Rule15StereoSeam"":0,""Rule12MLClassifier"":0}",NOT_HIRES,44100,16,21500.0,0.0,1.027e-06,nan,896,1.00,0.466
fd-exchange-v2-2026-08-0242.flac,5381894,1.13.0,88,FAKE_CERTAIN,cnn+spectral+stereo,"{""Rule8NyquistException"":0,""Rule11CassetteDetection"":0,""Rule1MP3Bitrate"":50,""Rule2Cutoff"":8,""Rule424BitSuspect"":0,""Rule5HighVariance"":0,""Rule6HighQualityProtection"":0,""Rule13MDCTAlignment"":0,""Rule14TemporalSeam"":0,""Rule15StereoSeam"":0,""Rule10Consistency"":0,""Rule12MLClassifier"":30}",NOT_HIRES,44100,16,18250.0,0.0,1.928e-05,nan,718,9.14,0.547
fd-exchange-v2-2026-08-0243.flac,5023658,1.13.0,112,FAKE_CERTAIN,mdct+spectral+stereo+temporal,"{""Rule8NyquistException"":0,""Rule11CassetteDetection"":0,""Rule1MP3Bitrate"":50,""Rule2Cutoff"":7,""Rule424BitSuspect"":0,""Rule5HighVariance"":0,""Rule6HighQualityProtection"":0,""Rule13MDCTAlignment"":55,""Rule14TemporalSeam"":0,""Rule15StereoSeam"":0}",NOT_HIRES,44100,16,18500.0,0.0,3.376e-07,nan,670,2.37,0.645
fd-exchange-v2-2026-08-0244.flac,6695251,1.13.0,0,AUTHENTIC,stereo+temporal,"{""Rule8NyquistException"":0,""Rule1MP3Bitrate"":0,""Rule2Cutoff"":0,""Rule424BitSuspect"":0,""Rule5HighVariance"":0,""Rule6HighQualityProtection"":0,""Rule13MDCTAlignment"":0,""Rule14TemporalSeam"":0,""Rule15StereoSeam"":0,""Rule12MLClassifier"":0}",NOT_HIRES,44100,16,20000.0,0.0,9.577e-07,-54.6,893,11.67,0.675
fd-exchange-v2-2026-08-0245.flac,3896157,1.13.0,0,AUTHENTIC,,"{""Rule8NyquistException"":0,""Rule1MP3Bitrate"":0,""Rule2Cutoff"":0,""Rule424BitSuspect"":0,""Rule5HighVariance"":0,""Rule6HighQualityProtection"":0,""Rule13MDCTAlignment"":0,""Rule14TemporalSeam"":0,""Rule15StereoSeam"":0,""Rule12MLClassifier"":0}",NOT_HIRES,44100,16,20000.0,0.0,6.502e-08,-36.2,545,1.38,0.537
fd-exchange-v2-2026-08-0246.flac,5655325,1.13.0,85,FAKE_CERTAIN,cnn+mdct+temporal,"{""Rule8NyquistException"":-30,""Rule1MP3Bitrate"":0,""Rule2Cutoff"":0,""Rule424BitSuspect"":0,""Rule5HighVariance"":0,""Rule6HighQualityProtection"":0,""Rule13MDCTAlignment"":55,""_calculator"":30,""Rule14TemporalSeam"":0,""Rule15StereoSeam"":0,""Rule12MLClassifier"":30}",NOT_HIRES,44100,16,21500.0,0.0,1.913e-05,nan,754,1.33,0.602
fd-exchange-v2-2026-08-0247.flac,5442140,1.13.0,31,WARNING,cnn+temporal,"{""Rule8NyquistException"":0,""Rule1MP3Bitrate"":0,""Rule2Cutoff"":0,""Rule424BitSuspect"":0,""Rule5HighVariance"":0,""Rule6HighQualityProtection"":0,""Rule13MDCTAlignment"":0,""Rule14TemporalSeam"":0,""Rule15StereoSeam"":0,""Rule12MLClassifier"":31}",NOT_HIRES,44100,16,20000.0,0.0,7.254e-06,-50.5,726,1.64,0.677
fd-exchange-v2-2026-08-0248.flac,6112097,1.13.0,48,WARNING,cnn+stereo+temporal,"{""Rule8NyquistException"":0,""Rule11CassetteDetection"":0,""Rule1MP3Bitrate"":0,""Rule2Cutoff"":18,""Rule424BitSuspect"":0,""Rule5HighVariance"":0,""Rule6HighQualityProtection"":0,""Rule14TemporalSeam"":0,""Rule15StereoSeam"":0,""Rule12MLClassifier"":30}",NOT_HIRES,44100,16,16250.0,0.0,1.019e-08,nan,815,3.86,0.668
fd-exchange-v2-2026-08-0249.flac,5440184,1.13.0,55,SUSPICIOUS,mdct,"{""Rule8NyquistException"":-50,""Rule1MP3Bitrate"":0,""Rule2Cutoff"":0,""Rule424BitSuspect"":0,""Rule5HighVariance"":0,""Rule6HighQualityProtection"":0,""Rule13MDCTAlignment"":55,""_calculator"":50,""Rule14TemporalSeam"":0,""Rule15StereoSeam"":0,""Rule12MLClassifier"":0}",NOT_HIRES,44100,16,22050.0,0.0,4.208e-07,nan,725,1.20,0.348
fd-exchange-v2-2026-08-0250.flac,6607913,1.13.0,81,FAKE_CERTAIN,cnn+spectral+stereo+temporal,"{""Rule8NyquistException"":0,""Rule1MP3Bitrate"":50,""Rule2Cutoff"":1,""Rule424BitSuspect"":0,""Rule5HighVariance"":0,""Rule6HighQualityProtection"":0,""Rule7SilenceAnalysis"":0,""Rule13MDCTAlignment"":0,""Rule14TemporalSeam"":0,""Rule15StereoSeam"":0,""Rule10Consistency"":0,""Rule12MLClassifier"":30}",NOT_HIRES,44100,16,19750.0,0.0,1.262e-05,-59.1,881,6.21,0.691
fd-exchange-v2-2026-08-0251.flac,3621285,1.13.0,70,FAKE_CERTAIN,spectral+temporal,"{""Rule8NyquistException"":0,""Rule11CassetteDetection"":0,""Rule1MP3Bitrate"":50,""Rule2Cutoff"":20,""Rule424BitSuspect"":0,""Rule5HighVariance"":0,""Rule6HighQualityProtection"":0,""Rule14TemporalSeam"":0,""Rule15StereoSeam"":0,""Rule10Consistency"":0,""Rule12MLClassifier"":0}",NOT_HIRES,44100,16,16000.0,0.0,2.803e-09,nan,506,1.45,0.693
fd-exchange-v2-2026-08-0252.flac,5375060,1.13.0,112,FAKE_CERTAIN,mdct+spectral+stereo,"{""Rule8NyquistException"":0,""Rule11CassetteDetection"":0,""Rule1MP3Bitrate"":50,""Rule2Cutoff"":7,""Rule424BitSuspect"":0,""Rule5HighVariance"":0,""Rule6HighQualityProtection"":0,""Rule13MDCTAlignment"":55,""Rule14TemporalSeam"":0,""Rule15StereoSeam"":0}",NOT_HIRES,44100,16,18500.0,0.0,1.217e-06,nan,717,6.42,0.520
fd-exchange-v2-2026-08-0253.flac,5715765,1.13.0,66,FAKE_CERTAIN,spectral+stereo,"{""Rule8NyquistException"":0,""Rule11CassetteDetection"":0,""Rule1MP3Bitrate"":50,""Rule2Cutoff"":16,""Rule424BitSuspect"":0,""Rule5HighVariance"":0,""Rule6HighQualityProtection"":0,""Rule13MDCTAlignment"":0,""Rule14TemporalSeam"":0,""Rule15StereoSeam"":0,""Rule10Consistency"":0,""Rule12MLClassifier"":0}",NOT_HIRES,48000,16,18750.0,0.0,1.139e-07,nan,762,19.28,0.480
fd-exchange-v2-2026-08-0254.flac,6648000,1.13.0,85,FAKE_CERTAIN,cnn+mdct+stereo,"{""Rule8NyquistException"":-30,""Rule1MP3Bitrate"":0,""Rule2Cutoff"":0,""Rule424BitSuspect"":0,""Rule5HighVariance"":0,""Rule6HighQualityProtection"":0,""Rule13MDCTAlignment"":55,""_calculator"":30,""Rule14TemporalSeam"":0,""Rule15StereoSeam"":0,""Rule12MLClassifier"":30}",NOT_HIRES,44100,16,21500.0,0.0,3.773e-06,nan,886,3.42,0.333
fd-exchange-v2-2026-08-0255.flac,6210812,1.13.0,55,FAKE_CERTAIN,mdct+stereo+temporal,"{""Rule8NyquistException"":0,""Rule1MP3Bitrate"":0,""Rule2Cutoff"":0,""Rule424BitSuspect"":0,""Rule5HighVariance"":0,""Rule6HighQualityProtection"":0,""Rule13MDCTAlignment"":55,""Rule14TemporalSeam"":0,""Rule15StereoSeam"":0,""Rule12MLClassifier"":0}",NOT_HIRES,44100,16,20000.0,0.0,1.551e-07,-45.6,828,18.14,0.629
fd-exchange-v2-2026-08-0256.flac,5578955,1.13.0,80,FAKE_CERTAIN,cnn+spectral+stereo+temporal,"{""Rule8NyquistException"":0,""Rule1MP3Bitrate"":50,""Rule2Cutoff"":0,""Rule424BitSuspect"":0,""Rule5HighVariance"":0,""Rule6HighQualityProtection"":0,""Rule7SilenceAnalysis"":0,""Rule13MDCTAlignment"":0,""Rule14TemporalSeam"":0,""Rule15StereoSeam"":0,""Rule10Consistency"":0,""Rule12MLClassifier"":30}",NOT_HIRES,44100,16,20250.0,0.0,2.691e-05,-55.8,744,3.93,0.630
fd-exchange-v2-2026-08-0257.flac,5674935,1.13.0,28,AUTHENTIC,stereo+temporal,"{""Rule8NyquistException"":0,""Rule11CassetteDetection"":0,""Rule1MP3Bitrate"":0,""Rule2Cutoff"":13,""Rule424BitSuspect"":0,""Rule5HighVariance"":0,""Rule6HighQualityProtection"":0,""Rule14TemporalSeam"":0,""Rule15StereoSeam"":0,""Rule12MLClassifier"":15}",NOT_HIRES,44100,16,17250.0,0.0,3.360e-07,nan,757,11.63,0.813
fd-exchange-v2-2026-08-0258.flac,1778471,1.13.0,13,AUTHENTIC,temporal,"{""Rule8NyquistException"":0,""Rule11CassetteDetection"":0,""Rule1MP3Bitrate"":0,""Rule2Cutoff"":13,""Rule424BitSuspect"":0,""Rule5HighVariance"":0,""Rule6HighQualityProtection"":0,""Rule14TemporalSeam"":0,""Rule15StereoSeam"":0,""Rule12MLClassifier"":0}",NOT_HIRES,44100,16,17250.0,0.0,3.523e-07,nan,484,1.08,0.858
fd-exchange-v2-2026-08-0259.flac,3773510,1.13.0,0,AUTHENTIC,stereo,"{""Rule8NyquistException"":-50,""Rule1MP3Bitrate"":0,""Rule2Cutoff"":0,""Rule424BitSuspect"":0,""Rule5HighVariance"":0,""Rule6HighQualityProtection"":0,""Rule13MDCTAlignment"":0,""Rule14TemporalSeam"":0,""Rule15StereoSeam"":0,""Rule12MLClassifier"":0}",NOT_HIRES,48000,16,24000.0,0.0,4.357e-10,nan,503,9.62,0.479
fd-exchange-v2-2026-08-0260.flac,1569088,1.13.0,37,WARNING,cnn+temporal,"{""Rule8NyquistException"":0,""Rule11CassetteDetection"":0,""Rule1MP3Bitrate"":0,""Rule2Cutoff"":13,""Rule424BitSuspect"":0,""Rule5HighVariance"":0,""Rule6HighQualityProtection"":0,""Rule14TemporalSeam"":0,""Rule15StereoSeam"":0,""Rule12MLClassifier"":24}",NOT_HIRES,44100,16,17250.0,0.0,4.332e-07,nan,347,1.00,0.820
fd-exchange-v2-2026-08-0261.flac,5547504,1.13.0,56,FAKE_CERTAIN,spectral+stereo,"{""Rule8NyquistException"":0,""Rule11CassetteDetection"":0,""Rule1MP3Bitrate"":50,""Rule2Cutoff"":6,""Rule424BitSuspect"":0,""Rule5HighVariance"":0,""Rule6HighQualityProtection"":0,""Rule13MDCTAlignment"":0,""Rule14TemporalSeam"":0,""Rule15StereoSeam"":0,""Rule10Consistency"":0,""Rule12MLClassifier"":0}",NOT_HIRES,44100,16,18750.0,0.0,6.310e-07,-55.1,740,9.43,0.583
fd-exchange-v2-2026-08-0262.flac,5773672,1.13.0,31,WARNING,cnn+stereo,"{""Rule8NyquistException"":-50,""Rule1MP3Bitrate"":0,""Rule2Cutoff"":0,""Rule424BitSuspect"":0,""Rule5HighVariance"":0,""Rule6HighQualityProtection"":0,""Rule13MDCTAlignment"":0,""Rule14TemporalSeam"":0,""Rule15StereoSeam"":0,""Rule12MLClassifier"":81}",NOT_HIRES,44100,16,22050.0,0.0,1.403e-04,nan,770,5.20,0.370
fd-exchange-v2-2026-08-0263.flac,3398867,1.13.0,55,SUSPICIOUS,mdct,"{""Rule8NyquistException"":-50,""Rule1MP3Bitrate"":0,""Rule2Cutoff"":0,""Rule424BitSuspect"":0,""Rule5HighVariance"":0,""Rule6HighQualityProtection"":0,""Rule13MDCTAlignment"":55,""_calculator"":50,""Rule14TemporalSeam"":0,""Rule15StereoSeam"":0,""Rule12MLClassifier"":0}",NOT_HIRES,44100,16,22050.0,0.0,9.377e-07,nan,706,1.00,0.172
fd-exchange-v2-2026-08-0264.flac,4667931,1.13.0,0,AUTHENTIC,,"{""Rule8NyquistException"":-50,""Rule1MP3Bitrate"":0,""Rule2Cutoff"":0,""Rule424BitSuspect"":0,""Rule5HighVariance"":0,""Rule6HighQualityProtection"":0,""Rule13MDCTAlignment"":0,""Rule14TemporalSeam"":0,""Rule15StereoSeam"":0,""Rule12MLClassifier"":0}",NOT_HIRES,44100,16,22050.0,0.0,3.964e-08,nan,622,1.12,0.274
fd-exchange-v2-2026-08-0265.flac,5888990,1.13.0,0,AUTHENTIC,stereo+temporal,"{""Rule8NyquistException"":0,""Rule1MP3Bitrate"":0,""Rule2Cutoff"":0,""Rule424BitSuspect"":0,""Rule5HighVariance"":0,""Rule6HighQualityProtection"":0,""Rule13MDCTAlignment"":0,""Rule14TemporalSeam"":0,""Rule15StereoSeam"":0,""Rule12MLClassifier"":0}",NOT_HIRES,44100,16,20000.0,0.0,6.589e-08,-46.1,785,4.73,0.624
fd-exchange-v2-2026-08-0266.flac,4344072,1.13.0,31,WARNING,cnn+stereo+temporal,"{""Rule8NyquistException"":-50,""Rule1MP3Bitrate"":0,""Rule2Cutoff"":0,""Rule424BitSuspect"":0,""Rule5HighVariance"":0,""Rule6HighQualityProtection"":0,""Rule13MDCTAlignment"":0,""Rule14TemporalSeam"":0,""Rule15StereoSeam"":0,""Rule12MLClassifier"":81}",NOT_HIRES,44100,16,22050.0,0.0,5.267e-05,nan,579,3.50,0.634
fd-exchange-v2-2026-08-0267.flac,3602368,1.13.0,73,FAKE_CERTAIN,cnn+spectral+temporal,"{""Rule8NyquistException"":0,""Rule11CassetteDetection"":0,""Rule1MP3Bitrate"":50,""Rule2Cutoff"":13,""Rule424BitSuspect"":0,""Rule5HighVariance"":0,""Rule6HighQualityProtection"":0,""Rule14TemporalSeam"":0,""Rule15StereoSeam"":0,""Rule10Consistency"":-20,""Rule12MLClassifier"":30}",NOT_HIRES,44100,16,17250.0,0.0,6.813e-07,nan,585,1.90,0.896
fd-exchange-v2-2026-08-0268.flac,5970258,1.13.0,0,AUTHENTIC,,"{""Rule8NyquistException"":-30,""Rule1MP3Bitrate"":0,""Rule2Cutoff"":0,""Rule424BitSuspect"":0,""Rule5HighVariance"":0,""Rule6HighQualityProtection"":0,""Rule13MDCTAlignment"":0,""Rule14TemporalSeam"":0,""Rule15StereoSeam"":0,""Rule12MLClassifier"":0}",NOT_HIRES,44100,16,21500.0,0.0,7.571e-08,nan,796,1.14,0.387
fd-exchange-v2-2026-08-0269.flac,4974618,1.13.0,0,AUTHENTIC,cnn+stereo,"{""Rule8NyquistException"":-50,""Rule1MP3Bitrate"":0,""Rule2Cutoff"":0,""Rule424BitSuspect"":0,""Rule5HighVariance"":0,""Rule6HighQualityProtection"":0,""Rule13MDCTAlignment"":0,""Rule14TemporalSeam"":0,""Rule15StereoSeam"":0,""Rule12MLClassifier"":24}",NOT_HIRES,44100,16,22050.0,0.0,1.885e-06,nan,663,4.90,0.438
fd-exchange-v2-2026-08-0270.flac,5696604,1.13.0,55,FAKE_CERTAIN,mdct+stereo,"{""Rule8NyquistException"":-30,""Rule1MP3Bitrate"":0,""Rule2Cutoff"":0,""Rule424BitSuspect"":0,""Rule5HighVariance"":0,""Rule6HighQualityProtection"":0,""Rule13MDCTAlignment"":55,""_calculator"":30,""Rule14TemporalSeam"":0,""Rule15StereoSeam"":0,""Rule12MLClassifier"":0}",NOT_HIRES,44100,16,21250.0,0.0,2.221e-06,nan,760,12.57,0.515
fd-exchange-v2-2026-08-0271.flac,1733303,1.13.0,0,AUTHENTIC,,"{""Rule8NyquistException"":-50,""Rule1MP3Bitrate"":0,""Rule2Cutoff"":0,""Rule424BitSuspect"":0,""Rule5HighVariance"":0,""Rule6HighQualityProtection"":0,""Rule13MDCTAlignment"":0,""Rule14TemporalSeam"":0,""Rule15StereoSeam"":0,""Rule12MLClassifier"":0}",NOT_HIRES,44100,16,22050.0,0.0,2.136e-06,nan,383,1.00,0.271
fd-exchange-v2-2026-08-0272.flac,6038927,1.13.0,28,AUTHENTIC,spectral+stereo,"{""Rule8NyquistException"":0,""Rule1MP3Bitrate"":50,""Rule2Cutoff"":8,""Rule424BitSuspect"":0,""Rule5HighVariance"":0,""Rule6HighQualityProtection"":0,""Rule7SilenceAnalysis"":0,""Rule13MDCTAlignment"":0,""Rule14TemporalSeam"":0,""Rule15StereoSeam"":0,""Rule10Consistency"":-30,""Rule12MLClassifier"":0}",NOT_HIRES,48000,16,20250.0,0.0,4.716e-07,nan,805,11.86,0.516
fd-exchange-v2-2026-08-0273.flac,1571601,1.13.0,92,FAKE_CERTAIN,cnn+spectral+stereo,"{""Rule8NyquistException"":0,""Rule11CassetteDetection"":0,""Rule1MP3Bitrate"":50,""Rule2Cutoff"":12,""Rule424BitSuspect"":0,""Rule5HighVariance"":0,""Rule6HighQualityProtection"":0,""Rule14TemporalSeam"":0,""Rule15StereoSeam"":0,""Rule10Consistency"":0,""Rule12MLClassifier"":30}",NOT_HIRES,44100,16,17500.0,0.0,7.755e-07,nan,604,2.17,0.526
fd-exchange-v2-2026-08-0274.flac,6529315,1.13.0,13,AUTHENTIC,stereo+temporal,"{""Rule8NyquistException"":0,""Rule11CassetteDetection"":0,""Rule1MP3Bitrate"":0,""Rule2Cutoff"":13,""Rule424BitSuspect"":0,""Rule5HighVariance"":0,""Rule6HighQualityProtection"":0,""Rule14TemporalSeam"":0,""Rule15StereoSeam"":0,""Rule12MLClassifier"":0}",NOT_HIRES,44100,16,17250.0,0.0,5.692e-07,nan,871,20.68,0.918
fd-exchange-v2-2026-08-0275.flac,5688392,1.13.0,0,AUTHENTIC,,"{""Rule8NyquistException"":-30,""Rule1MP3Bitrate"":0,""Rule2Cutoff"":0,""Rule424BitSuspect"":0,""Rule5HighVariance"":0,""Rule6HighQualityProtection"":0,""Rule13MDCTAlignment"":0,""Rule14TemporalSeam"":0,""Rule15StereoSeam"":0,""Rule12MLClassifier"":0}",NOT_HIRES,44100,16,21500.0,0.0,2.008e-05,nan,758,1.00,0.576
fd-exchange-v2-2026-08-0276.flac,5681942,1.13.0,36,WARNING,cnn+stereo+temporal,"{""Rule8NyquistException"":0,""Rule11CassetteDetection"":0,""Rule1MP3Bitrate"":0,""Rule2Cutoff"":15,""Rule424BitSuspect"":0,""Rule5HighVariance"":0,""Rule6HighQualityProtection"":0,""Rule14TemporalSeam"":0,""Rule15StereoSeam"":0,""Rule12MLClassifier"":21}",NOT_HIRES,44100,16,17000.0,0.0,4.374e-09,nan,758,12.02,0.627
fd-exchange-v2-2026-08-0277.flac,5305400,1.13.0,55,SUSPICIOUS,mdct,"{""Rule8NyquistException"":-50,""Rule1MP3Bitrate"":0,""Rule2Cutoff"":0,""Rule424BitSuspect"":0,""Rule5HighVariance"":0,""Rule6HighQualityProtection"":0,""Rule13MDCTAlignment"":55,""_calculator"":50,""Rule14TemporalSeam"":0,""Rule15StereoSeam"":0,""Rule12MLClassifier"":0}",NOT_HIRES,44100,16,22050.0,0.0,3.242e-06,nan,707,1.17,0.392
fd-exchange-v2-2026-08-0278.flac,6427762,1.13.0,41,WARNING,cnn+stereo,"{""Rule8NyquistException"":0,""Rule11CassetteDetection"":0,""Rule1MP3Bitrate"":0,""Rule2Cutoff"":13,""Rule424BitSuspect"":0,""Rule5HighVariance"":0,""Rule6HighQualityProtection"":0,""Rule14TemporalSeam"":0,""Rule15StereoSeam"":0,""Rule12MLClassifier"":28}",NOT_HIRES,44100,16,17250.0,0.0,2.517e-07,nan,857,20.17,0.405
fd-exchange-v2-2026-08-0279.flac,4718430,1.13.0,90,FAKE_CERTAIN,cnn+spectral+stereo+temporal,"{""Rule8NyquistException"":0,""Rule11CassetteDetection"":0,""Rule1MP3Bitrate"":50,""Rule2Cutoff"":10,""Rule424BitSuspect"":0,""Rule5HighVariance"":0,""Rule6HighQualityProtection"":0,""Rule13MDCTAlignment"":0,""Rule14TemporalSeam"":0,""Rule15StereoSeam"":0,""Rule10Consistency"":0,""Rule12MLClassifier"":30}",NOT_HIRES,44100,16,18000.0,0.0,3.531e-08,nan,629,11.39,0.601
fd-exchange-v2-2026-08-0280.flac,4317313,1.13.0,0,AUTHENTIC,stereo+temporal,"{""Rule8NyquistException"":-50,""Rule1MP3Bitrate"":0,""Rule2Cutoff"":0,""Rule424BitSuspect"":0,""Rule5HighVariance"":0,""Rule6HighQualityProtection"":0,""Rule13MDCTAlignment"":0,""Rule14TemporalSeam"":0,""Rule15StereoSeam"":0,""Rule12MLClassifier"":0}",NOT_HIRES,44100,16,22050.0,0.0,2.583e-08,nan,576,4.43,0.858
fd-exchange-v2-2026-08-0281.flac,6611771,1.13.0,12,AUTHENTIC,stereo+temporal,"{""Rule8NyquistException"":0,""Rule11CassetteDetection"":0,""Rule1MP3Bitrate"":0,""Rule2Cutoff"":12,""Rule424BitSuspect"":0,""Rule5HighVariance"":0,""Rule6HighQualityProtection"":0,""Rule14TemporalSeam"":0,""Rule15StereoSeam"":0,""Rule12MLClassifier"":0}",NOT_HIRES,44100,16,17500.0,0.0,5.847e-07,nan,882,12.25,0.607
fd-exchange-v2-2026-08-0282.flac,6686816,1.13.0,50,WARNING,spectral+stereo,"{""Rule8NyquistException"":0,""Rule1MP3Bitrate"":50,""Rule2Cutoff"":0,""Rule424BitSuspect"":0,""Rule5HighVariance"":0,""Rule6HighQualityProtection"":0,""Rule7SilenceAnalysis"":0,""Rule13MDCTAlignment"":0,""Rule14TemporalSeam"":0,""Rule15StereoSeam"":0,""Rule10Consistency"":0,""Rule12MLClassifier"":0}",NOT_HIRES,44100,16,20000.0,0.0,2.481e-07,-56.5,892,9.11,0.547
fd-exchange-v2-2026-08-0283.flac,6800006,1.13.0,31,WARNING,cnn+stereo,"{""Rule8NyquistException"":-50,""Rule1MP3Bitrate"":0,""Rule2Cutoff"":0,""Rule424BitSuspect"":0,""Rule5HighVariance"":0,""Rule6HighQualityProtection"":0,""Rule13MDCTAlignment"":0,""Rule14TemporalSeam"":0,""Rule15StereoSeam"":0,""Rule12MLClassifier"":81}",NOT_HIRES,44100,16,22050.0,0.0,3.146e-05,nan,907,3.38,0.217
fd-exchange-v2-2026-08-0284.flac,6093057,1.13.0,31,WARNING,cnn+stereo+temporal,"{""Rule8NyquistException"":0,""Rule1MP3Bitrate"":0,""Rule2Cutoff"":1,""Rule424BitSuspect"":0,""Rule5HighVariance"":0,""Rule6HighQualityProtection"":0,""Rule13MDCTAlignment"":0,""Rule14TemporalSeam"":0,""Rule15StereoSeam"":0,""Rule12MLClassifier"":30}",NOT_HIRES,44100,16,19750.0,0.0,7.465e-06,-46.5,812,5.41,0.638
fd-exchange-v2-2026-08-0285.flac,3534233,1.13.0,0,AUTHENTIC,stereo,"{""Rule8NyquistException"":0,""Rule1MP3Bitrate"":0,""Rule2Cutoff"":0,""Rule424BitSuspect"":0,""Rule5HighVariance"":0,""Rule6HighQualityProtection"":0,""Rule13MDCTAlignment"":0,""Rule14TemporalSeam"":0,""Rule15StereoSeam"":0,""Rule12MLClassifier"":0}",NOT_HIRES,44100,16,20000.0,0.0,3.309e-07,-31.0,513,2.06,0.485
fd-exchange-v2-2026-08-0286.flac,5584976,1.13.0,0,AUTHENTIC,,"{""Rule8NyquistException"":-30,""Rule1MP3Bitrate"":0,""Rule2Cutoff"":0,""Rule424BitSuspect"":0,""Rule5HighVariance"":0,""Rule6HighQualityProtection"":0,""Rule13MDCTAlignment"":0,""Rule14TemporalSeam"":0,""Rule15StereoSeam"":0,""Rule12MLClassifier"":0}",NOT_HIRES,44100,16,21500.0,0.0,7.483e-07,nan,745,1.08,0.252
fd-exchange-v2-2026-08-0287.flac,7154368,1.13.0,80,FAKE_CERTAIN,cnn+spectral+stereo,"{""Rule8NyquistException"":0,""Rule1MP3Bitrate"":50,""Rule2Cutoff"":0,""Rule424BitSuspect"":0,""Rule5HighVariance"":0,""Rule6HighQualityProtection"":0,""Rule7SilenceAnalysis"":0,""Rule13MDCTAlignment"":0,""Rule14TemporalSeam"":0,""Rule15StereoSeam"":0,""Rule10Consistency"":0,""Rule12MLClassifier"":30}",NOT_HIRES,44100,16,20000.0,0.0,3.779e-06,-61.0,954,16.90,0.577
fd-exchange-v2-2026-08-0288.flac,5998495,1.13.0,64,FAKE_CERTAIN,mdct+stereo,"{""Rule8NyquistException"":0,""Rule1MP3Bitrate"":0,""Rule2Cutoff"":0,""Rule424BitSuspect"":0,""Rule5HighVariance"":0,""Rule6HighQualityProtection"":0,""Rule13MDCTAlignment"":55,""Rule14TemporalSeam"":0,""Rule15StereoSeam"":0,""Rule12MLClassifier"":9}",NOT_HIRES,44100,16,20750.0,0.0,4.817e-07,nan,800,26.10,0.209
fd-exchange-v2-2026-08-0289.flac,4240878,1.13.0,70,FAKE_CERTAIN,cnn+spectral+temporal,"{""Rule8NyquistException"":0,""Rule11CassetteDetection"":0,""Rule1MP3Bitrate"":50,""Rule2Cutoff"":20,""Rule424BitSuspect"":0,""Rule5HighVariance"":0,""Rule6HighQualityProtection"":0,""Rule14TemporalSeam"":0,""Rule15StereoSeam"":0,""Rule10Consistency"":-30,""Rule12MLClassifier"":30}",NOT_HIRES,44100,16,16000.0,0.0,1.779e-09,nan,565,1.42,0.664
fd-exchange-v2-2026-08-0290.flac,5380682,1.13.0,31,WARNING,cnn,"{""Rule8NyquistException"":-50,""Rule1MP3Bitrate"":0,""Rule2Cutoff"":0,""Rule424BitSuspect"":0,""Rule5HighVariance"":0,""Rule6HighQualityProtection"":0,""Rule13MDCTAlignment"":0,""Rule14TemporalSeam"":0,""Rule15StereoSeam"":0,""Rule12MLClassifier"":81}",NOT_HIRES,44100,16,22050.0,0.0,5.577e-06,nan,717,1.00,0.363
fd-exchange-v2-2026-08-0291.flac,4601805,1.13.0,0,AUTHENTIC,,"{""Rule8NyquistException"":-50,""Rule1MP3Bitrate"":0,""Rule2Cutoff"":0,""Rule424BitSuspect"":0,""Rule5HighVariance"":0,""Rule6HighQualityProtection"":0,""Rule13MDCTAlignment"":0,""Rule14TemporalSeam"":0,""Rule15StereoSeam"":0,""Rule12MLClassifier"":0}",NOT_HIRES,48000,16,24000.0,0.0,1.829e-08,nan,614,1.66,0.488
fd-exchange-v2-2026-08-0292.flac,6021249,1.13.0,26,AUTHENTIC,mdct+stereo,"{""Rule8NyquistException"":0,""Rule1MP3Bitrate"":0,""Rule2Cutoff"":1,""Rule424BitSuspect"":0,""Rule5HighVariance"":0,""Rule6HighQualityProtection"":0,""Rule13MDCTAlignment"":25,""Rule14TemporalSeam"":0,""Rule15StereoSeam"":0,""Rule12MLClassifier"":0}",NOT_HIRES,44100,16,19750.0,0.0,1.291e-07,-45.5,803,10.63,0.365
fd-exchange-v2-2026-08-0293.flac,6027450,1.13.0,31,WARNING,cnn+stereo,"{""Rule8NyquistException"":-30,""Rule1MP3Bitrate"":0,""Rule2Cutoff"":0,""Rule424BitSuspect"":0,""Rule5HighVariance"":0,""Rule6HighQualityProtection"":0,""Rule13MDCTAlignment"":0,""Rule14TemporalSeam"":0,""Rule15StereoSeam"":0,""Rule12MLClassifier"":61}",NOT_HIRES,48000,16,23500.0,0.0,1.902e-05,nan,804,2.60,0.423
fd-exchange-v2-2026-08-0294.flac,1845007,1.13.0,55,SUSPICIOUS,mdct,"{""Rule8NyquistException"":-50,""Rule1MP3Bitrate"":0,""Rule2Cutoff"":0,""Rule424BitSuspect"":0,""Rule5HighVariance"":0,""Rule6HighQualityProtection"":0,""Rule13MDCTAlignment"":55,""_calculator"":50,""Rule14TemporalSeam"":0,""Rule15StereoSeam"":0,""Rule12MLClassifier"":0}",NOT_HIRES,44100,16,22050.0,0.0,6.573e-07,nan,503,1.00,0.482
fd-exchange-v2-2026-08-0295.flac,5467925,1.13.0,57,FAKE_CERTAIN,spectral+stereo+temporal,"{""Rule8NyquistException"":0,""Rule11CassetteDetection"":0,""Rule1MP3Bitrate"":50,""Rule2Cutoff"":7,""Rule424BitSuspect"":0,""Rule5HighVariance"":0,""Rule6HighQualityProtection"":0,""Rule13MDCTAlignment"":0,""Rule14TemporalSeam"":0,""Rule15StereoSeam"":0,""Rule10Consistency"":0,""Rule12MLClassifier"":0}",NOT_HIRES,44100,16,18500.0,0.0,1.265e-06,nan,729,4.12,0.643
fd-exchange-v2-2026-08-0296.flac,7269502,1.13.0,50,WARNING,spectral+stereo,"{""Rule8NyquistException"":0,""Rule1MP3Bitrate"":50,""Rule2Cutoff"":0,""Rule424BitSuspect"":0,""Rule5HighVariance"":0,""Rule6HighQualityProtection"":0,""Rule7SilenceAnalysis"":0,""Rule13MDCTAlignment"":0,""Rule14TemporalSeam"":0,""Rule15StereoSeam"":0,""Rule10Consistency"":0,""Rule12MLClassifier"":0}",NOT_HIRES,44100,16,20000.0,0.0,5.378e-06,-63.3,969,11.50,0.530
fd-exchange-v2-2026-08-0297.flac,1790805,1.13.0,0,AUTHENTIC,,"{""Rule8NyquistException"":-50,""Rule1MP3Bitrate"":0,""Rule2Cutoff"":0,""Rule424BitSuspect"":0,""Rule5HighVariance"":0,""Rule6HighQualityProtection"":0,""Rule13MDCTAlignment"":0,""Rule14TemporalSeam"":0,""Rule15StereoSeam"":0,""Rule12MLClassifier"":0}",NOT_HIRES,44100,16,21750.0,0.0,5.954e-07,nan,488,1.07,0.476
fd-exchange-v2-2026-08-0298.flac,5643748,1.13.0,55,SUSPICIOUS,mdct,"{""Rule8NyquistException"":-50,""Rule1MP3Bitrate"":0,""Rule2Cutoff"":0,""Rule424BitSuspect"":0,""Rule5HighVariance"":0,""Rule6HighQualityProtection"":0,""Rule13MDCTAlignment"":55,""_calculator"":50,""Rule14TemporalSeam"":0,""Rule15StereoSeam"":0,""Rule12MLClassifier"":0}",NOT_HIRES,44100,16,22050.0,0.0,2.818e-05,nan,752,0.50,0.286
fd-exchange-v2-2026-08-0299.flac,6512912,1.13.0,31,WARNING,mdct+stereo+temporal,"{""Rule8NyquistException"":0,""Rule11CassetteDetection"":0,""Rule1MP3Bitrate"":0,""Rule2Cutoff"":6,""Rule424BitSuspect"":0,""Rule5HighVariance"":0,""Rule6HighQualityProtection"":0,""Rule13MDCTAlignment"":25,""Rule14TemporalSeam"":0,""Rule15StereoSeam"":0,""Rule12MLClassifier"":0}",NOT_HIRES,44100,16,18750.0,0.0,4.445e-07,-54.3,868,17.17,0.892
fd-exchange-v2-2026-08-0300.flac,5251583,1.13.0,55,SUSPICIOUS,mdct,"{""Rule8NyquistException"":-50,""Rule1MP3Bitrate"":0,""Rule2Cutoff"":0,""Rule424BitSuspect"":0,""Rule5HighVariance"":0,""Rule6HighQualityProtection"":0,""Rule13MDCTAlignment"":55,""_calculator"":50,""Rule14TemporalSeam"":0,""Rule15StereoSeam"":0,""Rule12MLClassifier"":0}",NOT_HIRES,44100,16,22050.0,0.0,6.568e-06,nan,700,1.00,0.242
fd-exchange-v2-2026-08-0301.flac,6854795,1.13.0,80,FAKE_CERTAIN,cnn+spectral+stereo+temporal,"{""Rule8NyquistException"":0,""Rule1MP3Bitrate"":50,""Rule2Cutoff"":0,""Rule424BitSuspect"":0,""Rule5HighVariance"":0,""Rule6HighQualityProtection"":0,""Rule7SilenceAnalysis"":0,""Rule13MDCTAlignment"":0,""Rule14TemporalSeam"":0,""Rule15StereoSeam"":0,""Rule10Consistency"":0,""Rule12MLClassifier"":30}",NOT_HIRES,44100,16,20250.0,0.0,3.096e-05,-64.7,914,10.76,0.700
fd-exchange-v2-2026-08-0302.flac,5242730,1.13.0,55,SUSPICIOUS,mdct,"{""Rule8NyquistException"":-50,""Rule1MP3Bitrate"":0,""Rule2Cutoff"":0,""Rule424BitSuspect"":0,""Rule5HighVariance"":0,""Rule6HighQualityProtection"":0,""Rule13MDCTAlignment"":55,""_calculator"":50,""Rule14TemporalSeam"":0,""Rule15StereoSeam"":0,""Rule12MLClassifier"":0}",NOT_HIRES,44100,16,22050.0,0.0,7.673e-06,nan,699,0.00,0.316
fd-exchange-v2-2026-08-0303.flac,5103892,1.13.0,73,FAKE_CERTAIN,mdct+stereo,"{""Rule8NyquistException"":-50,""Rule1MP3Bitrate"":0,""Rule2Cutoff"":0,""Rule424BitSuspect"":0,""Rule5HighVariance"":0,""Rule6HighQualityProtection"":0,""Rule13MDCTAlignment"":55,""_calculator"":50,""Rule14TemporalSeam"":0,""Rule15StereoSeam"":0,""Rule12MLClassifier"":18}",NOT_HIRES,44100,16,22050.0,0.0,6.102e-06,nan,681,5.38,0.380
fd-exchange-v2-2026-08-0304.flac,6147982,1.13.0,55,SUSPICIOUS,mdct,"{""Rule8NyquistException"":-50,""Rule1MP3Bitrate"":0,""Rule2Cutoff"":0,""Rule424BitSuspect"":0,""Rule5HighVariance"":0,""Rule6HighQualityProtection"":0,""Rule13MDCTAlignment"":55,""_calculator"":50,""Rule14TemporalSeam"":0,""Rule15StereoSeam"":0,""Rule12MLClassifier"":0}",NOT_HIRES,44100,16,22050.0,0.0,2.412e-07,nan,820,1.50,0.381
fd-exchange-v2-2026-08-0305.flac,5954714,1.13.0,0,AUTHENTIC,,"{""Rule8NyquistException"":-30,""Rule1MP3Bitrate"":0,""Rule2Cutoff"":0,""Rule424BitSuspect"":0,""Rule5HighVariance"":0,""Rule6HighQualityProtection"":0,""Rule13MDCTAlignment"":0,""Rule14TemporalSeam"":0,""Rule15StereoSeam"":0,""Rule12MLClassifier"":0}",NOT_HIRES,44100,16,21250.0,0.0,2.208e-06,nan,794,1.35,0.322
fd-exchange-v2-2026-08-0306.flac,7853122,1.13.0,22,AUTHENTIC,spectral+temporal,"{""Rule8NyquistException"":0,""Rule11CassetteDetection"":0,""Rule1MP3Bitrate"":0,""Rule2Cutoff"":22,""Rule424BitSuspect"":0,""Rule5HighVariance"":0,""Rule6HighQualityProtection"":0,""Rule14TemporalSeam"":0,""Rule15StereoSeam"":0,""Rule12MLClassifier"":0}",NOT_HIRES,44100,16,15500.0,0.0,7.326e-05,nan,1047,0.00,0.631
fd-exchange-v2-2026-08-0307.flac,5133027,1.13.0,85,FAKE_CERTAIN,cnn+mdct,"{""Rule8NyquistException"":-50,""Rule1MP3Bitrate"":0,""Rule2Cutoff"":0,""Rule424BitSuspect"":0,""Rule5HighVariance"":0,""Rule6HighQualityProtection"":0,""Rule13MDCTAlignment"":55,""_calculator"":50,""Rule14TemporalSeam"":0,""Rule15StereoSeam"":0,""Rule12MLClassifier"":30}",NOT_HIRES,44100,16,22050.0,0.0,2.465e-06,nan,684,1.15,0.320
fd-exchange-v2-2026-08-0308.flac,3517908,1.13.0,6,AUTHENTIC,temporal,"{""Rule8NyquistException"":0,""Rule11CassetteDetection"":0,""Rule1MP3Bitrate"":0,""Rule2Cutoff"":6,""Rule424BitSuspect"":0,""Rule5HighVariance"":0,""Rule6HighQualityProtection"":0,""Rule13MDCTAlignment"":0,""Rule14TemporalSeam"":0,""Rule15StereoSeam"":0,""Rule12MLClassifier"":0}",NOT_HIRES,44100,16,18750.0,0.0,3.358e-07,-31.2,511,1.98,0.791
fd-exchange-v2-2026-08-0309.flac,5695321,1.13.0,71,FAKE_CERTAIN,spectral+stereo+temporal,"{""Rule8NyquistException"":0,""Rule11CassetteDetection"":0,""Rule1MP3Bitrate"":50,""Rule2Cutoff"":11,""Rule424BitSuspect"":0,""Rule5HighVariance"":0,""Rule6HighQualityProtection"":0,""Rule14TemporalSeam"":0,""Rule15StereoSeam"":0,""Rule10Consistency"":0,""Rule12MLClassifier"":10}",NOT_HIRES,44100,16,17750.0,0.0,4.117e-07,nan,759,10.86,0.759
fd-exchange-v2-2026-08-0310.flac,5510271,1.13.0,112,FAKE_CERTAIN,mdct+spectral,"{""Rule8NyquistException"":0,""Rule11CassetteDetection"":0,""Rule1MP3Bitrate"":50,""Rule2Cutoff"":7,""Rule424BitSuspect"":0,""Rule5HighVariance"":0,""Rule6HighQualityProtection"":0,""Rule13MDCTAlignment"":55,""Rule14TemporalSeam"":0,""Rule15StereoSeam"":0}",NOT_HIRES,44100,16,18500.0,0.0,1.233e-06,nan,735,1.20,0.528
fd-exchange-v2-2026-08-0311.flac,4605203,1.13.0,55,SUSPICIOUS,mdct,"{""Rule8NyquistException"":-50,""Rule1MP3Bitrate"":0,""Rule2Cutoff"":0,""Rule424BitSuspect"":0,""Rule5HighVariance"":0,""Rule6HighQualityProtection"":0,""Rule13MDCTAlignment"":55,""_calculator"":50,""Rule14TemporalSeam"":0,""Rule15StereoSeam"":0,""Rule12MLClassifier"":0}",NOT_HIRES,48000,16,24000.0,0.0,1.985e-08,nan,614,1.56,0.478
fd-exchange-v2-2026-08-0312.flac,6614844,1.13.0,13,AUTHENTIC,stereo+temporal,"{""Rule8NyquistException"":0,""Rule11CassetteDetection"":0,""Rule1MP3Bitrate"":0,""Rule2Cutoff"":13,""Rule424BitSuspect"":0,""Rule5HighVariance"":0,""Rule6HighQualityProtection"":0,""Rule14TemporalSeam"":0,""Rule15StereoSeam"":0,""Rule12MLClassifier"":0}",NOT_HIRES,44100,16,17250.0,0.0,2.882e-07,nan,882,35.90,0.750
fd-exchange-v2-2026-08-0313.flac,1943548,1.13.0,61,SUSPICIOUS,mdct,"{""Rule8NyquistException"":-30,""Rule1MP3Bitrate"":0,""Rule2Cutoff"":0,""Rule424BitSuspect"":0,""Rule5HighVariance"":0,""Rule6HighQualityProtection"":0,""Rule13MDCTAlignment"":55,""_calculator"":30,""Rule14TemporalSeam"":0,""Rule15StereoSeam"":0,""Rule12MLClassifier"":6}",NOT_HIRES,44100,16,21500.0,0.0,6.364e-06,nan,578,1.29,0.464
fd-exchange-v2-2026-08-0314.flac,6329366,1.13.0,55,SUSPICIOUS,mdct,"{""Rule8NyquistException"":-50,""Rule1MP3Bitrate"":0,""Rule2Cutoff"":0,""Rule424BitSuspect"":0,""Rule5HighVariance"":0,""Rule6HighQualityProtection"":0,""Rule13MDCTAlignment"":55,""_calculator"":50,""Rule14TemporalSeam"":0,""Rule15StereoSeam"":0,""Rule12MLClassifier"":0}",NOT_HIRES,48000,16,24000.0,0.0,2.523e-05,nan,844,1.00,0.376
fd-exchange-v2-2026-08-0315.flac,6009976,1.13.0,0,AUTHENTIC,stereo+temporal,"{""Rule8NyquistException"":0,""Rule1MP3Bitrate"":0,""Rule2Cutoff"":0,""Rule424BitSuspect"":0,""Rule5HighVariance"":0,""Rule6HighQualityProtection"":0,""Rule13MDCTAlignment"":0,""Rule14TemporalSeam"":0,""Rule15StereoSeam"":0,""Rule12MLClassifier"":0}",NOT_HIRES,44100,16,20000.0,0.0,1.014e-07,-45.7,801,6.43,0.616
fd-exchange-v2-2026-08-0316.flac,5077493,1.13.0,85,FAKE_CERTAIN,cnn+spectral+stereo,"{""Rule8NyquistException"":0,""Rule1MP3Bitrate"":50,""Rule2Cutoff"":5,""Rule424BitSuspect"":0,""Rule5HighVariance"":0,""Rule6HighQualityProtection"":0,""Rule7SilenceAnalysis"":0,""Rule13MDCTAlignment"":0,""Rule14TemporalSeam"":0,""Rule15StereoSeam"":0,""Rule10Consistency"":0,""Rule12MLClassifier"":30}",NOT_HIRES,44100,16,19000.0,0.0,3.127e-07,-47.7,677,2.41,0.491
fd-exchange-v2-2026-08-0317.flac,1766396,1.13.0,0,AUTHENTIC,,"{""Rule8NyquistException"":-50,""Rule1MP3Bitrate"":0,""Rule2Cutoff"":0,""Rule424BitSuspect"":0,""Rule5HighVariance"":0,""Rule6HighQualityProtection"":0,""Rule13MDCTAlignment"":0,""Rule14TemporalSeam"":0,""Rule15StereoSeam"":0,""Rule12MLClassifier"":0}",NOT_HIRES,44100,16,21750.0,0.0,4.669e-07,nan,481,1.07,0.439
fd-exchange-v2-2026-08-0318.flac,5930031,1.13.0,57,FAKE_CERTAIN,mdct+stereo,"{""Rule8NyquistException"":0,""Rule1MP3Bitrate"":0,""Rule2Cutoff"":2,""Rule424BitSuspect"":0,""Rule5HighVariance"":0,""Rule6HighQualityProtection"":0,""Rule13MDCTAlignment"":55,""Rule14TemporalSeam"":0,""Rule15StereoSeam"":0,""Rule12MLClassifier"":0}",NOT_HIRES,44100,16,19500.0,0.0,9.614e-07,-42.5,791,5.67,0.550
fd-exchange-v2-2026-08-0319.flac,5149292,1.13.0,0,AUTHENTIC,stereo+temporal,"{""Rule8NyquistException"":0,""Rule1MP3Bitrate"":0,""Rule2Cutoff"":0,""Rule424BitSuspect"":0,""Rule5HighVariance"":0,""Rule6HighQualityProtection"":0,""Rule13MDCTAlignment"":0,""Rule14TemporalSeam"":0,""Rule15StereoSeam"":0,""Rule12MLClassifier"":0}",NOT_HIRES,44100,16,20250.0,0.0,7.026e-06,-43.6,687,2.22,0.637
fd-exchange-v2-2026-08-0320.flac,3675071,1.13.0,55,SUSPICIOUS,mdct,"{""Rule8NyquistException"":-30,""Rule1MP3Bitrate"":0,""Rule2Cutoff"":0,""Rule424BitSuspect"":0,""Rule5HighVariance"":0,""Rule6HighQualityProtection"":0,""Rule13MDCTAlignment"":55,""_calculator"":30,""Rule14TemporalSeam"":0,""Rule15StereoSeam"":0,""Rule12MLClassifier"":0}",NOT_HIRES,44100,16,21500.0,0.0,3.812e-07,nan,534,1.28,0.478
fd-exchange-v2-2026-08-0321.flac,7118671,1.13.0,43,WARNING,cnn+stereo+temporal,"{""Rule8NyquistException"":0,""Rule11CassetteDetection"":0,""Rule1MP3Bitrate"":0,""Rule2Cutoff"":13,""Rule424BitSuspect"":0,""Rule5HighVariance"":0,""Rule6HighQualityProtection"":0,""Rule14TemporalSeam"":0,""Rule15StereoSeam"":0,""Rule12MLClassifier"":30}",NOT_HIRES,44100,16,17250.0,0.0,3.859e-06,nan,949,27.45,0.886
fd-exchange-v2-2026-08-0322.flac,7065452,1.13.0,55,FAKE_CERTAIN,mdct+stereo,"{""Rule8NyquistException"":0,""Rule1MP3Bitrate"":0,""Rule2Cutoff"":0,""Rule424BitSuspect"":0,""Rule5HighVariance"":0,""Rule6HighQualityProtection"":0,""Rule13MDCTAlignment"":55,""Rule14TemporalSeam"":0,""Rule15StereoSeam"":0,""Rule12MLClassifier"":0}",NOT_HIRES,48000,16,22750.0,0.0,4.597e-06,nan,942,2.75,0.340
fd-exchange-v2-2026-08-0323.flac,4882330,1.13.0,20,AUTHENTIC,spectral+stereo+temporal,"{""Rule8NyquistException"":0,""Rule11CassetteDetection"":0,""Rule1MP3Bitrate"":0,""Rule2Cutoff"":20,""Rule424BitSuspect"":0,""Rule5HighVariance"":0,""Rule6HighQualityProtection"":0,""Rule14TemporalSeam"":0,""Rule15StereoSeam"":0,""Rule12MLClassifier"":0}",NOT_HIRES,44100,16,16000.0,0.0,5.681e-10,nan,651,5.22,0.707
fd-exchange-v2-2026-08-0324.flac,6208389,1.13.0,83,FAKE_CERTAIN,cnn+spectral+stereo+temporal,"{""Rule8NyquistException"":0,""Rule1MP3Bitrate"":50,""Rule2Cutoff"":7,""Rule424BitSuspect"":0,""Rule5HighVariance"":0,""Rule6HighQualityProtection"":0,""Rule7SilenceAnalysis"":0,""Rule13MDCTAlignment"":0,""Rule14TemporalSeam"":0,""Rule15StereoSeam"":0,""Rule10Consistency"":0,""Rule12MLClassifier"":26}",NOT_HIRES,48000,16,20500.0,0.0,9.209e-05,-71.5,828,9.77,0.692
fd-exchange-v2-2026-08-0325.flac,5895368,1.13.0,95,FAKE_CERTAIN,cnn+spectral+stereo+temporal,"{""Rule8NyquistException"":0,""Rule1MP3Bitrate"":50,""Rule2Cutoff"":15,""Rule424BitSuspect"":0,""Rule5HighVariance"":0,""Rule6HighQualityProtection"":0,""Rule7SilenceAnalysis"":0,""Rule13MDCTAlignment"":0,""Rule14TemporalSeam"":0,""Rule15StereoSeam"":0,""Rule10Consistency"":0,""Rule12MLClassifier"":30}",NOT_HIRES,48000,16,19000.0,0.0,1.858e-05,nan,786,2.45,0.653
fd-exchange-v2-2026-08-0326.flac,5972367,1.13.0,55,FAKE_CERTAIN,cnn+mdct+stereo+temporal,"{""Rule8NyquistException"":-30,""Rule1MP3Bitrate"":0,""Rule2Cutoff"":0,""Rule424BitSuspect"":0,""Rule5HighVariance"":0,""Rule6HighQualityProtection"":0,""Rule13MDCTAlignment"":25,""_calculator"":30,""Rule14TemporalSeam"":0,""Rule15StereoSeam"":0,""Rule12MLClassifier"":30}",NOT_HIRES,44100,16,21000.0,0.0,1.240e-06,nan,796,4.44,0.628
fd-exchange-v2-2026-08-0327.flac,1821698,1.13.0,0,AUTHENTIC,,"{""Rule8NyquistException"":-50,""Rule1MP3Bitrate"":0,""Rule2Cutoff"":0,""Rule424BitSuspect"":0,""Rule5HighVariance"":0,""Rule6HighQualityProtection"":0,""Rule13MDCTAlignment"":0,""Rule14TemporalSeam"":0,""Rule15StereoSeam"":0,""Rule12MLClassifier"":0}",NOT_HIRES,44100,16,22050.0,0.0,6.478e-07,nan,496,1.00,0.467
fd-exchange-v2-2026-08-0328.flac,6330376,1.13.0,0,AUTHENTIC,,"{""Rule8NyquistException"":-50,""Rule1MP3Bitrate"":0,""Rule2Cutoff"":0,""Rule424BitSuspect"":0,""Rule5HighVariance"":0,""Rule6HighQualityProtection"":0,""Rule13MDCTAlignment"":0,""Rule14TemporalSeam"":0,""Rule15StereoSeam"":0,""Rule12MLClassifier"":0}",NOT_HIRES,48000,16,24000.0,0.0,2.661e-05,nan,844,0.00,0.383
fd-exchange-v2-2026-08-0329.flac,6316849,1.13.0,55,FAKE_CERTAIN,mdct+stereo,"{""Rule8NyquistException"":-30,""Rule1MP3Bitrate"":0,""Rule2Cutoff"":0,""Rule424BitSuspect"":0,""Rule5HighVariance"":0,""Rule6HighQualityProtection"":0,""Rule13MDCTAlignment"":55,""_calculator"":30,""Rule14TemporalSeam"":0,""Rule15StereoSeam"":0,""Rule12MLClassifier"":0}",NOT_HIRES,44100,16,21500.0,0.0,1.986e-07,nan,842,4.22,0.280
fd-exchange-v2-2026-08-0330.flac,5789894,1.13.0,0,AUTHENTIC,,"{""Rule8NyquistException"":-50,""Rule1MP3Bitrate"":0,""Rule2Cutoff"":0,""Rule424BitSuspect"":0,""Rule5HighVariance"":0,""Rule6HighQualityProtection"":0,""Rule13MDCTAlignment"":0,""Rule14TemporalSeam"":0,""Rule15StereoSeam"":0,""Rule12MLClassifier"":0}",NOT_HIRES,44100,16,22050.0,0.0,1.220e-07,nan,772,0.50,0.415
fd-exchange-v2-2026-08-0331.flac,6941379,1.13.0,91,FAKE_CERTAIN,cnn+mdct,"{""Rule8NyquistException"":0,""Rule11CassetteDetection"":0,""Rule1MP3Bitrate"":0,""Rule2Cutoff"":6,""Rule424BitSuspect"":0,""Rule5HighVariance"":0,""Rule6HighQualityProtection"":0,""Rule13MDCTAlignment"":55,""Rule14TemporalSeam"":0,""Rule15StereoSeam"":0,""Rule12MLClassifier"":30}",NOT_HIRES,44100,16,18750.0,0.0,6.401e-07,-34.2,926,1.33,0.569
fd-exchange-v2-2026-08-0332.flac,3653512,1.13.0,0,AUTHENTIC,,"{""Rule8NyquistException"":-50,""Rule1MP3Bitrate"":0,""Rule2Cutoff"":0,""Rule424BitSuspect"":0,""Rule5HighVariance"":0,""Rule6HighQualityProtection"":0,""Rule13MDCTAlignment"":0,""Rule14TemporalSeam"":0,""Rule15StereoSeam"":0,""Rule12MLClassifier"":10}",NOT_HIRES,44100,16,22050.0,0.0,7.289e-07,nan,593,1.14,0.466
fd-exchange-v2-2026-08-0333.flac,6231885,1.13.0,55,SUSPICIOUS,mdct,"{""Rule8NyquistException"":-50,""Rule1MP3Bitrate"":0,""Rule2Cutoff"":0,""Rule424BitSuspect"":0,""Rule5HighVariance"":0,""Rule6HighQualityProtection"":0,""Rule13MDCTAlignment"":55,""_calculator"":50,""Rule14TemporalSeam"":0,""Rule15StereoSeam"":0,""Rule12MLClassifier"":0}",NOT_HIRES,44100,16,22050.0,0.0,3.855e-07,nan,831,1.00,0.350
fd-exchange-v2-2026-08-0334.flac,5213538,1.13.0,25,AUTHENTIC,mdct+stereo,"{""Rule8NyquistException"":-50,""Rule1MP3Bitrate"":0,""Rule2Cutoff"":0,""Rule424BitSuspect"":0,""Rule5HighVariance"":0,""Rule6HighQualityProtection"":0,""Rule13MDCTAlignment"":25,""_calculator"":50,""Rule14TemporalSeam"":0,""Rule15StereoSeam"":0,""Rule12MLClassifier"":0}",NOT_HIRES,44100,16,22050.0,0.0,7.403e-06,nan,695,2.08,0.418
fd-exchange-v2-2026-08-0335.flac,6998354,1.13.0,58,FAKE_CERTAIN,spectral+stereo,"{""Rule8NyquistException"":0,""Rule1MP3Bitrate"":50,""Rule2Cutoff"":8,""Rule424BitSuspect"":0,""Rule5HighVariance"":0,""Rule6HighQualityProtection"":0,""Rule7SilenceAnalysis"":0,""Rule13MDCTAlignment"":0,""Rule14TemporalSeam"":0,""Rule15StereoSeam"":0,""Rule10Consistency"":0,""Rule12MLClassifier"":0}",NOT_HIRES,48000,16,20250.0,0.0,4.399e-06,nan,933,19.35,0.543
fd-exchange-v2-2026-08-0336.flac,5650959,1.13.0,47,WARNING,cnn+stereo+temporal,"{""Rule8NyquistException"":0,""Rule11CassetteDetection"":0,""Rule1MP3Bitrate"":0,""Rule2Cutoff"":17,""Rule424BitSuspect"":0,""Rule5HighVariance"":0,""Rule6HighQualityProtection"":0,""Rule14TemporalSeam"":0,""Rule15StereoSeam"":0,""Rule12MLClassifier"":30}",NOT_HIRES,44100,16,16500.0,0.0,1.044e-09,nan,753,9.61,0.755
fd-exchange-v2-2026-08-0337.flac,6821990,1.13.0,80,FAKE_CERTAIN,cnn+spectral+stereo,"{""Rule8NyquistException"":0,""Rule1MP3Bitrate"":50,""Rule2Cutoff"":0,""Rule424BitSuspect"":0,""Rule5HighVariance"":0,""Rule6HighQualityProtection"":0,""Rule7SilenceAnalysis"":0,""Rule13MDCTAlignment"":0,""Rule14TemporalSeam"":0,""Rule15StereoSeam"":0,""Rule10Consistency"":0,""Rule12MLClassifier"":30}",NOT_HIRES,44100,16,20250.0,0.0,2.944e-05,-64.8,910,10.57,0.529
fd-exchange-v2-2026-08-0338.flac,4971200,1.13.0,31,WARNING,cnn+stereo,"{""Rule8NyquistException"":-50,""Rule1MP3Bitrate"":0,""Rule2Cutoff"":0,""Rule424BitSuspect"":0,""Rule5HighVariance"":0,""Rule6HighQualityProtection"":0,""Rule13MDCTAlignment"":0,""Rule14TemporalSeam"":0,""Rule15StereoSeam"":0,""Rule12MLClassifier"":81}",NOT_HIRES,44100,16,22050.0,0.0,6.940e-06,nan,663,5.19,0.484
fd-exchange-v2-2026-08-0339.flac,6421048,1.13.0,40,WARNING,cnn+stereo+temporal,"{""Rule8NyquistException"":0,""Rule11CassetteDetection"":0,""Rule1MP3Bitrate"":0,""Rule2Cutoff"":15,""Rule424BitSuspect"":0,""Rule5HighVariance"":0,""Rule6HighQualityProtection"":0,""Rule14TemporalSeam"":0,""Rule15StereoSeam"":0,""Rule12MLClassifier"":25}",NOT_HIRES,44100,16,17000.0,0.0,1.057e-05,nan,856,4.97,0.647
fd-exchange-v2-2026-08-0340.flac,1527182,1.13.0,93,FAKE_CERTAIN,cnn+spectral+stereo+temporal,"{""Rule8NyquistException"":0,""Rule11CassetteDetection"":0,""Rule1MP3Bitrate"":50,""Rule2Cutoff"":13,""Rule424BitSuspect"":0,""Rule5HighVariance"":0,""Rule6HighQualityProtection"":0,""Rule14TemporalSeam"":0,""Rule15StereoSeam"":0,""Rule10Consistency"":0,""Rule12MLClassifier"":30}",NOT_HIRES,44100,16,17250.0,0.0,5.805e-07,nan,587,2.44,0.788
fd-exchange-v2-2026-08-0341.flac,6857887,1.13.0,110,FAKE_CERTAIN,mdct+spectral+stereo,"{""Rule8NyquistException"":0,""Rule1MP3Bitrate"":50,""Rule2Cutoff"":5,""Rule424BitSuspect"":0,""Rule5HighVariance"":0,""Rule6HighQualityProtection"":0,""Rule7SilenceAnalysis"":0,""Rule13MDCTAlignment"":55,""Rule14TemporalSeam"":0,""Rule15StereoSeam"":0}",NOT_HIRES,48000,16,21000.0,0.0,8.477e-05,-71.4,914,14.71,0.426
fd-exchange-v2-2026-08-0342.flac,6072255,1.13.0,85,FAKE_CERTAIN,cnn+mdct,"{""Rule8NyquistException"":-50,""Rule1MP3Bitrate"":0,""Rule2Cutoff"":0,""Rule424BitSuspect"":0,""Rule5HighVariance"":0,""Rule6HighQualityProtection"":0,""Rule13MDCTAlignment"":55,""_calculator"":50,""Rule14TemporalSeam"":0,""Rule15StereoSeam"":0,""Rule12MLClassifier"":30}",NOT_HIRES,44100,16,22050.0,0.0,1.461e-04,nan,810,1.00,0.374
fd-exchange-v2-2026-08-0343.flac,1565596,1.13.0,93,FAKE_CERTAIN,cnn+spectral+stereo+temporal,"{""Rule8NyquistException"":0,""Rule11CassetteDetection"":0,""Rule1MP3Bitrate"":50,""Rule2Cutoff"":13,""Rule424BitSuspect"":0,""Rule5HighVariance"":0,""Rule6HighQualityProtection"":0,""Rule14TemporalSeam"":0,""Rule15StereoSeam"":0,""Rule10Consistency"":0,""Rule12MLClassifier"":30}",NOT_HIRES,44100,16,17250.0,0.0,8.515e-07,nan,602,2.42,0.892
fd-exchange-v2-2026-08-0344.flac,5941379,1.13.0,80,FAKE_CERTAIN,cnn+spectral+stereo+temporal,"{""Rule8NyquistException"":0,""Rule1MP3Bitrate"":50,""Rule2Cutoff"":0,""Rule424BitSuspect"":0,""Rule5HighVariance"":0,""Rule6HighQualityProtection"":0,""Rule7SilenceAnalysis"":0,""Rule13MDCTAlignment"":0,""Rule14TemporalSeam"":0,""Rule15StereoSeam"":0,""Rule10Consistency"":0,""Rule12MLClassifier"":30}",NOT_HIRES,44100,16,20250.0,0.0,1.256e-04,-67.0,792,5.82,0.730
fd-exchange-v2-2026-08-0345.flac,4971374,1.13.0,0,AUTHENTIC,stereo,"{""Rule8NyquistException"":0,""Rule1MP3Bitrate"":0,""Rule2Cutoff"":0,""Rule424BitSuspect"":0,""Rule5HighVariance"":0,""Rule6HighQualityProtection"":0,""Rule13MDCTAlignment"":0,""Rule14TemporalSeam"":0,""Rule15StereoSeam"":0,""Rule12MLClassifier"":0}",NOT_HIRES,44100,16,20000.0,0.0,6.547e-08,-48.8,663,6.77,0.577
fd-exchange-v2-2026-08-0346.flac,5134651,1.13.0,61,FAKE_CERTAIN,spectral+stereo+temporal,"{""Rule8NyquistException"":0,""Rule11CassetteDetection"":0,""Rule1MP3Bitrate"":50,""Rule2Cutoff"":12,""Rule424BitSuspect"":0,""Rule5HighVariance"":0,""Rule6HighQualityProtection"":0,""Rule14TemporalSeam"":0,""Rule15StereoSeam"":0,""Rule10Consistency"":-20,""Rule12MLClassifier"":19}",NOT_HIRES,44100,16,17500.0,0.0,3.573e-08,nan,685,3.72,0.661
fd-exchange-v2-2026-08-0347.flac,7832235,1.13.0,22,AUTHENTIC,spectral+stereo+temporal,"{""Rule8NyquistException"":0,""Rule11CassetteDetection"":0,""Rule1MP3Bitrate"":0,""Rule2Cutoff"":22,""Rule424BitSuspect"":0,""Rule5HighVariance"":0,""Rule6HighQualityProtection"":0,""Rule14TemporalSeam"":0,""Rule15StereoSeam"":0,""Rule12MLClassifier"":0}",NOT_HIRES,44100,16,15500.0,0.0,7.084e-05,nan,1044,6.48,0.804
fd-exchange-v2-2026-08-0348.flac,4671635,1.13.0,55,SUSPICIOUS,mdct,"{""Rule8NyquistException"":-50,""Rule1MP3Bitrate"":0,""Rule2Cutoff"":0,""Rule424BitSuspect"":0,""Rule5HighVariance"":0,""Rule6HighQualityProtection"":0,""Rule13MDCTAlignment"":55,""_calculator"":50,""Rule14TemporalSeam"":0,""Rule15StereoSeam"":0,""Rule12MLClassifier"":0}",NOT_HIRES,44100,16,22050.0,0.0,3.959e-08,nan,623,1.42,0.278
fd-exchange-v2-2026-08-0349.flac,6329338,1.13.0,55,FAKE_CERTAIN,mdct+stereo,"{""Rule8NyquistException"":-30,""Rule1MP3Bitrate"":0,""Rule2Cutoff"":0,""Rule424BitSuspect"":0,""Rule5HighVariance"":0,""Rule6HighQualityProtection"":0,""Rule13MDCTAlignment"":55,""_calculator"":30,""Rule14TemporalSeam"":0,""Rule15StereoSeam"":0,""Rule12MLClassifier"":0}",NOT_HIRES,44100,16,21250.0,0.0,4.257e-06,nan,844,2.12,0.451
fd-exchange-v2-2026-08-0350.flac,7851175,1.13.0,52,WARNING,cnn+spectral+stereo+temporal,"{""Rule8NyquistException"":0,""Rule11CassetteDetection"":0,""Rule1MP3Bitrate"":0,""Rule2Cutoff"":22,""Rule424BitSuspect"":0,""Rule5HighVariance"":0,""Rule6HighQualityProtection"":0,""Rule14TemporalSeam"":0,""Rule15StereoSeam"":0,""Rule12MLClassifier"":30}",NOT_HIRES,44100,16,15500.0,0.0,7.403e-05,nan,1047,6.80,0.724
fd-exchange-v2-2026-08-0351.flac,5801364,1.13.0,55,SUSPICIOUS,mdct,"{""Rule8NyquistException"":-50,""Rule1MP3Bitrate"":0,""Rule2Cutoff"":0,""Rule424BitSuspect"":0,""Rule5HighVariance"":0,""Rule6HighQualityProtection"":0,""Rule13MDCTAlignment"":55,""_calculator"":50,""Rule14TemporalSeam"":0,""Rule15StereoSeam"":0,""Rule12MLClassifier"":0}",NOT_HIRES,44100,16,22050.0,0.0,1.345e-07,nan,774,1.00,0.418
fd-exchange-v2-2026-08-0352.flac,5824673,1.13.0,31,WARNING,cnn+stereo,"{""Rule8NyquistException"":-30,""Rule1MP3Bitrate"":0,""Rule2Cutoff"":0,""Rule424BitSuspect"":0,""Rule5HighVariance"":0,""Rule6HighQualityProtection"":0,""Rule13MDCTAlignment"":0,""Rule14TemporalSeam"":0,""Rule15StereoSeam"":0,""Rule12MLClassifier"":61}",NOT_HIRES,44100,16,21000.0,0.0,8.072e-07,nan,777,8.32,0.428
fd-exchange-v2-2026-08-0353.flac,6158760,1.13.0,55,FAKE_CERTAIN,mdct+stereo+temporal,"{""Rule8NyquistException"":0,""Rule1MP3Bitrate"":0,""Rule2Cutoff"":0,""Rule424BitSuspect"":0,""Rule5HighVariance"":0,""Rule6HighQualityProtection"":0,""Rule13MDCTAlignment"":55,""Rule14TemporalSeam"":0,""Rule15StereoSeam"":0,""Rule12MLClassifier"":0}",NOT_HIRES,48000,16,22500.0,0.0,5.992e-07,-28.2,821,4.67,0.673
fd-exchange-v2-2026-08-0354.flac,11930365,1.13.0,0,AUTHENTIC,,"{""Rule8NyquistException"":-50,""Rule1MP3Bitrate"":0,""Rule2Cutoff"":0,""Rule424BitSuspect"":0,""Rule5HighVariance"":0,""Rule6HighQualityProtection"":0,""Rule13MDCTAlignment"":0,""Rule14TemporalSeam"":0,""Rule15StereoSeam"":0,""Rule12MLClassifier"":0}",GENUINE_HIRES,48000,24,24000.0,0.0,6.261e-07,nan,1591,1.18,0.333
fd-exchange-v2-2026-08-0355.flac,5501745,1.13.0,31,WARNING,cnn+stereo,"{""Rule8NyquistException"":-50,""Rule1MP3Bitrate"":0,""Rule2Cutoff"":0,""Rule424BitSuspect"":0,""Rule5HighVariance"":0,""Rule6HighQualityProtection"":0,""Rule13MDCTAlignment"":0,""Rule14TemporalSeam"":0,""Rule15StereoSeam"":0,""Rule12MLClassifier"":81}",NOT_HIRES,44100,16,22050.0,0.0,2.390e-05,nan,734,4.04,0.284
fd-exchange-v2-2026-08-0356.flac,5925086,1.13.0,125,FAKE_CERTAIN,mdct+spectral+stereo+temporal,"{""Rule8NyquistException"":0,""Rule11CassetteDetection"":0,""Rule1MP3Bitrate"":50,""Rule2Cutoff"":20,""Rule424BitSuspect"":0,""Rule5HighVariance"":0,""Rule6HighQualityProtection"":0,""Rule13MDCTAlignment"":55,""Rule14TemporalSeam"":0,""Rule15StereoSeam"":0}",NOT_HIRES,48000,16,18000.0,0.0,1.369e-05,nan,790,2.68,0.816
fd-exchange-v2-2026-08-0357.flac,5298931,1.13.0,55,SUSPICIOUS,mdct,"{""Rule8NyquistException"":-50,""Rule1MP3Bitrate"":0,""Rule2Cutoff"":0,""Rule424BitSuspect"":0,""Rule5HighVariance"":0,""Rule6HighQualityProtection"":0,""Rule13MDCTAlignment"":55,""_calculator"":50,""Rule14TemporalSeam"":0,""Rule15StereoSeam"":0,""Rule12MLClassifier"":0}",NOT_HIRES,44100,16,22050.0,0.0,3.234e-06,nan,707,1.11,0.401
fd-exchange-v2-2026-08-0358.flac,5383029,1.13.0,64,FAKE_CERTAIN,mdct+temporal,"{""Rule8NyquistException"":-50,""Rule1MP3Bitrate"":0,""Rule2Cutoff"":0,""Rule424BitSuspect"":0,""Rule5HighVariance"":0,""Rule6HighQualityProtection"":0,""Rule13MDCTAlignment"":55,""_calculator"":50,""Rule14TemporalSeam"":0,""Rule15StereoSeam"":0,""Rule12MLClassifier"":9}",NOT_HIRES,44100,16,22050.0,0.0,3.633e-07,nan,718,1.31,0.766
fd-exchange-v2-2026-08-0359.flac,4278856,1.13.0,25,AUTHENTIC,mdct+stereo+temporal,"{""Rule8NyquistException"":-50,""Rule1MP3Bitrate"":0,""Rule2Cutoff"":0,""Rule424BitSuspect"":0,""Rule5HighVariance"":0,""Rule6HighQualityProtection"":0,""Rule13MDCTAlignment"":25,""_calculator"":50,""Rule14TemporalSeam"":0,""Rule15StereoSeam"":0,""Rule12MLClassifier"":0}",NOT_HIRES,44100,16,22050.0,0.0,2.876e-08,nan,571,4.23,0.889
fd-exchange-v2-2026-08-0360.flac,6304051,1.13.0,67,FAKE_CERTAIN,spectral+stereo+temporal,"{""Rule8NyquistException"":0,""Rule1MP3Bitrate"":50,""Rule2Cutoff"":0,""Rule424BitSuspect"":0,""Rule5HighVariance"":0,""Rule6HighQualityProtection"":0,""Rule7SilenceAnalysis"":0,""Rule13MDCTAlignment"":0,""Rule14TemporalSeam"":0,""Rule15StereoSeam"":0,""Rule10Consistency"":0,""Rule12MLClassifier"":17}",NOT_HIRES,44100,16,20000.0,0.0,4.629e-06,-55.5,841,4.80,0.680
fd-exchange-v2-2026-08-0361.flac,6004220,1.13.0,55,FAKE_CERTAIN,mdct+stereo,"{""Rule8NyquistException"":-50,""Rule1MP3Bitrate"":0,""Rule2Cutoff"":0,""Rule424BitSuspect"":0,""Rule5HighVariance"":0,""Rule6HighQualityProtection"":0,""Rule13MDCTAlignment"":55,""_calculator"":50,""Rule14TemporalSeam"":0,""Rule15StereoSeam"":0,""Rule12MLClassifier"":0}",NOT_HIRES,44100,16,21750.0,0.0,8.026e-07,nan,801,2.40,0.289
fd-exchange-v2-2026-08-0362.flac,1585380,1.13.0,92,FAKE_CERTAIN,cnn+spectral,"{""Rule8NyquistException"":0,""Rule11CassetteDetection"":0,""Rule1MP3Bitrate"":50,""Rule2Cutoff"":12,""Rule424BitSuspect"":0,""Rule5HighVariance"":0,""Rule6HighQualityProtection"":0,""Rule14TemporalSeam"":0,""Rule15StereoSeam"":0,""Rule10Consistency"":0,""Rule12MLClassifier"":30}",NOT_HIRES,44100,16,17500.0,0.0,7.651e-07,nan,610,1.07,0.398
fd-exchange-v2-2026-08-0363.flac,5515614,1.13.0,1,AUTHENTIC,stereo,"{""Rule8NyquistException"":0,""Rule1MP3Bitrate"":0,""Rule2Cutoff"":1,""Rule424BitSuspect"":0,""Rule5HighVariance"":0,""Rule6HighQualityProtection"":0,""Rule13MDCTAlignment"":0,""Rule14TemporalSeam"":0,""Rule15StereoSeam"":0,""Rule12MLClassifier"":0}",NOT_HIRES,44100,16,19750.0,0.0,7.339e-07,-51.5,735,4.59,0.548
fd-exchange-v2-2026-08-0364.flac,5958262,1.13.0,32,WARNING,cnn+stereo+temporal,"{""Rule8NyquistException"":0,""Rule1MP3Bitrate"":0,""Rule2Cutoff"":2,""Rule424BitSuspect"":0,""Rule5HighVariance"":0,""Rule6HighQualityProtection"":0,""Rule13MDCTAlignment"":0,""Rule14TemporalSeam"":0,""Rule15StereoSeam"":0,""Rule12MLClassifier"":30}",NOT_HIRES,44100,16,19500.0,0.0,3.835e-07,-49.8,794,25.58,0.666
fd-exchange-v2-2026-08-0365.flac,6105007,1.13.0,31,WARNING,cnn+stereo,"{""Rule8NyquistException"":-50,""Rule1MP3Bitrate"":0,""Rule2Cutoff"":0,""Rule424BitSuspect"":0,""Rule5HighVariance"":0,""Rule6HighQualityProtection"":0,""Rule13MDCTAlignment"":0,""Rule14TemporalSeam"":0,""Rule15StereoSeam"":0,""Rule12MLClassifier"":81}",NOT_HIRES,48000,16,24000.0,0.0,2.893e-05,nan,814,2.41,0.360
fd-exchange-v2-2026-08-0366.flac,1823761,1.13.0,0,AUTHENTIC,,"{""Rule8NyquistException"":0,""Rule1MP3Bitrate"":0,""Rule2Cutoff"":0,""Rule424BitSuspect"":0,""Rule5HighVariance"":0,""Rule6HighQualityProtection"":0,""Rule13MDCTAlignment"":0,""Rule14TemporalSeam"":0,""Rule15StereoSeam"":0,""Rule12MLClassifier"":0}",NOT_HIRES,44100,16,20250.0,0.0,6.209e-07,-28.9,497,1.00,0.462
fd-exchange-v2-2026-08-0367.flac,6859606,1.13.0,55,FAKE_CERTAIN,cnn+mdct+stereo,"{""Rule8NyquistException"":-50,""Rule1MP3Bitrate"":0,""Rule2Cutoff"":0,""Rule424BitSuspect"":0,""Rule5HighVariance"":0,""Rule6HighQualityProtection"":0,""Rule13MDCTAlignment"":25,""_calculator"":50,""Rule14TemporalSeam"":0,""Rule15StereoSeam"":0,""Rule12MLClassifier"":30}",NOT_HIRES,44100,16,22050.0,0.0,3.353e-05,nan,915,3.83,0.213
fd-exchange-v2-2026-08-0368.flac,6043335,1.13.0,55,SUSPICIOUS,mdct,"{""Rule8NyquistException"":-30,""Rule1MP3Bitrate"":0,""Rule2Cutoff"":0,""Rule424BitSuspect"":0,""Rule5HighVariance"":0,""Rule6HighQualityProtection"":0,""Rule13MDCTAlignment"":55,""_calculator"":30,""Rule14TemporalSeam"":0,""Rule15StereoSeam"":0,""Rule12MLClassifier"":0}",NOT_HIRES,44100,16,21500.0,0.0,4.732e-07,nan,806,1.93,0.211
fd-exchange-v2-2026-08-0369.flac,4709833,1.13.0,31,WARNING,cnn+stereo,"{""Rule8NyquistException"":-50,""Rule1MP3Bitrate"":0,""Rule2Cutoff"":0,""Rule424BitSuspect"":0,""Rule5HighVariance"":0,""Rule6HighQualityProtection"":0,""Rule13MDCTAlignment"":0,""Rule14TemporalSeam"":0,""Rule15StereoSeam"":0,""Rule12MLClassifier"":81}",NOT_HIRES,44100,16,22050.0,0.0,6.004e-06,nan,628,3.66,0.434
fd-exchange-v2-2026-08-0370.flac,4426680,1.13.0,31,WARNING,cnn+stereo+temporal,"{""Rule8NyquistException"":0,""Rule1MP3Bitrate"":0,""Rule2Cutoff"":0,""Rule424BitSuspect"":0,""Rule5HighVariance"":0,""Rule6HighQualityProtection"":0,""Rule13MDCTAlignment"":0,""Rule14TemporalSeam"":0,""Rule15StereoSeam"":0,""Rule12MLClassifier"":31}",NOT_HIRES,44100,16,20250.0,0.0,4.301e-05,-56.8,590,4.58,0.742
fd-exchange-v2-2026-08-0371.flac,5943754,1.13.0,0,AUTHENTIC,stereo,"{""Rule8NyquistException"":0,""Rule1MP3Bitrate"":0,""Rule2Cutoff"":0,""Rule424BitSuspect"":0,""Rule5HighVariance"":0,""Rule6HighQualityProtection"":0,""Rule13MDCTAlignment"":0,""Rule14TemporalSeam"":0,""Rule15StereoSeam"":0,""Rule12MLClassifier"":0}",NOT_HIRES,44100,16,20000.0,0.0,2.197e-06,-53.5,793,6.03,0.491
fd-exchange-v2-2026-08-0372.flac,1937298,1.13.0,0,AUTHENTIC,,"{""Rule8NyquistException"":0,""Rule1MP3Bitrate"":0,""Rule2Cutoff"":0,""Rule424BitSuspect"":0,""Rule5HighVariance"":0,""Rule6HighQualityProtection"":0,""Rule13MDCTAlignment"":0,""Rule14TemporalSeam"":0,""Rule15StereoSeam"":0,""Rule12MLClassifier"":0}",NOT_HIRES,44100,16,20000.0,0.0,6.539e-06,-40.5,576,1.70,0.556
fd-exchange-v2-2026-08-0373.flac,5425124,1.13.0,0,AUTHENTIC,,"{""Rule8NyquistException"":-50,""Rule1MP3Bitrate"":0,""Rule2Cutoff"":0,""Rule424BitSuspect"":0,""Rule5HighVariance"":0,""Rule6HighQualityProtection"":0,""Rule13MDCTAlignment"":0,""Rule14TemporalSeam"":0,""Rule15StereoSeam"":0,""Rule12MLClassifier"":0}",NOT_HIRES,44100,16,22050.0,0.0,3.910e-07,nan,723,1.00,0.360
fd-exchange-v2-2026-08-0374.flac,5113528,1.13.0,85,FAKE_CERTAIN,cnn+spectral+stereo,"{""Rule8NyquistException"":0,""Rule1MP3Bitrate"":50,""Rule2Cutoff"":5,""Rule424BitSuspect"":0,""Rule5HighVariance"":0,""Rule6HighQualityProtection"":0,""Rule7SilenceAnalysis"":0,""Rule13MDCTAlignment"":0,""Rule14TemporalSeam"":0,""Rule15StereoSeam"":0,""Rule10Consistency"":0,""Rule12MLClassifier"":30}",NOT_HIRES,44100,16,19000.0,0.0,4.893e-07,-47.6,682,2.25,0.559
fd-exchange-v2-2026-08-0375.flac,3633237,1.13.0,31,WARNING,cnn,"{""Rule8NyquistException"":-50,""Rule1MP3Bitrate"":0,""Rule2Cutoff"":0,""Rule424BitSuspect"":0,""Rule5HighVariance"":0,""Rule6HighQualityProtection"":0,""Rule13MDCTAlignment"":0,""Rule14TemporalSeam"":0,""Rule15StereoSeam"":0,""Rule12MLClassifier"":81}",NOT_HIRES,44100,16,22050.0,0.0,4.799e-05,nan,484,1.85,0.459
fd-exchange-v2-2026-08-0376.flac,6417994,1.13.0,45,WARNING,cnn+stereo+temporal,"{""Rule8NyquistException"":0,""Rule11CassetteDetection"":0,""Rule1MP3Bitrate"":0,""Rule2Cutoff"":15,""Rule424BitSuspect"":0,""Rule5HighVariance"":0,""Rule6HighQualityProtection"":0,""Rule14TemporalSeam"":0,""Rule15StereoSeam"":0,""Rule12MLClassifier"":30}",NOT_HIRES,44100,16,17000.0,0.0,1.535e-05,nan,856,7.02,0.859
fd-exchange-v2-2026-08-0377.flac,3687121,1.13.0,55,SUSPICIOUS,mdct,"{""Rule8NyquistException"":-30,""Rule1MP3Bitrate"":0,""Rule2Cutoff"":0,""Rule424BitSuspect"":0,""Rule5HighVariance"":0,""Rule6HighQualityProtection"":0,""Rule13MDCTAlignment"":55,""_calculator"":30,""Rule14TemporalSeam"":0,""Rule15StereoSeam"":0,""Rule12MLClassifier"":0}",NOT_HIRES,44100,16,21500.0,0.0,3.966e-07,nan,535,1.28,0.482
fd-exchange-v2-2026-08-0378.flac,5707106,1.13.0,0,AUTHENTIC,stereo+temporal,"{""Rule8NyquistException"":-50,""Rule1MP3Bitrate"":0,""Rule2Cutoff"":0,""Rule424BitSuspect"":0,""Rule5HighVariance"":0,""Rule6HighQualityProtection"":0,""Rule13MDCTAlignment"":0,""Rule14TemporalSeam"":0,""Rule15StereoSeam"":0,""Rule12MLClassifier"":0}",GENUINE_HIRES,96000,16,48000.0,0.0,3.478e-10,nan,761,3.91,0.631
fd-exchange-v2-2026-08-0379.flac,5706015,1.13.0,50,WARNING,spectral+stereo,"{""Rule8NyquistException"":0,""Rule1MP3Bitrate"":50,""Rule2Cutoff"":0,""Rule424BitSuspect"":0,""Rule5HighVariance"":0,""Rule6HighQualityProtection"":0,""Rule7SilenceAnalysis"":0,""Rule13MDCTAlignment"":0,""Rule14TemporalSeam"":0,""Rule15StereoSeam"":0,""Rule10Consistency"":0,""Rule12MLClassifier"":0}",NOT_HIRES,44100,16,20000.0,0.0,1.975e-06,-58.4,761,13.16,0.575
fd-exchange-v2-2026-08-0380.flac,4264195,1.13.0,0,AUTHENTIC,stereo,"{""Rule8NyquistException"":-50,""Rule1MP3Bitrate"":0,""Rule2Cutoff"":0,""Rule424BitSuspect"":0,""Rule5HighVariance"":0,""Rule6HighQualityProtection"":0,""Rule13MDCTAlignment"":0,""Rule14TemporalSeam"":0,""Rule15StereoSeam"":0,""Rule12MLClassifier"":0}",NOT_HIRES,48000,16,24000.0,0.0,4.110e-09,nan,569,6.10,0.577
fd-exchange-v2-2026-08-0381.flac,5477923,1.13.0,31,WARNING,cnn+stereo,"{""Rule8NyquistException"":-50,""Rule1MP3Bitrate"":0,""Rule2Cutoff"":0,""Rule424BitSuspect"":0,""Rule5HighVariance"":0,""Rule6HighQualityProtection"":0,""Rule13MDCTAlignment"":0,""Rule14TemporalSeam"":0,""Rule15StereoSeam"":0,""Rule12MLClassifier"":81}",NOT_HIRES,44100,16,22050.0,0.0,3.077e-05,nan,730,3.28,0.315
fd-exchange-v2-2026-08-0382.flac,6828119,1.13.0,36,WARNING,cnn+stereo+temporal,"{""Rule8NyquistException"":0,""Rule11CassetteDetection"":0,""Rule1MP3Bitrate"":0,""Rule2Cutoff"":6,""Rule424BitSuspect"":0,""Rule5HighVariance"":0,""Rule6HighQualityProtection"":0,""Rule13MDCTAlignment"":0,""Rule14TemporalSeam"":0,""Rule15StereoSeam"":0,""Rule12MLClassifier"":30}",NOT_HIRES,44100,16,18750.0,0.0,3.943e-07,-56.9,910,10.36,0.695
fd-exchange-v2-2026-08-0383.flac,1700398,1.13.0,31,WARNING,cnn,"{""Rule8NyquistException"":0,""Rule1MP3Bitrate"":0,""Rule2Cutoff"":0,""Rule424BitSuspect"":0,""Rule5HighVariance"":0,""Rule6HighQualityProtection"":0,""Rule13MDCTAlignment"":0,""Rule14TemporalSeam"":0,""Rule15StereoSeam"":0,""Rule12MLClassifier"":31}",NOT_HIRES,44100,16,20250.0,0.0,1.110e-06,-25.9,376,1.00,0.564
fd-exchange-v2-2026-08-0384.flac,6986221,1.13.0,51,WARNING,cnn+spectral+stereo+temporal,"{""Rule8NyquistException"":0,""Rule11CassetteDetection"":0,""Rule1MP3Bitrate"":0,""Rule2Cutoff"":21,""Rule424BitSuspect"":0,""Rule5HighVariance"":0,""Rule6HighQualityProtection"":0,""Rule14TemporalSeam"":0,""Rule15StereoSeam"":0,""Rule12MLClassifier"":30}",NOT_HIRES,44100,16,15750.0,0.0,4.686e-09,nan,931,13.10,0.918
fd-exchange-v2-2026-08-0385.flac,6177154,1.13.0,86,FAKE_CERTAIN,cnn+spectral+stereo,"{""Rule8NyquistException"":0,""Rule11CassetteDetection"":0,""Rule1MP3Bitrate"":50,""Rule2Cutoff"":6,""Rule424BitSuspect"":0,""Rule5HighVariance"":0,""Rule6HighQualityProtection"":0,""Rule13MDCTAlignment"":0,""Rule14TemporalSeam"":0,""Rule15StereoSeam"":0,""Rule10Consistency"":0,""Rule12MLClassifier"":30}",NOT_HIRES,44100,16,18750.0,0.0,2.467e-06,-55.8,824,4.88,0.551
fd-exchange-v2-2026-08-0386.flac,5692945,1.13.0,73,FAKE_CERTAIN,spectral+stereo+temporal,"{""Rule8NyquistException"":0,""Rule11CassetteDetection"":0,""Rule1MP3Bitrate"":50,""Rule2Cutoff"":11,""Rule424BitSuspect"":0,""Rule5HighVariance"":0,""Rule6HighQualityProtection"":0,""Rule14TemporalSeam"":0,""Rule15StereoSeam"":0,""Rule10Consistency"":0,""Rule12MLClassifier"":12}",NOT_HIRES,44100,16,17750.0,0.0,4.076e-07,nan,759,8.69,0.826
fd-exchange-v2-2026-08-0387.flac,6628042,1.13.0,87,FAKE_CERTAIN,cnn+mdct+stereo,"{""Rule8NyquistException"":0,""Rule1MP3Bitrate"":0,""Rule2Cutoff"":2,""Rule424BitSuspect"":0,""Rule5HighVariance"":0,""Rule6HighQualityProtection"":0,""Rule13MDCTAlignment"":55,""Rule14TemporalSeam"":0,""Rule15StereoSeam"":0,""Rule12MLClassifier"":30}",NOT_HIRES,44100,16,19500.0,0.0,1.216e-05,-44.5,884,4.54,0.548
fd-exchange-v2-2026-08-0388.flac,5822006,1.13.0,55,FAKE_CERTAIN,mdct+stereo,"{""Rule8NyquistException"":-50,""Rule1MP3Bitrate"":0,""Rule2Cutoff"":0,""Rule424BitSuspect"":0,""Rule5HighVariance"":0,""Rule6HighQualityProtection"":0,""Rule13MDCTAlignment"":55,""_calculator"":50,""Rule14TemporalSeam"":0,""Rule15StereoSeam"":0,""Rule12MLClassifier"":0}",NOT_HIRES,44100,16,21750.0,0.0,8.331e-07,nan,776,2.20,0.319
fd-exchange-v2-2026-08-0389.flac,5170433,1.13.0,110,FAKE_CERTAIN,mdct+spectral+stereo,"{""Rule8NyquistException"":0,""Rule1MP3Bitrate"":50,""Rule2Cutoff"":5,""Rule424BitSuspect"":0,""Rule5HighVariance"":0,""Rule6HighQualityProtection"":0,""Rule7SilenceAnalysis"":0,""Rule13MDCTAlignment"":55,""Rule14TemporalSeam"":0,""Rule15StereoSeam"":0}",NOT_HIRES,44100,16,19000.0,0.0,4.539e-07,-47.4,689,2.41,0.340
fd-exchange-v2-2026-08-0390.flac,5404457,1.13.0,93,FAKE_CERTAIN,cnn+spectral+stereo+temporal,"{""Rule8NyquistException"":0,""Rule11CassetteDetection"":0,""Rule1MP3Bitrate"":50,""Rule2Cutoff"":13,""Rule424BitSuspect"":0,""Rule5HighVariance"":0,""Rule6HighQualityProtection"":0,""Rule14TemporalSeam"":0,""Rule15StereoSeam"":0,""Rule10Consistency"":0,""Rule12MLClassifier"":30}",NOT_HIRES,44100,16,17250.0,0.0,7.285e-07,nan,721,5.75,0.906
fd-exchange-v2-2026-08-0391.flac,5076176,1.13.0,86,FAKE_CERTAIN,cnn+spectral+temporal,"{""Rule8NyquistException"":0,""Rule11CassetteDetection"":0,""Rule1MP3Bitrate"":50,""Rule2Cutoff"":6,""Rule424BitSuspect"":0,""Rule5HighVariance"":0,""Rule6HighQualityProtection"":0,""Rule13MDCTAlignment"":0,""Rule14TemporalSeam"":0,""Rule15StereoSeam"":0,""Rule10Consistency"":0,""Rule12MLClassifier"":30}",NOT_HIRES,44100,16,18750.0,0.0,1.726e-06,-42.9,677,1.32,0.605
fd-exchange-v2-2026-08-0392.flac,5133552,1.13.0,0,AUTHENTIC,stereo+temporal,"{""Rule8NyquistException"":0,""Rule1MP3Bitrate"":0,""Rule2Cutoff"":0,""Rule424BitSuspect"":0,""Rule5HighVariance"":0,""Rule6HighQualityProtection"":0,""Rule13MDCTAlignment"":0,""Rule14TemporalSeam"":0,""Rule15StereoSeam"":0,""Rule12MLClassifier"":0}",NOT_HIRES,44100,16,20250.0,0.0,6.591e-06,-43.6,684,2.21,0.612
fd-exchange-v2-2026-08-0393.flac,4642825,1.13.0,0,AUTHENTIC,stereo+temporal,"{""Rule8NyquistException"":0,""Rule1MP3Bitrate"":0,""Rule2Cutoff"":0,""Rule424BitSuspect"":0,""Rule5HighVariance"":0,""Rule6HighQualityProtection"":0,""Rule13MDCTAlignment"":0,""Rule14TemporalSeam"":0,""Rule15StereoSeam"":0,""Rule12MLClassifier"":0}",NOT_HIRES,44100,16,20000.0,0.0,3.857e-08,-43.2,619,3.11,0.653
fd-exchange-v2-2026-08-0394.flac,5676620,1.13.0,50,WARNING,spectral+stereo,"{""Rule8NyquistException"":0,""Rule1MP3Bitrate"":50,""Rule2Cutoff"":0,""Rule424BitSuspect"":0,""Rule5HighVariance"":0,""Rule6HighQualityProtection"":0,""Rule7SilenceAnalysis"":0,""Rule13MDCTAlignment"":0,""Rule14TemporalSeam"":0,""Rule15StereoSeam"":0,""Rule10Consistency"":0,""Rule12MLClassifier"":0}",NOT_HIRES,44100,16,20250.0,0.0,8.319e-07,-55.2,757,6.35,0.552
fd-exchange-v2-2026-08-0395.flac,5350545,1.13.0,96,FAKE_CERTAIN,cnn+spectral+stereo,"{""Rule8NyquistException"":0,""Rule11CassetteDetection"":0,""Rule1MP3Bitrate"":50,""Rule2Cutoff"":16,""Rule424BitSuspect"":0,""Rule5HighVariance"":0,""Rule6HighQualityProtection"":0,""Rule14TemporalSeam"":0,""Rule15StereoSeam"":0,""Rule10Consistency"":0,""Rule12MLClassifier"":30}",NOT_HIRES,44100,16,16750.0,0.0,2.606e-07,nan,713,6.81,0.571
fd-exchange-v2-2026-08-0396.flac,5722143,1.13.0,0,AUTHENTIC,stereo+temporal,"{""Rule8NyquistException"":0,""Rule1MP3Bitrate"":0,""Rule2Cutoff"":0,""Rule424BitSuspect"":0,""Rule5HighVariance"":0,""Rule6HighQualityProtection"":0,""Rule13MDCTAlignment"":0,""Rule14TemporalSeam"":0,""Rule15StereoSeam"":0,""Rule12MLClassifier"":0}",NOT_HIRES,44100,16,20000.0,0.0,9.673e-08,-48.1,763,7.56,0.648
fd-exchange-v2-2026-08-0397.flac,3653454,1.13.0,0,AUTHENTIC,,"{""Rule8NyquistException"":-50,""Rule1MP3Bitrate"":0,""Rule2Cutoff"":0,""Rule424BitSuspect"":0,""Rule5HighVariance"":0,""Rule6HighQualityProtection"":0,""Rule13MDCTAlignment"":0,""Rule14TemporalSeam"":0,""Rule15StereoSeam"":0,""Rule12MLClassifier"":0}",NOT_HIRES,44100,16,22050.0,0.0,1.024e-06,nan,593,1.88,0.462
fd-exchange-v2-2026-08-0398.flac,5383661,1.13.0,45,WARNING,spectral+temporal,"{""Rule8NyquistException"":0,""Rule11CassetteDetection"":0,""Rule1MP3Bitrate"":50,""Rule2Cutoff"":15,""Rule424BitSuspect"":0,""Rule5HighVariance"":0,""Rule6HighQualityProtection"":0,""Rule14TemporalSeam"":0,""Rule15StereoSeam"":0,""Rule10Consistency"":-20,""Rule12MLClassifier"":0}",NOT_HIRES,44100,16,17000.0,0.0,3.738e-07,nan,718,1.00,0.818
fd-exchange-v2-2026-08-0399.flac,5067547,1.13.0,55,SUSPICIOUS,mdct,"{""Rule8NyquistException"":-30,""Rule1MP3Bitrate"":0,""Rule2Cutoff"":0,""Rule424BitSuspect"":0,""Rule5HighVariance"":0,""Rule6HighQualityProtection"":0,""Rule13MDCTAlignment"":55,""_calculator"":30,""Rule14TemporalSeam"":0,""Rule15StereoSeam"":0,""Rule12MLClassifier"":0}",NOT_HIRES,44100,16,21500.0,0.0,6.976e-08,nan,676,1.42,0.341
fd-exchange-v2-2026-08-0400.flac,5636445,1.13.0,0,AUTHENTIC,,"{""Rule8NyquistException"":-50,""Rule1MP3Bitrate"":0,""Rule2Cutoff"":0,""Rule424BitSuspect"":0,""Rule5HighVariance"":0,""Rule6HighQualityProtection"":0,""Rule13MDCTAlignment"":0,""Rule14TemporalSeam"":0,""Rule15StereoSeam"":0,""Rule12MLClassifier"":0}",NOT_HIRES,44100,16,22050.0,0.0,2.958e-05,nan,752,0.00,0.288
fd-exchange-v2-2026-08-0401.flac,3416187,1.13.0,55,SUSPICIOUS,mdct,"{""Rule8NyquistException"":-50,""Rule1MP3Bitrate"":0,""Rule2Cutoff"":0,""Rule424BitSuspect"":0,""Rule5HighVariance"":0,""Rule6HighQualityProtection"":0,""Rule13MDCTAlignment"":55,""_calculator"":50,""Rule14TemporalSeam"":0,""Rule15StereoSeam"":0,""Rule12MLClassifier"":0}",NOT_HIRES,44100,16,22050.0,0.0,1.048e-06,nan,709,1.40,0.140
fd-exchange-v2-2026-08-0402.flac,4880856,1.13.0,87,FAKE_CERTAIN,cnn+spectral+stereo+temporal,"{""Rule8NyquistException"":0,""Rule11CassetteDetection"":0,""Rule1MP3Bitrate"":50,""Rule2Cutoff"":7,""Rule424BitSuspect"":0,""Rule5HighVariance"":0,""Rule6HighQualityProtection"":0,""Rule13MDCTAlignment"":0,""Rule14TemporalSeam"":0,""Rule15StereoSeam"":0,""Rule10Consistency"":0,""Rule12MLClassifier"":30}",NOT_HIRES,44100,16,18500.0,0.0,5.650e-08,nan,651,10.36,0.660
fd-exchange-v2-2026-08-0403.flac,5821558,1.13.0,87,FAKE_CERTAIN,cnn+spectral+stereo,"{""Rule8NyquistException"":0,""Rule11CassetteDetection"":0,""Rule1MP3Bitrate"":50,""Rule2Cutoff"":7,""Rule424BitSuspect"":0,""Rule5HighVariance"":0,""Rule6HighQualityProtection"":0,""Rule13MDCTAlignment"":0,""Rule14TemporalSeam"":0,""Rule15StereoSeam"":0,""Rule10Consistency"":0,""Rule12MLClassifier"":30}",NOT_HIRES,44100,16,18500.0,0.0,1.274e-06,nan,776,11.22,0.540
fd-exchange-v2-2026-08-0404.flac,5906175,1.13.0,87,FAKE_CERTAIN,cnn+spectral+stereo,"{""Rule8NyquistException"":0,""Rule11CassetteDetection"":0,""Rule1MP3Bitrate"":50,""Rule2Cutoff"":7,""Rule424BitSuspect"":0,""Rule5HighVariance"":0,""Rule6HighQualityProtection"":0,""Rule13MDCTAlignment"":0,""Rule14TemporalSeam"":0,""Rule15StereoSeam"":0,""Rule10Consistency"":0,""Rule12MLClassifier"":30}",NOT_HIRES,44100,16,18500.0,0.0,2.808e-07,nan,787,18.32,0.592
fd-exchange-v2-2026-08-0405.flac,5605500,1.13.0,56,FAKE_CERTAIN,mdct+stereo,"{""Rule8NyquistException"":0,""Rule1MP3Bitrate"":0,""Rule2Cutoff"":1,""Rule424BitSuspect"":0,""Rule5HighVariance"":0,""Rule6HighQualityProtection"":0,""Rule13MDCTAlignment"":55,""Rule14TemporalSeam"":0,""Rule15StereoSeam"":0,""Rule12MLClassifier"":0}",NOT_HIRES,44100,16,19750.0,0.0,6.907e-08,-46.9,747,9.22,0.416
fd-exchange-v2-2026-08-0406.flac,5820396,1.13.0,43,WARNING,cnn+stereo+temporal,"{""Rule8NyquistException"":0,""Rule11CassetteDetection"":0,""Rule1MP3Bitrate"":0,""Rule2Cutoff"":13,""Rule424BitSuspect"":0,""Rule5HighVariance"":0,""Rule6HighQualityProtection"":0,""Rule14TemporalSeam"":0,""Rule15StereoSeam"":0,""Rule12MLClassifier"":30}",NOT_HIRES,44100,16,17250.0,0.0,5.706e-07,nan,776,9.62,0.912
fd-exchange-v2-2026-08-0407.flac,5508220,1.13.0,57,SUSPICIOUS,spectral,"{""Rule8NyquistException"":0,""Rule11CassetteDetection"":0,""Rule1MP3Bitrate"":50,""Rule2Cutoff"":7,""Rule424BitSuspect"":0,""Rule5HighVariance"":0,""Rule6HighQualityProtection"":0,""Rule13MDCTAlignment"":0,""Rule14TemporalSeam"":0,""Rule15StereoSeam"":0,""Rule10Consistency"":0,""Rule12MLClassifier"":0}",NOT_HIRES,44100,16,18500.0,0.0,1.283e-06,nan,734,1.08,0.559
fd-exchange-v2-2026-08-0408.flac,6630713,1.13.0,43,WARNING,cnn+stereo+temporal,"{""Rule8NyquistException"":0,""Rule11CassetteDetection"":0,""Rule1MP3Bitrate"":0,""Rule2Cutoff"":13,""Rule424BitSuspect"":0,""Rule5HighVariance"":0,""Rule6HighQualityProtection"":0,""Rule14TemporalSeam"":0,""Rule15StereoSeam"":0,""Rule12MLClassifier"":30}",NOT_HIRES,44100,16,17250.0,0.0,1.350e-05,nan,884,17.30,0.892
fd-exchange-v2-2026-08-0409.flac,5324761,1.13.0,91,FAKE_CERTAIN,cnn+spectral+stereo,"{""Rule8NyquistException"":0,""Rule11CassetteDetection"":0,""Rule1MP3Bitrate"":50,""Rule2Cutoff"":11,""Rule424BitSuspect"":0,""Rule5HighVariance"":0,""Rule6HighQualityProtection"":0,""Rule14TemporalSeam"":0,""Rule15StereoSeam"":0,""Rule10Consistency"":0,""Rule12MLClassifier"":30}",NOT_HIRES,44100,16,17750.0,0.0,3.865e-07,nan,710,4.86,0.496
fd-exchange-v2-2026-08-0410.flac,5916727,1.13.0,8,AUTHENTIC,stereo,"{""Rule8NyquistException"":0,""Rule1MP3Bitrate"":0,""Rule2Cutoff"":0,""Rule424BitSuspect"":0,""Rule5HighVariance"":0,""Rule6HighQualityProtection"":0,""Rule13MDCTAlignment"":0,""Rule14TemporalSeam"":0,""Rule15StereoSeam"":0,""Rule12MLClassifier"":8}",NOT_HIRES,44100,16,20000.0,0.0,2.213e-06,-53.5,789,11.30,0.483
fd-exchange-v2-2026-08-0411.flac,6671767,1.13.0,36,WARNING,cnn+stereo+temporal,"{""Rule8NyquistException"":0,""Rule11CassetteDetection"":0,""Rule1MP3Bitrate"":0,""Rule2Cutoff"":6,""Rule424BitSuspect"":0,""Rule5HighVariance"":0,""Rule6HighQualityProtection"":0,""Rule13MDCTAlignment"":0,""Rule14TemporalSeam"":0,""Rule15StereoSeam"":0,""Rule12MLClassifier"":30}",NOT_HIRES,44100,16,18750.0,0.0,2.320e-05,-64.5,890,8.03,0.628
fd-exchange-v2-2026-08-0412.flac,4907471,1.13.0,20,AUTHENTIC,spectral+stereo+temporal,"{""Rule8NyquistException"":0,""Rule11CassetteDetection"":0,""Rule1MP3Bitrate"":0,""Rule2Cutoff"":20,""Rule424BitSuspect"":0,""Rule5HighVariance"":0,""Rule6HighQualityProtection"":0,""Rule14TemporalSeam"":0,""Rule15StereoSeam"":0,""Rule12MLClassifier"":0}",NOT_HIRES,44100,16,16000.0,0.0,7.680e-10,nan,654,5.63,0.707
fd-exchange-v2-2026-08-0413.flac,5978515,1.13.0,55,SUSPICIOUS,mdct,"{""Rule8NyquistException"":-50,""Rule1MP3Bitrate"":0,""Rule2Cutoff"":0,""Rule424BitSuspect"":0,""Rule5HighVariance"":0,""Rule6HighQualityProtection"":0,""Rule13MDCTAlignment"":55,""_calculator"":50,""Rule14TemporalSeam"":0,""Rule15StereoSeam"":0,""Rule12MLClassifier"":0}",NOT_HIRES,44100,16,21750.0,0.0,8.497e-08,nan,797,1.38,0.387
fd-exchange-v2-2026-08-0414.flac,5984664,1.13.0,56,FAKE_CERTAIN,spectral+stereo+temporal,"{""Rule8NyquistException"":0,""Rule11CassetteDetection"":0,""Rule1MP3Bitrate"":50,""Rule2Cutoff"":6,""Rule424BitSuspect"":0,""Rule5HighVariance"":0,""Rule6HighQualityProtection"":0,""Rule13MDCTAlignment"":0,""Rule14TemporalSeam"":0,""Rule15StereoSeam"":0,""Rule10Consistency"":0,""Rule12MLClassifier"":0}",NOT_HIRES,44100,16,18750.0,0.0,5.638e-08,-53.1,798,16.26,0.761
fd-exchange-v2-2026-08-0415.flac,6363234,1.13.0,45,WARNING,cnn+stereo+temporal,"{""Rule8NyquistException"":0,""Rule11CassetteDetection"":0,""Rule1MP3Bitrate"":0,""Rule2Cutoff"":15,""Rule424BitSuspect"":0,""Rule5HighVariance"":0,""Rule6HighQualityProtection"":0,""Rule14TemporalSeam"":0,""Rule15StereoSeam"":0,""Rule12MLClassifier"":30}",NOT_HIRES,44100,16,17000.0,0.0,1.116e-05,nan,848,7.00,0.755
fd-exchange-v2-2026-08-0416.flac,6728758,1.13.0,73,FAKE_CERTAIN,mdct+stereo+temporal,"{""Rule8NyquistException"":0,""Rule11CassetteDetection"":0,""Rule1MP3Bitrate"":0,""Rule2Cutoff"":18,""Rule424BitSuspect"":0,""Rule5HighVariance"":0,""Rule6HighQualityProtection"":0,""Rule13MDCTAlignment"":55,""Rule14TemporalSeam"":0,""Rule15StereoSeam"":0,""Rule10Consistency"":0,""Rule12MLClassifier"":0}",NOT_HIRES,48000,16,18250.0,0.0,1.891e-06,nan,897,31.19,0.756
fd-exchange-v2-2026-08-0417.flac,6039557,1.13.0,31,WARNING,cnn+stereo,"{""Rule8NyquistException"":0,""Rule1MP3Bitrate"":0,""Rule2Cutoff"":0,""Rule424BitSuspect"":0,""Rule5HighVariance"":0,""Rule6HighQualityProtection"":0,""Rule13MDCTAlignment"":0,""Rule14TemporalSeam"":0,""Rule15StereoSeam"":0,""Rule12MLClassifier"":31}",NOT_HIRES,44100,16,20000.0,0.0,1.681e-06,-51.5,805,4.38,0.561
fd-exchange-v2-2026-08-0418.flac,6444955,1.13.0,45,WARNING,cnn,"{""Rule8NyquistException"":0,""Rule11CassetteDetection"":0,""Rule1MP3Bitrate"":0,""Rule2Cutoff"":15,""Rule424BitSuspect"":0,""Rule5HighVariance"":0,""Rule6HighQualityProtection"":0,""Rule14TemporalSeam"":0,""Rule15StereoSeam"":0,""Rule12MLClassifier"":30}",NOT_HIRES,44100,16,17000.0,0.0,1.040e-05,nan,859,1.25,0.588
fd-exchange-v2-2026-08-0419.flac,5847516,1.13.0,0,AUTHENTIC,stereo,"{""Rule8NyquistException"":-50,""Rule1MP3Bitrate"":0,""Rule2Cutoff"":0,""Rule424BitSuspect"":0,""Rule5HighVariance"":0,""Rule6HighQualityProtection"":0,""Rule13MDCTAlignment"":0,""Rule14TemporalSeam"":0,""Rule15StereoSeam"":0,""Rule12MLClassifier"":0}",NOT_HIRES,48000,16,24000.0,0.0,3.480e-07,nan,780,24.36,0.315
fd-exchange-v2-2026-08-0420.flac,6268224,1.13.0,85,FAKE_CERTAIN,cnn+mdct+stereo,"{""Rule8NyquistException"":-50,""Rule1MP3Bitrate"":0,""Rule2Cutoff"":0,""Rule424BitSuspect"":0,""Rule5HighVariance"":0,""Rule6HighQualityProtection"":0,""Rule13MDCTAlignment"":55,""_calculator"":50,""Rule14TemporalSeam"":0,""Rule15StereoSeam"":0,""Rule12MLClassifier"":30}",NOT_HIRES,44100,16,22050.0,0.0,1.419e-04,nan,836,4.29,0.366
fd-exchange-v2-2026-08-0421.flac,6557997,1.13.0,31,WARNING,cnn+stereo,"{""Rule8NyquistException"":-50,""Rule1MP3Bitrate"":0,""Rule2Cutoff"":0,""Rule424BitSuspect"":0,""Rule5HighVariance"":0,""Rule6HighQualityProtection"":0,""Rule13MDCTAlignment"":0,""Rule14TemporalSeam"":0,""Rule15StereoSeam"":0,""Rule12MLClassifier"":81}",NOT_HIRES,44100,16,22050.0,0.0,1.811e-06,nan,874,2.20,0.239
fd-exchange-v2-2026-08-0422.flac,6856924,1.13.0,31,WARNING,cnn+stereo,"{""Rule8NyquistException"":0,""Rule1MP3Bitrate"":0,""Rule2Cutoff"":0,""Rule424BitSuspect"":0,""Rule5HighVariance"":0,""Rule6HighQualityProtection"":0,""Rule13MDCTAlignment"":0,""Rule14TemporalSeam"":0,""Rule15StereoSeam"":0,""Rule12MLClassifier"":31}",NOT_HIRES,48000,16,22000.0,0.0,5.263e-06,-49.5,914,17.27,0.327
fd-exchange-v2-2026-08-0423.flac,5667523,1.13.0,0,AUTHENTIC,stereo+temporal,"{""Rule8NyquistException"":0,""Rule1MP3Bitrate"":0,""Rule2Cutoff"":0,""Rule424BitSuspect"":0,""Rule5HighVariance"":0,""Rule6HighQualityProtection"":0,""Rule13MDCTAlignment"":0,""Rule14TemporalSeam"":0,""Rule15StereoSeam"":0,""Rule12MLClassifier"":0}",NOT_HIRES,44100,16,20000.0,0.0,7.080e-08,-48.2,756,6.67,0.608
fd-exchange-v2-2026-08-0424.flac,1939111,1.13.0,55,SUSPICIOUS,mdct,"{""Rule8NyquistException"":-30,""Rule1MP3Bitrate"":0,""Rule2Cutoff"":0,""Rule424BitSuspect"":0,""Rule5HighVariance"":0,""Rule6HighQualityProtection"":0,""Rule13MDCTAlignment"":55,""_calculator"":30,""Rule14TemporalSeam"":0,""Rule15StereoSeam"":0,""Rule12MLClassifier"":0}",NOT_HIRES,44100,16,21250.0,0.0,6.263e-06,nan,576,1.30,0.476
fd-exchange-v2-2026-08-0425.flac,5190495,1.13.0,66,FAKE_CERTAIN,mdct+stereo,"{""Rule8NyquistException"":-50,""Rule1MP3Bitrate"":0,""Rule2Cutoff"":0,""Rule424BitSuspect"":0,""Rule5HighVariance"":0,""Rule6HighQualityProtection"":0,""Rule13MDCTAlignment"":55,""_calculator"":50,""Rule14TemporalSeam"":0,""Rule15StereoSeam"":0,""Rule12MLClassifier"":11}",NOT_HIRES,44100,16,21750.0,0.0,3.121e-06,nan,692,2.45,0.440
fd-exchange-v2-2026-08-0426.flac,6186995,1.13.0,0,AUTHENTIC,,"{""Rule8NyquistException"":-30,""Rule1MP3Bitrate"":0,""Rule2Cutoff"":0,""Rule424BitSuspect"":0,""Rule5HighVariance"":0,""Rule6HighQualityProtection"":0,""Rule13MDCTAlignment"":0,""Rule14TemporalSeam"":0,""Rule15StereoSeam"":0,""Rule12MLClassifier"":0}",NOT_HIRES,44100,16,21000.0,0.0,7.854e-06,nan,825,1.50,0.322
fd-exchange-v2-2026-08-0427.flac,4869624,1.13.0,86,FAKE_CERTAIN,cnn+spectral+stereo+temporal,"{""Rule8NyquistException"":0,""Rule11CassetteDetection"":0,""Rule1MP3Bitrate"":50,""Rule2Cutoff"":6,""Rule424BitSuspect"":0,""Rule5HighVariance"":0,""Rule6HighQualityProtection"":0,""Rule13MDCTAlignment"":0,""Rule14TemporalSeam"":0,""Rule15StereoSeam"":0,""Rule10Consistency"":0,""Rule12MLClassifier"":30}",NOT_HIRES,44100,16,18750.0,0.0,5.331e-06,-49.7,649,4.47,0.669
fd-exchange-v2-2026-08-0428.flac,5050914,1.13.0,0,AUTHENTIC,,"{""Rule8NyquistException"":0,""Rule1MP3Bitrate"":0,""Rule2Cutoff"":0,""Rule424BitSuspect"":0,""Rule5HighVariance"":0,""Rule6HighQualityProtection"":0,""Rule13MDCTAlignment"":0,""Rule14TemporalSeam"":0,""Rule15StereoSeam"":0,""Rule12MLClassifier"":0}",NOT_HIRES,44100,16,20750.0,0.0,6.899e-08,nan,673,1.00,0.356
fd-exchange-v2-2026-08-0429.flac,1573067,1.13.0,93,FAKE_CERTAIN,cnn+spectral+stereo,"{""Rule8NyquistException"":0,""Rule11CassetteDetection"":0,""Rule1MP3Bitrate"":50,""Rule2Cutoff"":13,""Rule424BitSuspect"":0,""Rule5HighVariance"":0,""Rule6HighQualityProtection"":0,""Rule14TemporalSeam"":0,""Rule15StereoSeam"":0,""Rule10Consistency"":0,""Rule12MLClassifier"":30}",NOT_HIRES,44100,16,17250.0,0.0,7.104e-07,nan,605,2.30,0.510
fd-exchange-v2-2026-08-0430.flac,5391962,1.13.0,31,WARNING,cnn+stereo+temporal,"{""Rule8NyquistException"":-50,""Rule1MP3Bitrate"":0,""Rule2Cutoff"":0,""Rule424BitSuspect"":0,""Rule5HighVariance"":0,""Rule6HighQualityProtection"":0,""Rule13MDCTAlignment"":0,""Rule14TemporalSeam"":0,""Rule15StereoSeam"":0,""Rule12MLClassifier"":81}",NOT_HIRES,44100,16,22050.0,0.0,2.135e-05,nan,719,11.43,0.857
fd-exchange-v2-2026-08-0431.flac,7857313,1.13.0,52,WARNING,cnn+spectral+stereo+temporal,"{""Rule8NyquistException"":0,""Rule11CassetteDetection"":0,""Rule1MP3Bitrate"":0,""Rule2Cutoff"":22,""Rule424BitSuspect"":0,""Rule5HighVariance"":0,""Rule6HighQualityProtection"":0,""Rule14TemporalSeam"":0,""Rule15StereoSeam"":0,""Rule12MLClassifier"":30}",NOT_HIRES,44100,16,15500.0,0.0,7.482e-05,nan,1048,6.68,0.853
fd-exchange-v2-2026-08-0432.flac,5678794,1.13.0,84,FAKE_CERTAIN,cnn+mdct+temporal,"{""Rule8NyquistException"":-30,""Rule1MP3Bitrate"":0,""Rule2Cutoff"":0,""Rule424BitSuspect"":0,""Rule5HighVariance"":0,""Rule6HighQualityProtection"":0,""Rule13MDCTAlignment"":55,""_calculator"":30,""Rule14TemporalSeam"":0,""Rule15StereoSeam"":0,""Rule12MLClassifier"":29}",NOT_HIRES,44100,16,21500.0,0.0,1.935e-05,nan,757,1.32,0.611
fd-exchange-v2-2026-08-0433.flac,1888777,1.13.0,93,FAKE_CERTAIN,cnn+spectral+stereo+temporal,"{""Rule8NyquistException"":0,""Rule11CassetteDetection"":0,""Rule1MP3Bitrate"":50,""Rule2Cutoff"":13,""Rule424BitSuspect"":0,""Rule5HighVariance"":0,""Rule6HighQualityProtection"":0,""Rule14TemporalSeam"":0,""Rule15StereoSeam"":0,""Rule10Consistency"":0,""Rule12MLClassifier"":30}",NOT_HIRES,44100,16,17250.0,0.0,4.794e-06,nan,561,2.06,0.899
fd-exchange-v2-2026-08-0434.flac,6783379,1.13.0,86,FAKE_CERTAIN,cnn+mdct+stereo+temporal,"{""Rule8NyquistException"":0,""Rule1MP3Bitrate"":0,""Rule2Cutoff"":1,""Rule424BitSuspect"":0,""Rule5HighVariance"":0,""Rule6HighQualityProtection"":0,""Rule13MDCTAlignment"":55,""Rule14TemporalSeam"":0,""Rule15StereoSeam"":0,""Rule12MLClassifier"":30}",NOT_HIRES,48000,16,21750.0,0.0,3.780e-06,-58.4,904,18.00,0.612
fd-exchange-v2-2026-08-0435.flac,4208449,1.13.0,70,FAKE_CERTAIN,cnn+spectral+temporal,"{""Rule8NyquistException"":0,""Rule11CassetteDetection"":0,""Rule1MP3Bitrate"":50,""Rule2Cutoff"":20,""Rule424BitSuspect"":0,""Rule5HighVariance"":0,""Rule6HighQualityProtection"":0,""Rule14TemporalSeam"":0,""Rule15StereoSeam"":0,""Rule10Consistency"":-30,""Rule12MLClassifier"":30}",NOT_HIRES,44100,16,16000.0,0.0,1.164e-09,nan,561,1.42,0.720
fd-exchange-v2-2026-08-0436.flac,7249100,1.13.0,31,WARNING,cnn+stereo+temporal,"{""Rule8NyquistException"":-30,""Rule1MP3Bitrate"":0,""Rule2Cutoff"":0,""Rule424BitSuspect"":0,""Rule5HighVariance"":0,""Rule6HighQualityProtection"":0,""Rule13MDCTAlignment"":0,""Rule14TemporalSeam"":0,""Rule15StereoSeam"":0,""Rule12MLClassifier"":61}",NOT_HIRES,44100,16,21500.0,0.0,5.577e-06,nan,967,6.37,0.651
fd-exchange-v2-2026-08-0437.flac,6883965,1.13.0,85,FAKE_CERTAIN,cnn+mdct,"{""Rule8NyquistException"":-50,""Rule1MP3Bitrate"":0,""Rule2Cutoff"":0,""Rule424BitSuspect"":0,""Rule5HighVariance"":0,""Rule6HighQualityProtection"":0,""Rule13MDCTAlignment"":55,""_calculator"":50,""Rule14TemporalSeam"":0,""Rule15StereoSeam"":0,""Rule12MLClassifier"":30}",NOT_HIRES,44100,16,22050.0,0.0,3.372e-05,nan,918,0.00,0.239
fd-exchange-v2-2026-08-0438.flac,5720702,1.13.0,55,FAKE_CERTAIN,mdct+stereo+temporal,"{""Rule8NyquistException"":-50,""Rule1MP3Bitrate"":0,""Rule2Cutoff"":0,""Rule424BitSuspect"":0,""Rule5HighVariance"":0,""Rule6HighQualityProtection"":0,""Rule13MDCTAlignment"":55,""_calculator"":50,""Rule14TemporalSeam"":0,""Rule15StereoSeam"":0,""Rule12MLClassifier"":0}",GENUINE_HIRES,96000,16,48000.0,0.0,2.156e-09,nan,763,3.70,0.702
fd-exchange-v2-2026-08-0439.flac,5257307,1.13.0,0,AUTHENTIC,,"{""Rule8NyquistException"":-50,""Rule1MP3Bitrate"":0,""Rule2Cutoff"":0,""Rule424BitSuspect"":0,""Rule5HighVariance"":0,""Rule6HighQualityProtection"":0,""Rule13MDCTAlignment"":0,""Rule14TemporalSeam"":0,""Rule15StereoSeam"":0,""Rule12MLClassifier"":0}",NOT_HIRES,44100,16,22050.0,0.0,8.075e-06,nan,701,0.00,0.300
fd-exchange-v2-2026-08-0440.flac,3724397,1.13.0,0,AUTHENTIC,stereo+temporal,"{""Rule8NyquistException"":-50,""Rule1MP3Bitrate"":0,""Rule2Cutoff"":0,""Rule424BitSuspect"":0,""Rule5HighVariance"":0,""Rule6HighQualityProtection"":0,""Rule13MDCTAlignment"":0,""Rule14TemporalSeam"":0,""Rule15StereoSeam"":0,""Rule12MLClassifier"":0}",NOT_HIRES,48000,16,24000.0,0.0,1.681e-10,nan,497,9.19,0.663
fd-exchange-v2-2026-08-0441.flac,4445648,1.13.0,31,WARNING,cnn+temporal,"{""Rule8NyquistException"":-50,""Rule1MP3Bitrate"":0,""Rule2Cutoff"":0,""Rule424BitSuspect"":0,""Rule5HighVariance"":0,""Rule6HighQualityProtection"":0,""Rule13MDCTAlignment"":0,""Rule14TemporalSeam"":0,""Rule15StereoSeam"":0,""Rule12MLClassifier"":81}",NOT_HIRES,44100,16,22050.0,0.0,1.812e-08,nan,593,1.00,0.664
fd-exchange-v2-2026-08-0442.flac,5382406,1.13.0,93,FAKE_CERTAIN,cnn+spectral+temporal,"{""Rule8NyquistException"":0,""Rule11CassetteDetection"":0,""Rule1MP3Bitrate"":50,""Rule2Cutoff"":13,""Rule424BitSuspect"":0,""Rule5HighVariance"":0,""Rule6HighQualityProtection"":0,""Rule14TemporalSeam"":0,""Rule15StereoSeam"":0,""Rule10Consistency"":0,""Rule12MLClassifier"":30}",NOT_HIRES,44100,16,17250.0,0.0,5.266e-06,nan,718,1.68,0.908
fd-exchange-v2-2026-08-0443.flac,3340420,1.13.0,0,AUTHENTIC,stereo,"{""Rule8NyquistException"":0,""Rule1MP3Bitrate"":0,""Rule2Cutoff"":0,""Rule424BitSuspect"":0,""Rule5HighVariance"":0,""Rule6HighQualityProtection"":0,""Rule13MDCTAlignment"":0,""Rule14TemporalSeam"":0,""Rule15StereoSeam"":0,""Rule12MLClassifier"":0}",NOT_HIRES,44100,16,20000.0,0.0,7.865e-07,-42.5,694,3.06,0.551
fd-exchange-v2-2026-08-0444.flac,4262954,1.13.0,93,FAKE_CERTAIN,cnn+spectral+temporal,"{""Rule8NyquistException"":0,""Rule11CassetteDetection"":0,""Rule1MP3Bitrate"":50,""Rule2Cutoff"":13,""Rule424BitSuspect"":0,""Rule5HighVariance"":0,""Rule6HighQualityProtection"":0,""Rule14TemporalSeam"":0,""Rule15StereoSeam"":0,""Rule10Consistency"":0,""Rule12MLClassifier"":30}",NOT_HIRES,44100,16,17250.0,0.0,7.112e-09,nan,568,1.41,0.735
fd-exchange-v2-2026-08-0445.flac,4900150,1.13.0,85,FAKE_CERTAIN,cnn+mdct,"{""Rule8NyquistException"":-50,""Rule1MP3Bitrate"":0,""Rule2Cutoff"":0,""Rule424BitSuspect"":0,""Rule5HighVariance"":0,""Rule6HighQualityProtection"":0,""Rule13MDCTAlignment"":55,""_calculator"":50,""Rule14TemporalSeam"":0,""Rule15StereoSeam"":0,""Rule12MLClassifier"":30}",NOT_HIRES,44100,16,22050.0,0.0,6.651e-06,nan,653,1.00,0.437
fd-exchange-v2-2026-08-0446.flac,7846566,1.13.0,52,WARNING,cnn+spectral+stereo+temporal,"{""Rule8NyquistException"":0,""Rule11CassetteDetection"":0,""Rule1MP3Bitrate"":0,""Rule2Cutoff"":22,""Rule424BitSuspect"":0,""Rule5HighVariance"":0,""Rule6HighQualityProtection"":0,""Rule14TemporalSeam"":0,""Rule15StereoSeam"":0,""Rule12MLClassifier"":30}",NOT_HIRES,44100,16,15500.0,0.0,6.872e-05,nan,1046,5.26,0.670
fd-exchange-v2-2026-08-0447.flac,5078582,1.13.0,85,FAKE_CERTAIN,cnn+mdct+stereo,"{""Rule8NyquistException"":-50,""Rule1MP3Bitrate"":0,""Rule2Cutoff"":0,""Rule424BitSuspect"":0,""Rule5HighVariance"":0,""Rule6HighQualityProtection"":0,""Rule13MDCTAlignment"":55,""_calculator"":50,""Rule14TemporalSeam"":0,""Rule15StereoSeam"":0,""Rule12MLClassifier"":30}",NOT_HIRES,44100,16,22050.0,0.0,4.872e-05,nan,677,4.35,0.454
fd-exchange-v2-2026-08-0448.flac,5558508,1.13.0,63,FAKE_CERTAIN,spectral+stereo+temporal,"{""Rule8NyquistException"":0,""Rule11CassetteDetection"":0,""Rule1MP3Bitrate"":50,""Rule2Cutoff"":13,""Rule424BitSuspect"":0,""Rule5HighVariance"":0,""Rule6HighQualityProtection"":0,""Rule14TemporalSeam"":0,""Rule15StereoSeam"":0,""Rule10Consistency"":0,""Rule12MLClassifier"":0}",NOT_HIRES,44100,16,17250.0,0.0,6.607e-08,nan,741,9.95,0.906
fd-exchange-v2-2026-08-0449.flac,6607020,1.13.0,86,FAKE_CERTAIN,cnn+mdct+stereo+temporal,"{""Rule8NyquistException"":0,""Rule1MP3Bitrate"":0,""Rule2Cutoff"":1,""Rule424BitSuspect"":0,""Rule5HighVariance"":0,""Rule6HighQualityProtection"":0,""Rule13MDCTAlignment"":55,""Rule14TemporalSeam"":0,""Rule15StereoSeam"":0,""Rule12MLClassifier"":30}",NOT_HIRES,44100,16,19750.0,0.0,1.202e-05,-48.4,881,12.69,0.764
fd-exchange-v2-2026-08-0450.flac,4816909,1.13.0,31,WARNING,cnn+stereo,"{""Rule8NyquistException"":0,""Rule1MP3Bitrate"":0,""Rule2Cutoff"":0,""Rule424BitSuspect"":0,""Rule5HighVariance"":0,""Rule6HighQualityProtection"":0,""Rule13MDCTAlignment"":0,""Rule14TemporalSeam"":0,""Rule15StereoSeam"":0,""Rule12MLClassifier"":31}",NOT_HIRES,44100,16,20250.0,0.0,6.420e-06,-49.7,642,3.94,0.564
fd-exchange-v2-2026-08-0451.flac,5450241,1.13.0,0,AUTHENTIC,temporal,"{""Rule8NyquistException"":0,""Rule1MP3Bitrate"":0,""Rule2Cutoff"":0,""Rule424BitSuspect"":0,""Rule5HighVariance"":0,""Rule6HighQualityProtection"":0,""Rule13MDCTAlignment"":0,""Rule14TemporalSeam"":0,""Rule15StereoSeam"":0,""Rule12MLClassifier"":0}",NOT_HIRES,44100,16,20000.0,0.0,6.157e-06,-50.6,727,1.65,0.645
fd-exchange-v2-2026-08-0452.flac,7017957,1.13.0,37,WARNING,cnn+stereo+temporal,"{""Rule8NyquistException"":0,""Rule11CassetteDetection"":0,""Rule1MP3Bitrate"":0,""Rule2Cutoff"":7,""Rule424BitSuspect"":0,""Rule5HighVariance"":0,""Rule6HighQualityProtection"":0,""Rule13MDCTAlignment"":0,""Rule14TemporalSeam"":0,""Rule15StereoSeam"":0,""Rule12MLClassifier"":30}",NOT_HIRES,44100,16,18500.0,0.0,1.866e-06,nan,936,13.94,0.663
fd-exchange-v2-2026-08-0453.flac,5044587,1.13.0,85,FAKE_CERTAIN,cnn+mdct+stereo,"{""Rule8NyquistException"":-50,""Rule1MP3Bitrate"":0,""Rule2Cutoff"":0,""Rule424BitSuspect"":0,""Rule5HighVariance"":0,""Rule6HighQualityProtection"":0,""Rule13MDCTAlignment"":55,""_calculator"":50,""Rule14TemporalSeam"":0,""Rule15StereoSeam"":0,""Rule12MLClassifier"":30}",NOT_HIRES,44100,16,21750.0,0.0,2.173e-06,nan,673,7.63,0.377
fd-exchange-v2-2026-08-0454.flac,3597555,1.13.0,26,AUTHENTIC,mdct+stereo,"{""Rule8NyquistException"":0,""Rule1MP3Bitrate"":0,""Rule2Cutoff"":1,""Rule424BitSuspect"":0,""Rule5HighVariance"":0,""Rule6HighQualityProtection"":0,""Rule13MDCTAlignment"":25,""Rule14TemporalSeam"":0,""Rule15StereoSeam"":0,""Rule12MLClassifier"":0}",NOT_HIRES,44100,16,19750.0,0.0,3.793e-07,-31.0,522,2.00,0.477
fd-exchange-v2-2026-08-0455.flac,1590394,1.13.0,92,FAKE_CERTAIN,cnn+spectral,"{""Rule8NyquistException"":0,""Rule11CassetteDetection"":0,""Rule1MP3Bitrate"":50,""Rule2Cutoff"":12,""Rule424BitSuspect"":0,""Rule5HighVariance"":0,""Rule6HighQualityProtection"":0,""Rule14TemporalSeam"":0,""Rule15StereoSeam"":0,""Rule10Consistency"":0,""Rule12MLClassifier"":30}",NOT_HIRES,44100,16,17500.0,0.0,7.380e-07,nan,612,1.20,0.386
fd-exchange-v2-2026-08-0456.flac,5488086,1.13.0,55,SUSPICIOUS,mdct,"{""Rule8NyquistException"":-50,""Rule1MP3Bitrate"":0,""Rule2Cutoff"":0,""Rule424BitSuspect"":0,""Rule5HighVariance"":0,""Rule6HighQualityProtection"":0,""Rule13MDCTAlignment"":55,""_calculator"":50,""Rule14TemporalSeam"":0,""Rule15StereoSeam"":0,""Rule12MLClassifier"":0}",NOT_HIRES,44100,16,22050.0,0.0,6.541e-06,nan,732,1.20,0.345
fd-exchange-v2-2026-08-0457.flac,6895243,1.13.0,31,WARNING,cnn+temporal,"{""Rule8NyquistException"":-50,""Rule1MP3Bitrate"":0,""Rule2Cutoff"":0,""Rule424BitSuspect"":0,""Rule5HighVariance"":0,""Rule6HighQualityProtection"":0,""Rule13MDCTAlignment"":0,""Rule14TemporalSeam"":0,""Rule15StereoSeam"":0,""Rule12MLClassifier"":81}",NOT_HIRES,44100,16,22050.0,0.0,3.896e-05,nan,919,1.00,0.602
fd-exchange-v2-2026-08-0458.flac,5237279,1.13.0,87,FAKE_CERTAIN,cnn+mdct,"{""Rule8NyquistException"":0,""Rule1MP3Bitrate"":0,""Rule2Cutoff"":2,""Rule424BitSuspect"":0,""Rule5HighVariance"":0,""Rule6HighQualityProtection"":0,""Rule13MDCTAlignment"":55,""Rule14TemporalSeam"":0,""Rule15StereoSeam"":0,""Rule12MLClassifier"":30}",NOT_HIRES,44100,16,19500.0,0.0,4.849e-07,-42.9,698,1.46,0.335
fd-exchange-v2-2026-08-0459.flac,5361485,1.13.0,0,AUTHENTIC,stereo+temporal,"{""Rule8NyquistException"":0,""Rule1MP3Bitrate"":0,""Rule2Cutoff"":0,""Rule424BitSuspect"":0,""Rule5HighVariance"":0,""Rule6HighQualityProtection"":0,""Rule13MDCTAlignment"":0,""Rule14TemporalSeam"":0,""Rule15StereoSeam"":0,""Rule12MLClassifier"":0}",NOT_HIRES,44100,16,20000.0,0.0,3.318e-07,-44.7,715,4.97,0.642
fd-exchange-v2-2026-08-0460.flac,6703622,1.13.0,55,FAKE_CERTAIN,mdct+stereo,"{""Rule8NyquistException"":-30,""Rule1MP3Bitrate"":0,""Rule2Cutoff"":0,""Rule424BitSuspect"":0,""Rule5HighVariance"":0,""Rule6HighQualityProtection"":0,""Rule13MDCTAlignment"":55,""_calculator"":30,""Rule14TemporalSeam"":0,""Rule15StereoSeam"":0,""Rule12MLClassifier"":0}",NOT_HIRES,44100,16,21500.0,0.0,9.839e-07,nan,894,3.67,0.467
fd-exchange-v2-2026-08-0461.flac,6032566,1.13.0,43,WARNING,cnn+stereo+temporal,"{""Rule8NyquistException"":0,""Rule11CassetteDetection"":0,""Rule1MP3Bitrate"":0,""Rule2Cutoff"":13,""Rule424BitSuspect"":0,""Rule5HighVariance"":0,""Rule6HighQualityProtection"":0,""Rule14TemporalSeam"":0,""Rule15StereoSeam"":0,""Rule12MLClassifier"":30}",NOT_HIRES,44100,16,17250.0,0.0,1.216e-06,nan,804,4.91,0.897
fd-exchange-v2-2026-08-0462.flac,5695133,1.13.0,69,FAKE_CERTAIN,spectral+stereo+temporal,"{""Rule8NyquistException"":0,""Rule11CassetteDetection"":0,""Rule1MP3Bitrate"":50,""Rule2Cutoff"":11,""Rule424BitSuspect"":0,""Rule5HighVariance"":0,""Rule6HighQualityProtection"":0,""Rule14TemporalSeam"":0,""Rule15StereoSeam"":0,""Rule10Consistency"":0,""Rule12MLClassifier"":8}",NOT_HIRES,44100,16,17750.0,0.0,3.787e-07,nan,759,3.65,0.803
fd-exchange-v2-2026-08-0463.flac,6380423,1.13.0,45,WARNING,cnn+stereo+temporal,"{""Rule8NyquistException"":0,""Rule11CassetteDetection"":0,""Rule1MP3Bitrate"":0,""Rule2Cutoff"":15,""Rule424BitSuspect"":0,""Rule5HighVariance"":0,""Rule6HighQualityProtection"":0,""Rule14TemporalSeam"":0,""Rule15StereoSeam"":0,""Rule12MLClassifier"":30}",NOT_HIRES,44100,16,17000.0,0.0,1.054e-05,nan,851,7.60,0.657
fd-exchange-v2-2026-08-0464.flac,5391947,1.13.0,79,FAKE_CERTAIN,cnn+spectral+stereo,"{""Rule8NyquistException"":0,""Rule11CassetteDetection"":0,""Rule1MP3Bitrate"":50,""Rule2Cutoff"":8,""Rule424BitSuspect"":0,""Rule5HighVariance"":0,""Rule6HighQualityProtection"":0,""Rule13MDCTAlignment"":0,""Rule14TemporalSeam"":0,""Rule15StereoSeam"":0,""Rule10Consistency"":0,""Rule12MLClassifier"":21}",NOT_HIRES,44100,16,18250.0,0.0,1.327e-06,nan,719,6.90,0.569
fd-exchange-v2-2026-08-0465.flac,1799671,1.13.0,0,AUTHENTIC,,"{""Rule8NyquistException"":0,""Rule1MP3Bitrate"":0,""Rule2Cutoff"":0,""Rule424BitSuspect"":0,""Rule5HighVariance"":0,""Rule6HighQualityProtection"":0,""Rule13MDCTAlignment"":0,""Rule14TemporalSeam"":0,""Rule15StereoSeam"":0,""Rule12MLClassifier"":0}",NOT_HIRES,44100,16,20250.0,0.0,5.898e-07,-28.9,490,1.07,0.471
fd-exchange-v2-2026-08-0466.flac,5842643,1.13.0,31,WARNING,cnn+stereo,"{""Rule8NyquistException"":0,""Rule1MP3Bitrate"":0,""Rule2Cutoff"":0,""Rule424BitSuspect"":0,""Rule5HighVariance"":0,""Rule6HighQualityProtection"":0,""Rule13MDCTAlignment"":0,""Rule14TemporalSeam"":0,""Rule15StereoSeam"":0,""Rule12MLClassifier"":31}",NOT_HIRES,44100,16,20000.0,0.0,6.044e-07,-40.8,779,8.62,0.353
fd-exchange-v2-2026-08-0467.flac,4757280,1.13.0,31,WARNING,cnn+stereo,"{""Rule8NyquistException"":-50,""Rule1MP3Bitrate"":0,""Rule2Cutoff"":0,""Rule424BitSuspect"":0,""Rule5HighVariance"":0,""Rule6HighQualityProtection"":0,""Rule13MDCTAlignment"":0,""Rule14TemporalSeam"":0,""Rule15StereoSeam"":0,""Rule12MLClassifier"":81}",NOT_HIRES,44100,16,22050.0,0.0,6.183e-06,nan,634,3.97,0.428
fd-exchange-v2-2026-08-0468.flac,5416888,1.13.0,0,AUTHENTIC,,"{""Rule8NyquistException"":-50,""Rule1MP3Bitrate"":0,""Rule2Cutoff"":0,""Rule424BitSuspect"":0,""Rule5HighVariance"":0,""Rule6HighQualityProtection"":0,""Rule13MDCTAlignment"":0,""Rule14TemporalSeam"":0,""Rule15StereoSeam"":0,""Rule12MLClassifier"":0}",NOT_HIRES,44100,16,22050.0,0.0,6.176e-06,nan,722,0.00,0.352
fd-exchange-v2-2026-08-0469.flac,6308775,1.13.0,0,AUTHENTIC,stereo,"{""Rule8NyquistException"":-30,""Rule1MP3Bitrate"":0,""Rule2Cutoff"":0,""Rule424BitSuspect"":0,""Rule5HighVariance"":0,""Rule6HighQualityProtection"":0,""Rule13MDCTAlignment"":0,""Rule14TemporalSeam"":0,""Rule15StereoSeam"":0,""Rule12MLClassifier"":0}",NOT_HIRES,44100,16,21500.0,0.0,1.983e-07,nan,841,5.80,0.311
fd-exchange-v2-2026-08-0470.flac,6869184,1.13.0,55,SUSPICIOUS,mdct,"{""Rule8NyquistException"":-50,""Rule1MP3Bitrate"":0,""Rule2Cutoff"":0,""Rule424BitSuspect"":0,""Rule5HighVariance"":0,""Rule6HighQualityProtection"":0,""Rule13MDCTAlignment"":55,""_calculator"":50,""Rule14TemporalSeam"":0,""Rule15StereoSeam"":0,""Rule12MLClassifier"":0}",NOT_HIRES,44100,16,22050.0,0.0,3.397e-05,nan,916,0.00,0.243
fd-exchange-v2-2026-08-0471.flac,6373362,1.13.0,45,WARNING,cnn+stereo,"{""Rule8NyquistException"":0,""Rule11CassetteDetection"":0,""Rule1MP3Bitrate"":0,""Rule2Cutoff"":15,""Rule424BitSuspect"":0,""Rule5HighVariance"":0,""Rule6HighQualityProtection"":0,""Rule14TemporalSeam"":0,""Rule15StereoSeam"":0,""Rule12MLClassifier"":30}",NOT_HIRES,44100,16,17000.0,0.0,1.056e-05,nan,850,7.40,0.586
fd-exchange-v2-2026-08-0472.flac,6382605,1.13.0,45,WARNING,cnn+stereo+temporal,"{""Rule8NyquistException"":0,""Rule11CassetteDetection"":0,""Rule1MP3Bitrate"":0,""Rule2Cutoff"":15,""Rule424BitSuspect"":0,""Rule5HighVariance"":0,""Rule6HighQualityProtection"":0,""Rule14TemporalSeam"":0,""Rule15StereoSeam"":0,""Rule12MLClassifier"":30}",NOT_HIRES,44100,16,17000.0,0.0,1.211e-05,nan,851,7.62,0.644
fd-exchange-v2-2026-08-0473.flac,3606538,1.13.0,43,WARNING,spectral+stereo+temporal,"{""Rule8NyquistException"":0,""Rule11CassetteDetection"":0,""Rule1MP3Bitrate"":50,""Rule2Cutoff"":13,""Rule424BitSuspect"":0,""Rule5HighVariance"":0,""Rule6HighQualityProtection"":0,""Rule14TemporalSeam"":0,""Rule15StereoSeam"":0,""Rule10Consistency"":-20,""Rule12MLClassifier"":0}",NOT_HIRES,44100,16,17250.0,0.0,5.110e-07,nan,524,2.00,0.898
fd-exchange-v2-2026-08-0474.flac,6270165,1.13.0,43,WARNING,cnn+stereo+temporal,"{""Rule8NyquistException"":0,""Rule11CassetteDetection"":0,""Rule1MP3Bitrate"":0,""Rule2Cutoff"":13,""Rule424BitSuspect"":0,""Rule5HighVariance"":0,""Rule6HighQualityProtection"":0,""Rule14TemporalSeam"":0,""Rule15StereoSeam"":0,""Rule12MLClassifier"":30}",NOT_HIRES,44100,16,17250.0,0.0,4.391e-06,nan,836,5.13,0.930
fd-exchange-v2-2026-08-0475.flac,5501613,1.13.0,23,AUTHENTIC,cnn+stereo,"{""Rule8NyquistException"":0,""Rule1MP3Bitrate"":0,""Rule2Cutoff"":1,""Rule424BitSuspect"":0,""Rule5HighVariance"":0,""Rule6HighQualityProtection"":0,""Rule13MDCTAlignment"":0,""Rule14TemporalSeam"":0,""Rule15StereoSeam"":0,""Rule12MLClassifier"":22}",NOT_HIRES,44100,16,19750.0,0.0,6.919e-07,-51.4,734,4.95,0.588
fd-exchange-v2-2026-08-0476.flac,7247587,1.13.0,50,WARNING,cnn+mdct+stereo,"{""Rule8NyquistException"":0,""Rule1MP3Bitrate"":0,""Rule2Cutoff"":0,""Rule424BitSuspect"":0,""Rule5HighVariance"":0,""Rule6HighQualityProtection"":0,""Rule13MDCTAlignment"":25,""Rule14TemporalSeam"":0,""Rule15StereoSeam"":0,""Rule12MLClassifier"":25}",NOT_HIRES,44100,16,20250.0,0.0,5.339e-06,-45.5,966,13.59,0.536
fd-exchange-v2-2026-08-0477.flac,5982529,1.13.0,55,SUSPICIOUS,mdct,"{""Rule8NyquistException"":-30,""Rule1MP3Bitrate"":0,""Rule2Cutoff"":0,""Rule424BitSuspect"":0,""Rule5HighVariance"":0,""Rule6HighQualityProtection"":0,""Rule13MDCTAlignment"":55,""_calculator"":30,""Rule14TemporalSeam"":0,""Rule15StereoSeam"":0,""Rule12MLClassifier"":0}",NOT_HIRES,44100,16,21500.0,0.0,8.693e-08,nan,798,1.94,0.386
fd-exchange-v2-2026-08-0478.flac,6360578,1.13.0,45,WARNING,cnn+stereo,"{""Rule8NyquistException"":0,""Rule11CassetteDetection"":0,""Rule1MP3Bitrate"":0,""Rule2Cutoff"":15,""Rule424BitSuspect"":0,""Rule5HighVariance"":0,""Rule6HighQualityProtection"":0,""Rule14TemporalSeam"":0,""Rule15StereoSeam"":0,""Rule12MLClassifier"":30}",NOT_HIRES,44100,16,17000.0,0.0,9.863e-06,nan,848,7.59,0.550
fd-exchange-v2-2026-08-0479.flac,1719001,1.13.0,31,WARNING,cnn,"{""Rule8NyquistException"":-50,""Rule1MP3Bitrate"":0,""Rule2Cutoff"":0,""Rule424BitSuspect"":0,""Rule5HighVariance"":0,""Rule6HighQualityProtection"":0,""Rule13MDCTAlignment"":0,""Rule14TemporalSeam"":0,""Rule15StereoSeam"":0,""Rule12MLClassifier"":81}",NOT_HIRES,44100,16,22050.0,0.0,1.961e-06,nan,380,1.00,0.268
fd-exchange-v2-2026-08-0480.flac,5041033,1.13.0,16,AUTHENTIC,stereo,"{""Rule8NyquistException"":0,""Rule1MP3Bitrate"":0,""Rule2Cutoff"":0,""Rule424BitSuspect"":0,""Rule5HighVariance"":0,""Rule6HighQualityProtection"":0,""Rule13MDCTAlignment"":0,""Rule14TemporalSeam"":0,""Rule15StereoSeam"":0,""Rule12MLClassifier"":16}",NOT_HIRES,44100,16,20250.0,0.0,2.279e-06,-48.6,672,5.15,0.534
fd-exchange-v2-2026-08-0481.flac,1890606,1.13.0,87,FAKE_CERTAIN,cnn+mdct,"{""Rule8NyquistException"":0,""Rule1MP3Bitrate"":0,""Rule2Cutoff"":2,""Rule424BitSuspect"":0,""Rule5HighVariance"":0,""Rule6HighQualityProtection"":0,""Rule13MDCTAlignment"":55,""Rule14TemporalSeam"":0,""Rule15StereoSeam"":0,""Rule12MLClassifier"":30}",NOT_HIRES,44100,16,19500.0,0.0,5.039e-06,-40.1,562,1.90,0.576
fd-exchange-v2-2026-08-0482.flac,6891807,1.13.0,86,FAKE_CERTAIN,cnn+mdct+stereo,"{""Rule8NyquistException"":0,""Rule1MP3Bitrate"":0,""Rule2Cutoff"":1,""Rule424BitSuspect"":0,""Rule5HighVariance"":0,""Rule6HighQualityProtection"":0,""Rule13MDCTAlignment"":55,""Rule14TemporalSeam"":0,""Rule15StereoSeam"":0,""Rule12MLClassifier"":30}",NOT_HIRES,48000,16,21750.0,0.0,4.396e-06,-58.4,919,22.59,0.344
fd-exchange-v2-2026-08-0483.flac,3312190,1.13.0,0,AUTHENTIC,stereo,"{""Rule8NyquistException"":-30,""Rule1MP3Bitrate"":0,""Rule2Cutoff"":0,""Rule424BitSuspect"":0,""Rule5HighVariance"":0,""Rule6HighQualityProtection"":0,""Rule13MDCTAlignment"":0,""Rule14TemporalSeam"":0,""Rule15StereoSeam"":0,""Rule12MLClassifier"":0}",NOT_HIRES,44100,16,21500.0,0.0,7.660e-07,nan,688,3.42,0.165
fd-exchange-v2-2026-08-0484.flac,5416941,1.13.0,0,AUTHENTIC,stereo,"{""Rule8NyquistException"":0,""Rule1MP3Bitrate"":0,""Rule2Cutoff"":0,""Rule424BitSuspect"":0,""Rule5HighVariance"":0,""Rule6HighQualityProtection"":0,""Rule13MDCTAlignment"":0,""Rule14TemporalSeam"":0,""Rule15StereoSeam"":0,""Rule12MLClassifier"":0}",NOT_HIRES,44100,16,20250.0,0.0,1.895e-08,-41.7,722,9.00,0.536
fd-exchange-v2-2026-08-0485.flac,5022860,1.13.0,31,WARNING,cnn+stereo+temporal,"{""Rule8NyquistException"":0,""Rule1MP3Bitrate"":0,""Rule2Cutoff"":0,""Rule424BitSuspect"":0,""Rule5HighVariance"":0,""Rule6HighQualityProtection"":0,""Rule13MDCTAlignment"":0,""Rule14TemporalSeam"":0,""Rule15StereoSeam"":0,""Rule12MLClassifier"":31}",NOT_HIRES,44100,16,20000.0,0.0,2.286e-06,-48.5,670,3.89,0.626
fd-exchange-v2-2026-08-0486.flac,5951629,1.13.0,0,AUTHENTIC,stereo,"{""Rule8NyquistException"":0,""Rule1MP3Bitrate"":0,""Rule2Cutoff"":0,""Rule424BitSuspect"":0,""Rule5HighVariance"":0,""Rule6HighQualityProtection"":0,""Rule13MDCTAlignment"":0,""Rule14TemporalSeam"":0,""Rule15StereoSeam"":0,""Rule12MLClassifier"":0}",NOT_HIRES,44100,16,20000.0,0.0,7.696e-07,-47.1,794,7.90,0.466
fd-exchange-v2-2026-08-0487.flac,5478246,1.13.0,0,AUTHENTIC,,"{""Rule8NyquistException"":-50,""Rule1MP3Bitrate"":0,""Rule2Cutoff"":0,""Rule424BitSuspect"":0,""Rule5HighVariance"":0,""Rule6HighQualityProtection"":0,""Rule13MDCTAlignment"":0,""Rule14TemporalSeam"":0,""Rule15StereoSeam"":0,""Rule12MLClassifier"":0}",NOT_HIRES,44100,16,21750.0,0.0,6.502e-06,nan,730,1.00,0.349
fd-exchange-v2-2026-08-0488.flac,4870750,1.13.0,86,FAKE_CERTAIN,cnn+spectral+stereo,"{""Rule8NyquistException"":0,""Rule11CassetteDetection"":0,""Rule1MP3Bitrate"":50,""Rule2Cutoff"":6,""Rule424BitSuspect"":0,""Rule5HighVariance"":0,""Rule6HighQualityProtection"":0,""Rule13MDCTAlignment"":0,""Rule14TemporalSeam"":0,""Rule15StereoSeam"":0,""Rule10Consistency"":0,""Rule12MLClassifier"":30}",NOT_HIRES,44100,16,18750.0,0.0,1.350e-06,-48.4,649,7.01,0.562
fd-exchange-v2-2026-08-0489.flac,3762652,1.13.0,55,SUSPICIOUS,mdct,"{""Rule8NyquistException"":-50,""Rule1MP3Bitrate"":0,""Rule2Cutoff"":0,""Rule424BitSuspect"":0,""Rule5HighVariance"":0,""Rule6HighQualityProtection"":0,""Rule13MDCTAlignment"":55,""_calculator"":50,""Rule14TemporalSeam"":0,""Rule15StereoSeam"":0,""Rule12MLClassifier"":0}",NOT_HIRES,44100,16,22050.0,0.0,1.041e-06,nan,611,1.04,0.464
fd-exchange-v2-2026-08-0490.flac,6098468,1.13.0,55,SUSPICIOUS,mdct,"{""Rule8NyquistException"":-50,""Rule1MP3Bitrate"":0,""Rule2Cutoff"":0,""Rule424BitSuspect"":0,""Rule5HighVariance"":0,""Rule6HighQualityProtection"":0,""Rule13MDCTAlignment"":55,""_calculator"":50,""Rule14TemporalSeam"":0,""Rule15StereoSeam"":0,""Rule12MLClassifier"":0}",NOT_HIRES,44100,16,22050.0,0.0,1.728e-06,nan,813,1.50,0.220
fd-exchange-v2-2026-08-0491.flac,1837401,1.13.0,55,SUSPICIOUS,mdct,"{""Rule8NyquistException"":-50,""Rule1MP3Bitrate"":0,""Rule2Cutoff"":0,""Rule424BitSuspect"":0,""Rule5HighVariance"":0,""Rule6HighQualityProtection"":0,""Rule13MDCTAlignment"":55,""_calculator"":50,""Rule14TemporalSeam"":0,""Rule15StereoSeam"":0,""Rule12MLClassifier"":0}",NOT_HIRES,44100,16,22050.0,0.0,6.341e-07,nan,500,1.00,0.477
fd-exchange-v2-2026-08-0492.flac,5770643,1.13.0,31,WARNING,stereo+temporal,"{""Rule8NyquistException"":0,""Rule11CassetteDetection"":0,""Rule1MP3Bitrate"":0,""Rule2Cutoff"":13,""Rule424BitSuspect"":0,""Rule5HighVariance"":0,""Rule6HighQualityProtection"":0,""Rule14TemporalSeam"":0,""Rule15StereoSeam"":0,""Rule12MLClassifier"":18}",NOT_HIRES,44100,16,17250.0,0.0,1.492e-08,nan,769,9.91,0.688
fd-exchange-v2-2026-08-0493.flac,5805273,1.13.0,55,FAKE_CERTAIN,mdct+stereo,"{""Rule8NyquistException"":-50,""Rule1MP3Bitrate"":0,""Rule2Cutoff"":0,""Rule424BitSuspect"":0,""Rule5HighVariance"":0,""Rule6HighQualityProtection"":0,""Rule13MDCTAlignment"":55,""_calculator"":50,""Rule14TemporalSeam"":0,""Rule15StereoSeam"":0,""Rule12MLClassifier"":0}",GENUINE_HIRES,96000,16,48000.0,0.0,2.063e-09,nan,774,3.38,0.333
fd-exchange-v2-2026-08-0494.flac,6676147,1.13.0,45,WARNING,mdct+spectral+stereo,"{""Rule8NyquistException"":0,""Rule1MP3Bitrate"":50,""Rule2Cutoff"":0,""Rule424BitSuspect"":0,""Rule5HighVariance"":0,""Rule6HighQualityProtection"":0,""Rule7SilenceAnalysis"":0,""Rule13MDCTAlignment"":25,""Rule14TemporalSeam"":0,""Rule15StereoSeam"":0,""Rule10Consistency"":-30,""Rule12MLClassifier"":0}",NOT_HIRES,44100,16,20250.0,0.0,3.579e-07,-56.8,890,21.00,0.531
fd-exchange-v2-2026-08-0495.flac,6070502,1.13.0,0,AUTHENTIC,,"{""Rule8NyquistException"":-50,""Rule1MP3Bitrate"":0,""Rule2Cutoff"":0,""Rule424BitSuspect"":0,""Rule5HighVariance"":0,""Rule6HighQualityProtection"":0,""Rule13MDCTAlignment"":0,""Rule14TemporalSeam"":0,""Rule15StereoSeam"":0,""Rule12MLClassifier"":0}",NOT_HIRES,44100,16,22050.0,0.0,1.507e-04,nan,809,0.00,0.369
fd-exchange-v2-2026-08-0496.flac,3184391,1.13.0,0,AUTHENTIC,stereo,"{""Rule8NyquistException"":-30,""Rule1MP3Bitrate"":0,""Rule2Cutoff"":0,""Rule424BitSuspect"":0,""Rule5HighVariance"":0,""Rule6HighQualityProtection"":0,""Rule13MDCTAlignment"":0,""Rule14TemporalSeam"":0,""Rule15StereoSeam"":0,""Rule12MLClassifier"":0}",NOT_HIRES,44100,16,21500.0,0.0,2.746e-07,nan,661,3.57,0.251
fd-exchange-v2-2026-08-0497.flac,5221686,1.13.0,31,WARNING,cnn+stereo+temporal,"{""Rule8NyquistException"":0,""Rule1MP3Bitrate"":0,""Rule2Cutoff"":0,""Rule424BitSuspect"":0,""Rule5HighVariance"":0,""Rule6HighQualityProtection"":0,""Rule13MDCTAlignment"":0,""Rule14TemporalSeam"":0,""Rule15StereoSeam"":0,""Rule12MLClassifier"":31}",NOT_HIRES,44100,16,20250.0,0.0,3.359e-06,-53.4,696,2.38,0.638
fd-exchange-v2-2026-08-0498.flac,5840067,1.13.0,86,FAKE_CERTAIN,cnn+spectral+stereo,"{""Rule8NyquistException"":0,""Rule11CassetteDetection"":0,""Rule1MP3Bitrate"":50,""Rule2Cutoff"":6,""Rule424BitSuspect"":0,""Rule5HighVariance"":0,""Rule6HighQualityProtection"":0,""Rule13MDCTAlignment"":0,""Rule14TemporalSeam"":0,""Rule15StereoSeam"":0,""Rule10Consistency"":0,""Rule12MLClassifier"":30}",NOT_HIRES,44100,16,18750.0,0.0,1.651e-07,-53.0,779,5.49,0.564
fd-exchange-v2-2026-08-0499.flac,5894384,1.13.0,88,FAKE_CERTAIN,cnn+spectral+stereo,"{""Rule8NyquistException"":0,""Rule1MP3Bitrate"":50,""Rule2Cutoff"":8,""Rule424BitSuspect"":0,""Rule5HighVariance"":0,""Rule6HighQualityProtection"":0,""Rule7SilenceAnalysis"":0,""Rule13MDCTAlignment"":0,""Rule14TemporalSeam"":0,""Rule15StereoSeam"":0,""Rule10Consistency"":0,""Rule12MLClassifier"":30}",NOT_HIRES,48000,16,20250.0,0.0,9.080e-05,nan,786,10.54,0.529
fd-exchange-v2-2026-08-0500.flac,4959459,1.13.0,90,FAKE_CERTAIN,cnn+spectral+stereo+temporal,"{""Rule8NyquistException"":0,""Rule11CassetteDetection"":0,""Rule1MP3Bitrate"":50,""Rule2Cutoff"":10,""Rule424BitSuspect"":0,""Rule5HighVariance"":0,""Rule6HighQualityProtection"":0,""Rule13MDCTAlignment"":0,""Rule14TemporalSeam"":0,""Rule15StereoSeam"":0,""Rule10Consistency"":0,""Rule12MLClassifier"":30}",NOT_HIRES,44100,16,18000.0,0.0,2.823e-07,nan,661,2.21,0.750
fd-exchange-v2-2026-08-0501.flac,6847432,1.13.0,55,FAKE_CERTAIN,mdct+stereo,"{""Rule8NyquistException"":-30,""Rule1MP3Bitrate"":0,""Rule2Cutoff"":0,""Rule424BitSuspect"":0,""Rule5HighVariance"":0,""Rule6HighQualityProtection"":0,""Rule13MDCTAlignment"":55,""_calculator"":30,""Rule14TemporalSeam"":0,""Rule15StereoSeam"":0,""Rule12MLClassifier"":0}",NOT_HIRES,44100,16,21500.0,0.0,4.365e-07,nan,913,2.88,0.243
fd-exchange-v2-2026-08-0502.flac,3597855,1.13.0,48,WARNING,spectral,"{""Rule8NyquistException"":0,""Rule11CassetteDetection"":0,""Rule1MP3Bitrate"":50,""Rule2Cutoff"":18,""Rule424BitSuspect"":0,""Rule5HighVariance"":0,""Rule6HighQualityProtection"":0,""Rule14TemporalSeam"":0,""Rule15StereoSeam"":0,""Rule10Consistency"":-20,""Rule12MLClassifier"":0}",NOT_HIRES,44100,16,16250.0,0.0,4.109e-09,nan,503,1.39,0.528
fd-exchange-v2-2026-08-0503.flac,3758255,1.13.0,7,AUTHENTIC,,"{""Rule8NyquistException"":0,""Rule11CassetteDetection"":0,""Rule1MP3Bitrate"":0,""Rule2Cutoff"":7,""Rule424BitSuspect"":0,""Rule5HighVariance"":0,""Rule6HighQualityProtection"":0,""Rule13MDCTAlignment"":0,""Rule14TemporalSeam"":0,""Rule15StereoSeam"":0,""Rule12MLClassifier"":0}",NOT_HIRES,44100,16,18500.0,0.0,3.696e-08,nan,526,1.41,0.526
fd-exchange-v2-2026-08-0504.flac,1541188,1.13.0,93,FAKE_CERTAIN,cnn+spectral+stereo,"{""Rule8NyquistException"":0,""Rule11CassetteDetection"":0,""Rule1MP3Bitrate"":50,""Rule2Cutoff"":13,""Rule424BitSuspect"":0,""Rule5HighVariance"":0,""Rule6HighQualityProtection"":0,""Rule14TemporalSeam"":0,""Rule15StereoSeam"":0,""Rule10Consistency"":0,""Rule12MLClassifier"":30}",NOT_HIRES,44100,16,17250.0,0.0,6.651e-07,nan,593,2.47,0.589
fd-exchange-v2-2026-08-0505.flac,4943675,1.13.0,31,WARNING,cnn+stereo,"{""Rule8NyquistException"":-50,""Rule1MP3Bitrate"":0,""Rule2Cutoff"":0,""Rule424BitSuspect"":0,""Rule5HighVariance"":0,""Rule6HighQualityProtection"":0,""Rule13MDCTAlignment"":0,""Rule14TemporalSeam"":0,""Rule15StereoSeam"":0,""Rule12MLClassifier"":81}",NOT_HIRES,44100,16,22050.0,0.0,2.215e-06,nan,659,8.59,0.595
fd-exchange-v2-2026-08-0506.flac,6183144,1.13.0,0,AUTHENTIC,,"{""Rule8NyquistException"":0,""Rule1MP3Bitrate"":0,""Rule2Cutoff"":0,""Rule424BitSuspect"":0,""Rule5HighVariance"":0,""Rule6HighQualityProtection"":0,""Rule13MDCTAlignment"":0,""Rule14TemporalSeam"":0,""Rule15StereoSeam"":0,""Rule12MLClassifier"":0}",NOT_HIRES,44100,16,20500.0,0.0,8.363e-06,-35.0,824,1.00,0.314
fd-exchange-v2-2026-08-0507.flac,7287222,1.13.0,55,SUSPICIOUS,mdct,"{""Rule8NyquistException"":-30,""Rule1MP3Bitrate"":0,""Rule2Cutoff"":0,""Rule424BitSuspect"":0,""Rule5HighVariance"":0,""Rule6HighQualityProtection"":0,""Rule13MDCTAlignment"":55,""_calculator"":30,""Rule14TemporalSeam"":0,""Rule15StereoSeam"":0,""Rule12MLClassifier"":0}",NOT_HIRES,44100,16,21500.0,0.0,5.324e-06,nan,972,1.00,0.536
fd-exchange-v2-2026-08-0508.flac,7003144,1.13.0,52,WARNING,cnn+spectral+stereo+temporal,"{""Rule8NyquistException"":0,""Rule11CassetteDetection"":0,""Rule1MP3Bitrate"":0,""Rule2Cutoff"":22,""Rule424BitSuspect"":0,""Rule5HighVariance"":0,""Rule6HighQualityProtection"":0,""Rule14TemporalSeam"":0,""Rule15StereoSeam"":0,""Rule12MLClassifier"":30}",NOT_HIRES,44100,16,15500.0,0.0,5.401e-08,nan,934,8.97,0.847
fd-exchange-v2-2026-08-0509.flac,3305586,1.13.0,0,AUTHENTIC,stereo,"{""Rule8NyquistException"":0,""Rule1MP3Bitrate"":0,""Rule2Cutoff"":0,""Rule424BitSuspect"":0,""Rule5HighVariance"":0,""Rule6HighQualityProtection"":0,""Rule13MDCTAlignment"":0,""Rule14TemporalSeam"":0,""Rule15StereoSeam"":0,""Rule12MLClassifier"":0}",NOT_HIRES,44100,16,20000.0,0.0,7.054e-07,-42.5,687,3.12,0.483
fd-exchange-v2-2026-08-0510.flac,6341125,1.13.0,55,FAKE_CERTAIN,mdct+stereo,"{""Rule8NyquistException"":-30,""Rule1MP3Bitrate"":0,""Rule2Cutoff"":0,""Rule424BitSuspect"":0,""Rule5HighVariance"":0,""Rule6HighQualityProtection"":0,""Rule13MDCTAlignment"":55,""_calculator"":30,""Rule14TemporalSeam"":0,""Rule15StereoSeam"":0,""Rule12MLClassifier"":0}",NOT_HIRES,44100,16,21250.0,0.0,4.442e-06,nan,845,2.21,0.429
fd-exchange-v2-2026-08-0511.flac,3235558,1.13.0,63,FAKE_CERTAIN,spectral+stereo+temporal,"{""Rule8NyquistException"":0,""Rule11CassetteDetection"":0,""Rule1MP3Bitrate"":50,""Rule2Cutoff"":13,""Rule424BitSuspect"":0,""Rule5HighVariance"":0,""Rule6HighQualityProtection"":0,""Rule14TemporalSeam"":0,""Rule15StereoSeam"":0,""Rule10Consistency"":0,""Rule12MLClassifier"":0}",NOT_HIRES,44100,16,17250.0,0.0,4.246e-07,nan,672,3.50,0.906
fd-exchange-v2-2026-08-0512.flac,4874499,1.13.0,98,FAKE_CERTAIN,cnn+spectral+stereo+temporal,"{""Rule8NyquistException"":0,""Rule11CassetteDetection"":0,""Rule1MP3Bitrate"":50,""Rule2Cutoff"":18,""Rule424BitSuspect"":0,""Rule5HighVariance"":0,""Rule6HighQualityProtection"":0,""Rule14TemporalSeam"":0,""Rule15StereoSeam"":0,""Rule10Consistency"":0,""Rule12MLClassifier"":30}",NOT_HIRES,44100,16,16250.0,0.0,2.470e-09,nan,650,4.70,0.809
fd-exchange-v2-2026-08-0513.flac,5995431,1.13.0,31,WARNING,cnn+stereo,"{""Rule8NyquistException"":-50,""Rule1MP3Bitrate"":0,""Rule2Cutoff"":0,""Rule424BitSuspect"":0,""Rule5HighVariance"":0,""Rule6HighQualityProtection"":0,""Rule13MDCTAlignment"":0,""Rule14TemporalSeam"":0,""Rule15StereoSeam"":0,""Rule12MLClassifier"":81}",NOT_HIRES,44100,16,22050.0,0.0,1.653e-06,nan,799,4.14,0.313
fd-exchange-v2-2026-08-0514.flac,6196482,1.13.0,0,AUTHENTIC,,"{""Rule8NyquistException"":-30,""Rule1MP3Bitrate"":0,""Rule2Cutoff"":0,""Rule424BitSuspect"":0,""Rule5HighVariance"":0,""Rule6HighQualityProtection"":0,""Rule13MDCTAlignment"":0,""Rule14TemporalSeam"":0,""Rule15StereoSeam"":0,""Rule12MLClassifier"":0}",NOT_HIRES,44100,16,21000.0,0.0,8.256e-06,nan,826,1.60,0.310
fd-exchange-v2-2026-08-0515.flac,6037190,1.13.0,35,WARNING,cnn+stereo,"{""Rule8NyquistException"":0,""Rule1MP3Bitrate"":0,""Rule2Cutoff"":5,""Rule424BitSuspect"":0,""Rule5HighVariance"":0,""Rule6HighQualityProtection"":0,""Rule13MDCTAlignment"":0,""Rule14TemporalSeam"":0,""Rule15StereoSeam"":0,""Rule12MLClassifier"":30}",NOT_HIRES,48000,16,21000.0,0.0,9.812e-05,-48.8,805,8.47,0.285
fd-exchange-v2-2026-08-0516.flac,5160722,1.13.0,33,WARNING,spectral+stereo+temporal,"{""Rule8NyquistException"":0,""Rule11CassetteDetection"":0,""Rule1MP3Bitrate"":0,""Rule2Cutoff"":20,""Rule424BitSuspect"":0,""Rule5HighVariance"":0,""Rule6HighQualityProtection"":0,""Rule14TemporalSeam"":0,""Rule15StereoSeam"":0,""Rule12MLClassifier"":13}",NOT_HIRES,44100,16,16000.0,0.0,1.877e-07,nan,688,2.69,0.834
fd-exchange-v2-2026-08-0517.flac,5704531,1.13.0,0,AUTHENTIC,stereo,"{""Rule8NyquistException"":-50,""Rule1MP3Bitrate"":0,""Rule2Cutoff"":0,""Rule424BitSuspect"":0,""Rule5HighVariance"":0,""Rule6HighQualityProtection"":0,""Rule13MDCTAlignment"":0,""Rule14TemporalSeam"":0,""Rule15StereoSeam"":0,""Rule12MLClassifier"":0}",GENUINE_HIRES,96000,16,48000.0,0.0,3.803e-10,nan,761,3.94,0.568
fd-exchange-v2-2026-08-0518.flac,5878876,1.13.0,55,FAKE_CERTAIN,cnn+mdct+stereo,"{""Rule8NyquistException"":-30,""Rule1MP3Bitrate"":0,""Rule2Cutoff"":0,""Rule424BitSuspect"":0,""Rule5HighVariance"":0,""Rule6HighQualityProtection"":0,""Rule13MDCTAlignment"":25,""_calculator"":30,""Rule14TemporalSeam"":0,""Rule15StereoSeam"":0,""Rule12MLClassifier"":30}",NOT_HIRES,44100,16,21000.0,0.0,7.643e-07,nan,784,8.41,0.269
fd-exchange-v2-2026-08-0519.flac,4690138,1.13.0,55,SUSPICIOUS,mdct,"{""Rule8NyquistException"":-50,""Rule1MP3Bitrate"":0,""Rule2Cutoff"":0,""Rule424BitSuspect"":0,""Rule5HighVariance"":0,""Rule6HighQualityProtection"":0,""Rule13MDCTAlignment"":55,""_calculator"":50,""Rule14TemporalSeam"":0,""Rule15StereoSeam"":0,""Rule12MLClassifier"":0}",NOT_HIRES,44100,16,22050.0,0.0,4.314e-08,nan,625,1.54,0.267
fd-exchange-v2-2026-08-0520.flac,5071764,1.13.0,53,WARNING,spectral+stereo,"{""Rule8NyquistException"":0,""Rule1MP3Bitrate"":50,""Rule2Cutoff"":3,""Rule424BitSuspect"":0,""Rule5HighVariance"":0,""Rule6HighQualityProtection"":0,""Rule7SilenceAnalysis"":0,""Rule13MDCTAlignment"":0,""Rule14TemporalSeam"":0,""Rule15StereoSeam"":0,""Rule10Consistency"":0,""Rule12MLClassifier"":0}",NOT_HIRES,44100,16,19250.0,0.0,9.407e-08,-44.7,676,6.08,0.592
fd-exchange-v2-2026-08-0521.flac,5692145,1.13.0,77,FAKE_CERTAIN,spectral+stereo+temporal,"{""Rule8NyquistException"":0,""Rule11CassetteDetection"":0,""Rule1MP3Bitrate"":50,""Rule2Cutoff"":11,""Rule424BitSuspect"":0,""Rule5HighVariance"":0,""Rule6HighQualityProtection"":0,""Rule14TemporalSeam"":0,""Rule15StereoSeam"":0,""Rule10Consistency"":0,""Rule12MLClassifier"":16}",NOT_HIRES,44100,16,17750.0,0.0,4.671e-07,nan,759,10.90,0.838
fd-exchange-v2-2026-08-0522.flac,4951638,1.13.0,20,AUTHENTIC,spectral+stereo,"{""Rule8NyquistException"":0,""Rule11CassetteDetection"":0,""Rule1MP3Bitrate"":0,""Rule2Cutoff"":20,""Rule424BitSuspect"":0,""Rule5HighVariance"":0,""Rule6HighQualityProtection"":0,""Rule14TemporalSeam"":0,""Rule15StereoSeam"":0,""Rule12MLClassifier"":0}",NOT_HIRES,44100,16,16000.0,0.0,3.029e-09,nan,660,5.34,0.558
fd-exchange-v2-2026-08-0523.flac,5350384,1.13.0,31,WARNING,cnn+temporal,"{""Rule8NyquistException"":0,""Rule1MP3Bitrate"":0,""Rule2Cutoff"":0,""Rule424BitSuspect"":0,""Rule5HighVariance"":0,""Rule6HighQualityProtection"":0,""Rule13MDCTAlignment"":0,""Rule14TemporalSeam"":0,""Rule15StereoSeam"":0,""Rule12MLClassifier"":31}",NOT_HIRES,44100,16,20250.0,0.0,4.475e-06,-42.8,713,1.36,0.667
fd-exchange-v2-2026-08-0524.flac,5748581,1.13.0,0,AUTHENTIC,stereo,"{""Rule8NyquistException"":-50,""Rule1MP3Bitrate"":0,""Rule2Cutoff"":0,""Rule424BitSuspect"":0,""Rule5HighVariance"":0,""Rule6HighQualityProtection"":0,""Rule13MDCTAlignment"":0,""Rule14TemporalSeam"":0,""Rule15StereoSeam"":0,""Rule12MLClassifier"":0}",GENUINE_HIRES,96000,16,48000.0,0.0,1.580e-09,nan,766,3.71,0.522
fd-exchange-v2-2026-08-0525.flac,6946426,1.13.0,36,WARNING,cnn+temporal,"{""Rule8NyquistException"":0,""Rule11CassetteDetection"":0,""Rule1MP3Bitrate"":0,""Rule2Cutoff"":6,""Rule424BitSuspect"":0,""Rule5HighVariance"":0,""Rule6HighQualityProtection"":0,""Rule13MDCTAlignment"":0,""Rule14TemporalSeam"":0,""Rule15StereoSeam"":0,""Rule12MLClassifier"":30}",NOT_HIRES,44100,16,18750.0,0.0,6.658e-07,-34.5,926,1.00,0.602
fd-exchange-v2-2026-08-0526.flac,4270678,1.13.0,0,AUTHENTIC,stereo+temporal,"{""Rule8NyquistException"":-50,""Rule1MP3Bitrate"":0,""Rule2Cutoff"":0,""Rule424BitSuspect"":0,""Rule5HighVariance"":0,""Rule6HighQualityProtection"":0,""Rule13MDCTAlignment"":0,""Rule14TemporalSeam"":0,""Rule15StereoSeam"":0,""Rule12MLClassifier"":0}",NOT_HIRES,44100,16,22050.0,0.0,3.033e-08,nan,569,3.98,0.781
fd-exchange-v2-2026-08-0527.flac,5813773,1.13.0,0,AUTHENTIC,,"{""Rule8NyquistException"":-50,""Rule1MP3Bitrate"":0,""Rule2Cutoff"":0,""Rule424BitSuspect"":0,""Rule5HighVariance"":0,""Rule6HighQualityProtection"":0,""Rule13MDCTAlignment"":0,""Rule14TemporalSeam"":0,""Rule15StereoSeam"":0,""Rule12MLClassifier"":0}",NOT_HIRES,44100,16,21750.0,0.0,8.674e-07,nan,775,1.50,0.462
fd-exchange-v2-2026-08-0528.flac,3599476,1.13.0,0,AUTHENTIC,stereo,"{""Rule8NyquistException"":0,""Rule1MP3Bitrate"":0,""Rule2Cutoff"":0,""Rule424BitSuspect"":0,""Rule5HighVariance"":0,""Rule6HighQualityProtection"":0,""Rule13MDCTAlignment"":0,""Rule14TemporalSeam"":0,""Rule15StereoSeam"":0,""Rule12MLClassifier"":0}",NOT_HIRES,44100,16,20000.0,0.0,3.873e-07,-31.1,523,2.00,0.500
fd-exchange-v2-2026-08-0529.flac,6205695,1.13.0,0,AUTHENTIC,,"{""Rule8NyquistException"":-50,""Rule1MP3Bitrate"":0,""Rule2Cutoff"":0,""Rule424BitSuspect"":0,""Rule5HighVariance"":0,""Rule6HighQualityProtection"":0,""Rule13MDCTAlignment"":0,""Rule14TemporalSeam"":0,""Rule15StereoSeam"":0,""Rule12MLClassifier"":0}",NOT_HIRES,44100,16,22050.0,0.0,3.165e-07,nan,827,0.00,0.364
fd-exchange-v2-2026-08-0530.flac,6045721,1.13.0,75,FAKE_CERTAIN,mdct+stereo,"{""Rule8NyquistException"":0,""Rule1MP3Bitrate"":0,""Rule2Cutoff"":3,""Rule424BitSuspect"":0,""Rule5HighVariance"":0,""Rule6HighQualityProtection"":0,""Rule13MDCTAlignment"":55,""Rule14TemporalSeam"":0,""Rule15StereoSeam"":0,""Rule12MLClassifier"":17}",NOT_HIRES,48000,16,21250.0,0.0,8.924e-05,-53.6,806,2.70,0.403
fd-exchange-v2-2026-08-0531.flac,4848167,1.13.0,93,FAKE_CERTAIN,cnn+spectral+stereo+temporal,"{""Rule8NyquistException"":0,""Rule11CassetteDetection"":0,""Rule1MP3Bitrate"":50,""Rule2Cutoff"":13,""Rule424BitSuspect"":0,""Rule5HighVariance"":0,""Rule6HighQualityProtection"":0,""Rule14TemporalSeam"":0,""Rule15StereoSeam"":0,""Rule10Consistency"":0,""Rule12MLClassifier"":30}",NOT_HIRES,44100,16,17250.0,0.0,6.345e-08,nan,646,12.90,0.903
fd-exchange-v2-2026-08-0532.flac,4302036,1.13.0,36,WARNING,cnn+stereo+temporal,"{""Rule8NyquistException"":0,""Rule11CassetteDetection"":0,""Rule1MP3Bitrate"":0,""Rule2Cutoff"":6,""Rule424BitSuspect"":0,""Rule5HighVariance"":0,""Rule6HighQualityProtection"":0,""Rule13MDCTAlignment"":0,""Rule14TemporalSeam"":0,""Rule15StereoSeam"":0,""Rule12MLClassifier"":30}",NOT_HIRES,44100,16,18750.0,0.0,3.243e-05,-56.6,574,4.48,0.678
fd-exchange-v2-2026-08-0533.flac,5709607,1.13.0,85,FAKE_CERTAIN,cnn+mdct+stereo+temporal,"{""Rule8NyquistException"":-30,""Rule1MP3Bitrate"":0,""Rule2Cutoff"":0,""Rule424BitSuspect"":0,""Rule5HighVariance"":0,""Rule6HighQualityProtection"":0,""Rule13MDCTAlignment"":55,""_calculator"":30,""Rule14TemporalSeam"":0,""Rule15StereoSeam"":0,""Rule12MLClassifier"":30}",NOT_HIRES,44100,16,21500.0,0.0,1.914e-05,nan,761,15.06,0.685
fd-exchange-v2-2026-08-0534.flac,5145087,1.13.0,18,AUTHENTIC,,"{""Rule8NyquistException"":0,""Rule11CassetteDetection"":0,""Rule1MP3Bitrate"":0,""Rule2Cutoff"":18,""Rule424BitSuspect"":0,""Rule5HighVariance"":0,""Rule6HighQualityProtection"":0,""Rule14TemporalSeam"":0,""Rule15StereoSeam"":0,""Rule12MLClassifier"":0}",NOT_HIRES,44100,16,16250.0,0.0,1.059e-08,nan,686,1.07,0.544
fd-exchange-v2-2026-08-0535.flac,6018875,1.13.0,31,WARNING,cnn+stereo,"{""Rule8NyquistException"":0,""Rule1MP3Bitrate"":0,""Rule2Cutoff"":0,""Rule424BitSuspect"":0,""Rule5HighVariance"":0,""Rule6HighQualityProtection"":0,""Rule13MDCTAlignment"":0,""Rule14TemporalSeam"":0,""Rule15StereoSeam"":0,""Rule12MLClassifier"":31}",NOT_HIRES,44100,16,20000.0,0.0,5.006e-07,-52.7,803,17.43,0.465
fd-exchange-v2-2026-08-0536.flac,5975500,1.13.0,55,FAKE_CERTAIN,mdct+stereo,"{""Rule8NyquistException"":-30,""Rule1MP3Bitrate"":0,""Rule2Cutoff"":0,""Rule424BitSuspect"":0,""Rule5HighVariance"":0,""Rule6HighQualityProtection"":0,""Rule13MDCTAlignment"":55,""_calculator"":30,""Rule14TemporalSeam"":0,""Rule15StereoSeam"":0,""Rule12MLClassifier"":0}",NOT_HIRES,44100,16,21500.0,0.0,9.952e-07,nan,797,3.00,0.451
fd-exchange-v2-2026-08-0537.flac,4497020,1.13.0,7,AUTHENTIC,stereo+temporal,"{""Rule8NyquistException"":0,""Rule11CassetteDetection"":0,""Rule1MP3Bitrate"":0,""Rule2Cutoff"":7,""Rule424BitSuspect"":0,""Rule5HighVariance"":0,""Rule6HighQualityProtection"":0,""Rule13MDCTAlignment"":0,""Rule14TemporalSeam"":0,""Rule15StereoSeam"":0,""Rule12MLClassifier"":0}",NOT_HIRES,44100,16,18500.0,0.0,6.786e-09,nan,600,3.74,0.738
fd-exchange-v2-2026-08-0538.flac,6165276,1.13.0,50,WARNING,spectral+stereo,"{""Rule8NyquistException"":0,""Rule1MP3Bitrate"":50,""Rule2Cutoff"":0,""Rule424BitSuspect"":0,""Rule5HighVariance"":0,""Rule6HighQualityProtection"":0,""Rule7SilenceAnalysis"":0,""Rule13MDCTAlignment"":0,""Rule14TemporalSeam"":0,""Rule15StereoSeam"":0,""Rule10Consistency"":0,""Rule12MLClassifier"":0}",NOT_HIRES,44100,16,20000.0,0.0,8.385e-06,-61.0,822,4.77,0.565
fd-exchange-v2-2026-08-0539.flac,4506493,1.13.0,57,FAKE_CERTAIN,spectral+stereo+temporal,"{""Rule8NyquistException"":0,""Rule11CassetteDetection"":0,""Rule1MP3Bitrate"":50,""Rule2Cutoff"":7,""Rule424BitSuspect"":0,""Rule5HighVariance"":0,""Rule6HighQualityProtection"":0,""Rule13MDCTAlignment"":0,""Rule14TemporalSeam"":0,""Rule15StereoSeam"":0,""Rule10Consistency"":0,""Rule12MLClassifier"":0}",NOT_HIRES,44100,16,18500.0,0.0,8.440e-09,nan,601,3.98,0.771
fd-exchange-v2-2026-08-0540.flac,6255623,1.13.0,31,WARNING,cnn+stereo+temporal,"{""Rule8NyquistException"":0,""Rule1MP3Bitrate"":0,""Rule2Cutoff"":0,""Rule424BitSuspect"":0,""Rule5HighVariance"":0,""Rule6HighQualityProtection"":0,""Rule13MDCTAlignment"":0,""Rule14TemporalSeam"":0,""Rule15StereoSeam"":0,""Rule12MLClassifier"":31}",NOT_HIRES,44100,16,20250.0,0.0,4.419e-06,-52.9,834,4.95,0.600
fd-exchange-v2-2026-08-0541.flac,6708077,1.13.0,0,AUTHENTIC,,"{""Rule8NyquistException"":-50,""Rule1MP3Bitrate"":0,""Rule2Cutoff"":0,""Rule424BitSuspect"":0,""Rule5HighVariance"":0,""Rule6HighQualityProtection"":0,""Rule13MDCTAlignment"":0,""Rule14TemporalSeam"":0,""Rule15StereoSeam"":0,""Rule12MLClassifier"":0}",NOT_HIRES,44100,16,22050.0,0.0,5.525e-06,nan,894,0.00,0.238
fd-exchange-v2-2026-08-0542.flac,6071317,1.13.0,0,AUTHENTIC,stereo,"{""Rule8NyquistException"":0,""Rule1MP3Bitrate"":0,""Rule2Cutoff"":0,""Rule424BitSuspect"":0,""Rule5HighVariance"":0,""Rule6HighQualityProtection"":0,""Rule13MDCTAlignment"":0,""Rule14TemporalSeam"":0,""Rule15StereoSeam"":0,""Rule12MLClassifier"":0}",NOT_HIRES,44100,16,20250.0,0.0,1.693e-06,-51.4,810,4.08,0.523
fd-exchange-v2-2026-08-0543.flac,6841359,1.13.0,55,FAKE_CERTAIN,mdct+stereo,"{""Rule8NyquistException"":-30,""Rule1MP3Bitrate"":0,""Rule2Cutoff"":0,""Rule424BitSuspect"":0,""Rule5HighVariance"":0,""Rule6HighQualityProtection"":0,""Rule13MDCTAlignment"":55,""_calculator"":30,""Rule14TemporalSeam"":0,""Rule15StereoSeam"":0,""Rule12MLClassifier"":0}",NOT_HIRES,44100,16,21500.0,0.0,4.243e-07,nan,912,2.80,0.262
fd-exchange-v2-2026-08-0544.flac,5861232,1.13.0,13,AUTHENTIC,stereo+temporal,"{""Rule8NyquistException"":0,""Rule11CassetteDetection"":0,""Rule1MP3Bitrate"":0,""Rule2Cutoff"":13,""Rule424BitSuspect"":0,""Rule5HighVariance"":0,""Rule6HighQualityProtection"":0,""Rule14TemporalSeam"":0,""Rule15StereoSeam"":0,""Rule12MLClassifier"":0}",NOT_HIRES,44100,16,17250.0,0.0,9.740e-08,nan,781,11.21,0.905
fd-exchange-v2-2026-08-0545.flac,4570871,1.13.0,55,FAKE_CERTAIN,mdct+stereo,"{""Rule8NyquistException"":-50,""Rule1MP3Bitrate"":0,""Rule2Cutoff"":0,""Rule424BitSuspect"":0,""Rule5HighVariance"":0,""Rule6HighQualityProtection"":0,""Rule13MDCTAlignment"":55,""_calculator"":50,""Rule14TemporalSeam"":0,""Rule15StereoSeam"":0,""Rule12MLClassifier"":0}",NOT_HIRES,48000,16,24000.0,0.0,1.582e-08,nan,609,2.20,0.494
fd-exchange-v2-2026-08-0546.flac,6159597,1.13.0,0,AUTHENTIC,stereo,"{""Rule8NyquistException"":-30,""Rule1MP3Bitrate"":0,""Rule2Cutoff"":0,""Rule424BitSuspect"":0,""Rule5HighVariance"":0,""Rule6HighQualityProtection"":0,""Rule13MDCTAlignment"":0,""Rule14TemporalSeam"":0,""Rule15StereoSeam"":0,""Rule12MLClassifier"":0}",NOT_HIRES,44100,16,21500.0,0.0,1.733e-07,nan,821,14.45,0.593
fd-exchange-v2-2026-08-0547.flac,3788763,1.13.0,0,AUTHENTIC,,"{""Rule8NyquistException"":0,""Rule1MP3Bitrate"":0,""Rule2Cutoff"":0,""Rule424BitSuspect"":0,""Rule5HighVariance"":0,""Rule6HighQualityProtection"":0,""Rule13MDCTAlignment"":0,""Rule14TemporalSeam"":0,""Rule15StereoSeam"":0,""Rule12MLClassifier"":0}",NOT_HIRES,44100,16,20000.0,0.0,3.140e-08,-36.2,530,1.41,0.506
fd-exchange-v2-2026-08-0548.flac,6616010,1.13.0,68,FAKE_CERTAIN,spectral+stereo+temporal,"{""Rule8NyquistException"":0,""Rule1MP3Bitrate"":50,""Rule2Cutoff"":0,""Rule424BitSuspect"":0,""Rule5HighVariance"":0,""Rule6HighQualityProtection"":0,""Rule7SilenceAnalysis"":0,""Rule13MDCTAlignment"":0,""Rule14TemporalSeam"":0,""Rule15StereoSeam"":0,""Rule10Consistency"":0,""Rule12MLClassifier"":18}",NOT_HIRES,44100,16,20000.0,0.0,3.138e-06,-57.6,882,3.77,0.649
fd-exchange-v2-2026-08-0549.flac,3735984,1.13.0,63,FAKE_CERTAIN,spectral+temporal,"{""Rule8NyquistException"":0,""Rule11CassetteDetection"":0,""Rule1MP3Bitrate"":50,""Rule2Cutoff"":13,""Rule424BitSuspect"":0,""Rule5HighVariance"":0,""Rule6HighQualityProtection"":0,""Rule14TemporalSeam"":0,""Rule15StereoSeam"":0,""Rule10Consistency"":0,""Rule12MLClassifier"":0}",NOT_HIRES,44100,16,17250.0,0.0,3.344e-08,nan,522,1.36,0.787
fd-exchange-v2-2026-08-0550.flac,4470207,1.13.0,0,AUTHENTIC,,"{""Rule8NyquistException"":-50,""Rule1MP3Bitrate"":0,""Rule2Cutoff"":0,""Rule424BitSuspect"":0,""Rule5HighVariance"":0,""Rule6HighQualityProtection"":0,""Rule13MDCTAlignment"":0,""Rule14TemporalSeam"":0,""Rule15StereoSeam"":0,""Rule12MLClassifier"":0}",NOT_HIRES,44100,16,22050.0,0.0,5.060e-05,nan,596,1.00,0.458
fd-exchange-v2-2026-08-0551.flac,5101509,1.13.0,0,AUTHENTIC,stereo+temporal,"{""Rule8NyquistException"":-50,""Rule1MP3Bitrate"":0,""Rule2Cutoff"":0,""Rule424BitSuspect"":0,""Rule5HighVariance"":0,""Rule6HighQualityProtection"":0,""Rule13MDCTAlignment"":0,""Rule14TemporalSeam"":0,""Rule15StereoSeam"":0,""Rule12MLClassifier"":0}",NOT_HIRES,44100,16,22050.0,0.0,7.785e-06,nan,680,2.11,0.618
fd-exchange-v2-2026-08-0552.flac,4403006,1.13.0,31,WARNING,cnn+stereo,"{""Rule8NyquistException"":0,""Rule1MP3Bitrate"":0,""Rule2Cutoff"":0,""Rule424BitSuspect"":0,""Rule5HighVariance"":0,""Rule6HighQualityProtection"":0,""Rule13MDCTAlignment"":0,""Rule14TemporalSeam"":0,""Rule15StereoSeam"":0,""Rule12MLClassifier"":31}",NOT_HIRES,44100,16,20250.0,0.0,4.142e-05,-56.8,587,4.39,0.553
fd-exchange-v2-2026-08-0553.flac,5972531,1.13.0,31,WARNING,cnn+stereo,"{""Rule8NyquistException"":0,""Rule1MP3Bitrate"":0,""Rule2Cutoff"":0,""Rule424BitSuspect"":0,""Rule5HighVariance"":0,""Rule6HighQualityProtection"":0,""Rule13MDCTAlignment"":0,""Rule14TemporalSeam"":0,""Rule15StereoSeam"":0,""Rule12MLClassifier"":31}",NOT_HIRES,44100,16,20500.0,0.0,4.834e-07,-46.6,796,19.48,0.291
fd-exchange-v2-2026-08-0554.flac,6089811,1.13.0,0,AUTHENTIC,,"{""Rule8NyquistException"":-50,""Rule1MP3Bitrate"":0,""Rule2Cutoff"":0,""Rule424BitSuspect"":0,""Rule5HighVariance"":0,""Rule6HighQualityProtection"":0,""Rule13MDCTAlignment"":0,""Rule14TemporalSeam"":0,""Rule15StereoSeam"":0,""Rule12MLClassifier"":0}",NOT_HIRES,44100,16,22050.0,0.0,1.784e-06,nan,812,0.00,0.247
fd-exchange-v2-2026-08-0555.flac,5214804,1.13.0,23,AUTHENTIC,spectral+stereo,"{""Rule8NyquistException"":0,""Rule1MP3Bitrate"":50,""Rule2Cutoff"":3,""Rule424BitSuspect"":0,""Rule5HighVariance"":0,""Rule6HighQualityProtection"":0,""Rule7SilenceAnalysis"":0,""Rule13MDCTAlignment"":0,""Rule14TemporalSeam"":0,""Rule15StereoSeam"":0,""Rule10Consistency"":-30,""Rule12MLClassifier"":0}",NOT_HIRES,44100,16,19250.0,0.0,5.057e-07,-47.7,695,2.35,0.564
fd-exchange-v2-2026-08-0556.flac,1604270,1.13.0,36,WARNING,cnn,"{""Rule8NyquistException"":0,""Rule11CassetteDetection"":0,""Rule1MP3Bitrate"":0,""Rule2Cutoff"":6,""Rule424BitSuspect"":0,""Rule5HighVariance"":0,""Rule6HighQualityProtection"":0,""Rule13MDCTAlignment"":0,""Rule14TemporalSeam"":0,""Rule15StereoSeam"":0,""Rule12MLClassifier"":30}",NOT_HIRES,44100,16,18750.0,0.0,6.401e-07,-25.7,355,1.00,0.460
fd-exchange-v2-2026-08-0557.flac,5875565,1.13.0,31,WARNING,cnn+stereo,"{""Rule8NyquistException"":-30,""Rule1MP3Bitrate"":0,""Rule2Cutoff"":0,""Rule424BitSuspect"":0,""Rule5HighVariance"":0,""Rule6HighQualityProtection"":0,""Rule13MDCTAlignment"":0,""Rule14TemporalSeam"":0,""Rule15StereoSeam"":0,""Rule12MLClassifier"":61}",NOT_HIRES,44100,16,21000.0,0.0,2.174e-06,nan,783,12.32,0.364
fd-exchange-v2-2026-08-0558.flac,5097310,1.13.0,31,WARNING,cnn+stereo+temporal,"{""Rule8NyquistException"":0,""Rule1MP3Bitrate"":0,""Rule2Cutoff"":0,""Rule424BitSuspect"":0,""Rule5HighVariance"":0,""Rule6HighQualityProtection"":0,""Rule13MDCTAlignment"":0,""Rule14TemporalSeam"":0,""Rule15StereoSeam"":0,""Rule12MLClassifier"":31}",NOT_HIRES,44100,16,20250.0,0.0,6.206e-06,-49.8,680,3.67,0.694
fd-exchange-v2-2026-08-0559.flac,3967345,1.13.0,0,AUTHENTIC,,"{""Rule8NyquistException"":-50,""Rule1MP3Bitrate"":0,""Rule2Cutoff"":0,""Rule424BitSuspect"":0,""Rule5HighVariance"":0,""Rule6HighQualityProtection"":0,""Rule13MDCTAlignment"":0,""Rule14TemporalSeam"":0,""Rule15StereoSeam"":0,""Rule12MLClassifier"":0}",NOT_HIRES,44100,16,22050.0,0.0,9.022e-08,nan,555,1.00,0.533
fd-exchange-v2-2026-08-0560.flac,1531829,1.13.0,95,FAKE_CERTAIN,cnn+spectral+stereo+temporal,"{""Rule8NyquistException"":0,""Rule11CassetteDetection"":0,""Rule1MP3Bitrate"":50,""Rule2Cutoff"":15,""Rule424BitSuspect"":0,""Rule5HighVariance"":0,""Rule6HighQualityProtection"":0,""Rule14TemporalSeam"":0,""Rule15StereoSeam"":0,""Rule10Consistency"":0,""Rule12MLClassifier"":30}",NOT_HIRES,44100,16,17000.0,0.0,5.917e-07,nan,589,2.27,0.666
fd-exchange-v2-2026-08-0561.flac,5688702,1.13.0,72,FAKE_CERTAIN,spectral+stereo+temporal,"{""Rule8NyquistException"":0,""Rule11CassetteDetection"":0,""Rule1MP3Bitrate"":50,""Rule2Cutoff"":11,""Rule424BitSuspect"":0,""Rule5HighVariance"":0,""Rule6HighQualityProtection"":0,""Rule14TemporalSeam"":0,""Rule15StereoSeam"":0,""Rule10Consistency"":0,""Rule12MLClassifier"":11}",NOT_HIRES,44100,16,17750.0,0.0,3.860e-07,nan,758,3.60,0.786
fd-exchange-v2-2026-08-0562.flac,6444867,1.13.0,45,WARNING,cnn+temporal,"{""Rule8NyquistException"":0,""Rule11CassetteDetection"":0,""Rule1MP3Bitrate"":0,""Rule2Cutoff"":15,""Rule424BitSuspect"":0,""Rule5HighVariance"":0,""Rule6HighQualityProtection"":0,""Rule14TemporalSeam"":0,""Rule15StereoSeam"":0,""Rule12MLClassifier"":30}",NOT_HIRES,44100,16,17000.0,0.0,1.060e-05,nan,859,1.00,0.611
fd-exchange-v2-2026-08-0563.flac,5016037,1.13.0,31,WARNING,cnn+stereo,"{""Rule8NyquistException"":-50,""Rule1MP3Bitrate"":0,""Rule2Cutoff"":0,""Rule424BitSuspect"":0,""Rule5HighVariance"":0,""Rule6HighQualityProtection"":0,""Rule13MDCTAlignment"":0,""Rule14TemporalSeam"":0,""Rule15StereoSeam"":0,""Rule12MLClassifier"":81}",NOT_HIRES,44100,16,22050.0,0.0,5.825e-06,nan,669,4.15,0.260
fd-exchange-v2-2026-08-0564.flac,5608211,1.13.0,111,FAKE_CERTAIN,mdct+spectral+stereo,"{""Rule8NyquistException"":0,""Rule11CassetteDetection"":0,""Rule1MP3Bitrate"":50,""Rule2Cutoff"":6,""Rule424BitSuspect"":0,""Rule5HighVariance"":0,""Rule6HighQualityProtection"":0,""Rule13MDCTAlignment"":55,""Rule14TemporalSeam"":0,""Rule15StereoSeam"":0}",NOT_HIRES,44100,16,18750.0,0.0,1.348e-06,-44.7,748,11.49,0.547
fd-exchange-v2-2026-08-0565.flac,1656163,1.13.0,31,WARNING,cnn,"{""Rule8NyquistException"":0,""Rule1MP3Bitrate"":0,""Rule2Cutoff"":0,""Rule424BitSuspect"":0,""Rule5HighVariance"":0,""Rule6HighQualityProtection"":0,""Rule13MDCTAlignment"":0,""Rule14TemporalSeam"":0,""Rule15StereoSeam"":0,""Rule12MLClassifier"":31}",NOT_HIRES,44100,16,20500.0,0.0,6.727e-07,-25.6,366,1.00,0.253
fd-exchange-v2-2026-08-0566.flac,5734006,1.13.0,86,FAKE_CERTAIN,cnn+spectral+stereo+temporal,"{""Rule8NyquistException"":0,""Rule11CassetteDetection"":0,""Rule1MP3Bitrate"":50,""Rule2Cutoff"":6,""Rule424BitSuspect"":0,""Rule5HighVariance"":0,""Rule6HighQualityProtection"":0,""Rule13MDCTAlignment"":0,""Rule14TemporalSeam"":0,""Rule15StereoSeam"":0,""Rule10Consistency"":0,""Rule12MLClassifier"":30}",NOT_HIRES,44100,16,18750.0,0.0,5.555e-07,-47.1,765,7.69,0.620
fd-exchange-v2-2026-08-0567.flac,5109748,1.13.0,0,AUTHENTIC,,"{""Rule8NyquistException"":-50,""Rule1MP3Bitrate"":0,""Rule2Cutoff"":0,""Rule424BitSuspect"":0,""Rule5HighVariance"":0,""Rule6HighQualityProtection"":0,""Rule13MDCTAlignment"":0,""Rule14TemporalSeam"":0,""Rule15StereoSeam"":0,""Rule12MLClassifier"":0}",NOT_HIRES,44100,16,22050.0,0.0,2.647e-06,nan,681,1.05,0.352
fd-exchange-v2-2026-08-0568.flac,6328934,1.13.0,0,AUTHENTIC,,"{""Rule8NyquistException"":-30,""Rule1MP3Bitrate"":0,""Rule2Cutoff"":0,""Rule424BitSuspect"":0,""Rule5HighVariance"":0,""Rule6HighQualityProtection"":0,""Rule13MDCTAlignment"":0,""Rule14TemporalSeam"":0,""Rule15StereoSeam"":0,""Rule12MLClassifier"":0}",NOT_HIRES,44100,16,21000.0,0.0,4.549e-06,nan,844,1.74,0.417
fd-exchange-v2-2026-08-0569.flac,5370694,1.13.0,31,WARNING,cnn+temporal,"{""Rule8NyquistException"":-50,""Rule1MP3Bitrate"":0,""Rule2Cutoff"":0,""Rule424BitSuspect"":0,""Rule5HighVariance"":0,""Rule6HighQualityProtection"":0,""Rule13MDCTAlignment"":0,""Rule14TemporalSeam"":0,""Rule15StereoSeam"":0,""Rule12MLClassifier"":81}",NOT_HIRES,44100,16,22050.0,0.0,6.451e-06,nan,716,0.00,0.622
fd-exchange-v2-2026-08-0570.flac,6702300,1.13.0,55,SUSPICIOUS,mdct,"{""Rule8NyquistException"":-50,""Rule1MP3Bitrate"":0,""Rule2Cutoff"":0,""Rule424BitSuspect"":0,""Rule5HighVariance"":0,""Rule6HighQualityProtection"":0,""Rule13MDCTAlignment"":55,""_calculator"":50,""Rule14TemporalSeam"":0,""Rule15StereoSeam"":0,""Rule12MLClassifier"":0}",NOT_HIRES,44100,16,22050.0,0.0,5.723e-06,nan,894,0.00,0.226
fd-exchange-v2-2026-08-0571.flac,6616457,1.13.0,32,WARNING,cnn+stereo+temporal,"{""Rule8NyquistException"":0,""Rule1MP3Bitrate"":0,""Rule2Cutoff"":2,""Rule424BitSuspect"":0,""Rule5HighVariance"":0,""Rule6HighQualityProtection"":0,""Rule13MDCTAlignment"":0,""Rule14TemporalSeam"":0,""Rule15StereoSeam"":0,""Rule12MLClassifier"":30}",NOT_HIRES,44100,16,19500.0,0.0,1.369e-05,-49.0,882,10.10,0.751
fd-exchange-v2-2026-08-0572.flac,3957921,1.13.0,93,FAKE_CERTAIN,cnn+spectral+stereo+temporal,"{""Rule8NyquistException"":0,""Rule11CassetteDetection"":0,""Rule1MP3Bitrate"":50,""Rule2Cutoff"":13,""Rule424BitSuspect"":0,""Rule5HighVariance"":0,""Rule6HighQualityProtection"":0,""Rule14TemporalSeam"":0,""Rule15StereoSeam"":0,""Rule10Consistency"":0,""Rule12MLClassifier"":30}",NOT_HIRES,44100,16,17250.0,0.0,1.447e-05,nan,528,4.95,0.839
fd-exchange-v2-2026-08-0573.flac,3880780,1.13.0,0,AUTHENTIC,stereo,"{""Rule8NyquistException"":-50,""Rule1MP3Bitrate"":0,""Rule2Cutoff"":0,""Rule424BitSuspect"":0,""Rule5HighVariance"":0,""Rule6HighQualityProtection"":0,""Rule13MDCTAlignment"":0,""Rule14TemporalSeam"":0,""Rule15StereoSeam"":0,""Rule12MLClassifier"":0}",NOT_HIRES,48000,16,24000.0,0.0,5.707e-10,nan,517,6.56,0.489
fd-exchange-v2-2026-08-0574.flac,5268783,1.13.0,0,AUTHENTIC,stereo+temporal,"{""Rule8NyquistException"":0,""Rule1MP3Bitrate"":0,""Rule2Cutoff"":0,""Rule424BitSuspect"":0,""Rule5HighVariance"":0,""Rule6HighQualityProtection"":0,""Rule13MDCTAlignment"":0,""Rule14TemporalSeam"":0,""Rule15StereoSeam"":0,""Rule12MLClassifier"":0}",NOT_HIRES,44100,16,20250.0,0.0,3.100e-06,-53.5,703,2.42,0.634
fd-exchange-v2-2026-08-0575.flac,7832368,1.13.0,47,WARNING,cnn+spectral+stereo+temporal,"{""Rule8NyquistException"":0,""Rule11CassetteDetection"":0,""Rule1MP3Bitrate"":0,""Rule2Cutoff"":22,""Rule424BitSuspect"":0,""Rule5HighVariance"":0,""Rule6HighQualityProtection"":0,""Rule14TemporalSeam"":0,""Rule15StereoSeam"":0,""Rule12MLClassifier"":25}",NOT_HIRES,44100,16,15500.0,0.0,6.804e-05,nan,1044,7.11,0.682
fd-exchange-v2-2026-08-0576.flac,4964761,1.13.0,93,FAKE_CERTAIN,cnn+spectral+stereo+temporal,"{""Rule8NyquistException"":0,""Rule11CassetteDetection"":0,""Rule1MP3Bitrate"":50,""Rule2Cutoff"":13,""Rule424BitSuspect"":0,""Rule5HighVariance"":0,""Rule6HighQualityProtection"":0,""Rule14TemporalSeam"":0,""Rule15StereoSeam"":0,""Rule10Consistency"":0,""Rule12MLClassifier"":30}",NOT_HIRES,44100,16,17250.0,0.0,1.881e-08,nan,662,5.16,0.837
fd-exchange-v2-2026-08-0577.flac,5344837,1.13.0,87,FAKE_CERTAIN,cnn+spectral+stereo,"{""Rule8NyquistException"":0,""Rule11CassetteDetection"":0,""Rule1MP3Bitrate"":50,""Rule2Cutoff"":7,""Rule424BitSuspect"":0,""Rule5HighVariance"":0,""Rule6HighQualityProtection"":0,""Rule13MDCTAlignment"":0,""Rule14TemporalSeam"":0,""Rule15StereoSeam"":0,""Rule10Consistency"":0,""Rule12MLClassifier"":30}",NOT_HIRES,44100,16,18500.0,0.0,5.032e-07,nan,713,5.43,0.413
fd-exchange-v2-2026-08-0578.flac,6135523,1.13.0,13,AUTHENTIC,stereo+temporal,"{""Rule8NyquistException"":0,""Rule11CassetteDetection"":0,""Rule1MP3Bitrate"":0,""Rule2Cutoff"":13,""Rule424BitSuspect"":0,""Rule5HighVariance"":0,""Rule6HighQualityProtection"":0,""Rule14TemporalSeam"":0,""Rule15StereoSeam"":0,""Rule12MLClassifier"":0}",NOT_HIRES,44100,16,17250.0,0.0,1.173e-07,nan,818,32.00,0.903
fd-exchange-v2-2026-08-0579.flac,6144706,1.13.0,79,FAKE_CERTAIN,cnn+mdct+stereo,"{""Rule8NyquistException"":0,""Rule1MP3Bitrate"":0,""Rule2Cutoff"":0,""Rule424BitSuspect"":0,""Rule5HighVariance"":0,""Rule6HighQualityProtection"":0,""Rule13MDCTAlignment"":55,""Rule14TemporalSeam"":0,""Rule15StereoSeam"":0,""Rule12MLClassifier"":24}",NOT_HIRES,48000,16,22500.0,0.0,2.294e-05,-47.2,819,2.54,0.380
fd-exchange-v2-2026-08-0580.flac,4867160,1.13.0,0,AUTHENTIC,,"{""Rule8NyquistException"":-50,""Rule1MP3Bitrate"":0,""Rule2Cutoff"":0,""Rule424BitSuspect"":0,""Rule5HighVariance"":0,""Rule6HighQualityProtection"":0,""Rule13MDCTAlignment"":0,""Rule14TemporalSeam"":0,""Rule15StereoSeam"":0,""Rule12MLClassifier"":0}",NOT_HIRES,44100,16,22050.0,0.0,6.949e-06,nan,649,1.00,0.432
fd-exchange-v2-2026-08-0581.flac,4552579,1.13.0,27,AUTHENTIC,mdct+stereo,"{""Rule8NyquistException"":0,""Rule1MP3Bitrate"":0,""Rule2Cutoff"":2,""Rule424BitSuspect"":0,""Rule5HighVariance"":0,""Rule6HighQualityProtection"":0,""Rule13MDCTAlignment"":25,""Rule14TemporalSeam"":0,""Rule15StereoSeam"":0,""Rule12MLClassifier"":0}",NOT_HIRES,44100,16,19500.0,0.0,2.962e-08,-42.9,607,3.84,0.550
fd-exchange-v2-2026-08-0582.flac,3821828,1.13.0,0,AUTHENTIC,,"{""Rule8NyquistException"":-50,""Rule1MP3Bitrate"":0,""Rule2Cutoff"":0,""Rule424BitSuspect"":0,""Rule5HighVariance"":0,""Rule6HighQualityProtection"":0,""Rule13MDCTAlignment"":0,""Rule14TemporalSeam"":0,""Rule15StereoSeam"":0,""Rule12MLClassifier"":0}",NOT_HIRES,44100,16,22050.0,0.0,4.872e-08,nan,534,1.26,0.481
fd-exchange-v2-2026-08-0583.flac,6792533,1.13.0,0,AUTHENTIC,stereo,"{""Rule8NyquistException"":0,""Rule1MP3Bitrate"":0,""Rule2Cutoff"":0,""Rule424BitSuspect"":0,""Rule5HighVariance"":0,""Rule6HighQualityProtection"":0,""Rule13MDCTAlignment"":0,""Rule14TemporalSeam"":0,""Rule15StereoSeam"":0,""Rule12MLClassifier"":0}",NOT_HIRES,44100,16,20000.0,0.0,4.011e-07,-51.5,906,12.37,0.584
fd-exchange-v2-2026-08-0584.flac,6143306,1.13.0,43,WARNING,cnn+stereo+temporal,"{""Rule8NyquistException"":0,""Rule11CassetteDetection"":0,""Rule1MP3Bitrate"":0,""Rule2Cutoff"":13,""Rule424BitSuspect"":0,""Rule5HighVariance"":0,""Rule6HighQualityProtection"":0,""Rule14TemporalSeam"":0,""Rule15StereoSeam"":0,""Rule12MLClassifier"":30}",NOT_HIRES,44100,16,17250.0,0.0,5.922e-06,nan,819,6.14,0.897
fd-exchange-v2-2026-08-0585.flac,5717173,1.13.0,38,WARNING,cnn+stereo+temporal,"{""Rule8NyquistException"":0,""Rule11CassetteDetection"":0,""Rule1MP3Bitrate"":0,""Rule2Cutoff"":13,""Rule424BitSuspect"":0,""Rule5HighVariance"":0,""Rule6HighQualityProtection"":0,""Rule14TemporalSeam"":0,""Rule15StereoSeam"":0,""Rule12MLClassifier"":25}",NOT_HIRES,44100,16,17250.0,0.0,1.133e-08,nan,762,7.64,0.738
fd-exchange-v2-2026-08-0586.flac,5628024,1.13.0,0,AUTHENTIC,stereo,"{""Rule8NyquistException"":-50,""Rule1MP3Bitrate"":0,""Rule2Cutoff"":0,""Rule424BitSuspect"":0,""Rule5HighVariance"":0,""Rule6HighQualityProtection"":0,""Rule13MDCTAlignment"":0,""Rule14TemporalSeam"":0,""Rule15StereoSeam"":0,""Rule12MLClassifier"":0}",NOT_HIRES,44100,16,21750.0,0.0,8.423e-07,nan,750,11.94,0.582
fd-exchange-v2-2026-08-0587.flac,1557830,1.13.0,93,FAKE_CERTAIN,cnn+spectral+stereo+temporal,"{""Rule8NyquistException"":0,""Rule11CassetteDetection"":0,""Rule1MP3Bitrate"":50,""Rule2Cutoff"":13,""Rule424BitSuspect"":0,""Rule5HighVariance"":0,""Rule6HighQualityProtection"":0,""Rule14TemporalSeam"":0,""Rule15StereoSeam"":0,""Rule10Consistency"":0,""Rule12MLClassifier"":30}",NOT_HIRES,44100,16,17250.0,0.0,7.175e-07,nan,599,2.44,0.671
fd-exchange-v2-2026-08-0588.flac,6655793,1.13.0,55,FAKE_CERTAIN,mdct+stereo+temporal,"{""Rule8NyquistException"":0,""Rule1MP3Bitrate"":0,""Rule2Cutoff"":0,""Rule424BitSuspect"":0,""Rule5HighVariance"":0,""Rule6HighQualityProtection"":0,""Rule13MDCTAlignment"":55,""Rule14TemporalSeam"":0,""Rule15StereoSeam"":0,""Rule12MLClassifier"":0}",NOT_HIRES,44100,16,20000.0,0.0,9.446e-07,-54.3,887,16.06,0.853
fd-exchange-v2-2026-08-0589.flac,6878070,1.13.0,0,AUTHENTIC,,"{""Rule8NyquistException"":-50,""Rule1MP3Bitrate"":0,""Rule2Cutoff"":0,""Rule424BitSuspect"":0,""Rule5HighVariance"":0,""Rule6HighQualityProtection"":0,""Rule13MDCTAlignment"":0,""Rule14TemporalSeam"":0,""Rule15StereoSeam"":0,""Rule12MLClassifier"":0}",NOT_HIRES,44100,16,22050.0,0.0,3.580e-05,nan,917,0.00,0.238
fd-exchange-v2-2026-08-0590.flac,5077183,1.13.0,93,FAKE_CERTAIN,cnn+spectral+temporal,"{""Rule8NyquistException"":0,""Rule11CassetteDetection"":0,""Rule1MP3Bitrate"":50,""Rule2Cutoff"":13,""Rule424BitSuspect"":0,""Rule5HighVariance"":0,""Rule6HighQualityProtection"":0,""Rule14TemporalSeam"":0,""Rule15StereoSeam"":0,""Rule10Consistency"":0,""Rule12MLClassifier"":30}",NOT_HIRES,44100,16,17250.0,0.0,1.886e-06,nan,677,1.36,0.910
