file,verdict,engine_verdict,sample_rate,bytes,flags,evidence_error,assertion,coverage.examined_s,coverage.fraction,coverage.mode,coverage.segments,coverage.spans.len,coverage.total_s,duration,idem.R_fhgacm_320_bestphase,idem.R_fhgacm_320_full_bestphase,idem.R_mp3_128_bestphase,idem.R_mp3_128_full_bestphase,idem.R_mp3_320_bestphase,idem.R_mp3_320_full_bestphase,idem.R_mp3_320_phase0,idem.best_phase,idem.d1_best,idem.d1_phase0,idem.n_phases,rolloff_hz,score,telemetry.ai_engine,telemetry.bit_declared,telemetry.bit_effective,telemetry.brickwall,telemetry.brickwall_detail,telemetry.dead_max_run,telemetry.dead_mean_run,telemetry.dead_run_reason,telemetry.edge_two_axis,telemetry.edge_two_axis.edge,telemetry.edge_two_axis.edge_std,telemetry.edge_two_axis.fires,telemetry.edge_two_axis.flatness_db,telemetry.edge_two_axis.n,telemetry.edge_two_axis.width_hz,telemetry.fake_hires,telemetry.fake_hires_db,telemetry.frame_periodicity,telemetry.hf_cutoff,telemetry.hf_sharpness,telemetry.hf_stereo_corr,telemetry.hf_top_db,telemetry.hf_wall,telemetry.idem_move,telemetry.lsb_entropy,telemetry.mid_stereo_corr,telemetry.ms_cond,telemetry.opus_edge.edge,telemetry.opus_edge.edge_std,telemetry.opus_edge.flatness_db,telemetry.opus_edge.joint,telemetry.opus_edge.occ,telemetry.opus_edge.probe,telemetry.opus_edge.width_hz,telemetry.pool_llr,telemetry.probe_convdrop,telemetry.probe_licence_v1,telemetry.probe_licence_v2,telemetry.ratio_raw,telemetry.refmatch,telemetry.sr,telemetry.stereo,telemetry.stereo_conf,telemetry.stereo_corr,telemetry.structural_probes_available,telemetry.threshold_margins,telemetry.top_octave_dbfs,telemetry.top_octave_depth_db,telemetry.va_needles,telemetry.va_needles.brief,telemetry.va_needles.contrast,telemetry.va_needles.va,telemetry.va_needles.void,telemetry.va_needles.wall,telemetry.va_needles.width,windows_used
fd-exchange-v2-2026-08-0001.flac,flagged,SUSPECT,44100,6929988,HF_DECOUPLED_0.13;HF_SEAM_0.68;LOW_ROLLOFF_6.3KHZ;CNN_DOUBT;STEREO_AAC_DOUBT_0.00,,,60.02,1.0,spread,2/2,2,60.0,0.0,0.8672,12.4108,6.4282,10.8724,1.6895,2.1619,1.7828,180,0.5258160811667688,0.5466319602434172,576,6298.5,—,True,16,16,PASS,"No shelf (16k drop=13.1dB, 20k drop=30.9dB)",29.0,2.807,,,,,,,,,False,,0.239,22000,10.8,-0.694,-31.0,3.2,,1.0,0.86,20.406,,,,False,,ok,,,,,,10.544,,44100,PASS,0.0,0.9612,True,,-91.2,77.4,,,,NO_WALL,,,,5
fd-exchange-v2-2026-08-0002.flac,flagged,SUSPECT,44100,5033121,BRICKWALL_20K;HF_SEAM_0.99;CNN_DOUBT;STEREO_AAC_DOUBT_0.00;DEAD_STRUCTURE_MAXRUN_366;DEAD_STRUCTURE_MEANRUN_5.18;BAND_LIMIT_LOW_17500HZ_67DB;MS_CONDITIONAL_78;MP3_IDEM_R1.50_17500;MP3_IDEM_FIRE_17500;LOWBAND_WALL_SHADOW_67.1,,,60.02,1.0,spread,2/2,2,60.0,0.0,0.9916,6.9173,1.9938,6.8977,3.9826,3.9316,3.9274,560,0.3117701825945136,0.33585936208398487,576,12801.5,—,True,16,16,FAKE_320K,"20kHz shelf (drop=74.7dB, whole-track)",366.0,5.177,,,,,,,,,False,,0.181,17500,0.3,0.93,-74.7,67.1,,1.0,0.991,78.461,,,,False,,ok,,,,,,4.681,,44100,PASS,0.0,0.986,True,MEANRUN_CEILING 5.18 vs 5.00 (+0.18),-115.3,94.4,,,5.1,silent,55.4,17280,75,5
fd-exchange-v2-2026-08-0003.flac,clear,GENUINE,44100,5234941,LOW_ROLLOFF_6.9KHZ,,,60.0,1.0,whole,1/1,1,60.0,0.0,1.8975,14.1734,3.5434,9.1461,2.159,8.4123,1.9881,236,0.42891094030305943,0.44708729507830275,576,6912.2,—,True,16,16,PASS,"No shelf (16k drop=9.6dB, 20k drop=17.5dB)",7.0,2.061,,,,,,,,,False,,0.35,22000,8.2,0.9,-19.0,4.7,,1.0,0.783,22.675,,,,False,,ok,,,,,,92.045,,44100,PASS,0.8719,0.8605,True,,-74.3,55.3,,,,NO_WALL,,,,5
fd-exchange-v2-2026-08-0004.flac,flagged,SUSPECT,44100,5692547,BRICKWALL_20K;HF_DECOUPLED_0.13;HF_SEAM_0.74;LOW_ROLLOFF_6.2KHZ;STEREO_AAC_DOUBT_0.00;DEAD_STRUCTURE_MAXRUN_263;DEADRUN_UNCORROBORATED_7.28;BAND_LIMIT_LOW_16500HZ_40DB;LOWBAND_WALL_SHADOW_39.7,,,60.0,1.0,whole,1/1,1,60.0,0.0,0.1272,0.509,4.7896,4.8292,1.2584,1.5047,1.2584,0,0.5945702470410623,0.5945702470410623,576,6158.5,—,True,16,16,FAKE_320K,"20kHz shelf (drop=42.5dB, whole-track)",263.0,7.28,,,,,,,,,False,,0.217,16500,-0.1,0.038,-43.1,39.7,,1.0,0.038,3.265,,,,False,,ok,,,,,,3.25,,44100,PASS,0.0,0.1007,True,,-112.9,94.7,,,,DARK_REF,,16107,,5
fd-exchange-v2-2026-08-0005.flac,flagged,SUSPECT,48000,7073406,HF_SEAM_0.76;AI_SR_48000;LOW_ROLLOFF_5.7KHZ;STEREO_AAC_DOUBT_0.00,,,60.02,1.0,spread,2/2,2,60.01,0.0,1.3381,10.7437,4.3189,11.4012,2.2464,6.1043,2.3597,179,0.7444211413314775,0.7767855506854807,576,5718.8,—,True,16,16,PASS,"No shelf (16k drop=13.2dB, 20k drop=18.1dB)",80.0,4.284,,,,,,,,,False,,0.209,22000,9.2,-0.098,-23.8,25.2,,1.0,0.569,43.726,21718.0,73.2,,False,,ok,1500.0,,,,,232.48,,48000,PASS,0.0,0.9653,True,MAXRUN_CEILING 80.00 vs 80.00 (+0.00),-65.2,54.3,,,,,,,,5
fd-exchange-v2-2026-08-0006.flac,convicted,UPSCALE,48000,6187226,HF_SEAM_0.86;AI_SR_48000;CNN_DOUBT;STEREO_AAC_DOUBT_0.00;DEADRUN_UNCORROBORATED_86;MP3_CONJ_BASE_20500;MP3_CONJ_WALLLEG_W38.7_K5.28;MP3_IDEM_R3.01_20500,,,60.0,1.0,whole,1/1,1,60.0,0.0,1.8974,13.9311,5.3042,11.2477,2.6503,3.6851,2.6858,560,0.8617080618944446,0.8717555363989477,576,11507.8,—,True,16,16,PASS,"No shelf (16k drop=10.5dB, 20k drop=17.8dB)",86.0,4.987,,,,,,,,,False,,0.368,20500,53.5,-0.005,-65.6,38.7,,1.0,0.075,1.909,20373.0,45.8,7.1,False,,ok,373.0,,,,,167.256,,48000,PASS,0.0,0.8389,True,MEANRUN_CEILING 4.99 vs 5.00 (-0.01),-112.7,92.0,,,,,,,,5
fd-exchange-v2-2026-08-0007.flac,flagged,SUSPECT,44100,1749776,HF_DECOUPLED_0.02;HF_SEAM_0.72;LOW_ROLLOFF_4.5KHZ;CNN_DOUBT;STEREO_AAC_DOUBT_0.00,,,29.37,0.9999,whole,1/1,1,29.37,0.0,0.3058,1.8101,4.3772,4.7058,1.2464,1.2577,1.2464,0,0.5384622699633647,0.5384622699633647,576,4478.9,—,True,16,16,PASS,"No shelf (16k drop=10.9dB, 20k drop=39.2dB)",12.0,2.212,,,,,,,,,False,,0.449,20500,17.2,0.005,-40.1,0.8,,1.0,0.114,13.305,,,,False,,ok,,,,,,16.356,,44100,PASS,0.0,0.1149,True,,-116.9,81.8,,,,NO_WALL,,,,3
fd-exchange-v2-2026-08-0008.flac,flagged,SUSPECT,48000,5875902,BRICKWALL_20K;HF_SEAM_0.73;AI_SR_48000;LOW_ROLLOFF_5.4KHZ;CNN_DOUBT;STEREO_AAC_DOUBT_0.00;DEAD_STRUCTURE_MAXRUN_222;DEAD_STRUCTURE_MEANRUN_8.89;BAND_LIMIT_LOW_18000HZ_24DB,,,60.02,1.0,spread,2/2,2,60.01,0.0,0.4636,5.1041,5.2361,6.6976,2.5535,3.3552,2.4059,523,0.6344493834418926,0.6488987272334441,576,5414.1,—,True,16,16,FAKE_320K,"20kHz shelf (drop=46.3dB, whole-track)",222.0,8.891,,,,,,,,,False,,0.206,18000,3.1,0.09,-47.0,24.4,,1.0,0.732,4.201,,,,False,,ok,,,,,,6.873,,48000,PASS,0.0,0.7023,True,,-94.6,82.4,,,,,,,,5
fd-exchange-v2-2026-08-0009.flac,flagged,SUSPECT,44100,4571222,BRICKWALL_20K;HF_SEAM_0.93;LOW_ROLLOFF_4.2KHZ;CNN_DOUBT;STEREO_AAC_DOUBT_0.00;DEAD_STRUCTURE_MAXRUN_165;BAND_LIMIT_LOW_17500HZ_31DB;MP3_IDEM_R1.81_17500;MP3_IDEM_FIRE_17500;LOWBAND_WALL_SHADOW_31.0,,,60.02,1.0,spread,2/2,2,60.0,0.0,0.3891,1.0136,3.3042,3.4364,1.5845,1.5961,1.651,452,0.5608107212323237,0.5797524085902239,576,4199.0,—,True,16,16,FAKE_320K,"20kHz shelf (drop=54.9dB, whole-track)",165.0,4.908,,,,,,,,,False,,0.101,17500,1.1,0.071,-55.2,31.0,,1.0,0.089,22.944,,,,False,,ok,,,,,,1.965,,44100,PASS,0.0,0.8777,True,MEANRUN_CEILING 4.91 vs 5.00 (-0.09),-116.0,94.2,,,,MASTERING_EDGE,,17286,743,5
fd-exchange-v2-2026-08-0010.flac,flagged,SUSPECT,44100,4928741,BRICKWALL_20K;HF_SEAM_0.96;LOW_ROLLOFF_6.3KHZ;CNN_DOUBT;STEREO_AAC_DOUBT_0.00;DEAD_STRUCTURE_MAXRUN_241;DEAD_STRUCTURE_MEANRUN_6.05;BAND_LIMIT_LOW_17500HZ_52DB;MS_CONDITIONAL_60;MP3_IDEM_R2.17_17500;LOWBAND_WALL_SHADOW_52.2,,,60.02,1.0,spread,2/2,2,60.0,0.0,0.8951,8.2987,3.1469,5.7466,1.9924,2.0993,1.8422,154,0.429142105176978,0.4353294818984338,576,6341.5,—,True,16,16,FAKE_320K,"20kHz shelf (drop=67.0dB, whole-track)",241.0,6.047,,,,,,,,,False,,0.327,17500,1.3,0.63,-67.0,52.2,,1.0,0.943,59.512,,,,False,,ok,,,,,,10.445,,44100,PASS,0.0,0.8902,True,,-116.2,98.7,,,,DARK_REF,,17280,,5
fd-exchange-v2-2026-08-0011.flac,flagged,SUSPECT,44100,5372391,HF_SEAM_0.66;CNN_DOUBT;STEREO_AAC_DOUBT_0.00;DEAD_STRUCTURE_MAXRUN_382;DEAD_STRUCTURE_MEANRUN_5.86;MS_CONDITIONAL_69;AAC_LATTICE_17pct,,,60.02,1.0,spread,2/2,2,60.0,0.0,1.0526,12.1085,3.1566,8.2257,2.4164,3.1796,2.5905,489,0.32758933420997455,0.34146841177316684,576,8893.2,—,True,16,16,PASS,"No shelf (16k drop=20.6dB, 20k drop=34.3dB)",382.0,5.856,,,20564.0,536.6,False,,11,,False,,0.349,21500,4.4,0.999,-35.4,5.9,,1.0,0.966,69.092,20763.0,448.1,7.9,False,,ok,1500.0,,,True,True,20.658,,44100,PASS,0.0,0.9541,True,,-83.6,67.1,,,,NO_WALL,,,,5
fd-exchange-v2-2026-08-0012.flac,convicted,UPSCALE,44100,5144114,HF_SEAM_0.67;LOW_ROLLOFF_6.9KHZ;STEREO_AAC_DOUBT_0.00;DEADRUN_UNCORROBORATED_95;DEADRUN_UNCORROBORATED_5.43;MP3_CONJ_BASE_20500;MP3_CONJ_WALLLEG_W41.9_K6.85;OPUS_EDGE_FIRE_20082_W587_F11.9,,,60.0,1.0,whole,1/1,1,60.0,0.0,1.2531,12.331,3.2877,8.0813,2.0203,2.935,2.0857,114,0.42650531654467844,0.4444399017273505,576,6869.1,—,True,16,16,PASS,"No shelf (16k drop=9.8dB, 20k drop=27.6dB)",95.0,5.43,,,,,,,,,False,,0.349,20500,49.6,0.906,-60.9,41.9,,1.0,0.784,14.917,20082.0,33.9,11.9,True,0.16,ok,587.0,,,,,70.849,,44100,PASS,0.0,0.861,True,MEANRUN_CEILING 5.43 vs 5.00 (+0.43);MAXRUN_SOLO 95.00 vs 100.00 (-5.00),-115.1,96.1,,,,MASTERING_EDGE,,20204,662,5
fd-exchange-v2-2026-08-0013.flac,flagged,SUSPECT,44100,5972742,LOW_ROLLOFF_7.1KHZ;CNN_DOUBT;DEAD_STRUCTURE_MAXRUN_102,,,60.0,1.0,whole,1/1,1,60.0,0.0,0.924,11.7236,5.6353,9.9271,2.2241,4.2959,2.2241,0,0.9069924595645288,0.9069924595645288,576,7138.3,—,True,16,16,PASS,"No shelf (16k drop=6.3dB, 20k drop=29.0dB)",102.0,3.803,,,21625.0,61.7,False,5.9,11,1500.0,False,,0.293,22000,13.9,-0.17,-30.5,6.3,,1.0,0.396,1.863,21641.0,33.2,,False,,ok,1500.0,,,,,22.639,,44100,PASS,0.1899,-0.0688,True,MAXRUN_SOLO 102.00 vs 100.00 (+2.00),-89.9,68.8,,,,NO_WALL,,,,5
fd-exchange-v2-2026-08-0014.flac,clear,GENUINE,44100,3661759,LOW_ROLLOFF_5.6KHZ,,,55.09,0.9999,whole,1/1,1,55.09,0.0,0.8631,1.2698,2.0181,2.2996,2.3667,2.3823,2.352,1,0.6914168562922445,0.6956428655758599,576,5555.6,—,True,16,16,PASS,"No shelf (16k drop=5.8dB, 20k drop=31.2dB)",24.0,2.523,,,21897.0,120.4,False,,4,,False,,0.333,22000,17.8,-0.078,-35.0,6.3,,1.0,-0.101,5.15,21926.0,0.0,,False,,ok,1500.0,,,,,29.137,,44100,PASS,0.1948,0.6372,True,,-110.2,81.4,,,,NO_WALL,,,,5
fd-exchange-v2-2026-08-0015.flac,convicted,UPSCALE,44100,5035758,BRICKWALL_20K;HF_SEAM_0.82;CNN_DOUBT;STEREO_AAC_DOUBT_0.00;DEAD_STRUCTURE_MAXRUN_88;BAND_LIMIT_LOW_19000HZ_41DB;MS_CONDITIONAL_55;MP3_CONJ_BASE_19000;MP3_CONJ_WALLLEG_W41.2_K5.39,,,60.0,1.0,whole,1/1,1,60.0,0.0,0.3023,5.2536,4.5855,6.1305,1.3575,1.4589,1.3575,0,0.6569471581561687,0.6569471581561687,576,9291.6,—,True,16,16,FAKE_320K,"20kHz shelf (drop=62.3dB, whole-track)",88.0,3.697,,,,,,,,,False,,0.149,19000,42.1,0.123,-69.7,41.2,,1.0,0.302,54.742,,,,False,,ok,,,,,,23.482,,44100,PASS,0.0,0.9302,True,,-115.5,94.8,,,,DARK_REF,,18589,,5
fd-exchange-v2-2026-08-0016.flac,flagged,SUSPECT,44100,5743812,BRICKWALL_20K;LOW_ROLLOFF_7.2KHZ;STEREO_AAC_DOUBT_0.00;DEAD_STRUCTURE_MAXRUN_250;DEADRUN_UNCORROBORATED_7.96;BAND_LIMIT_LOW_NOWALL_19500HZ,,,60.0,1.0,whole,1/1,1,60.0,0.0,0.4569,2.9487,6.3263,6.7859,2.3369,4.0248,2.1702,147,0.8357288910278419,0.8559894936002107,576,7170.6,—,True,16,16,FAKE_320K,"20kHz shelf (drop=62.0dB, whole-track)",250.0,7.957,,,,,,,,,False,,0.495,19500,24.6,-0.004,-64.1,9.3,,1.0,-0.122,7.804,20284.0,0.0,0.1,False,,ok,1500.0,,,,,10.908,,44100,PASS,0.0,0.3304,True,MEANRUN_SOLO 7.96 vs 8.00 (-0.04),-113.6,96.5,,,,NO_WALL,,,,5
fd-exchange-v2-2026-08-0017.flac,flagged,SUSPECT,44100,5329962,CNN_DOUBT;STEREO_AAC_DOUBT_0.00,,,60.0,1.0,whole,1/1,1,60.0,0.0,0.786,11.2613,6.0682,10.0145,2.3965,3.4596,2.3965,0,0.6677290449496414,0.6677290449496414,576,10314.4,—,True,16,16,PASS,"No shelf (16k drop=10.6dB, 20k drop=32.9dB)",40.0,2.894,,,20521.0,469.6,False,,10,,False,,0.178,21500,15.4,-0.054,-36.3,6.0,,1.0,-0.43,24.829,20661.0,370.2,10.9,False,,ok,1500.0,,,,,42.115,,44100,PASS,0.0,0.7645,True,,-96.4,68.4,,,,NO_WALL,,,,5
fd-exchange-v2-2026-08-0018.flac,flagged,SUSPECT,44100,5589837,LOW_ROLLOFF_6.8KHZ;STEREO_AAC_DOUBT_0.00;DEADRUN_UNCORROBORATED_82,,,60.02,1.0,spread,2/2,2,60.0,0.0,0.9433,6.8273,5.7184,7.39,1.7926,2.2397,1.8864,81,0.7400198664311213,0.7555050499680773,576,6783.0,—,True,16,16,PASS,"No shelf (16k drop=15.1dB, 20k drop=28.7dB)",82.0,3.515,,,21894.0,85.6,False,,9,,False,,0.343,22000,4.3,-0.167,-30.6,9.1,,1.0,-0.107,35.248,21950.0,81.7,,False,,ok,1500.0,,,,,30.177,,44100,PASS,0.0,0.7707,True,MAXRUN_CEILING 82.00 vs 80.00 (+2.00),-90.5,71.0,,,,NO_WALL,,,,5
fd-exchange-v2-2026-08-0019.flac,flagged,SUSPECT,48000,6188807,FAKE_STEREO;AI_SR_48000;DEAD_STRUCTURE_MAXRUN_484;MS_CONDITIONAL_60,,,60.02,1.0,spread,2/2,2,60.01,0.0,1.5046,16.6922,2.4496,14.3218,3.2227,10.3266,2.9987,529,0.3581826946680277,0.3716821875809845,576,10898.4,—,True,16,16,PASS,"No shelf (16k drop=11.4dB, 20k drop=23.6dB)",484.0,2.905,,,,,,,,,False,,0.341,21500,16.7,0.996,-34.6,15.4,,1.0,1.0,60.082,21202.0,142.3,7.2,False,,ok,1500.0,,,,,74.075,,48000,FAKE_STEREO,0.2767,0.9967,True,,-66.9,56.3,,,,,,,,5
fd-exchange-v2-2026-08-0020.flac,clear,GENUINE,44100,6843364,LOW_ROLLOFF_5.6KHZ,,,60.0,1.0,whole,1/1,1,60.0,0.0,1.3798,11.2268,6.931,9.9692,2.5777,8.9738,2.6434,320,0.9107507017184847,0.9252517601376368,576,5620.2,—,True,16,16,PASS,"No shelf (16k drop=18.1dB, 20k drop=30.1dB)",5.0,2.1,,,21792.0,65.1,False,,11,,False,,0.186,21500,8.5,-0.42,-33.7,9.5,,1.0,0.577,8.248,21821.0,64.9,,False,,ok,1500.0,,,,,16.896,,44100,PASS,0.6663,0.7481,True,,-81.4,70.7,,,,NO_WALL,,,,5
fd-exchange-v2-2026-08-0021.flac,flagged,SUSPECT,44100,5330076,HF_SEAM_0.77;CNN_DOUBT;STEREO_AAC_DOUBT_0.00;OPUS_EDGE_FIRE_20042_W573_F7.5,,,60.0,1.0,whole,1/1,1,60.0,0.0,2.1653,18.7405,5.0969,12.4933,1.5591,1.9618,1.6484,508,0.9069286413035547,0.9132134301599407,576,8742.5,—,True,16,16,PASS,"No shelf (16k drop=12.8dB, 20k drop=25.8dB)",24.0,2.693,,,,,,,,,False,,0.363,20500,39.1,-0.022,-53.6,34.8,,1.0,0.22,4.722,20042.0,12.2,7.5,True,0.2335,ok,573.0,,,,,52.345,,44100,PASS,0.0,0.5921,True,,-116.4,87.4,,,3.1,silent,39.0,20306,296,5
fd-exchange-v2-2026-08-0022.flac,flagged,SUSPECT,44100,1736064,FAKE_STEREO;LOW_ROLLOFF_6.3KHZ;AAC_LATTICE_22pct,,,36.2,1.0,whole,1/1,1,36.2,0.0,3.4635,15.1343,1.9184,9.8314,1.0343,16.2696,1.1328,467,0.9266424906637258,0.9802278877464667,576,6330.8,—,True,16,16,PASS,"No shelf (16k drop=11.4dB, 20k drop=10.0dB)",3.0,2.0,,,,,,,,,False,,0.649,22000,1.4,0.606,-11.5,4.6,,1.0,0.997,41.108,,,,False,,ok,,,,False,False,59.219,,44100,FAKE_STEREO,0.6628,0.992,True,,-95.6,55.3,,,,NO_WALL,,,,4
fd-exchange-v2-2026-08-0023.flac,flagged,SUSPECT,44100,5313602,BRICKWALL_20K;HF_DECOUPLED_0.15;HF_SEAM_0.82;CNN_DOUBT;STEREO_AAC_DOUBT_0.00;DEAD_STRUCTURE_MAXRUN_206;DEADRUN_UNCORROBORATED_6.05;BAND_LIMIT_LOW_NOWALL_17500HZ,,,60.0,1.0,whole,1/1,1,60.0,0.0,0.0667,0.2813,4.9206,4.9722,1.6937,1.6937,1.6937,0,0.45960874263878854,0.45960874263878854,576,8268.8,—,True,16,16,FAKE_320K,"20kHz shelf (drop=68.2dB, whole-track)",206.0,6.053,,,,,,,,,False,,0.216,17500,-0.8,-0.035,-68.2,8.6,,1.0,0.008,41.702,,,,False,,ok,,,,,,8.132,,44100,PASS,0.0,0.6625,True,,-114.9,94.8,,,,MASTERING_EDGE,,16107,1017,5
fd-exchange-v2-2026-08-0024.flac,convicted,UPSCALE,44100,5745953,HF_SEAM_0.67;LOW_ROLLOFF_6.0KHZ;STEREO_AAC_DOUBT_0.00;DEADRUN_UNCORROBORATED_96;DEADRUN_UNCORROBORATED_7.83;MP3_CONJ_BASE_20500;MP3_CONJ_WALLLEG_W36.4_K5.91;OPUS_EDGE_FIRE_20099_W592_F8.7,,,60.0,1.0,whole,1/1,1,60.0,0.0,0.9761,9.6276,3.5386,7.6887,1.7794,1.9829,1.9202,116,0.39732830018584026,0.40669118097413004,576,6007.8,—,True,16,16,PASS,"No shelf (16k drop=16.5dB, 20k drop=35.9dB)",96.0,7.83,,,,,,,,,False,,0.323,20500,42.1,0.68,-65.7,36.4,,1.0,0.878,4.813,20099.0,32.6,8.7,True,0.2026,ok,592.0,,,,,40.769,,44100,PASS,0.0,0.9226,True,MEANRUN_SOLO 7.83 vs 8.00 (-0.17);MAXRUN_SOLO 96.00 vs 100.00 (-4.00),-116.1,100.0,,,,DARK_REF,,20220,,5
fd-exchange-v2-2026-08-0025.flac,flagged,SUSPECT,44100,5563752,BRICKWALL_20K;HF_DECOUPLED_0.09;HF_SEAM_0.86;LOW_ROLLOFF_7.6KHZ;CNN_DOUBT;STEREO_AAC_DOUBT_0.00;DEAD_STRUCTURE_MAXRUN_292;DEAD_STRUCTURE_MEANRUN_7.91;BAND_LIMIT_LOW_NOWALL_18500HZ;MS_CONDITIONAL_56,,,60.0,1.0,whole,1/1,1,60.0,0.0,0.1544,1.7369,5.862,6.3976,2.5382,2.6016,2.5382,0,0.5181443757160799,0.5181443757160799,576,7633.5,—,True,16,16,FAKE_320K,"20kHz shelf (drop=76.8dB, whole-track)",292.0,7.906,,,,,,,,,False,,0.471,18500,44.3,0.639,-76.8,8.7,,1.0,0.396,56.255,,,,False,,ok,,,,,,3.26,,44100,PASS,0.0,0.2253,True,MEANRUN_SOLO 7.91 vs 8.00 (-0.09),-112.0,94.4,,,,MASTERING_EDGE,,18583,775,5
fd-exchange-v2-2026-08-0026.flac,convicted,UPSCALE,44100,6044580,BRICKWALL_20K;HF_SEAM_0.85;CNN_DOUBT;STEREO_AAC_DOUBT_0.00;DEAD_STRUCTURE_MAXRUN_338;DEAD_STRUCTURE_MEANRUN_7.20;BAND_LIMIT_LOW_NOWALL_18500HZ;MS_CONDITIONAL_50;AAC_LATTICE_59pct,,,60.02,1.0,spread,2/2,2,60.0,0.0,0.3188,4.8248,8.508,9.7134,3.3257,3.7624,3.1331,283,0.7897518616713326,0.8088863108467317,576,10486.7,—,True,16,16,FAKE_320K,"20kHz shelf (drop=55.5dB, whole-track)",338.0,7.204,,,,,,,,,False,,0.254,18500,35.4,-0.262,-71.6,8.9,,1.0,-0.356,50.066,,,,False,,ok,,,,True,True,12.311,,44100,PASS,0.0,0.5877,True,,-96.4,76.3,,,,MASTERING_EDGE,,18632,1416,5
fd-exchange-v2-2026-08-0027.flac,flagged,SUSPECT,44100,5992814,LOW_ROLLOFF_6.4KHZ;STEREO_AAC_DOUBT_0.00;DEADRUN_UNCORROBORATED_91,,,60.02,1.0,spread,2/2,2,60.0,0.0,1.2723,6.2934,4.6122,6.8639,2.2327,2.5761,2.4133,366,0.6398893382812736,0.6538011249318583,576,6416.9,—,True,16,16,PASS,"No shelf (16k drop=9.2dB, 20k drop=25.4dB)",91.0,3.822,,,21711.0,102.0,False,,12,,False,,0.388,22000,7.7,-0.138,-26.8,8.2,,1.0,0.055,39.455,21751.0,96.9,,False,,ok,1500.0,,,,,35.789,,44100,PASS,0.0,0.9514,True,,-87.0,73.6,,,,NO_WALL,,,,5
fd-exchange-v2-2026-08-0028.flac,convicted,UPSCALE,44100,4810557,HF_SEAM_0.66;LOW_ROLLOFF_7.6KHZ;STEREO_AAC_DOUBT_0.00;DEADRUN_UNCORROBORATED_94;MP3_CONJ_BASE_20500;MP3_CONJ_WALLLEG_W34.3_K5.98;OPUS_EDGE_FIRE_20085_W639_F6.2,,,60.0,1.0,whole,1/1,1,60.0,0.0,1.1857,13.9245,4.6491,9.677,2.2409,4.4017,2.1479,423,0.6404983934593979,0.6720645913853341,576,7622.8,—,True,16,16,PASS,"No shelf (16k drop=13.2dB, 20k drop=32.0dB)",94.0,4.812,,,,,,,,,False,,0.19,20500,40.1,0.984,-60.2,34.3,,1.0,0.896,7.857,20085.0,24.8,6.2,True,0.1422,ok,639.0,,,,,49.892,,44100,PASS,0.0,0.9215,True,MEANRUN_CEILING 4.81 vs 5.00 (-0.19),-117.1,91.0,,,,MASTERING_EDGE,,20220,657,5
fd-exchange-v2-2026-08-0029.flac,convicted,UPSCALE,44100,5570831,HF_DECOUPLED_-0.25;LOW_ROLLOFF_4.9KHZ;STEREO_AAC_DOUBT_0.00;DEAD_STRUCTURE_MAXRUN_252;DEADRUN_UNCORROBORATED_6.28;AAC_LATTICE_65pct,,,60.02,1.0,spread,2/2,2,60.0,0.0,0.7846,1.6434,3.2611,3.4482,1.3035,1.3093,1.2887,105,0.5046748786980824,0.5142485294892238,576,4931.1,—,True,16,16,PASS,"No shelf (16k drop=22.2dB, 20k drop=34.0dB)",252.0,6.277,,,21356.0,482.1,False,,7,,False,,0.198,22000,7.5,-0.113,-36.4,2.4,,1.0,0.549,34.812,20780.0,249.3,0.9,False,,ok,1500.0,,,False,True,13.615,,44100,PASS,0.0,0.9505,True,,-94.6,78.7,,,,NO_WALL,,,,5
fd-exchange-v2-2026-08-0030.flac,convicted,UPSCALE,48000,6615438,BRICKWALL_20K;HF_SEAM_0.85;AI_SR_48000;LOW_ROLLOFF_5.5KHZ;CNN_DOUBT;STEREO_AAC_DOUBT_0.00;DEAD_STRUCTURE_MAXRUN_303;DEAD_STRUCTURE_MEANRUN_7.75;BAND_LIMIT_LOW_19000HZ_39DB;MS_CONDITIONAL_59;MP3_CONJ_BASE_19000;MP3_CONJ_WALLLEG_W38.7_K5.24;MP3_IDEM_R2.19_19000,,,60.0,1.0,whole,1/1,1,60.0,0.0,0.3575,5.0878,4.5294,8.0264,2.3533,2.6199,2.4573,379,0.7276137233449074,0.7583047910747831,576,5507.8,—,True,16,16,FAKE_320K,"20kHz shelf (drop=65.6dB, whole-track)",303.0,7.755,,,,,,,,,False,,0.207,19000,56.3,-0.12,-72.9,38.7,,1.0,0.558,59.432,,,,False,,ok,,,,,,153.37,,48000,PASS,0.0,0.9643,True,MEANRUN_SOLO 7.75 vs 8.00 (-0.25),-115.5,104.2,,,,,,,,5
fd-exchange-v2-2026-08-0031.flac,convicted,UPSCALE,48000,6935242,HF_SEAM_0.82;AI_SR_48000;LOW_ROLLOFF_5.6KHZ;STEREO_AAC_DOUBT_0.00;DEAD_STRUCTURE_MAXRUN_220;DEAD_STRUCTURE_MEANRUN_8.16;MP3_CONJ_BASE_20500;MP3_CONJ_WALLLEG_W40.5_K5.28;MP3_IDEM_R2.69_20500,,,60.0,1.0,whole,1/1,1,60.0,0.0,0.9089,8.8356,4.6167,10.9754,2.6681,3.6395,2.6987,200,0.7675168777296713,0.7920216124848386,576,5578.1,—,True,16,16,PASS,"No shelf (16k drop=14.2dB, 20k drop=20.1dB)",220.0,8.164,,,,,,,,,False,,0.207,20500,57.5,-0.143,-71.8,40.5,,1.0,0.563,7.063,20350.0,12.0,16.9,False,,ok,402.0,,,,,189.904,,48000,PASS,0.0,0.9647,True,MEANRUN_SOLO 8.16 vs 8.00 (+0.16),-111.1,100.1,,,,,,,,5
fd-exchange-v2-2026-08-0032.flac,flagged,SUSPECT,44100,5716727,BRICKWALL_20K;HF_DECOUPLED_-0.03;HF_SEAM_0.97;LOW_ROLLOFF_7.8KHZ;CNN_DOUBT;STEREO_AAC_DOUBT_0.00;DEAD_STRUCTURE_MAXRUN_283;DEADRUN_UNCORROBORATED_7.33;BAND_LIMIT_LOW_17500HZ_44DB;MP3_IDEM_R2.36_17500;LOWBAND_WALL_SHADOW_43.7,,,60.02,1.0,spread,2/2,2,60.0,0.0,0.0058,1.0209,3.3142,3.6167,1.9105,1.9251,2.0343,555,0.561094606342435,0.5701170029576847,576,7838.1,—,True,16,16,FAKE_320K,"20kHz shelf (drop=67.1dB, whole-track)",283.0,7.328,,,,,,,,,False,,0.274,17500,0.0,0.046,-67.7,43.7,,1.0,0.103,31.678,,,,False,,ok,,,,,,8.235,,44100,PASS,0.0,0.7151,True,,-115.1,98.6,,,,MASTERING_EDGE,,17000,1130,5
fd-exchange-v2-2026-08-0033.flac,flagged,SUSPECT,96000,5796469,BRICKWALL_20K;AI_SR_96000;LOW_ROLLOFF_5.4KHZ;STEREO_AAC_DOUBT_0.00;DEAD_STRUCTURE_MAXRUN_239;BAND_LIMIT_LOW_NOWALL_19000HZ,,,60.0,1.0,whole,1/1,1,60.0,0.0,0.3982,0.4347,3.4424,3.4098,3.709,3.7439,3.7017,383,0.5887155671364805,0.617360920605224,576,5437.5,—,True,16,16,FAKE_320K,"20kHz shelf (drop=42.9dB, whole-track)",239.0,3.768,,,,,,,,,False,1.1,0.346,19000,8.2,0.189,-44.1,4.5,,1.0,0.001,20.15,,,,False,,ok,,,,,,1.199,,96000,PASS,0.0002,0.0474,True,,-111.4,88.7,,,,,,,,5
fd-exchange-v2-2026-08-0034.flac,flagged,SUSPECT,44100,6543740,BRICKWALL_20K;CNN_DOUBT;STEREO_AAC_DOUBT_0.00;DEAD_STRUCTURE_MAXRUN_229;DEAD_STRUCTURE_MEANRUN_8.45;BAND_LIMIT_LOW_NOWALL_17500HZ,,,60.0,1.0,whole,1/1,1,60.0,0.0,0.4815,4.3949,8.6012,9.5022,2.4817,3.4173,2.5798,63,0.8935856790367983,0.8984912232370847,576,9593.0,—,True,16,16,FAKE_320K,"20kHz shelf (drop=56.8dB, whole-track)",229.0,8.45,,,,,,,,,False,,0.26,17500,22.7,-0.097,-66.4,10.6,,1.0,-0.569,2.535,20004.0,109.6,12.5,False,,ok,1500.0,,,,,7.424,,44100,PASS,0.0,0.1541,True,MEANRUN_SOLO 8.45 vs 8.00 (+0.45),-107.5,91.8,,,,MASTERING_EDGE,,19977,985,5
fd-exchange-v2-2026-08-0035.flac,flagged,SUSPECT,44100,6709432,LOW_ROLLOFF_6.6KHZ;STEREO_AAC_DOUBT_0.00;DEADRUN_UNCORROBORATED_5.46,,,60.02,1.0,spread,2/2,2,60.0,0.0,1.3445,16.6701,5.214,12.2508,2.292,6.339,2.2679,240,0.8139659787206579,0.8245620880370182,576,6567.6,—,True,16,16,PASS,"No shelf (16k drop=15.4dB, 20k drop=28.1dB)",57.0,5.464,,,21415.0,138.2,False,1.5,12,1500.0,False,,0.214,21500,14.6,-0.134,-35.0,10.1,,1.0,0.789,29.204,21517.0,89.5,0.1,False,,ok,1500.0,,,,,24.66,,44100,PASS,0.0,0.8111,True,MEANRUN_CEILING 5.46 vs 5.00 (+0.46),-87.2,71.5,,,,NO_WALL,,,,5
fd-exchange-v2-2026-08-0036.flac,flagged,SUSPECT,44100,5605384,BRICKWALL_20K;HF_SEAM_0.75;STEREO_AAC_DOUBT_0.00;DEADRUN_UNCORROBORATED_94;DEAD_STRUCTURE_MEANRUN_18.80;MP3_CONJ_BASE_20000;OPUS_EDGE_FIRE_20039_W451_F7.8,,,60.0,1.0,whole,1/1,1,60.0,0.0,1.2148,13.9298,3.2948,9.6136,2.235,2.9943,2.192,489,0.3415447892230153,0.363787754847134,576,8968.6,—,True,16,16,FAKE_320K,"20kHz shelf (drop=48.6dB, whole-track)",94.0,18.801,,,,,,,,,False,,0.351,20000,52.3,0.998,-82.0,15.4,,1.0,0.966,31.997,20039.0,13.9,7.8,True,0.1462,ok,451.0,,,,,31.236,,44100,PASS,0.0,0.9542,True,,-115.1,98.6,,,,MASTERING_EDGE,,20150,1292,5
fd-exchange-v2-2026-08-0037.flac,clear,GENUINE,44100,7296414,,,,60.0,1.0,whole,1/1,1,60.0,0.0,1.1865,13.9329,6.6986,13.8988,2.8843,8.3872,3.0119,165,0.8898804441540765,0.9018542295527777,576,10120.6,—,True,16,16,PASS,"No shelf (16k drop=15.9dB, 20k drop=29.0dB)",3.0,2.0,,,21404.0,348.1,False,,11,,False,,0.188,22000,10.0,-0.012,-32.0,10.2,,1.0,-0.07,6.086,21452.0,326.2,4.5,False,,ok,1500.0,,,,,70.432,,44100,PASS,0.8167,0.7707,True,,-73.2,61.0,,,,NO_WALL,,,,5
fd-exchange-v2-2026-08-0038.flac,flagged,SUSPECT,44100,5961119,LOW_ROLLOFF_6.5KHZ;STEREO_AAC_DOUBT_0.00,,,60.02,1.0,spread,2/2,2,60.0,0.0,0.9098,7.0365,5.7812,8.3436,2.013,2.3878,2.0819,14,0.6132960555761564,0.6308492196983585,576,6524.6,—,True,16,16,PASS,"No shelf (16k drop=6.4dB, 20k drop=32.0dB)",53.0,3.349,,,21509.0,155.3,False,0.4,10,1500.0,False,,0.386,21500,17.9,0.054,-39.5,5.3,,1.0,-0.701,16.403,21641.0,122.6,,False,,ok,1500.0,,,,,64.336,,44100,PASS,0.0,0.5076,True,,-90.6,74.0,,,,NO_WALL,,,,5
fd-exchange-v2-2026-08-0039.flac,flagged,SUSPECT,44100,1696257,FAKE_STEREO;HF_SEAM_0.61;LOW_ROLLOFF_6.1KHZ;STEREO_AAC_DOUBT_0.00,,,36.19,1.0,whole,1/1,1,36.19,0.0,2.0184,9.2707,1.9534,5.6931,0.2122,0.2928,0.2122,0,0.7391682980932174,0.7391682980932174,576,6050.8,—,True,16,16,PASS,"No shelf (16k drop=11.0dB, 20k drop=17.6dB)",6.0,2.128,,,20139.0,10.3,False,,7,,False,,0.649,22000,25.9,0.652,-37.5,0.4,,1.0,0.997,22.82,20144.0,15.1,-0.0,False,,ok,1500.0,,,,,32.201,,44100,FAKE_STEREO,0.0,0.9919,True,,-117.0,76.6,,,,NO_WALL,,,,4
fd-exchange-v2-2026-08-0040.flac,flagged,SUSPECT,44100,5399736,BRICKWALL_20K;HF_DECOUPLED_-0.06;HF_SEAM_0.78;LOW_ROLLOFF_5.0KHZ;CNN_DOUBT;LOSSY_SRC_NEEDLES_VOID;STEREO_AAC_DOUBT_0.00;BAND_LIMIT_LOW_19000HZ_22DB,,,60.0,1.0,whole,1/1,1,60.0,0.0,0.2801,0.8639,3.1432,3.2468,1.5223,1.5363,1.5223,0,0.4537190946056877,0.4537190946056877,576,4995.7,—,True,16,16,FAKE_320K,"20kHz shelf (drop=50.8dB, whole-track)",265.0,6.499,,,,,,,,,False,,0.198,19000,19.6,-0.128,-50.8,22.1,,1.0,0.545,39.761,,,,False,,ok,,,,,,6.559,,44100,PASS,0.0,0.9499,True,,-115.0,98.6,,0.94,30.4,FIRE,35.4,17167,501,5
fd-exchange-v2-2026-08-0041.flac,flagged,SUSPECT,44100,4260427,BRICKWALL_20K;HF_DECOUPLED_-0.18;HF_SEAM_0.85;LOW_ROLLOFF_1.8KHZ;STEREO_AAC_DOUBT_0.00;DEAD_STRUCTURE_MAXRUN_191;DEADRUN_UNCORROBORATED_5.14;BAND_LIMIT_LOW_19000HZ_23DB,,,60.0,1.0,whole,1/1,1,60.0,0.0,0.469,1.2308,2.4026,2.5162,1.8223,1.8288,1.9936,206,0.3699227320486588,0.379752963551946,576,1808.8,—,True,16,16,FAKE_320K,"20kHz shelf (drop=43.6dB, whole-track)",191.0,5.137,,,,,,,,,False,,0.48,19000,22.2,0.07,-52.7,22.9,,1.0,0.096,3.229,,,,False,,ok,,,,,,50.303,,44100,PASS,0.0001,0.8934,True,MEANRUN_CEILING 5.14 vs 5.00 (+0.14),-114.5,97.6,,,,NO_WALL,,,,5
fd-exchange-v2-2026-08-0042.flac,flagged,SUSPECT,44100,5176453,LOW_ROLLOFF_5.4KHZ;STEREO_AAC_DOUBT_0.00;AAC_LATTICE_55pct,,,60.02,1.0,spread,2/2,2,60.0,0.0,2.0294,14.6655,4.5975,9.9728,1.5893,6.1251,1.6378,547,0.7930661948836378,0.8388777062990427,576,5415.6,—,True,16,16,PASS,"No shelf (16k drop=10.6dB, 20k drop=-7.2dB)",46.0,3.028,,,21504.0,414.2,False,,8,,False,,0.261,22000,8.9,-0.081,-22.0,5.0,,1.0,0.074,45.362,21738.0,79.9,,False,,ok,1500.0,,,False,False,186.693,,44100,PASS,0.0,0.7412,True,,-86.1,61.9,,,,NO_WALL,,,,5
fd-exchange-v2-2026-08-0043.flac,flagged,SUSPECT,44100,5540295,STEREO_AAC_DOUBT_0.00;DEAD_STRUCTURE_MAXRUN_110,,,60.0,1.0,whole,1/1,1,60.0,0.0,1.92,13.3659,5.3059,12.4217,2.859,8.9229,3.2226,170,0.8068279736140075,0.8238655519183028,576,9862.2,—,True,16,16,PASS,"No shelf (16k drop=12.1dB, 20k drop=20.2dB)",110.0,4.557,,,21878.0,320.9,False,,11,,False,,0.321,22000,9.5,0.001,-23.4,2.9,,1.0,-0.002,7.72,21921.0,90.4,,False,,ok,1500.0,,,,,307.651,,44100,PASS,0.0,0.8405,True,MEANRUN_CEILING 4.56 vs 5.00 (-0.44),-72.9,51.1,,,,NO_WALL,,,,5
fd-exchange-v2-2026-08-0044.flac,flagged,SUSPECT,44100,6302117,BRICKWALL_20K;HF_SEAM_0.98;CNN_DOUBT;STEREO_AAC_DOUBT_0.00;DEAD_STRUCTURE_MAXRUN_168;DEADRUN_UNCORROBORATED_5.04;BAND_LIMIT_LOW_17500HZ_43DB;MP3_IDEM_R4.11_17500;LOWBAND_WALL_SHADOW_42.6,,,60.02,1.0,spread,2/2,2,60.0,0.0,0.4543,10.4141,6.7038,9.3315,2.7549,3.9971,2.7929,225,0.7567247315749698,0.7738753004453437,576,9442.3,—,True,16,16,FAKE_320K,"20kHz shelf (drop=66.8dB, whole-track)",168.0,5.039,,,,,,,,,False,,0.438,17500,0.4,0.129,-67.1,42.6,,1.0,-0.16,19.071,,,,False,,ok,,,,,,1.512,,44100,PASS,0.0,-0.0824,True,MEANRUN_CEILING 5.04 vs 5.00 (+0.04),-116.3,93.8,,,1.8,silent,43.4,17280,59,5
fd-exchange-v2-2026-08-0045.flac,flagged,SUSPECT,44100,5809571,HF_DECOUPLED_0.10;LOW_ROLLOFF_5.0KHZ;STEREO_AAC_DOUBT_0.00,,,60.02,1.0,spread,2/2,2,60.0,0.0,1.6746,2.5031,3.3994,3.6058,1.3641,1.3551,1.2624,139,0.5213788965041211,0.5298142565175027,576,5006.5,—,True,16,16,PASS,"No shelf (16k drop=22.6dB, 20k drop=28.0dB)",19.0,2.519,,,,,,,,,False,,0.197,22000,4.0,-0.109,-29.2,0.6,,1.0,0.55,26.26,,,,False,,ok,,,,,,28.943,,44100,PASS,0.0,0.9506,True,,-84.7,68.8,,,,NO_WALL,,,,5
fd-exchange-v2-2026-08-0046.flac,flagged,SUSPECT,44100,3516870,BRICKWALL_20K;HF_SEAM_0.72;LOW_ROLLOFF_5.9KHZ;CNN_DOUBT;STEREO_AAC_DOUBT_0.00;BAND_LIMIT_LOW_19000HZ_34DB,,,49.27,1.0,whole,1/1,1,49.27,0.0,0.1597,0.7686,3.3044,3.5957,2.086,2.0829,2.086,0,0.9251422757130174,0.9251422757130174,576,5857.0,—,True,16,16,FAKE_320K,"20kHz shelf (drop=57.9dB, whole-track)",41.0,3.006,,,,,,,,,False,,0.368,19000,35.8,-0.012,-58.8,34.5,,1.0,-0.056,30.931,,,,False,,ok,,,,,,16.751,,44100,PASS,0.0,0.7854,True,,-117.5,91.7,,,,NO_WALL,,,,5
fd-exchange-v2-2026-08-0047.flac,flagged,SUSPECT,44100,5196314,BRICKWALL_20K;HF_SEAM_0.96;LOW_ROLLOFF_5.2KHZ;CNN_DOUBT;STEREO_AAC_DOUBT_0.00;DEAD_STRUCTURE_MAXRUN_220;DEADRUN_UNCORROBORATED_6.07;BAND_LIMIT_LOW_17500HZ_36DB;MP3_IDEM_R2.03_17500;LOWBAND_WALL_SHADOW_36.4,,,60.02,1.0,spread,2/2,2,60.0,0.0,0.4621,3.9967,4.1178,4.9919,1.1586,1.3291,1.171,279,0.7025225244308291,0.7197038782339114,576,5200.3,—,True,16,16,FAKE_320K,"20kHz shelf (drop=56.0dB, whole-track)",220.0,6.073,,,,,,,,,False,,0.358,17500,-1.5,0.025,-56.0,36.4,,1.0,0.11,38.975,,,,False,,ok,,,,,,17.173,,44100,PASS,0.0,0.7649,True,,-115.0,95.3,,,1.8,silent,34.6,17280,565,5
fd-exchange-v2-2026-08-0048.flac,flagged,SUSPECT,44100,5417490,CNN_DOUBT;STEREO_AAC_DOUBT_0.00,,,60.0,1.0,whole,1/1,1,60.0,0.0,1.266,14.9175,6.186,11.8147,2.9791,3.8838,3.01,79,0.7566032721053153,0.7762709018692449,576,10508.2,—,True,16,16,PASS,"No shelf (16k drop=10.4dB, 20k drop=28.5dB)",37.0,2.854,,,20290.0,388.2,False,,11,,False,,0.179,21500,14.0,-0.055,-33.1,12.3,,1.0,-0.433,6.549,20330.0,414.2,15.1,False,,ok,1500.0,,,,,50.345,,44100,PASS,0.0,0.7668,True,,-98.9,71.0,,,,NO_WALL,,,,5
fd-exchange-v2-2026-08-0049.flac,flagged,SUSPECT,44100,5949477,LOW_ROLLOFF_6.2KHZ;STEREO_AAC_DOUBT_0.00,,,60.02,1.0,spread,2/2,2,60.0,0.0,1.0425,7.0568,6.0529,8.516,2.0849,2.4335,2.0935,113,0.618328543065398,0.6282297991271989,576,6223.1,—,True,16,16,PASS,"No shelf (16k drop=6.8dB, 20k drop=32.4dB)",55.0,3.551,,,21652.0,115.6,False,,11,,False,,0.385,21500,17.2,0.052,-39.0,4.8,,1.0,-0.701,15.617,21757.0,206.2,,False,,ok,1500.0,,,,,61.328,,44100,PASS,0.0,0.5069,True,,-90.5,73.9,,,,NO_WALL,,,,5
fd-exchange-v2-2026-08-0050.flac,flagged,SUSPECT,44100,5318264,BRICKWALL_20K;HF_DECOUPLED_0.01;HF_SEAM_0.78;LOW_ROLLOFF_5.2KHZ;STEREO_AAC_DOUBT_0.00;DEAD_STRUCTURE_MAXRUN_189;DEADRUN_UNCORROBORATED_5.62,,,60.0,1.0,whole,1/1,1,60.0,0.0,0.6398,4.7448,4.4129,5.4597,0.592,0.6216,0.592,0,0.6536373247574849,0.6536373247574849,576,5211.0,—,True,16,16,FAKE_320K,"20kHz shelf (drop=47.0dB, whole-track)",189.0,5.625,,,,,,,,,False,,0.357,20000,28.5,-0.069,-58.8,15.7,,1.0,0.107,3.894,20015.0,18.1,0.1,False,,ok,1500.0,,,,,27.773,,44100,PASS,0.0,0.7622,True,,-114.9,95.2,,,,NO_WALL,,,,5
fd-exchange-v2-2026-08-0051.flac,clear,GENUINE,44100,5471092,,,,60.02,1.0,spread,2/2,2,60.0,0.0,1.6214,15.3288,6.2539,12.0402,2.8998,5.5006,2.859,177,0.7647569126911709,0.7903141042327294,576,10626.6,—,True,16,16,PASS,"No shelf (16k drop=11.0dB, 20k drop=26.4dB)",17.0,2.32,,,21883.0,212.3,False,,5,,False,,0.178,22000,9.4,-0.063,-29.2,7.4,,1.0,-0.434,18.922,21851.0,0.0,,False,,ok,1500.0,,,,,56.274,,44100,PASS,0.4385,0.7661,True,,-94.2,66.6,,,,NO_WALL,,,,5
fd-exchange-v2-2026-08-0052.flac,flagged,SUSPECT,44100,5662370,BRICKWALL_20K;HF_SEAM_0.96;LOW_ROLLOFF_7.7KHZ;CNN_DOUBT;STEREO_AAC_DOUBT_0.00;DEAD_STRUCTURE_MAXRUN_228;DEAD_STRUCTURE_MEANRUN_18.75;BAND_LIMIT_LOW_17500HZ_43DB;MS_CONDITIONAL_49;MP3_IDEM_R3.68_17500;LOWBAND_WALL_SHADOW_43.0,,,60.02,1.0,spread,2/2,2,60.0,0.0,0.1761,4.9239,5.8946,7.382,2.446,3.5835,2.6056,489,0.6747187378170912,0.7205767255678581,576,7741.2,—,True,16,16,FAKE_320K,"20kHz shelf (drop=70.5dB, whole-track)",228.0,18.746,,,,,,,,,False,,0.464,17500,4.0,0.421,-72.3,43.0,,1.0,0.405,48.82,,,,False,,ok,,,,,,1.689,,44100,PASS,0.0,0.2279,True,MS_COND_CEILING 48.82 vs 48.00 (+0.82),-112.1,94.6,,1.0,2.0,silent,43.3,17270,598,5
fd-exchange-v2-2026-08-0053.flac,flagged,SUSPECT,44100,5354127,HF_DECOUPLED_0.09;STEREO_AAC_DOUBT_0.00,,,60.0,1.0,whole,1/1,1,60.0,0.0,2.9008,19.3878,5.2969,12.9655,1.7033,5.1417,1.605,529,0.9013685256263291,0.9151893680395072,576,8914.7,—,True,16,16,PASS,"No shelf (16k drop=13.9dB, 20k drop=16.9dB)",22.0,2.645,,,21124.0,228.4,False,,11,,False,,0.369,22000,5.4,-0.025,-19.4,12.2,,1.0,0.216,4.358,21124.0,129.0,3.9,False,,ok,1500.0,,,,,65.58,,44100,PASS,0.0002,0.5929,True,,-90.6,61.7,,,,NO_WALL,,,,5
fd-exchange-v2-2026-08-0054.flac,convicted,UPSCALE,44100,5176640,BRICKWALL_20K;HF_DECOUPLED_-0.08;LOW_ROLLOFF_5.0KHZ;CNN_DOUBT;STEREO_AAC_DOUBT_0.00;DEAD_STRUCTURE_MAXRUN_205;DEADRUN_UNCORROBORATED_5.90;BAND_LIMIT_LOW_NOWALL_19500HZ;AAC_LATTICE_57pct,,,60.02,1.0,spread,2/2,2,60.0,0.0,0.5044,2.9519,4.4397,4.9911,1.303,1.4109,1.3066,241,0.7499744716222901,0.7667101262315869,576,4995.7,—,True,16,16,FAKE_320K,"20kHz shelf (drop=42.3dB, whole-track)",205.0,5.902,,,,,,,,,False,,0.357,19500,11.0,-0.074,-45.1,7.4,,1.0,0.108,35.076,,,,False,,ok,,,,False,True,18.213,,44100,PASS,0.0,0.7629,True,,-104.1,84.5,,,,NO_WALL,,,,5
fd-exchange-v2-2026-08-0055.flac,flagged,SUSPECT,44100,1736042,FAKE_STEREO;LOW_ROLLOFF_6.3KHZ;MS_CONDITIONAL_49;AAC_LATTICE_16pct,,,36.2,1.0,whole,1/1,1,36.2,0.0,3.6528,15.5209,2.2724,10.3085,1.0466,16.4554,1.2398,419,0.9339402041375007,0.9752912620965143,576,6330.8,—,True,16,16,PASS,"No shelf (16k drop=11.5dB, 20k drop=10.3dB)",7.0,2.0,,,,,,,,,False,,0.649,22000,1.0,0.605,-11.9,4.7,,1.0,0.997,49.071,,,,False,,ok,,,,False,False,59.564,,44100,FAKE_STEREO,0.6187,0.992,True,MS_COND_CEILING 49.07 vs 48.00 (+1.07),-95.6,55.2,,,,NO_WALL,,,,4
fd-exchange-v2-2026-08-0056.flac,flagged,SUSPECT,44100,5916928,BRICKWALL_20K;HF_SEAM_0.98;LOW_ROLLOFF_6.3KHZ;CNN_DOUBT;STEREO_AAC_DOUBT_0.00;DEAD_STRUCTURE_MAXRUN_234;DEADRUN_UNCORROBORATED_7.99;BAND_LIMIT_LOW_17500HZ_56DB;MP3_IDEM_R3.47_17500;LOWBAND_WALL_SHADOW_56.2,,,60.02,1.0,spread,2/2,2,60.0,0.0,0.1962,3.7929,5.0302,6.9532,1.6554,1.7147,1.6573,117,0.5988902981834953,0.6030025798775918,576,6330.8,—,True,16,16,FAKE_320K,"20kHz shelf (drop=66.0dB, whole-track)",234.0,7.993,,,,,,,,,False,,0.388,17500,0.6,0.211,-66.0,56.2,,1.0,-0.696,31.31,,,,False,,ok,,,,,,8.462,,44100,PASS,0.0,0.5118,True,MEANRUN_SOLO 7.99 vs 8.00 (-0.01),-115.8,99.1,,,2.6,silent,46.1,17253,285,5
fd-exchange-v2-2026-08-0057.flac,flagged,SUSPECT,48000,12819655,AI_SR_48000;LOW_ROLLOFF_5.6KHZ;STEREO_AAC_DOUBT_0.11,,,60.0,1.0,whole,1/1,1,60.0,0.0,1.5076,10.8362,4.736,11.4638,2.6206,6.3727,2.6735,344,0.7667276842557263,0.7864927278655051,576,5625.0,—,True,24,24,PASS,"No shelf (16k drop=13.7dB, 20k drop=18.4dB)",13.0,2.426,,,,,,,,,False,,0.207,22000,10.4,-0.145,-24.9,7.9,,0.988,0.563,6.733,21759.0,113.8,,False,,ok,1500.0,,,,,206.06,,48000,PASS,0.1097,0.9647,True,,-66.0,55.0,,,,,,,,5
fd-exchange-v2-2026-08-0058.flac,clear,GENUINE,44100,5401525,,,,60.02,1.0,spread,2/2,2,60.0,0.0,4.6513,21.7682,5.8048,14.7268,1.8337,12.8483,1.8416,479,0.9210842683195457,0.942778121699281,576,9259.3,—,True,16,16,PASS,"No shelf (16k drop=12.7dB, 20k drop=9.8dB)",2.0,,,,,,,,,,False,,0.366,22000,-3.9,-0.02,-9.8,8.6,,1.0,0.221,11.989,,,,False,,ok,,,,,,97.65,,44100,PASS,0.4393,0.5937,True,,-81.0,52.0,,,,NO_WALL,,,,5
fd-exchange-v2-2026-08-0059.flac,convicted,UPSCALE,44100,7264824,BRICKWALL_20K;HF_SEAM_0.84;CNN_DOUBT;STEREO_AAC_DOUBT_0.00;DEAD_STRUCTURE_MAXRUN_200;DEADRUN_UNCORROBORATED_7.36;MP3_CONJ_BASE_20000;MP3_CONJ_WALLLEG_W21.9_K8.81,,,60.0,1.0,whole,1/1,1,60.0,0.0,0.7505,10.9666,6.5808,12.9379,0.8748,1.1173,0.8748,0,0.6339428352078231,0.6339428352078231,576,10077.5,—,True,16,16,FAKE_320K,"20kHz shelf (drop=43.9dB, whole-track)",200.0,7.364,,,,,,,,,False,,0.188,20000,53.0,-0.013,-75.0,21.9,,1.0,-0.069,11.042,20004.0,0.0,12.4,False,,ok,455.0,,,,,54.294,,44100,PASS,0.0,0.7706,True,,-114.7,102.5,,,3.8,silent,51.2,20155,280,5
fd-exchange-v2-2026-08-0060.flac,flagged,SUSPECT,44100,5784428,LOW_ROLLOFF_7.6KHZ;STEREO_AAC_DOUBT_0.00,,,60.02,1.0,spread,2/2,2,60.0,0.0,1.0206,10.2041,6.783,9.8956,2.5903,7.765,2.6809,463,0.6956244620214673,0.7175482608876679,576,7558.2,—,True,16,16,PASS,"No shelf (16k drop=22.2dB, 20k drop=35.6dB)",75.0,2.752,,,,,,,,,False,,0.472,21500,10.1,0.658,-38.9,1.6,,1.0,0.398,39.114,,,,False,,ok,,,,,,37.697,,44100,PASS,0.0001,0.2256,True,MAXRUN_CEILING 75.00 vs 80.00 (-5.00),-76.7,59.3,,,,NO_WALL,,,,5
fd-exchange-v2-2026-08-0061.flac,flagged,SUSPECT,44100,6044902,STEREO_AAC_DOUBT_0.00;DEAD_STRUCTURE_MAXRUN_109;MS_CONDITIONAL_69,,,60.02,1.0,spread,2/2,2,60.0,0.0,2.8268,20.3264,1.9064,16.6282,2.6903,20.6367,2.8576,440,0.3589254804544276,0.37009463920441155,576,14104.2,—,True,16,16,PASS,"No shelf (16k drop=5.9dB, 20k drop=16.3dB)",109.0,2.581,,,,,,,,,False,,0.182,22000,5.6,0.997,-17.5,1.4,,1.0,0.992,69.099,,,,False,,ok,,,,,,213.436,,44100,PASS,0.0,0.9869,True,,-59.6,38.7,,,,NO_WALL,,,,5
fd-exchange-v2-2026-08-0062.flac,flagged,SUSPECT,44100,6652795,LOW_ROLLOFF_5.6KHZ;STEREO_AAC_DOUBT_0.07;DEAD_STRUCTURE_MAXRUN_271;DEAD_STRUCTURE_MEANRUN_11.63;AAC_LATTICE_16pct,,,60.0,1.0,whole,1/1,1,60.0,0.0,0.6119,7.2376,6.6329,8.4368,1.87,4.1693,1.87,0,0.7812300519352302,0.7812300519352302,576,5566.3,—,True,16,16,PASS,"No shelf (16k drop=20.8dB, 20k drop=34.0dB)",271.0,11.632,,,21070.0,66.8,False,,11,,False,,0.186,21000,14.8,-0.409,-42.5,8.5,,1.0,0.577,6.697,21113.0,51.5,13.8,False,,ok,1218.0,,,True,True,14.009,,44100,PASS,0.07,0.748,True,,-85.5,74.7,,,,MASTERING_EDGE,,21539,818,5
fd-exchange-v2-2026-08-0063.flac,flagged,SUSPECT,44100,6880129,BRICKWALL_20K;HF_DECOUPLED_0.15;HF_SEAM_0.98;LOW_ROLLOFF_6.1KHZ;CNN_DOUBT;STEREO_AAC_DOUBT_0.00;DEAD_STRUCTURE_MAXRUN_223;DEADRUN_UNCORROBORATED_7.77;BAND_LIMIT_LOW_17500HZ_47DB;MP3_IDEM_R2.08_17500;LOWBAND_WALL_SHADOW_47.2,,,60.02,1.0,spread,2/2,2,60.0,0.0,-1.1549,9.5176,4.1141,8.741,1.811,2.1203,1.9314,350,0.4601331391324333,0.4850252642177037,576,6126.2,—,True,16,16,FAKE_320K,"20kHz shelf (drop=65.6dB, whole-track)",223.0,7.774,,,,,,,,,False,,0.238,17500,-0.5,-0.62,-65.6,47.2,,1.0,0.855,40.482,,,,False,,ok,,,,,,4.744,,44100,PASS,0.0,0.9595,True,MEANRUN_SOLO 7.77 vs 8.00 (-0.23),-115.6,101.8,,,,MASTERING_EDGE,,17270,1405,5
fd-exchange-v2-2026-08-0064.flac,flagged,SUSPECT,96000,5693531,BRICKWALL_20K;AI_SR_96000;LOW_ROLLOFF_5.4KHZ;STEREO_AAC_DOUBT_0.00;DEAD_STRUCTURE_MAXRUN_308;DEAD_STRUCTURE_MEANRUN_8.28;BAND_LIMIT_LOW_NOWALL_18000HZ,,,60.0,1.0,whole,1/1,1,60.0,0.0,0.2248,0.1963,3.5345,3.5027,3.9068,3.9189,3.8077,345,0.5864681127509929,0.6129696794883702,576,5390.6,—,True,16,16,FAKE_320K,"20kHz shelf (drop=52.2dB, whole-track)",308.0,8.278,,,,,,,,,False,-0.6,0.346,18000,7.9,0.179,-52.2,10.1,,1.0,-0.001,2.032,,,,False,,ok,,,,,,0.845,,96000,PASS,0.0,0.0479,True,MEANRUN_SOLO 8.28 vs 8.00 (+0.28),-119.4,96.7,,,,,,,,5
fd-exchange-v2-2026-08-0065.flac,clear,GENUINE,44100,5990862,LOW_ROLLOFF_6.5KHZ,,,60.0,1.0,whole,1/1,1,60.0,0.0,1.2344,6.0967,4.7762,7.1208,2.2657,2.6296,2.3766,297,0.6427467748327826,0.6594412539792341,576,6460.0,—,True,16,16,PASS,"No shelf (16k drop=8.9dB, 20k drop=24.6dB)",22.0,3.158,,,21727.0,98.2,False,,11,,False,,0.388,22000,8.8,-0.14,-27.8,8.5,,1.0,0.054,22.637,21748.0,93.6,,False,,ok,1500.0,,,,,37.246,,44100,PASS,0.9245,0.951,True,,-87.0,73.7,,,,NO_WALL,,,,5
fd-exchange-v2-2026-08-0066.flac,flagged,SUSPECT,44100,5143812,STEREO_AAC_DOUBT_0.00;DEADRUN_UNCORROBORATED_87,,,60.0,1.0,whole,1/1,1,60.0,0.0,0.9642,13.6103,5.4771,10.6174,1.3865,5.4676,1.3865,0,0.7156121030535211,0.7156121030535211,576,9323.9,—,True,16,16,PASS,"No shelf (16k drop=20.4dB, 20k drop=28.0dB)",87.0,3.846,,,21070.0,475.5,False,,8,,False,,0.148,21500,13.4,0.106,-38.5,8.0,,1.0,0.304,12.875,21278.0,505.9,8.7,False,,ok,1064.0,,,,,52.075,,44100,PASS,0.0,0.9305,True,,-82.9,62.4,,,,MASTERING_EDGE,,22012,1066,5
fd-exchange-v2-2026-08-0067.flac,convicted,UPSCALE,44100,5700815,BRICKWALL_20K;HF_SEAM_0.84;CNN_DOUBT;STEREO_AAC_DOUBT_0.00;DEAD_STRUCTURE_MAXRUN_254;DEAD_STRUCTURE_MEANRUN_5.14;BAND_LIMIT_LOW_19000HZ_61DB;MS_CONDITIONAL_72;MP3_CONJ_BASE_19000;MP3_CONJ_WALLLEG_W61.1_K5.51,,,60.0,1.0,whole,1/1,1,60.0,0.0,1.0004,11.2597,1.8229,11.6138,2.9993,3.028,3.8506,571,0.3175296848652138,0.3324231201406206,576,13479.8,—,True,16,16,FAKE_320K,"20kHz shelf (drop=72.1dB, whole-track)",254.0,5.138,,,,,,,,,False,,0.183,19000,61.3,0.997,-73.2,61.1,,1.0,0.992,72.348,,,,False,,ok,,,,,,42.206,,44100,PASS,0.0,0.9867,True,MEANRUN_CEILING 5.14 vs 5.00 (+0.14),-115.8,94.6,,,13.3,silent,54.8,18755,318,5
fd-exchange-v2-2026-08-0068.flac,convicted,UPSCALE,44100,6681018,HF_DECOUPLED_0.08;LOW_ROLLOFF_5.4KHZ;STEREO_AAC_DOUBT_0.00;DEAD_STRUCTURE_MAXRUN_273;DEADRUN_UNCORROBORATED_7.78;AAC_LATTICE_70pct,,,60.02,1.0,spread,2/2,2,60.0,0.0,0.6807,5.0685,6.3786,7.4629,2.7281,4.0955,2.6054,96,0.8882067306968816,0.9023588283827698,576,5361.8,—,True,16,16,PASS,"No shelf (16k drop=20.4dB, 20k drop=36.0dB)",273.0,7.776,,,21097.0,94.3,False,,12,,False,,0.186,21000,9.8,-0.418,-40.1,4.1,,1.0,0.578,41.33,21194.0,342.3,12.6,False,,ok,1500.0,,,False,True,7.482,,44100,PASS,0.0,0.7489,True,MEANRUN_SOLO 7.78 vs 8.00 (-0.22),-90.0,79.2,,,,MASTERING_EDGE,,21533,694,5
fd-exchange-v2-2026-08-0069.flac,flagged,SUSPECT,48000,6294834,HF_SEAM_0.88;AI_SR_48000;STEREO_AAC_DOUBT_0.00,,,60.02,1.0,spread,2/2,2,60.01,0.0,2.3744,15.3506,5.157,11.6523,2.5219,7.2938,2.5098,573,0.852286369290701,0.8656162117503464,576,11871.1,—,True,16,16,PASS,"No shelf (16k drop=10.6dB, 20k drop=17.2dB)",25.0,3.871,,,,,,,,,False,,0.368,22000,7.1,0.019,-19.6,25.2,,1.0,0.075,42.69,21768.0,3.8,,False,,ok,460.0,,,,,175.883,,48000,PASS,0.0,0.8404,True,,-78.2,57.5,,,,,,,,5
fd-exchange-v2-2026-08-0070.flac,convicted,UPSCALE,44100,5928787,BRICKWALL_20K;HF_SEAM_0.77;LOW_ROLLOFF_7.5KHZ;CNN_DOUBT;STEREO_AAC_DOUBT_0.00;DEAD_STRUCTURE_MAXRUN_268;DEAD_STRUCTURE_MEANRUN_6.77;BAND_LIMIT_LOW_19000HZ_51DB;MS_CONDITIONAL_64;MP3_CONJ_BASE_19000;MP3_CONJ_WALLLEG_W51.0_K5.15,,,60.0,1.0,whole,1/1,1,60.0,0.0,0.3225,6.0516,5.321,7.6905,1.6622,1.729,1.6622,0,0.8443811224696269,0.8443811224696269,576,7515.1,—,True,16,16,FAKE_320K,"20kHz shelf (drop=64.4dB, whole-track)",268.0,6.773,,,,,,,,,False,,0.333,19000,50.7,-0.231,-67.0,51.0,,1.0,0.094,64.077,,,,False,,ok,,,,,,22.578,,44100,PASS,0.0,0.789,True,,-115.6,95.2,,,,MASTERING_EDGE,,18691,872,5
fd-exchange-v2-2026-08-0071.flac,flagged,SUSPECT,44100,4546913,BRICKWALL_20K;LOW_ROLLOFF_4.0KHZ;CNN_DOUBT;STEREO_AAC_DOUBT_0.00;DEAD_STRUCTURE_MAXRUN_157;BAND_LIMIT_LOW_NOWALL_19000HZ,,,60.0,1.0,whole,1/1,1,60.0,0.0,0.4274,1.1812,3.9391,4.0751,0.6665,0.6667,0.6665,0,0.4750259904824062,0.4750259904824062,576,4005.2,—,True,16,16,FAKE_320K,"20kHz shelf (drop=55.5dB, whole-track)",157.0,4.927,,,,,,,,,False,,0.1,19000,20.6,0.221,-55.5,10.4,,1.0,0.086,16.782,,,,False,,ok,,,,,,7.668,,44100,PASS,0.0,0.8757,True,MEANRUN_CEILING 4.93 vs 5.00 (-0.07),-115.8,94.0,,,,NO_WALL,,,,5
fd-exchange-v2-2026-08-0072.flac,flagged,SUSPECT,44100,1887779,BRICKWALL_20K;LOW_ROLLOFF_6.2KHZ;CNN_DOUBT;STEREO_AAC_DOUBT_0.00;DEAD_STRUCTURE_MAXRUN_133,,,26.91,1.0,whole,1/1,1,26.91,0.0,0.6097,6.6313,4.9855,7.1837,2.5674,2.6765,2.5674,0,0.289660583136416,0.289660583136416,576,6180.0,—,True,16,16,FAKE_320K,"20kHz shelf (drop=44.2dB, whole-track)",133.0,4.24,,,,,,,,,False,,0.349,20000,25.4,-0.016,-46.8,17.3,,1.0,-0.129,2.15,20427.0,13.5,2.9,False,,ok,1500.0,,,,,52.638,,44100,PASS,0.0,-0.1391,True,,-115.8,84.7,,,,NO_WALL,,,,3
fd-exchange-v2-2026-08-0073.flac,flagged,SUSPECT,44100,5930317,HF_SEAM_0.75;LOW_ROLLOFF_6.4KHZ;STEREO_AAC_DOUBT_0.00;DEAD_STRUCTURE_MAXRUN_216;DEADRUN_UNCORROBORATED_6.29;OPUS_EDGE_FIRE_20004_W448_F1.5,,,60.0,1.0,whole,1/1,1,60.0,0.0,0.8769,6.8696,4.8341,7.3188,1.1227,1.1931,1.1227,0,0.5186956385774456,0.5186956385774456,576,6438.4,—,True,16,16,PASS,"No shelf (16k drop=8.9dB, 20k drop=38.7dB)",216.0,6.289,,,,,,,,,False,,0.388,20500,38.4,-0.136,-56.0,24.0,,1.0,0.054,2.32,20004.0,9.1,1.5,True,0.1202,ok,448.0,,,,,29.567,,44100,PASS,0.0,0.9509,True,,-115.1,101.8,,,,DARK_REF,,20117,,5
fd-exchange-v2-2026-08-0074.flac,flagged,SUSPECT,44100,3660866,LOW_ROLLOFF_5.5KHZ;STEREO_AAC_DOUBT_0.01,,,55.09,0.9999,whole,1/1,1,55.09,0.0,0.8188,1.3231,1.9732,2.2825,2.2275,2.2747,2.2757,54,0.7019777114111349,0.7082018952140895,576,5534.0,—,True,16,16,PASS,"No shelf (16k drop=5.5dB, 20k drop=38.7dB)",43.0,3.064,,,,,,,,,False,,0.337,20500,25.4,-0.081,-42.3,13.6,,1.0,-0.101,3.589,20166.0,26.9,0.1,False,,ok,1500.0,,,,,30.225,,44100,PASS,0.005,0.6366,True,,-115.5,86.8,,,,NO_WALL,,,,5
fd-exchange-v2-2026-08-0075.flac,convicted,UPSCALE,44100,5133759,CNN_DOUBT;STEREO_AAC_DOUBT_0.00;DEAD_STRUCTURE_MAXRUN_107;AAC_LATTICE_62pct,,,60.02,1.0,spread,2/2,2,60.0,0.0,0.6943,10.0014,5.3949,8.8226,1.7823,2.8964,1.9041,5,0.7813965352992426,0.7866451311767328,576,9313.1,—,True,16,16,PASS,"No shelf (16k drop=21.1dB, 20k drop=31.3dB)",107.0,3.839,,,20112.0,408.4,False,,7,,False,,0.148,21000,12.6,0.117,-41.5,10.2,,1.0,0.306,44.988,20187.0,299.5,11.5,False,,ok,1500.0,,,False,True,34.182,,44100,PASS,0.0,0.9314,True,,-88.8,68.3,,,,MASTERING_EDGE,,20144,1050,5
fd-exchange-v2-2026-08-0076.flac,flagged,SUSPECT,44100,1585821,CNN_DOUBT;STEREO_AAC_DOUBT_0.02,,,20.81,1.0,whole,1/1,1,20.81,0.0,1.0772,4.931,2.6747,4.028,2.0451,2.3237,1.9349,313,0.41358913765299715,0.4361699219225924,576,8575.6,—,True,16,16,PASS,"No shelf (16k drop=18.0dB, 20k drop=34.5dB)",18.0,2.279,,,,,,,,,False,,0.478,21500,10.1,0.772,-38.4,6.7,,1.0,0.96,33.778,,,,False,,ok,,,,,,4.834,,44100,PASS,0.0216,0.9509,True,,-104.3,78.9,,,,NO_WALL,,,,2
fd-exchange-v2-2026-08-0077.flac,convicted,UPSCALE,44100,5966703,HF_SEAM_0.70;LOW_ROLLOFF_7.2KHZ;CNN_DOUBT;STEREO_AAC_DOUBT_0.00;DEAD_STRUCTURE_MAXRUN_104;DEADRUN_UNCORROBORATED_6.27;MP3_CONJ_BASE_20500;MP3_CONJ_WALLLEG_W31.3_K6.28;OPUS_EDGE_FIRE_20042_W659_F2.7,,,60.0,1.0,whole,1/1,1,60.0,0.0,0.8172,11.3604,5.6469,9.7744,2.2653,3.4999,2.2579,531,0.901313558976043,0.9117176402860102,576,7224.4,—,True,16,16,PASS,"No shelf (16k drop=6.1dB, 20k drop=34.5dB)",104.0,6.271,,,,,,,,,False,,0.285,20500,43.7,-0.169,-59.9,31.3,,1.0,0.395,6.504,20042.0,30.5,2.7,True,0.1739,ok,659.0,,,,,20.375,,44100,PASS,0.0003,-0.0686,True,MAXRUN_SOLO 104.00 vs 100.00 (+4.00),-116.0,94.9,,,,MASTERING_EDGE,,20166,985,5
fd-exchange-v2-2026-08-0078.flac,flagged,SUSPECT,44100,4219633,BRICKWALL_20K;HF_DECOUPLED_-0.45;HF_SEAM_0.74;LOW_ROLLOFF_1.9KHZ;STEREO_AAC_DOUBT_0.00;DEAD_STRUCTURE_MAXRUN_226;DEADRUN_UNCORROBORATED_5.07;BAND_LIMIT_LOW_NOWALL_19000HZ,,,60.0,1.0,whole,1/1,1,60.0,0.0,0.2571,1.0102,2.9407,3.0385,2.146,2.1464,2.146,0,0.26766009557039483,0.26766009557039483,576,1894.9,—,True,16,16,FAKE_320K,"20kHz shelf (drop=46.9dB, whole-track)",226.0,5.068,,,,,,,,,False,,0.479,19000,16.2,0.106,-46.9,19.3,,1.0,0.096,26.526,,,,False,,ok,,,,,,48.15,,44100,PASS,0.0,0.8934,True,MEANRUN_CEILING 5.07 vs 5.00 (+0.07),-114.3,97.0,,,,NO_WALL,,,,5
fd-exchange-v2-2026-08-0079.flac,convicted,UPSCALE,44100,5587234,HF_SEAM_0.75;CNN_DOUBT;STEREO_AAC_DOUBT_0.00;DEADRUN_UNCORROBORATED_87;MP3_CONJ_BASE_20500;MP3_CONJ_WALLLEG_W47.0_K6.35,,,60.0,1.0,whole,1/1,1,60.0,0.0,1.5122,11.7389,5.1037,11.3796,3.0601,3.8808,3.2447,105,0.8165742101057165,0.8398285490970597,576,9883.7,—,True,16,16,PASS,"No shelf (16k drop=12.8dB, 20k drop=28.3dB)",87.0,4.422,,,,,,,,,False,,0.324,20500,53.6,0.003,-68.6,47.0,,1.0,-0.001,5.689,20088.0,18.1,18.4,False,,ok,604.0,,,,,292.194,,44100,PASS,0.0002,0.8397,True,,-114.9,93.1,,1.0,20.5,silent,34.4,20225,409,5
fd-exchange-v2-2026-08-0080.flac,flagged,SUSPECT,44100,5986165,LOW_ROLLOFF_7.2KHZ;STEREO_AAC_DOUBT_0.00;DEADRUN_UNCORROBORATED_88,,,60.02,1.0,spread,2/2,2,60.0,0.0,0.9054,11.8998,5.3175,9.6947,2.1056,4.2602,2.0443,525,0.8977074206435616,0.9205007732029763,576,7235.2,—,True,16,16,PASS,"No shelf (16k drop=5.4dB, 20k drop=27.9dB)",88.0,3.735,,,21563.0,90.6,False,2.8,12,1500.0,False,,0.294,22000,12.7,-0.147,-30.1,5.9,,1.0,0.398,36.713,21566.0,39.5,2.5,False,,ok,1500.0,,,,,22.761,,44100,PASS,0.0003,-0.0686,True,,-89.5,68.4,,,,NO_WALL,,,,5
fd-exchange-v2-2026-08-0081.flac,flagged,SUSPECT,44100,4750467,BRICKWALL_20K;HF_SEAM_0.73;LOW_ROLLOFF_5.3KHZ;CNN_DOUBT;STEREO_AAC_DOUBT_0.00;BAND_LIMIT_LOW_19000HZ_40DB,,,60.0,1.0,whole,1/1,1,60.0,0.0,0.203,3.3716,4.7116,5.5585,1.3384,1.3412,1.3384,0,0.5762272897981487,0.5762272897981487,576,5340.2,—,True,16,16,FAKE_320K,"20kHz shelf (drop=54.6dB, whole-track)",48.0,3.059,,,,,,,,,False,,0.26,19000,39.3,-0.111,-54.6,39.5,,1.0,0.074,20.553,,,,False,,ok,,,,,,72.527,,44100,PASS,0.0,0.7403,True,,-115.9,91.4,,,,DARK_REF,,18842,,5
fd-exchange-v2-2026-08-0082.flac,flagged,SUSPECT,44100,5420538,LOW_ROLLOFF_5.1KHZ;STEREO_AAC_DOUBT_0.00;AAC_LATTICE_22pct,,,60.02,1.0,spread,2/2,2,60.0,0.0,1.4285,5.4244,4.711,5.7799,1.4288,1.843,1.4428,513,0.7843157583520236,0.7968966244604184,576,5092.6,—,True,16,16,PASS,"No shelf (16k drop=21.6dB, 20k drop=26.8dB)",43.0,2.429,,,,,,,,,False,,0.357,22000,6.8,-0.068,-31.8,4.9,,1.0,0.108,24.067,,,,False,,ok,,,,False,False,46.294,,44100,PASS,0.0001,0.7628,True,,-89.7,70.0,,,,NO_WALL,,,,5
fd-exchange-v2-2026-08-0083.flac,flagged,SUSPECT,44100,5251165,BRICKWALL_20K;HF_SEAM_0.95;CNN_DOUBT;STEREO_AAC_DOUBT_0.00;DEAD_STRUCTURE_MAXRUN_427;DEAD_STRUCTURE_MEANRUN_9.06;BAND_LIMIT_LOW_17500HZ_34DB;MS_CONDITIONAL_85;MP3_IDEM_R1.64_17500;MP3_IDEM_FIRE_17500;LOWBAND_WALL_SHADOW_33.9,,,60.02,1.0,spread,2/2,2,60.0,0.0,0.9579,9.657,3.179,6.8387,2.9523,3.2884,3.1328,554,0.3566319209876401,0.383826723092951,576,8893.2,—,True,16,16,FAKE_320K,"20kHz shelf (drop=58.2dB, whole-track)",427.0,9.056,,,,,,,,,False,,0.351,17500,1.5,0.876,-58.2,33.9,,1.0,0.962,84.804,,,,False,,ok,,,,,,6.409,,44100,PASS,0.0,0.9539,True,,-103.8,87.2,,,,MASTERING_EDGE,,17270,937,5
fd-exchange-v2-2026-08-0084.flac,flagged,SUSPECT,44100,5519086,BRICKWALL_20K;STEREO_AAC_DOUBT_0.00;BAND_LIMIT_LOW_NOWALL_18500HZ,,,60.02,1.0,spread,2/2,2,60.0,0.0,0.3708,5.3894,5.2081,6.4655,1.9743,2.427,1.9088,477,0.6773902670092962,0.6844657566251847,576,8247.2,—,True,16,16,FAKE_320K,"20kHz shelf (drop=44.3dB, whole-track)",21.0,2.585,,,,,,,,,False,,0.216,18500,9.6,-0.038,-48.2,9.8,,1.0,0.009,16.864,,,,False,,ok,,,,,,15.365,,44100,PASS,0.0008,0.6645,True,,-100.8,81.6,,,,NO_WALL,,,,5
fd-exchange-v2-2026-08-0085.flac,flagged,SUSPECT,44100,3556624,HF_DECOUPLED_0.10;LOW_ROLLOFF_5.5KHZ;STEREO_AAC_DOUBT_0.00;AAC_LATTICE_59pct,,,55.1,1.0,whole,1/1,1,55.1,0.0,0.5746,0.8333,1.9815,2.2005,2.3255,2.3384,2.3065,2,0.696406396789778,0.6969334209171507,576,5458.7,—,True,16,16,PASS,"No shelf (16k drop=6.7dB, 20k drop=39.8dB)",50.0,3.132,,,,,,,,,False,,0.332,20500,19.3,-0.077,-42.9,1.5,,1.0,-0.102,32.579,,,,False,,ok,,,,False,False,41.436,,44100,PASS,0.0,0.6381,True,,-115.5,86.7,,,,NO_WALL,,,,5
fd-exchange-v2-2026-08-0086.flac,flagged,SUSPECT,44100,4977325,BRICKWALL_20K;HF_DECOUPLED_-0.25;HF_SEAM_0.62;LOW_ROLLOFF_6.1KHZ;STEREO_AAC_DOUBT_0.00;DEAD_STRUCTURE_MAXRUN_184;DEADRUN_UNCORROBORATED_5.83;BAND_LIMIT_LOW_NOWALL_16500HZ,,,60.0,1.0,whole,1/1,1,60.0,0.0,0.4662,0.5688,4.8169,4.8116,2.4698,2.5203,2.6099,285,0.7465217646881375,0.7690710116728615,576,6104.7,—,True,16,16,FAKE_320K,"20kHz shelf (drop=62.4dB, whole-track)",184.0,5.834,,,,,,,,,False,,0.31,16500,13.4,-0.1,-64.4,18.4,,1.0,-0.207,3.312,,,,False,,ok,,,,,,12.487,,44100,PASS,0.0,0.6493,True,,-115.0,93.5,,,,NO_WALL,,,,5
fd-exchange-v2-2026-08-0087.flac,flagged,SUSPECT,44100,5931550,BRICKWALL_20K;HF_SEAM_0.98;LOW_ROLLOFF_7.3KHZ;CNN_DOUBT;STEREO_AAC_DOUBT_0.00;DEAD_STRUCTURE_MAXRUN_233;DEAD_STRUCTURE_MEANRUN_7.01;BAND_LIMIT_LOW_17500HZ_48DB;MS_CONDITIONAL_68;MP3_IDEM_R3.84_17500;LOWBAND_WALL_SHADOW_48.4,,,60.02,1.0,spread,2/2,2,60.0,0.0,0.4352,8.5093,4.9656,7.9291,1.7891,2.2679,1.7856,11,0.8096700582273589,0.8190826149159424,576,7299.8,—,True,16,16,FAKE_320K,"20kHz shelf (drop=60.5dB, whole-track)",233.0,7.012,,,,,,,,,False,,0.294,17500,0.2,0.23,-60.5,48.4,,1.0,0.399,68.176,,,,False,,ok,,,,,,2.342,,44100,PASS,0.0,-0.0676,True,,-115.9,94.7,,,,MASTERING_EDGE,,17270,1249,5
fd-exchange-v2-2026-08-0088.flac,flagged,SUSPECT,44100,4941942,BRICKWALL_20K;HF_DECOUPLED_-0.18;HF_SEAM_0.63;LOW_ROLLOFF_6.8KHZ;STEREO_AAC_DOUBT_0.00;DEAD_STRUCTURE_MAXRUN_268;DEADRUN_UNCORROBORATED_6.21;BAND_LIMIT_LOW_16500HZ_34DB;LOWBAND_WALL_SHADOW_34.5,,,60.0,1.0,whole,1/1,1,60.0,0.0,0.1126,0.1156,1.8471,1.8345,0.5959,0.5989,0.5959,0,0.43720417435284115,0.43720417435284115,576,6826.0,—,True,16,16,FAKE_320K,"20kHz shelf (drop=62.3dB, whole-track)",268.0,6.214,,,,,,,,,False,,0.454,16500,7.9,0.433,-62.3,34.5,,1.0,0.872,3.618,,,,False,,ok,,,,,,1.938,,44100,PASS,0.0,0.9175,True,,-116.3,96.1,,,,MASTERING_EDGE,,16015,985,5
fd-exchange-v2-2026-08-0089.flac,convicted,UPSCALE,44100,6685879,HF_SEAM_0.83;LOW_ROLLOFF_6.5KHZ;CNN_DOUBT;STEREO_AAC_DOUBT_0.00;DEAD_STRUCTURE_MAXRUN_186;DEADRUN_UNCORROBORATED_7.13;MP3_CONJ_BASE_20500;MP3_CONJ_WALLLEG_W33.8_K9.23;OPUS_EDGE_FIRE_20015_W437_F2.7,,,60.0,1.0,whole,1/1,1,60.0,0.0,1.0592,15.7828,4.9256,11.5014,0.6053,0.8476,0.6053,0,0.6514337002228748,0.6514337002228748,576,6546.1,—,True,16,16,PASS,"No shelf (16k drop=15.6dB, 20k drop=37.6dB)",186.0,7.125,,,,,,,,,False,,0.214,20500,42.8,-0.143,-62.3,33.8,,1.0,0.787,2.493,20015.0,3.5,2.7,True,0.2171,ok,437.0,,,,,19.394,,44100,PASS,0.0,0.81,True,,-115.6,99.9,,,,DARK_REF,,20112,,5
fd-exchange-v2-2026-08-0090.flac,convicted,UPSCALE,48000,6026145,BRICKWALL_20K;FAKE_STEREO;HF_SEAM_0.82;AI_SR_48000;CNN_DOUBT;STEREO_AAC_DOUBT_0.00;DEAD_STRUCTURE_MAXRUN_407;DEAD_STRUCTURE_MEANRUN_6.52;BAND_LIMIT_LOW_19000HZ_38DB;MS_CONDITIONAL_58;MP3_CONJ_BASE_19000;MP3_CONJ_WALLLEG_W38.5_K5.14;MP3_IDEM_R2.52_19000,,,60.0,1.0,whole,1/1,1,60.0,0.0,1.0053,10.3642,2.306,10.8032,3.5743,3.6707,3.6621,171,0.3175761301579667,0.3397945349556245,576,10687.5,—,True,16,16,FAKE_320K,"20kHz shelf (drop=75.3dB, whole-track)",407.0,6.518,,,,,,,,,False,,0.341,19000,60.4,1.0,-78.4,38.5,,1.0,1.0,57.995,,,,False,,ok,,,,,,51.14,,48000,FAKE_STEREO,0.0,0.9967,True,,-114.9,104.0,,,,,,,,5
fd-exchange-v2-2026-08-0091.flac,flagged,SUSPECT,48000,6281119,FAKE_STEREO;AI_SR_48000;DEAD_STRUCTURE_MAXRUN_113,,,60.0,1.0,whole,1/1,1,60.0,0.0,1.5741,16.7928,2.2776,14.453,3.2227,10.5089,3.1267,530,0.34839567718830755,0.3591015984370261,576,10875.0,—,True,16,16,PASS,"No shelf (16k drop=11.1dB, 20k drop=23.1dB)",113.0,2.89,,,,,,,,,False,,0.341,21500,15.9,1.0,-35.0,14.4,,1.0,1.0,32.984,21208.0,130.2,7.1,False,,ok,1500.0,,,,,75.423,,48000,FAKE_STEREO,0.9998,0.9967,True,,-66.7,56.2,,,,,,,,5
fd-exchange-v2-2026-08-0092.flac,flagged,SUSPECT,44100,5677122,BRICKWALL_20K;HF_DECOUPLED_0.07;HF_SEAM_0.88;LOW_ROLLOFF_6.2KHZ;STEREO_AAC_DOUBT_0.00;DEAD_STRUCTURE_MAXRUN_273;DEADRUN_UNCORROBORATED_6.98;BAND_LIMIT_LOW_16500HZ_42DB;LOWBAND_WALL_SHADOW_42.3,,,60.0,1.0,whole,1/1,1,60.0,0.0,0.0941,0.1322,4.3206,4.3036,1.2023,1.2048,1.2023,0,0.47668783157432854,0.47668783157432854,576,6190.8,—,True,16,16,FAKE_320K,"20kHz shelf (drop=58.0dB, whole-track)",273.0,6.984,,,,,,,,,False,,0.216,16500,10.5,0.038,-59.6,42.3,,1.0,0.038,2.776,,,,False,,ok,,,,,,2.076,,44100,PASS,0.0,0.1005,True,,-115.1,96.7,,,,DARK_REF,,16101,,5
fd-exchange-v2-2026-08-0093.flac,convicted,UPSCALE,44100,6566474,BRICKWALL_20K;HF_SEAM_0.72;LOW_ROLLOFF_8.0KHZ;CNN_DOUBT;STEREO_AAC_DOUBT_0.00;DEAD_STRUCTURE_MAXRUN_345;DEAD_STRUCTURE_MEANRUN_29.51;BAND_LIMIT_LOW_19500HZ_36DB;MS_CONDITIONAL_69;AAC_LATTICE_53pct;MP3_IDEM_R3.12_19500,,,60.02,1.0,spread,2/2,2,60.0,0.0,0.7133,11.9338,3.8315,11.3797,2.5388,2.9135,2.5668,228,0.6786127332414246,0.6876228386463495,576,7988.8,—,True,16,16,FAKE_320K,"20kHz shelf (drop=44.3dB, whole-track)",345.0,29.509,,,,,,,,,False,,0.251,19500,36.2,0.34,-44.3,36.4,,1.0,0.528,69.2,20004.0,0.0,1.8,False,,ok,1500.0,,,True,True,69.511,,44100,PASS,0.0,0.7011,True,,-115.3,99.3,,,,DARK_REF,,19331,,5
fd-exchange-v2-2026-08-0094.flac,flagged,SUSPECT,48000,5910893,AI_SR_48000;LOW_ROLLOFF_5.3KHZ;STEREO_AAC_DOUBT_0.00;DEAD_STRUCTURE_MAXRUN_262;DEAD_STRUCTURE_MEANRUN_8.87,,,60.0,1.0,whole,1/1,1,60.0,0.0,0.7013,7.9566,5.2738,7.6977,3.1304,5.2371,2.9551,522,0.6174223629826175,0.6272404815873405,576,5320.3,—,True,16,16,PASS,"No shelf (16k drop=16.4dB, 20k drop=27.3dB)",262.0,8.87,,,,,,,,,False,,0.208,22000,5.6,0.149,-27.3,8.8,,1.0,0.732,4.877,21770.0,437.3,,False,,ok,1500.0,,,,,19.525,,48000,PASS,0.0,0.7034,True,,-89.0,77.0,,,,,,,,5
fd-exchange-v2-2026-08-0095.flac,flagged,SUSPECT,44100,4467152,BRICKWALL_20K;HF_SEAM_0.72;LOW_ROLLOFF_7.1KHZ;STEREO_AAC_DOUBT_0.02;BAND_LIMIT_LOW_16000HZ_29DB;LOWBAND_WALL_SHADOW_28.8,,,60.02,1.0,spread,2/2,2,60.0,0.0,0.7504,0.7977,4.0143,3.9985,2.1722,2.2004,2.238,133,0.7161194226003776,0.7248781544556837,576,7095.2,—,True,16,16,FAKE_320K,"20kHz shelf (drop=46.5dB, whole-track)",14.0,2.207,,,,,,,,,False,,0.359,16000,0.6,-0.053,-47.0,28.8,,1.0,0.07,20.319,,,,False,,ok,,,,,,12.907,,44100,PASS,0.0219,0.5734,True,,-101.0,73.8,,,,NO_WALL,,,,5
fd-exchange-v2-2026-08-0096.flac,flagged,SUSPECT,96000,5667807,BRICKWALL_20K;HF_DECOUPLED_0.11;HF_SEAM_0.83;AI_SR_96000;LOW_ROLLOFF_5.4KHZ;STEREO_AAC_DOUBT_0.00;DEAD_STRUCTURE_MAXRUN_394;DEADRUN_UNCORROBORATED_7.88;BAND_LIMIT_LOW_16500HZ_23DB;LOWBAND_WALL_SHADOW_23.4,,,60.0,1.0,whole,1/1,1,60.0,0.0,0.1273,0.1419,2.9146,2.8844,3.4411,3.4183,3.4819,372,0.5105786444385344,0.5308813476755639,576,5437.5,—,True,16,16,FAKE_320K,"20kHz shelf (drop=50.8dB, whole-track)",394.0,7.879,,,,,,,,,False,0.3,0.344,16500,0.3,0.218,-51.7,23.4,,1.0,-0.0,28.382,,,,False,,ok,,,,,,1.088,,96000,PASS,0.0001,0.0471,True,MEANRUN_SOLO 7.88 vs 8.00 (-0.12),-119.3,96.4,,,,,,,,5
fd-exchange-v2-2026-08-0097.flac,flagged,SUSPECT,44100,1937505,LOW_ROLLOFF_6.5KHZ;STEREO_AAC_DOUBT_0.07,,,26.91,1.0,whole,1/1,1,26.91,0.0,1.0985,9.1759,5.2394,8.21,2.9216,2.856,2.708,570,0.3261082781734816,0.3296011132015695,576,6492.3,—,True,16,16,PASS,"No shelf (16k drop=12.6dB, 20k drop=35.7dB)",43.0,3.039,,,21579.0,82.7,False,1.2,4,1500.0,False,,0.349,21500,16.3,-0.012,-37.1,6.3,,1.0,-0.129,3.05,21557.0,136.0,1.4,False,,ok,1500.0,,,,,69.755,,44100,PASS,0.0698,-0.1391,True,,-108.4,77.3,,,,NO_WALL,,,,3
fd-exchange-v2-2026-08-0098.flac,flagged,SUSPECT,44100,4679919,BRICKWALL_20K;HF_SEAM_0.95;LOW_ROLLOFF_7.5KHZ;CNN_DOUBT;STEREO_AAC_DOUBT_0.00;DEAD_STRUCTURE_MAXRUN_145;BAND_LIMIT_LOW_17500HZ_44DB;MS_CONDITIONAL_59;AAC_LATTICE_14pct;MP3_IDEM_R1.99_17500;MP3_IDEM_FIRE_17500;LOWBAND_WALL_SHADOW_44.5,,,60.02,1.0,spread,2/2,2,60.0,0.0,0.5318,8.491,3.7199,6.1396,2.1349,2.2727,2.0494,362,0.6659313451789768,0.715777994027182,576,7547.4,—,True,16,16,FAKE_320K,"20kHz shelf (drop=58.7dB, whole-track)",145.0,4.446,,,,,,,,,False,,0.19,17500,-0.5,0.832,-58.7,44.5,,1.0,0.892,58.658,,,,False,,ok,,,,False,True,2.937,,44100,PASS,0.0,0.9211,True,,-115.4,89.3,,,5.2,silent,32.3,17280,118,5
fd-exchange-v2-2026-08-0099.flac,flagged,SUSPECT,44100,5724678,BRICKWALL_20K;HF_SEAM_0.96;LOW_ROLLOFF_7.1KHZ;CNN_DOUBT;STEREO_AAC_DOUBT_0.00;DEAD_STRUCTURE_MAXRUN_240;DEAD_STRUCTURE_MEANRUN_8.02;BAND_LIMIT_LOW_17500HZ_34DB;MP3_IDEM_R3.82_17500;LOWBAND_WALL_SHADOW_34.3,,,60.02,1.0,spread,2/2,2,60.0,0.0,0.2173,3.156,5.4501,6.0639,1.9843,3.5904,1.871,61,0.765629623318149,0.7820227050070456,576,7095.2,—,True,16,16,FAKE_320K,"20kHz shelf (drop=65.1dB, whole-track)",240.0,8.022,,,,,,,,,False,,0.496,17500,-0.4,0.121,-65.1,34.3,,1.0,-0.121,3.37,,,,False,,ok,,,,,,5.917,,44100,PASS,0.0,0.3323,True,MEANRUN_SOLO 8.02 vs 8.00 (+0.02),-113.6,96.4,,,,MASTERING_EDGE,,17275,727,5
fd-exchange-v2-2026-08-0100.flac,flagged,SUSPECT,44100,4184960,BRICKWALL_16K;HF_DECOUPLED_0.04;HF_SEAM_0.85;LOW_ROLLOFF_7.1KHZ;STEREO_AAC_DOUBT_0.00;BAND_LIMIT_LOW_16000HZ_33DB;LOWBAND_WALL_SHADOW_33.0,,,60.0,1.0,whole,1/1,1,60.0,0.0,-0.0588,-0.0576,3.8514,3.8271,2.1026,2.1054,2.1026,0,0.5526570912433958,0.5526570912433958,576,7073.7,—,True,16,16,FAKE_WEBRIP,"16kHz shelf (drop=47.7dB, whole-track)",31.0,2.746,,,,,,,,,False,,0.36,16000,0.6,-0.106,-59.3,33.0,,1.0,0.067,13.706,,,,False,,ok,,,,,,4.208,,44100,PASS,0.0,0.572,True,,-114.4,86.9,,,,MASTERING_EDGE,,16021,1416,5
fd-exchange-v2-2026-08-0101.flac,flagged,SUSPECT,44100,4391215,HF_DECOUPLED_-0.18;HF_SEAM_0.91;LOW_ROLLOFF_1.8KHZ;STEREO_AAC_DOUBT_0.00,,,60.02,1.0,spread,2/2,2,60.0,0.0,0.6374,1.2913,2.5397,2.6315,1.8204,1.8212,1.8661,425,0.3789891399021625,0.39245783527723666,576,1830.3,—,True,16,16,PASS,"No shelf (16k drop=22.2dB, 20k drop=10.6dB)",40.0,3.003,,,,,,,,,False,,0.479,22000,-19.6,0.098,-10.6,-5.1,,1.0,0.096,17.53,,,,False,,ok,,,,,,63.008,,44100,PASS,0.0,0.8936,True,,-95.3,78.3,,,,NO_WALL,,,,5
fd-exchange-v2-2026-08-0102.flac,flagged,SUSPECT,44100,6091964,LOW_ROLLOFF_7.6KHZ;STEREO_AAC_DOUBT_0.00,,,60.02,1.0,spread,2/2,2,60.0,0.0,1.3418,13.421,7.0277,12.2348,2.4655,7.0176,2.3708,303,1.0107749490598836,1.0340202065276147,576,7633.5,—,True,16,16,PASS,"No shelf (16k drop=10.8dB, 20k drop=27.5dB)",25.0,2.948,,,,,,,,,False,,0.333,22000,15.9,-0.237,-31.1,7.4,,1.0,0.097,21.624,,,,False,,ok,,,,,,58.597,,44100,PASS,0.0,0.791,True,,-84.9,64.7,,,,NO_WALL,,,,5
fd-exchange-v2-2026-08-0103.flac,flagged,SUSPECT,44100,5262159,LOW_ROLLOFF_6.9KHZ;STEREO_AAC_DOUBT_0.00;DEAD_STRUCTURE_MAXRUN_139;AAC_LATTICE_24pct,,,60.02,1.0,spread,2/2,2,60.0,0.0,1.9028,14.3233,3.4733,9.1345,1.9718,8.3322,1.997,155,0.43022913050143463,0.4434827918333826,576,6890.6,—,True,16,16,PASS,"No shelf (16k drop=9.4dB, 20k drop=16.8dB)",139.0,2.475,,,,,,,,,False,,0.351,22000,9.4,0.875,-20.3,4.6,,1.0,0.783,42.896,,,,False,,ok,,,,False,True,91.287,,44100,PASS,0.0,0.8608,True,,-74.4,55.4,,,,NO_WALL,,,,5
fd-exchange-v2-2026-08-0104.flac,flagged,SUSPECT,44100,5740209,BRICKWALL_20K;HF_SEAM_0.65;LOW_ROLLOFF_7.8KHZ;STEREO_AAC_DOUBT_0.00;DEADRUN_UNCORROBORATED_95;DEAD_STRUCTURE_MEANRUN_17.94;BAND_LIMIT_LOW_NOWALL_19500HZ;MP3_CONJ_BASE_19500;OPUS_EDGE_FIRE_20077_W593_F8.5,,,60.0,1.0,whole,1/1,1,60.0,0.0,0.7449,8.979,6.6945,9.4219,2.6725,6.0292,2.5936,437,0.6874240866191845,0.7125364843068123,576,7784.3,—,True,16,16,FAKE_320K,"20kHz shelf (drop=45.0dB, whole-track)",95.0,17.935,,,,,,,,,False,,0.467,19500,49.7,0.657,-78.5,7.7,,1.0,0.399,10.975,20077.0,20.5,8.5,True,0.117,ok,593.0,,,,,26.871,,44100,PASS,0.0001,0.2259,True,MAXRUN_SOLO 95.00 vs 100.00 (-5.00),-112.1,94.7,,,,DARK_REF,,20225,,5
fd-exchange-v2-2026-08-0105.flac,flagged,SUSPECT,44100,6439481,BRICKWALL_20K;HF_SEAM_0.70;STEREO_AAC_DOUBT_0.00;BAND_LIMIT_LOW_17000HZ_32DB;MP3_IDEM_R5.20_17000;LOWBAND_WALL_SHADOW_32.5,,,60.02,1.0,spread,2/2,2,60.0,0.0,0.2356,0.5873,5.3099,5.5991,3.2017,3.3365,3.4531,562,0.6790214708263043,0.7164444186187796,576,11315.7,—,True,16,16,FAKE_320K,"20kHz shelf (drop=68.0dB, whole-track)",30.0,2.597,,,,,,,,,False,,0.092,17000,0.1,-0.109,-68.0,32.5,,1.0,0.004,16.175,,,,False,,ok,,,,,,4.547,,44100,PASS,0.0007,0.6948,True,,-97.5,76.7,,,,MASTERING_EDGE,,16780,721,5
fd-exchange-v2-2026-08-0106.flac,flagged,SUSPECT,44100,4402809,HF_DECOUPLED_-0.18;HF_SEAM_0.93;LOW_ROLLOFF_1.9KHZ;STEREO_AAC_DOUBT_0.00,,,60.0,1.0,whole,1/1,1,60.0,0.0,0.7196,1.54,2.6753,2.8024,1.9651,1.963,1.6507,365,0.3769153271649898,0.38031567332830446,576,1851.9,—,True,16,16,PASS,"No shelf (16k drop=23.3dB, 20k drop=10.7dB)",31.0,2.831,,,,,,,,,False,,0.479,22000,-20.7,0.071,-10.7,-4.9,,1.0,0.095,1.745,,,,False,,ok,,,,,,53.919,,44100,PASS,0.0,0.8934,True,,-95.2,78.2,,,,NO_WALL,,,,5
fd-exchange-v2-2026-08-0107.flac,convicted,UPSCALE,44100,4923583,BRICKWALL_20K;HF_DECOUPLED_-0.25;HF_SEAM_0.78;LOW_ROLLOFF_6.8KHZ;STEREO_AAC_DOUBT_0.00;DEAD_STRUCTURE_MAXRUN_273;DEADRUN_UNCORROBORATED_6.10;BAND_LIMIT_LOW_16500HZ_32DB;AAC_LATTICE_58pct;LOWBAND_WALL_SHADOW_31.8,,,60.02,1.0,spread,2/2,2,60.0,0.0,0.167,0.1703,1.9281,1.9093,2.2324,2.2327,2.291,68,0.5724471167925537,0.5766322047807684,576,6772.2,—,True,16,16,FAKE_320K,"20kHz shelf (drop=56.2dB, whole-track)",273.0,6.099,,,,,,,,,False,,0.453,16500,1.0,0.441,-56.2,31.8,,1.0,0.874,17.011,,,,False,,ok,,,,False,True,6.367,,44100,PASS,0.0,0.9179,True,,-116.5,96.2,,,,MASTERING_EDGE,,16322,818,5
fd-exchange-v2-2026-08-0108.flac,flagged,SUSPECT,44100,6673929,STEREO_AAC_DOUBT_0.00,,,60.02,1.0,spread,2/2,2,60.0,0.0,0.9516,4.5965,8.7942,9.6879,2.4117,3.4144,2.4889,268,0.9185001767866454,0.9394893652507565,576,9808.4,—,True,16,16,PASS,"No shelf (16k drop=23.5dB, 20k drop=39.3dB)",11.0,2.975,,,,,,,,,False,,0.261,20500,1.7,-0.094,-44.3,5.1,,1.0,-0.57,9.753,,,,False,,ok,,,,,,24.047,,44100,PASS,0.0001,0.1552,True,,-83.6,67.9,,,,NO_WALL,,,,5
fd-exchange-v2-2026-08-0109.flac,flagged,SUSPECT,44100,4949928,BRICKWALL_20K;HF_SEAM_0.96;LOW_ROLLOFF_7.0KHZ;CNN_DOUBT;STEREO_AAC_DOUBT_0.00;DEAD_STRUCTURE_MAXRUN_214;DEAD_STRUCTURE_MEANRUN_5.07;BAND_LIMIT_LOW_17500HZ_48DB;MS_CONDITIONAL_57;AAC_LATTICE_14pct;MP3_IDEM_R2.08_17500;LOWBAND_WALL_SHADOW_47.7,,,60.02,1.0,spread,2/2,2,60.0,0.0,0.7041,6.9893,3.2121,5.2718,1.9297,2.0644,2.0869,252,0.5295321982539365,0.5557161705987497,576,6955.2,—,True,16,16,FAKE_320K,"20kHz shelf (drop=60.6dB, whole-track)",214.0,5.067,,,,,,,,,False,,0.352,17500,0.9,0.625,-60.6,47.7,,1.0,0.781,57.075,,,,False,,ok,,,,True,True,9.343,,44100,PASS,0.0,0.8616,True,MEANRUN_CEILING 5.07 vs 5.00 (+0.07),-115.1,96.1,,,3.1,silent,36.7,17280,70,5
fd-exchange-v2-2026-08-0110.flac,flagged,SUSPECT,44100,4401412,HF_DECOUPLED_-0.16;HF_SEAM_0.92;LOW_ROLLOFF_1.8KHZ;STEREO_AAC_DOUBT_0.00,,,60.02,1.0,spread,2/2,2,60.0,0.0,0.6355,1.3996,2.5091,2.6257,1.9157,1.9214,1.8582,401,0.37905989279434127,0.40128317517386447,576,1819.6,—,True,16,16,PASS,"No shelf (16k drop=22.9dB, 20k drop=10.0dB)",48.0,3.098,,,,,,,,,False,,0.479,22000,-19.8,0.104,-10.0,-6.0,,1.0,0.096,29.584,,,,False,,ok,,,,,,63.158,,44100,PASS,0.0,0.8936,True,,-95.0,78.0,,,,NO_WALL,,,,5
fd-exchange-v2-2026-08-0111.flac,flagged,SUSPECT,44100,1874904,BRICKWALL_20K;HF_DECOUPLED_0.13;HF_SEAM_0.67;LOW_ROLLOFF_6.3KHZ;CNN_DOUBT;STEREO_AAC_DOUBT_0.00;DEAD_STRUCTURE_MAXRUN_111;BAND_LIMIT_LOW_19000HZ_26DB;MP3_IDEM_R0.54_19000;MP3_IDEM_FIRE_19000,,,26.91,1.0,whole,1/1,1,26.91,0.0,0.3821,4.9385,5.4018,6.8032,2.0654,2.0985,2.0654,0,0.26350823397740425,0.26350823397740425,576,6341.5,—,True,16,16,FAKE_320K,"20kHz shelf (drop=52.4dB, whole-track)",111.0,4.151,,,,,,,,,False,,0.348,19000,26.1,-0.012,-52.4,25.8,,1.0,-0.128,2.127,,,,False,,ok,,,,,,25.812,,44100,PASS,0.0,-0.1388,True,,-118.0,86.6,,,,MASTERING_EDGE,,18567,791,3
fd-exchange-v2-2026-08-0112.flac,flagged,SUSPECT,44100,6306774,LOW_ROLLOFF_5.3KHZ;STEREO_AAC_DOUBT_0.00;DEAD_STRUCTURE_MAXRUN_122;DEADRUN_UNCORROBORATED_7.62,,,60.02,1.0,spread,2/2,2,60.0,0.0,1.1734,7.5566,4.7592,7.1256,1.7839,2.8709,1.9341,55,0.6178519409125398,0.6317906522821758,576,5318.7,—,True,16,16,PASS,"No shelf (16k drop=17.3dB, 20k drop=26.3dB)",122.0,7.62,,,21496.0,96.5,False,0.7,12,1500.0,False,,0.421,22000,10.0,0.18,-29.8,12.8,,1.0,0.772,30.943,21536.0,161.1,0.7,False,,ok,1500.0,,,,,19.65,,44100,PASS,0.0,0.564,True,MEANRUN_SOLO 7.62 vs 8.00 (-0.38),-85.2,72.4,,,,NO_WALL,,,,5
fd-exchange-v2-2026-08-0113.flac,flagged,SUSPECT,44100,6219783,HF_SEAM_0.75;LOW_ROLLOFF_5.4KHZ;STEREO_AAC_DOUBT_0.00;DEAD_STRUCTURE_MAXRUN_285;DEAD_STRUCTURE_MEANRUN_14.93;AAC_LATTICE_20pct,,,60.0,1.0,whole,1/1,1,60.0,0.0,0.6435,7.176,4.6475,7.1339,0.7332,0.8438,0.7332,0,0.5177008424464522,0.5177008424464522,576,5372.5,—,True,16,16,PASS,"No shelf (16k drop=16.9dB, 20k drop=37.7dB)",285.0,14.932,,,,,,,,,False,,0.423,20500,32.0,0.199,-52.5,27.9,,1.0,0.772,44.145,20047.0,29.3,0.7,False,,ok,1500.0,,,True,True,17.151,,44100,PASS,0.0,0.5636,True,,-104.9,92.2,,,,DARK_REF,,20220,,5
fd-exchange-v2-2026-08-0114.flac,flagged,SUSPECT,44100,6229234,LOW_ROLLOFF_6.2KHZ;STEREO_AAC_DOUBT_0.00,,,60.02,1.0,spread,2/2,2,60.0,0.0,1.7314,16.0902,5.4241,10.6661,1.9676,14.1331,1.8097,498,0.6715927859997025,0.6888204183362151,576,6201.6,—,True,16,16,PASS,"No shelf (16k drop=19.4dB, 20k drop=17.0dB)",12.0,2.493,,,,,,,,,False,,0.216,22000,4.2,0.037,-18.6,3.0,,1.0,0.038,12.235,,,,False,,ok,,,,,,17.74,,44100,PASS,0.0,0.101,True,,-79.6,61.4,,,,NO_WALL,,,,5
fd-exchange-v2-2026-08-0115.flac,flagged,SUSPECT,44100,5693659,LOW_ROLLOFF_5.9KHZ;CNN_DOUBT;STEREO_AAC_DOUBT_0.00;DEAD_STRUCTURE_MAXRUN_226;DEAD_STRUCTURE_MEANRUN_8.16,,,60.0,1.0,whole,1/1,1,60.0,0.0,0.7887,9.8454,3.5596,7.6631,1.7958,3.047,2.0522,80,0.420183356961806,0.4340090194710902,576,5867.8,—,True,16,16,PASS,"No shelf (16k drop=16.5dB, 20k drop=31.2dB)",226.0,8.156,,,20451.0,304.8,False,,11,,False,,0.326,22000,11.6,0.653,-35.1,1.8,,1.0,0.873,20.351,20672.0,306.1,22.9,False,,ok,1500.0,,,,,38.102,,44100,PASS,0.0,0.9217,True,MEANRUN_SOLO 8.16 vs 8.00 (+0.16),-91.3,75.2,,,,NO_WALL,,,,5
fd-exchange-v2-2026-08-0116.flac,convicted,UPSCALE,44100,6322235,PHASE_ISSUE;HF_SEAM_0.72;CNN_DOUBT;STEREO_AAC_DOUBT_0.00;DEADRUN_UNCORROBORATED_98;DEAD_STRUCTURE_MEANRUN_8.03;MP3_CONJ_BASE_20500;MP3_CONJ_WALLLEG_W38.9_K6.20;OPUS_EDGE_FIRE_20042_W501_F7.9,,,60.0,1.0,whole,1/1,1,60.0,0.0,0.9698,12.5956,5.4039,10.6252,2.2204,3.6541,2.1878,156,0.789785040751158,0.8023092607764352,576,9270.0,—,True,16,16,PASS,"No shelf (16k drop=8.6dB, 20k drop=31.8dB)",98.0,8.027,,,,,,,,,False,,0.216,20500,50.4,0.022,-67.0,38.9,,1.0,0.031,2.027,20042.0,24.1,7.9,True,0.2502,ok,501.0,,,,,48.94,,44100,PHASE_ISSUE,0.0002,-0.2232,True,MEANRUN_SOLO 8.03 vs 8.00 (+0.03);MAXRUN_SOLO 98.00 vs 100.00 (-2.00),-115.7,95.9,,,,MASTERING_EDGE,,20160,1200,5
fd-exchange-v2-2026-08-0117.flac,clear,GENUINE,44100,3762544,LOW_ROLLOFF_6.0KHZ,,,49.27,1.0,whole,1/1,1,49.27,0.0,1.5455,3.7088,2.7534,3.5799,2.0236,2.753,2.0224,573,1.1679174201687552,1.197236936999421,576,5986.2,—,True,16,16,PASS,"No shelf (16k drop=15.2dB, 20k drop=34.1dB)",4.0,2.032,,,,,,,,,False,,0.369,22000,13.6,-0.012,-35.6,1.8,,1.0,-0.057,3.703,,,,False,,ok,,,,,,54.293,,44100,PASS,0.288,0.7858,True,,-92.8,67.2,,,,NO_WALL,,,,5
fd-exchange-v2-2026-08-0118.flac,flagged,SUSPECT,48000,4504019,HF_DECOUPLED_0.10;HF_SEAM_0.89;AI_SR_48000;LOW_ROLLOFF_3.4KHZ;STEREO_AAC_DOUBT_0.00;DEADRUN_UNCORROBORATED_89,,,60.02,1.0,spread,2/2,2,60.01,0.0,1.3969,1.3267,1.3643,1.3549,2.492,2.4933,2.7152,530,0.30171837430292753,0.32535519824745274,576,3433.6,—,True,16,16,PASS,"No shelf (16k drop=26.2dB, 20k drop=20.0dB)",89.0,3.39,,,,,,,,,False,,0.342,22000,-2.4,0.167,-20.0,21.9,,1.0,-0.408,19.364,21779.0,2.2,,False,,ok,1500.0,,,,,39.915,,48000,PASS,0.0,0.8045,True,,-93.9,76.7,,,,,,,,5
fd-exchange-v2-2026-08-0119.flac,convicted,UPSCALE,44100,5627373,LOW_ROLLOFF_6.0KHZ;CNN_DOUBT;STEREO_AAC_DOUBT_0.00;DEAD_STRUCTURE_MAXRUN_273;DEAD_STRUCTURE_MEANRUN_7.70;MS_CONDITIONAL_51;AAC_LATTICE_64pct,,,60.02,1.0,spread,2/2,2,60.0,0.0,0.6017,9.1774,3.5357,7.0645,1.9295,3.0336,2.0066,559,0.3831265659750398,0.39116009424496656,576,6018.5,—,True,16,16,PASS,"No shelf (16k drop=17.1dB, 20k drop=33.5dB)",273.0,7.696,,,20042.0,404.6,False,,9,,False,,0.327,22000,11.5,0.685,-35.5,3.5,,1.0,0.878,50.647,20031.0,170.6,16.1,False,,ok,1500.0,,,True,True,30.479,,44100,PASS,0.0,0.9224,True,MEANRUN_SOLO 7.70 vs 8.00 (-0.30),-94.6,78.5,,,,MASTERING_EDGE,,20607,1287,5
fd-exchange-v2-2026-08-0120.flac,flagged,SUSPECT,96000,5913133,BRICKWALL_20K;AI_SR_96000;LOW_ROLLOFF_5.4KHZ;STEREO_AAC_DOUBT_0.00;DEAD_STRUCTURE_MAXRUN_230;DEADRUN_UNCORROBORATED_6.39;BAND_LIMIT_LOW_NOWALL_18000HZ,,,60.0,1.0,whole,1/1,1,60.0,0.0,0.2989,0.3313,3.6669,3.6379,3.7635,3.7787,3.9817,547,0.5964236384787116,0.6274784735351043,576,5437.5,—,True,16,16,FAKE_320K,"20kHz shelf (drop=48.4dB, whole-track)",230.0,6.387,,,,,,,,,False,0.9,0.346,18000,1.8,0.116,-48.4,12.7,,1.0,-0.0,11.977,,,,False,,ok,,,,,,1.132,,96000,PASS,0.0,0.0471,True,,-115.7,93.0,,,,,,,,5
fd-exchange-v2-2026-08-0121.flac,convicted,UPSCALE,44100,5856936,BRICKWALL_20K;LOW_ROLLOFF_6.9KHZ;CNN_DOUBT;STEREO_AAC_DOUBT_0.00;DEAD_STRUCTURE_MAXRUN_282;DEADRUN_UNCORROBORATED_7.09;BAND_LIMIT_LOW_NOWALL_19500HZ;AAC_LATTICE_58pct,,,60.02,1.0,spread,2/2,2,60.0,0.0,0.386,6.4703,5.6721,7.9428,2.064,2.2705,2.1164,30,0.8656019229042123,0.8730916553755895,576,6912.2,—,True,16,16,FAKE_320K,"20kHz shelf (drop=43.4dB, whole-track)",282.0,7.094,,,,,,,,,False,,0.294,19500,16.1,-0.173,-43.4,13.3,,1.0,0.397,41.301,,,,False,,ok,,,,False,True,12.432,,44100,PASS,0.0,-0.0687,True,,-97.6,76.4,,,,MASTERING_EDGE,,18045,1017,5
fd-exchange-v2-2026-08-0122.flac,flagged,SUSPECT,44100,5253134,LOW_ROLLOFF_5.6KHZ;STEREO_AAC_DOUBT_0.00,,,60.02,1.0,spread,2/2,2,60.0,0.0,3.5089,18.5298,4.6531,12.1072,1.6156,9.073,1.6524,489,0.8138437019631849,0.8608838310250849,576,5630.9,—,True,16,16,PASS,"No shelf (16k drop=9.6dB, 20k drop=-9.5dB)",32.0,2.957,,,,,,,,,False,,0.26,22000,5.9,-0.072,-15.8,3.4,,1.0,0.075,31.638,22045.0,0.0,,False,,ok,1500.0,,,,,236.96,,44100,PASS,0.0,0.7416,True,,-81.8,57.6,,,,NO_WALL,,,,5
fd-exchange-v2-2026-08-0123.flac,convicted,UPSCALE,44100,6848183,BRICKWALL_20K;HF_DECOUPLED_-0.00;HF_SEAM_0.93;LOW_ROLLOFF_6.2KHZ;CNN_DOUBT;STEREO_AAC_DOUBT_0.00;DEAD_STRUCTURE_MAXRUN_263;DEAD_STRUCTURE_MEANRUN_32.86;BAND_LIMIT_LOW_19000HZ_34DB;MS_CONDITIONAL_49;AAC_LATTICE_63pct;MP3_IDEM_R2.14_19000,,,60.02,1.0,spread,2/2,2,60.0,0.0,0.456,7.301,6.3736,8.4871,1.918,1.9263,2.0039,148,0.5016201712842951,0.5138902886076656,576,6233.9,—,True,16,16,FAKE_320K,"20kHz shelf (drop=64.5dB, whole-track)",263.0,32.858,,,,,,,,,False,,0.237,19000,35.2,-0.704,-64.5,34.5,,1.0,0.86,49.157,,,,False,,ok,,,,True,True,7.462,,44100,PASS,0.0,0.9611,True,MS_COND_CEILING 49.16 vs 48.00 (+1.16),-115.7,102.0,,,,MASTERING_EDGE,,18626,867,5
fd-exchange-v2-2026-08-0124.flac,flagged,SUSPECT,44100,4635852,BRICKWALL_20K;HF_SEAM_0.80;LOW_ROLLOFF_7.6KHZ;CNN_DOUBT;STEREO_AAC_DOUBT_0.00;DEAD_STRUCTURE_MAXRUN_197;BAND_LIMIT_LOW_19000HZ_38DB;MS_CONDITIONAL_55,,,60.0,1.0,whole,1/1,1,60.0,0.0,0.7244,9.4875,4.0865,6.9726,2.1694,2.1993,2.1694,0,0.48492152354627005,0.48492152354627005,576,7558.2,—,True,16,16,FAKE_320K,"20kHz shelf (drop=60.7dB, whole-track)",197.0,4.541,,,,,,,,,False,,0.191,19000,38.2,0.96,-60.7,37.8,,1.0,0.894,54.868,,,,False,,ok,,,,,,24.236,,44100,PASS,0.0,0.9208,True,MEANRUN_CEILING 4.54 vs 5.00 (-0.46),-117.0,90.6,,,,DARK_REF,,18777,,5
fd-exchange-v2-2026-08-0125.flac,flagged,SUSPECT,44100,4740374,BRICKWALL_20K;LOW_ROLLOFF_6.2KHZ;STEREO_AAC_DOUBT_0.00;DEAD_STRUCTURE_MAXRUN_280;DEAD_STRUCTURE_MEANRUN_8.48;BAND_LIMIT_LOW_NOWALL_18000HZ,,,60.0,1.0,whole,1/1,1,60.0,0.0,0.1701,0.8169,2.7665,2.9071,1.9555,2.1024,1.9555,0,0.4080820998515285,0.4080820998515285,576,6169.3,—,True,16,16,FAKE_320K,"20kHz shelf (drop=52.6dB, whole-track)",280.0,8.479,,,,,,,,,False,,0.226,18000,11.5,-0.051,-52.6,11.0,,1.0,0.626,5.178,,,,False,,ok,,,,,,13.289,,44100,PASS,0.0,0.9194,True,MEANRUN_SOLO 8.48 vs 8.00 (+0.48),-115.3,97.0,,,,MASTERING_EDGE,,17442,1351,5
fd-exchange-v2-2026-08-0126.flac,flagged,SUSPECT,44100,4902213,LOW_ROLLOFF_7.6KHZ;STEREO_AAC_DOUBT_0.00;DEADRUN_UNCORROBORATED_90;AAC_LATTICE_33pct,,,60.02,1.0,spread,2/2,2,60.0,0.0,1.7787,15.8187,4.4661,10.5945,2.0668,9.2494,2.0825,426,0.6345106801842855,0.6724968557452379,576,7622.8,—,True,16,16,PASS,"No shelf (16k drop=13.6dB, 20k drop=27.1dB)",90.0,2.44,,,,,,,,,False,,0.191,22000,7.4,0.946,-27.5,1.7,,1.0,0.896,41.438,,,,False,,ok,,,,False,False,63.212,,44100,PASS,0.0,0.9213,True,,-86.1,60.0,,,,NO_WALL,,,,5
fd-exchange-v2-2026-08-0127.flac,flagged,SUSPECT,48000,5082823,FAKE_STEREO;HF_SEAM_0.70;AI_SR_48000;CNN_DOUBT;STEREO_AAC_DOUBT_0.00;DEAD_STRUCTURE_MAXRUN_525;DEAD_STRUCTURE_MEANRUN_5.21;MS_CONDITIONAL_61,,,60.02,1.0,spread,2/2,2,60.01,0.0,0.9021,13.8807,1.7928,12.7762,2.5639,6.7655,2.9544,190,0.3267036639304385,0.3352692917075989,576,10769.5,—,True,16,16,PASS,"No shelf (16k drop=11.5dB, 20k drop=24.2dB)",525.0,5.206,,,,,,,,,False,,0.341,21000,21.8,1.0,-40.1,15.9,,1.0,1.0,61.082,20924.0,160.1,4.7,False,,ok,759.0,,,,,68.203,,48000,FAKE_STEREO,0.0,0.9968,True,MEANRUN_CEILING 5.21 vs 5.00 (+0.21),-68.8,58.2,,,,,,,,5
fd-exchange-v2-2026-08-0128.flac,flagged,SUSPECT,44100,4381095,BRICKWALL_20K;HF_DECOUPLED_0.14;HF_SEAM_0.68;LOW_ROLLOFF_7.1KHZ;BAND_LIMIT_LOW_16000HZ_29DB;LOWBAND_WALL_SHADOW_28.7,,,60.0,1.0,whole,1/1,1,60.0,0.0,0.5373,0.5411,4.0718,4.0543,2.3057,2.3233,2.3305,85,0.7331410041913932,0.7364367534440673,576,7062.9,—,True,16,16,FAKE_320K,"20kHz shelf (drop=55.2dB, whole-track)",32.0,2.778,,,,,,,,,False,,0.362,16000,14.3,-0.108,-60.1,28.7,,1.0,0.069,4.807,,,,False,,ok,,,,,,6.316,,44100,PASS,0.1931,0.5717,True,,-114.2,87.0,,,,NO_WALL,,,,5
fd-exchange-v2-2026-08-0129.flac,flagged,SUSPECT,44100,6639165,HF_SEAM_0.69;LOW_ROLLOFF_6.5KHZ;CNN_DOUBT;STEREO_AAC_DOUBT_0.00;DEAD_STRUCTURE_MAXRUN_242;DEADRUN_UNCORROBORATED_7.34,,,60.0,1.0,whole,1/1,1,60.0,0.0,0.8825,14.0624,4.7267,10.3431,1.1536,1.8799,1.1536,0,0.7102820395226029,0.7102820395226029,576,6546.1,—,True,16,16,PASS,"No shelf (16k drop=15.2dB, 20k drop=32.8dB)",242.0,7.345,,,20241.0,103.2,False,,11,,False,,0.214,21000,32.8,-0.136,-52.0,19.2,,1.0,0.786,5.952,20263.0,60.8,22.7,False,,ok,1566.0,,,,,19.348,,44100,PASS,0.0,0.8098,True,,-95.1,79.5,,,,DARK_REF,,20322,,5
fd-exchange-v2-2026-08-0130.flac,flagged,SUSPECT,44100,4221609,FAKE_STEREO;STEREO_AAC_DOUBT_0.00;DEAD_STRUCTURE_MAXRUN_280;MS_CONDITIONAL_60;AAC_LATTICE_14pct,,,60.02,1.0,spread,2/2,2,60.0,0.0,2.9324,17.3073,2.1913,13.759,2.3221,16.5762,2.2154,546,0.2879359442245169,0.30544150553072047,576,9829.9,—,True,16,16,PASS,"No shelf (16k drop=10.8dB, 20k drop=16.7dB)",280.0,2.551,,,21528.0,157.7,False,3.4,12,1500.0,False,,0.208,22000,9.2,0.988,-20.3,11.1,,1.0,1.0,59.73,21673.0,167.7,,False,,ok,1500.0,,,False,True,185.491,,44100,FAKE_STEREO,0.0001,0.9998,True,,-72.8,51.3,,,,NO_WALL,,,,5
fd-exchange-v2-2026-08-0131.flac,flagged,SUSPECT,44100,5701442,BRICKWALL_20K;HF_DECOUPLED_-0.03;HF_SEAM_0.70;CNN_DOUBT;STEREO_AAC_DOUBT_0.00;DEAD_STRUCTURE_MAXRUN_235;DEADRUN_UNCORROBORATED_5.33;BAND_LIMIT_LOW_NOWALL_18000HZ,,,60.0,1.0,whole,1/1,1,60.0,0.0,0.0543,1.0315,3.3361,3.6085,2.4971,2.5169,2.0466,398,0.5206065058934406,0.5662107087847843,576,8214.9,—,True,16,16,FAKE_320K,"20kHz shelf (drop=65.4dB, whole-track)",235.0,5.331,,,,,,,,,False,,0.275,18000,23.8,0.024,-69.0,12.0,,1.0,0.099,8.557,,,,False,,ok,,,,,,4.913,,44100,PASS,0.0,0.7116,True,MEANRUN_CEILING 5.33 vs 5.00 (+0.33),-115.2,98.8,,,,MASTERING_EDGE,,17065,1174,5
fd-exchange-v2-2026-08-0132.flac,flagged,SUSPECT,44100,5995058,BRICKWALL_20K;HF_SEAM_0.98;LOW_ROLLOFF_6.2KHZ;CNN_DOUBT;STEREO_AAC_DOUBT_0.00;DEAD_STRUCTURE_MAXRUN_226;DEAD_STRUCTURE_MEANRUN_30.61;BAND_LIMIT_LOW_17500HZ_50DB;MP3_IDEM_R3.37_17500;LOWBAND_WALL_SHADOW_50.1,,,60.02,1.0,spread,2/2,2,60.0,0.0,0.2093,4.4831,5.0023,6.7077,1.5054,1.6029,1.5763,162,0.7328801881461698,0.7485248070487937,576,6244.6,—,True,16,16,FAKE_320K,"20kHz shelf (drop=64.3dB, whole-track)",226.0,30.614,,,,,,,,,False,,0.489,17500,-0.3,-0.01,-64.3,50.1,,1.0,-0.618,17.122,,,,False,,ok,,,,,,17.017,,44100,PASS,0.0,0.8709,True,,-116.1,104.5,,,,MASTERING_EDGE,,17270,1292,5
fd-exchange-v2-2026-08-0133.flac,flagged,SUSPECT,44100,5330514,HF_SEAM_0.87;CNN_DOUBT;STEREO_AAC_DOUBT_0.00;AAC_LATTICE_63pct;MP3_IDEM_R2.74_20500,,,60.02,1.0,spread,2/2,2,60.0,0.0,0.8444,9.782,6.3659,9.4802,2.7467,2.8149,2.7654,189,0.7520198182208883,0.7685109265139926,576,10314.4,—,True,16,16,PASS,"No shelf (16k drop=11.3dB, 20k drop=37.3dB)",40.0,2.863,,,,,,,,,False,,0.178,21000,29.8,-0.062,-56.1,18.8,,1.0,-0.434,29.09,,,,False,,ok,,,,False,False,22.375,,44100,PASS,0.0,0.7657,True,,-115.9,88.3,,,,MASTERING_EDGE,,18626,1405,5
fd-exchange-v2-2026-08-0134.flac,flagged,SUSPECT,44100,5283704,BRICKWALL_20K;HF_SEAM_0.82;CNN_DOUBT;STEREO_AAC_DOUBT_0.00;BAND_LIMIT_LOW_19000HZ_31DB,,,60.0,1.0,whole,1/1,1,60.0,0.0,0.5585,7.7907,5.6898,7.8932,2.0942,2.1583,2.0942,0,0.6251183182922364,0.6251183182922364,576,10357.5,—,True,16,16,FAKE_320K,"20kHz shelf (drop=56.8dB, whole-track)",38.0,2.857,,,,,,,,,False,,0.178,19000,31.6,-0.052,-56.8,31.2,,1.0,-0.43,44.095,,,,False,,ok,,,,,,17.834,,44100,PASS,0.0,0.7641,True,,-115.9,87.6,,,,MASTERING_EDGE,,18174,942,5
fd-exchange-v2-2026-08-0135.flac,flagged,SUSPECT,44100,4813637,BRICKWALL_20K;HF_SEAM_0.71;LOW_ROLLOFF_6.0KHZ;STEREO_AAC_DOUBT_0.00;DEAD_STRUCTURE_MAXRUN_244;DEAD_STRUCTURE_MEANRUN_8.14;BAND_LIMIT_LOW_NOWALL_18500HZ,,,60.0,1.0,whole,1/1,1,60.0,0.0,0.2656,0.9812,2.9292,3.0932,1.9871,2.0263,1.8645,397,0.42523513021633025,0.44881563108183004,576,6029.3,—,True,16,16,FAKE_320K,"20kHz shelf (drop=57.6dB, whole-track)",244.0,8.143,,,,,,,,,False,,0.226,18500,22.9,-0.048,-62.2,11.2,,1.0,0.628,4.113,,,,False,,ok,,,,,,12.63,,44100,PASS,0.0,0.9193,True,MEANRUN_SOLO 8.14 vs 8.00 (+0.14),-115.9,97.6,,,,NO_WALL,,,,5
fd-exchange-v2-2026-08-0136.flac,flagged,SUSPECT,44100,6526708,BRICKWALL_20K;HF_SEAM_0.95;CNN_DOUBT;STEREO_AAC_DOUBT_0.00;DEAD_STRUCTURE_MAXRUN_223;DEAD_STRUCTURE_MEANRUN_33.65;BAND_LIMIT_LOW_17500HZ_39DB;AAC_LATTICE_14pct;MP3_IDEM_R4.19_17500;LOWBAND_WALL_SHADOW_39.3,,,60.02,1.0,spread,2/2,2,60.0,0.0,-0.3919,3.8355,6.9037,8.0999,1.5485,2.3203,1.9048,378,0.7582905021535263,0.7786710119127068,576,9840.7,—,True,16,16,FAKE_320K,"20kHz shelf (drop=68.5dB, whole-track)",223.0,33.655,,,,,,,,,False,,0.263,17500,-0.1,0.309,-68.7,39.3,,1.0,-0.564,35.659,,,,False,,ok,,,,True,True,5.938,,44100,PASS,0.0,0.1579,True,,-115.8,99.9,,,,MASTERING_EDGE,,17248,937,5
fd-exchange-v2-2026-08-0137.flac,flagged,SUSPECT,48000,5951270,AI_SR_48000;LOW_ROLLOFF_5.4KHZ;STEREO_AAC_DOUBT_0.00;DEAD_STRUCTURE_MAXRUN_275;DEAD_STRUCTURE_MEANRUN_8.55,,,60.0,1.0,whole,1/1,1,60.0,0.0,0.6811,8.3007,5.4753,7.9783,2.9296,5.8003,2.9398,537,0.6170054437973106,0.6317816936242839,576,5414.1,—,True,16,16,PASS,"No shelf (16k drop=16.9dB, 20k drop=24.2dB)",275.0,8.554,,,,,,,,,False,,0.207,22000,0.9,0.146,-24.2,-0.4,,1.0,0.732,15.974,23994.0,327.9,,False,,ok,1500.0,,,,,28.059,,48000,PASS,0.0,0.7034,True,,-78.9,66.9,,,,,,,,5
fd-exchange-v2-2026-08-0138.flac,flagged,SUSPECT,44100,6927296,BRICKWALL_20K;HF_DECOUPLED_0.13;HF_SEAM_0.81;LOW_ROLLOFF_6.4KHZ;CNN_DOUBT;STEREO_AAC_DOUBT_0.00;DEAD_STRUCTURE_MAXRUN_188;DEAD_STRUCTURE_MEANRUN_22.07;BAND_LIMIT_LOW_19000HZ_37DB,,,60.0,1.0,whole,1/1,1,60.0,0.0,0.553,10.1561,6.0772,9.5743,1.9387,2.003,1.9387,0,0.5022913220328831,0.5022913220328831,576,6395.4,—,True,16,16,FAKE_320K,"20kHz shelf (drop=57.7dB, whole-track)",188.0,22.072,,,,,,,,,False,,0.238,19000,37.6,-0.688,-62.0,36.6,,1.0,0.858,43.23,,,,False,,ok,,,,,,7.204,,44100,PASS,0.0,0.9603,True,,-115.0,101.3,,,2.8,silent,47.9,18777,205,5
fd-exchange-v2-2026-08-0139.flac,flagged,SUSPECT,44100,6939719,BRICKWALL_20K;HF_DECOUPLED_0.13;HF_SEAM_0.76;LOW_ROLLOFF_6.4KHZ;CNN_DOUBT;STEREO_AAC_DOUBT_0.00;DEAD_STRUCTURE_MAXRUN_122;DEAD_STRUCTURE_MEANRUN_20.53;MP3_CONJ_BASE_20000,,,60.0,1.0,whole,1/1,1,60.0,0.0,0.8549,12.7328,6.4697,11.0512,1.7733,2.3721,1.7038,248,0.5256239503159968,0.5349304736717264,576,6449.2,—,True,16,16,FAKE_320K,"20kHz shelf (drop=47.6dB, whole-track)",122.0,20.531,,,,,,,,,False,,0.254,20000,45.3,-0.706,-64.3,13.6,,1.0,0.861,23.736,20053.0,13.7,1.5,False,,ok,1500.0,,,,,7.276,,44100,PASS,0.0,0.9607,True,,-112.0,98.2,,,,MASTERING_EDGE,,20031,1400,5
fd-exchange-v2-2026-08-0140.flac,flagged,SUSPECT,44100,5423981,STEREO_AAC_DOUBT_0.00,,,60.02,1.0,spread,2/2,2,60.0,0.0,4.749,22.0153,5.7989,14.9756,1.8168,12.7441,1.762,211,0.9251155948682134,0.9432774203008316,576,9474.6,—,True,16,16,PASS,"No shelf (16k drop=13.8dB, 20k drop=9.4dB)",4.0,2.0,,,,,,,,,False,,0.369,22000,-4.8,-0.014,-9.4,8.4,,1.0,0.22,26.189,,,,False,,ok,,,,,,105.425,,44100,PASS,0.0001,0.594,True,,-80.3,51.3,,,,NO_WALL,,,,5
fd-exchange-v2-2026-08-0141.flac,convicted,UPSCALE,44100,5941136,HF_SEAM_0.73;CNN_DOUBT;STEREO_AAC_DOUBT_0.00;DEADRUN_UNCORROBORATED_94;DEADRUN_UNCORROBORATED_5.96;MP3_CONJ_BASE_20500;MP3_CONJ_WALLLEG_W42.9_K5.17,,,60.0,1.0,whole,1/1,1,60.0,0.0,1.2064,15.8563,1.8939,14.4808,2.5569,2.9784,2.5338,113,0.34504069807008386,0.35275715447737077,576,13770.5,—,True,16,16,PASS,"No shelf (16k drop=6.0dB, 20k drop=24.2dB)",94.0,5.956,,,,,,,,,False,,0.185,20500,62.7,1.0,-74.8,42.9,,1.0,0.993,19.984,20039.0,16.2,27.6,False,,ok,537.0,,,,,145.298,,44100,PASS,0.0,0.9878,True,,-112.4,91.5,,1.0,20.0,silent,55.3,20274,269,5
fd-exchange-v2-2026-08-0142.flac,convicted,UPSCALE,44100,6334967,BRICKWALL_20K;HF_SEAM_0.88;LOW_ROLLOFF_7.9KHZ;CNN_DOUBT;STEREO_AAC_DOUBT_0.00;DEAD_STRUCTURE_MAXRUN_336;DEAD_STRUCTURE_MEANRUN_7.72;BAND_LIMIT_LOW_19000HZ_54DB;MS_CONDITIONAL_69;MP3_CONJ_BASE_19000;MP3_CONJ_WALLLEG_W53.8_K5.30,,,60.0,1.0,whole,1/1,1,60.0,0.0,0.2297,6.9573,3.4807,7.2848,1.7377,1.8524,1.7377,0,0.5697104048989717,0.5697104048989717,576,7902.7,—,True,16,16,FAKE_320K,"20kHz shelf (drop=66.3dB, whole-track)",336.0,7.721,,,,,,,,,False,,0.25,19000,57.0,0.336,-67.0,53.8,,1.0,0.521,68.803,,,,False,,ok,,,,,,58.956,,44100,PASS,0.0,0.6991,True,MEANRUN_SOLO 7.72 vs 8.00 (-0.28),-114.9,98.7,,0.43,60.1,silent,49.8,16220,323,5
fd-exchange-v2-2026-08-0143.flac,flagged,SUSPECT,44100,5049742,BRICKWALL_20K;LOW_ROLLOFF_6.1KHZ;STEREO_AAC_DOUBT_0.04;BAND_LIMIT_LOW_NOWALL_18500HZ;AAC_LATTICE_18pct,,,60.02,1.0,spread,2/2,2,60.0,0.0,0.7594,1.5118,2.8246,3.0154,1.804,2.0024,1.7122,423,0.4269165794751063,0.45052692698274177,576,6093.9,—,True,16,16,FAKE_320K,"20kHz shelf (drop=42.2dB, whole-track)",11.0,2.318,,,,,,,,,False,,0.226,18500,4.7,-0.045,-42.3,6.3,,1.0,0.627,7.579,,,,False,,ok,,,,False,False,25.777,,44100,PASS,0.0417,0.9196,True,,-96.2,77.9,,,,NO_WALL,,,,5
fd-exchange-v2-2026-08-0144.flac,flagged,SUSPECT,44100,6676530,STEREO_AAC_DOUBT_0.00;BAND_LIMIT_LOW_NOWALL_17500HZ,,,60.02,1.0,spread,2/2,2,60.0,0.0,0.9745,4.7929,8.6119,9.5382,2.2415,3.2711,2.2631,342,0.8986123491775927,0.9199128619046862,576,9829.9,—,True,16,16,PASS,"No shelf (16k drop=23.2dB, 20k drop=40.2dB)",12.0,2.901,,,,,,,,,False,,0.26,17500,2.9,-0.083,-44.6,10.5,,1.0,-0.57,9.726,,,,False,,ok,,,,,,24.183,,44100,PASS,0.0005,0.1553,True,,-83.7,67.9,,,,NO_WALL,,,,5
fd-exchange-v2-2026-08-0145.flac,flagged,SUSPECT,44100,3168954,BRICKWALL_20K;HF_DECOUPLED_0.05;HF_SEAM_0.74;LOW_ROLLOFF_5.4KHZ;CNN_DOUBT;STEREO_AAC_DOUBT_0.00;DEAD_STRUCTURE_MAXRUN_149;BAND_LIMIT_LOW_NOWALL_18000HZ,,,38.52,1.0,whole,1/1,1,38.52,0.0,-0.0236,0.2337,4.2418,4.2741,0.9106,0.9206,0.9106,0,0.5396905104903967,0.5396905104903967,576,5431.8,—,True,16,16,FAKE_320K,"20kHz shelf (drop=49.9dB, whole-track)",149.0,4.692,,,,,,,,,False,,0.393,18000,6.9,-0.057,-49.9,10.2,,1.0,0.048,2.694,,,,False,,ok,,,,,,1.573,,44100,PASS,0.0,0.115,True,MEANRUN_CEILING 4.69 vs 5.00 (-0.31),-116.2,93.1,,1.0,18.8,silent,33.1,16075,113,4
fd-exchange-v2-2026-08-0146.flac,flagged,SUSPECT,44100,6411801,BRICKWALL_20K;HF_SEAM_0.93;LOW_ROLLOFF_6.5KHZ;CNN_DOUBT;LOSSY_SRC_NEEDLES_VOID;STEREO_AAC_DOUBT_0.00;BAND_LIMIT_LOW_19000HZ_37DB,,,60.0,1.0,whole,1/1,1,60.0,0.0,0.2801,4.511,3.977,5.228,1.6605,1.7175,1.6605,0,0.732275755985045,0.732275755985045,576,6481.5,—,True,16,16,FAKE_320K,"20kHz shelf (drop=63.1dB, whole-track)",275.0,7.273,,,,,,,,,False,,0.214,19000,38.2,-0.158,-63.2,36.6,,1.0,0.785,52.382,,,,False,,ok,,,,,,11.727,,44100,PASS,0.0,0.8092,True,,-115.5,99.6,,0.76,40.9,FIRE,44.9,17636,-528,5
fd-exchange-v2-2026-08-0147.flac,flagged,SUSPECT,44100,6405619,BRICKWALL_20K;HF_DECOUPLED_0.10;HF_SEAM_0.73;CNN_DOUBT;STEREO_AAC_DOUBT_0.00;DEAD_STRUCTURE_MAXRUN_277;DEAD_STRUCTURE_MEANRUN_31.74;BAND_LIMIT_LOW_NOWALL_17500HZ;LOWBAND_WALL_SHADOW_20.8,,,60.0,1.0,whole,1/1,1,60.0,0.0,0.0333,0.414,7.8836,7.9186,2.1241,2.1311,2.1241,0,0.7431358660279155,0.7431358660279155,576,9657.6,—,True,16,16,FAKE_320K,"20kHz shelf (drop=74.1dB, whole-track)",277.0,31.735,,,,,,,,,False,,0.26,17500,12.8,-0.103,-74.2,20.8,,1.0,-0.568,34.381,,,,False,,ok,,,,,,2.193,,44100,PASS,0.0,0.1542,True,,-115.3,99.4,,,,MASTERING_EDGE,,16489,791,5
fd-exchange-v2-2026-08-0148.flac,flagged,SUSPECT,44100,1688909,FAKE_STEREO;HF_DECOUPLED_-0.25;LOW_ROLLOFF_5.9KHZ;STEREO_AAC_DOUBT_0.00,,,36.19,1.0,whole,1/1,1,36.19,0.0,1.8504,11.9305,1.9054,8.3191,1.0338,14.2392,1.1304,523,0.8918768668368297,0.903805943217796,576,5937.8,—,True,16,16,PASS,"No shelf (16k drop=14.4dB, 20k drop=12.9dB)",7.0,2.083,,,,,,,,,False,,0.648,22000,0.0,0.676,-14.4,0.9,,1.0,0.997,47.669,22047.0,2.7,,False,,ok,1500.0,,,,,33.542,,44100,FAKE_STEREO,0.0,0.9919,True,MS_COND_CEILING 47.67 vs 48.00 (-0.33),-98.5,58.1,,,,NO_WALL,,,,4
fd-exchange-v2-2026-08-0149.flac,flagged,SUSPECT,48000,5899332,HF_SEAM_0.69;AI_SR_48000;LOW_ROLLOFF_5.4KHZ;STEREO_AAC_DOUBT_0.00;DEAD_STRUCTURE_MAXRUN_275;DEAD_STRUCTURE_MEANRUN_8.51;MP3_IDEM_R2.95_20500,,,60.0,1.0,whole,1/1,1,60.0,0.0,0.4312,6.6052,5.3615,7.3791,2.8275,3.6189,2.9614,454,0.6200978832958419,0.6348239784989806,576,5449.2,—,True,16,16,PASS,"No shelf (16k drop=16.9dB, 20k drop=26.3dB)",275.0,8.509,,,,,,,,,False,,0.207,20500,28.1,0.146,-51.5,25.1,,1.0,0.733,7.617,20312.0,37.7,6.2,False,,ok,734.0,,,,,17.892,,48000,PASS,0.0,0.7035,True,,-100.6,88.6,,,,,,,,5
fd-exchange-v2-2026-08-0150.flac,flagged,SUSPECT,44100,5439464,BRICKWALL_20K;HF_SEAM_0.93;CNN_DOUBT;STEREO_AAC_DOUBT_0.00;DEAD_STRUCTURE_MAXRUN_137;BAND_LIMIT_LOW_17500HZ_45DB;MP3_IDEM_R2.75_17500;LOWBAND_WALL_SHADOW_44.8,,,60.02,1.0,spread,2/2,2,60.0,0.0,0.1546,5.7233,4.6405,7.2892,2.883,3.0604,2.8698,454,0.7252219413060114,0.7420650087013555,576,9808.4,—,True,16,16,FAKE_320K,"20kHz shelf (drop=67.3dB, whole-track)",137.0,4.565,,,,,,,,,False,,0.319,17500,3.6,0.057,-68.3,44.8,,1.0,-0.002,24.821,,,,False,,ok,,,,,,13.479,,44100,PASS,0.0,0.8408,True,MEANRUN_CEILING 4.57 vs 5.00 (-0.43),-115.3,93.5,,1.0,14.1,silent,39.6,17280,118,5
fd-exchange-v2-2026-08-0151.flac,convicted,UPSCALE,44100,4510824,BRICKWALL_20K;HF_DECOUPLED_-0.02;LOW_ROLLOFF_4.0KHZ;STEREO_AAC_DOUBT_0.00;DEAD_STRUCTURE_MAXRUN_186;BAND_LIMIT_LOW_NOWALL_18000HZ;AAC_LATTICE_57pct,,,60.02,1.0,spread,2/2,2,60.0,0.0,0.2298,0.4324,3.9749,3.9932,1.8967,1.9025,1.8108,494,0.5539749752059866,0.5638397798799969,576,4005.2,—,True,16,16,FAKE_320K,"20kHz shelf (drop=56.4dB, whole-track)",186.0,4.837,,,,,,,,,False,,0.1,18000,14.0,0.22,-56.8,4.2,,1.0,0.086,29.484,,,,False,,ok,,,,False,True,4.894,,44100,PASS,0.0,0.8763,True,MEANRUN_CEILING 4.84 vs 5.00 (-0.16),-116.0,94.2,,,,NO_WALL,,,,5
fd-exchange-v2-2026-08-0152.flac,flagged,SUSPECT,44100,4245054,BRICKWALL_20K;HF_DECOUPLED_-0.18;HF_SEAM_0.68;LOW_ROLLOFF_7.0KHZ;STEREO_AAC_DOUBT_0.00;BAND_LIMIT_LOW_16000HZ_29DB;LOWBAND_WALL_SHADOW_28.7,,,60.0,1.0,whole,1/1,1,60.0,0.0,0.2686,0.2766,4.1274,4.1052,2.383,2.3866,2.3599,69,0.7173723771144389,0.733392094424209,576,6987.5,—,True,16,16,FAKE_320K,"20kHz shelf (drop=60.4dB, whole-track)",29.0,2.777,,,,,,,,,False,,0.36,16000,7.4,-0.107,-60.4,28.7,,1.0,0.068,12.167,,,,False,,ok,,,,,,4.368,,44100,PASS,0.0,0.5732,True,,-114.3,87.1,,,,NO_WALL,,,,5
fd-exchange-v2-2026-08-0153.flac,flagged,SUSPECT,44100,3715899,HF_SEAM_0.65;LOW_ROLLOFF_6.0KHZ;STEREO_AAC_DOUBT_0.00,,,49.27,1.0,whole,1/1,1,49.27,0.0,1.1553,3.1826,2.8236,3.6012,1.9468,2.28,2.3284,570,1.0921306864049045,1.1190604824460153,576,6007.8,—,True,16,16,PASS,"No shelf (16k drop=14.7dB, 20k drop=39.2dB)",39.0,3.074,,,,,,,,,False,,0.373,20500,36.8,-0.011,-58.5,25.8,,1.0,-0.057,2.487,20112.0,69.1,1.3,False,,ok,1500.0,,,,,47.704,,44100,PASS,0.0041,0.785,True,,-117.6,92.1,,,,NO_WALL,,,,5
fd-exchange-v2-2026-08-0154.flac,flagged,SUSPECT,44100,4213740,BRICKWALL_20K;HF_DECOUPLED_-0.06;HF_SEAM_0.96;LOW_ROLLOFF_1.9KHZ;STEREO_AAC_DOUBT_0.00;DEAD_STRUCTURE_MAXRUN_208;DEADRUN_UNCORROBORATED_5.15;BAND_LIMIT_LOW_17500HZ_32DB;LOWBAND_WALL_LOWOCC,,,60.02,1.0,spread,2/2,2,60.0,0.0,0.4033,2.2693,2.5494,2.8986,1.9295,1.9304,1.9048,321,0.37205745067902596,0.3872886008645013,576,1894.9,—,True,16,16,FAKE_320K,"20kHz shelf (drop=53.9dB, whole-track)",208.0,5.151,,,,,,,,,False,,0.479,17500,-0.4,0.34,-54.0,31.9,,1.0,0.101,27.216,,,,False,,ok,,,,,,56.431,,44100,PASS,0.0,0.8938,True,MEANRUN_CEILING 5.15 vs 5.00 (+0.15),-114.6,97.6,,,,DARK_REF,,17318,,5
fd-exchange-v2-2026-08-0155.flac,convicted,UPSCALE,44100,7828767,BRICKWALL_16K;HF_DECOUPLED_0.04;HF_SEAM_0.91;CNN_DOUBT;STEREO_AAC_DOUBT_0.00;DEAD_STRUCTURE_MAXRUN_161;DEAD_STRUCTURE_MEANRUN_5.60;BAND_LIMIT_LOW_19500HZ_67DB;MS_CONDITIONAL_49;AAC_LATTICE_70pct;MP3_CONJ_BASE_19500;MP3_CONJ_WALLLEG_W66.6_K4.68;MP3_IDEM_R4.10_19500,,,60.02,1.0,spread,2/2,2,60.0,0.0,0.8498,-0.0654,5.1254,7.4455,4.5452,2.3547,4.1641,99,0.7477862350187721,0.7560412338416047,576,10422.1,—,True,16,16,FAKE_WEBRIP,"16kHz shelf (drop=58.4dB, whole-track)",161.0,5.605,,,,,,,,,False,,0.244,19500,89.9,0.218,-69.5,66.6,,1.0,0.7,48.973,20004.0,0.0,2.4,False,,ok,1500.0,,,True,True,133.049,,44100,PASS,0.0,0.9124,True,MS_COND_CEILING 48.97 vs 48.00 (+0.97),-114.2,100.7,,,1.2,silent,-2.1,16005,409,5
fd-exchange-v2-2026-08-0156.flac,flagged,SUSPECT,44100,5893732,HF_SEAM_0.62;LOW_ROLLOFF_7.0KHZ;CNN_DOUBT;STEREO_AAC_DOUBT_0.00;DEAD_STRUCTURE_MAXRUN_277;DEADRUN_UNCORROBORATED_7.12,,,60.0,1.0,whole,1/1,1,60.0,0.0,0.3962,7.8077,5.6199,8.6237,1.6628,2.4939,1.6628,0,0.7883872226572816,0.7883872226572816,576,7019.8,—,True,16,16,PASS,"No shelf (16k drop=5.8dB, 20k drop=32.5dB)",277.0,7.118,,,20228.0,583.7,False,,6,,False,,0.294,21500,15.9,-0.168,-33.5,9.0,,1.0,0.396,2.634,20136.0,75.7,22.1,False,,ok,1500.0,,,,,14.9,,44100,PASS,0.0,-0.0687,True,,-90.5,69.3,,,,NO_WALL,,,,5
fd-exchange-v2-2026-08-0157.flac,flagged,SUSPECT,44100,6133525,BRICKWALL_20K;HF_SEAM_0.75;CNN_DOUBT;STEREO_AAC_DOUBT_0.00;DEAD_STRUCTURE_MAXRUN_248;DEADRUN_UNCORROBORATED_7.02;BAND_LIMIT_LOW_NOWALL_19000HZ;MP3_CONJ_BASE_19000;OPUS_EDGE_FIRE_20004_W550_F0.8,,,60.0,1.0,whole,1/1,1,60.0,0.0,0.4389,8.9374,8.8875,11.4562,1.4157,1.6174,1.4157,0,0.5966147604372334,0.5966147604372334,576,10637.4,—,True,16,16,FAKE_320K,"20kHz shelf (drop=58.7dB, whole-track)",248.0,7.017,,,,,,,,,False,,0.254,19000,45.8,-0.255,-75.3,10.6,,1.0,-0.355,15.965,20004.0,50.4,0.8,True,0.5647,ok,550.0,,,,,20.196,,44100,PASS,0.0,0.5863,True,,-115.1,95.1,,,,MASTERING_EDGE,,19940,1254,5
fd-exchange-v2-2026-08-0158.flac,flagged,SUSPECT,44100,1930490,BRICKWALL_20K;HF_SEAM_0.60;LOW_ROLLOFF_6.4KHZ;CNN_DOUBT;STEREO_AAC_DOUBT_0.00;DEAD_STRUCTURE_MAXRUN_111;MP3_IDEM_R0.58_20500;MP3_IDEM_FIRE_20500,,,26.91,1.0,whole,1/1,1,26.91,0.0,1.1192,9.4299,5.1218,8.1804,0.5811,0.6471,0.5811,0,0.2603061337872612,0.2603061337872612,576,6416.9,—,True,16,16,FAKE_320K,"20kHz shelf (drop=50.5dB, whole-track)",111.0,4.174,,,,,,,,,False,,0.349,20000,33.6,-0.012,-52.5,27.6,,1.0,-0.129,1.45,20015.0,34.7,0.0,False,,ok,1500.0,,,,,58.918,,44100,PASS,0.0,-0.1391,True,,-118.0,86.9,,,,NO_WALL,,,,3
fd-exchange-v2-2026-08-0159.flac,flagged,SUSPECT,44100,5065950,BRICKWALL_20K;HF_DECOUPLED_0.03;HF_SEAM_0.81;LOW_ROLLOFF_5.2KHZ;CNN_DOUBT;STEREO_AAC_DOUBT_0.00;DEAD_STRUCTURE_MAXRUN_223;DEADRUN_UNCORROBORATED_5.86;BAND_LIMIT_LOW_NOWALL_18000HZ,,,60.0,1.0,whole,1/1,1,60.0,0.0,-0.0709,0.5994,4.6789,4.7668,1.5884,1.5975,1.5884,0,0.6071679466143389,0.6071679466143389,576,5243.3,—,True,16,16,FAKE_320K,"20kHz shelf (drop=56.3dB, whole-track)",223.0,5.856,,,,,,,,,False,,0.356,18000,17.0,-0.077,-58.1,6.6,,1.0,0.107,29.865,,,,False,,ok,,,,,,11.008,,44100,PASS,0.0,0.7619,True,,-114.8,94.9,,,,MASTERING_EDGE,,16796,807,5
fd-exchange-v2-2026-08-0160.flac,convicted,UPSCALE,44100,5932731,BRICKWALL_20K;HF_SEAM_0.75;LOW_ROLLOFF_7.2KHZ;CNN_DOUBT;STEREO_AAC_DOUBT_0.00;DEAD_STRUCTURE_MAXRUN_244;DEADRUN_UNCORROBORATED_6.96;MP3_CONJ_BASE_20000;MP3_CONJ_WALLLEG_W21.2_K6.72;OPUS_EDGE_FIRE_20004_W484_F0.9,,,60.0,1.0,whole,1/1,1,60.0,0.0,0.5844,10.5286,5.7875,9.6598,0.6713,0.8631,0.6713,0,0.6902594230887401,0.6902594230887401,576,7159.8,—,True,16,16,FAKE_320K,"20kHz shelf (drop=42.8dB, whole-track)",244.0,6.957,,,,,,,,,False,,0.293,20000,41.9,-0.169,-59.4,21.2,,1.0,0.396,2.434,20004.0,134.1,0.9,True,0.1743,ok,484.0,,,,,19.154,,44100,PASS,0.0001,-0.0688,True,,-115.8,94.7,,,,MASTERING_EDGE,,19924,915,5
fd-exchange-v2-2026-08-0161.flac,flagged,SUSPECT,44100,5904516,LOW_ROLLOFF_6.1KHZ;CNN_DOUBT;STEREO_AAC_DOUBT_0.00;DEAD_STRUCTURE_MAXRUN_242;DEADRUN_UNCORROBORATED_8.00,,,60.0,1.0,whole,1/1,1,60.0,0.0,0.6407,6.7001,5.8553,8.3398,2.2196,2.5032,2.0813,15,0.6086576704849369,0.6228975340467754,576,6147.7,—,True,16,16,PASS,"No shelf (16k drop=7.0dB, 20k drop=32.4dB)",242.0,7.996,,,,,,,,,False,,0.385,20500,21.5,0.052,-44.2,10.7,,1.0,-0.698,5.486,20376.0,295.2,9.9,False,,ok,1500.0,,,,,55.862,,44100,PASS,0.0,0.5077,True,MEANRUN_SOLO 8.00 vs 8.00 (-0.00),-101.4,84.8,,,,MASTERING_EDGE,,20693,1572,5
fd-exchange-v2-2026-08-0162.flac,convicted,UPSCALE,44100,6440026,BRICKWALL_20K;HF_DECOUPLED_0.13;HF_SEAM_0.67;CNN_DOUBT;STEREO_AAC_DOUBT_0.00;DEAD_STRUCTURE_MAXRUN_284;DEAD_STRUCTURE_MEANRUN_8.56;BAND_LIMIT_LOW_NOWALL_17000HZ;AAC_LATTICE_62pct,,,60.02,1.0,spread,2/2,2,60.0,0.0,0.2229,1.2399,8.3071,8.5207,2.5147,2.6258,2.5171,86,0.8871607950235506,0.8993351111199425,576,9646.9,—,True,16,16,FAKE_320K,"20kHz shelf (drop=65.2dB, whole-track)",284.0,8.562,,,,,,,,,False,,0.26,17000,6.3,-0.102,-66.1,17.0,,1.0,-0.57,40.047,,,,False,,ok,,,,True,True,6.503,,44100,PASS,0.0,0.1541,True,,-112.2,96.5,,,,MASTERING_EDGE,,17243,1200,5
fd-exchange-v2-2026-08-0163.flac,flagged,SUSPECT,44100,5127887,LOW_ROLLOFF_6.3KHZ;STEREO_AAC_DOUBT_0.13;DEAD_STRUCTURE_MAXRUN_171;MS_CONDITIONAL_48;AAC_LATTICE_18pct,,,60.02,1.0,spread,2/2,2,60.0,0.0,1.9074,16.4428,3.3458,10.3481,1.755,10.3685,1.9033,228,0.4209824619784989,0.43345043636694824,576,6266.2,—,True,16,16,PASS,"No shelf (16k drop=12.8dB, 20k drop=20.7dB)",171.0,2.557,,,,,,,,,False,,0.329,22000,6.8,0.816,-20.7,3.0,,1.0,0.944,48.381,,,,False,,ok,,,,False,True,79.126,,44100,PASS,0.1316,0.8903,True,MS_COND_CEILING 48.38 vs 48.00 (+0.38),-70.0,52.6,,,,NO_WALL,,,,5
fd-exchange-v2-2026-08-0164.flac,convicted,UPSCALE,44100,5862610,BRICKWALL_20K;HF_SEAM_0.70;LOW_ROLLOFF_6.0KHZ;CNN_DOUBT;STEREO_AAC_DOUBT_0.00;DEAD_STRUCTURE_MAXRUN_251;DEAD_STRUCTURE_MEANRUN_8.02;BAND_LIMIT_LOW_NOWALL_19500HZ;AAC_LATTICE_61pct,,,60.02,1.0,spread,2/2,2,60.0,0.0,0.4002,4.1198,5.9736,7.5954,2.0648,2.1369,2.0883,70,0.6012292055730235,0.6098661227032627,576,5986.2,—,True,16,16,FAKE_320K,"20kHz shelf (drop=50.7dB, whole-track)",251.0,8.017,,,,,,,,,False,,0.386,19500,26.9,0.056,-56.9,11.8,,1.0,-0.701,34.126,,,,False,,ok,,,,True,True,44.217,,44100,PASS,0.0,0.5069,True,MEANRUN_SOLO 8.02 vs 8.00 (+0.02),-113.1,96.5,,,,MASTERING_EDGE,,18615,1448,5
fd-exchange-v2-2026-08-0165.flac,convicted,UPSCALE,44100,6890063,BRICKWALL_20K;HF_DECOUPLED_0.11;HF_SEAM_0.72;LOW_ROLLOFF_6.4KHZ;CNN_DOUBT;STEREO_AAC_DOUBT_0.00;DEAD_STRUCTURE_MAXRUN_274;DEAD_STRUCTURE_MEANRUN_10.51;BAND_LIMIT_LOW_19000HZ_24DB;MS_CONDITIONAL_49;MP3_CONJ_BASE_19000;MP3_CONJ_WALLLEG_W23.5_K5.79,,,60.0,1.0,whole,1/1,1,60.0,0.0,0.5823,12.4795,6.8927,11.302,0.5656,0.59,0.5656,0,0.4517661757618122,0.4517661757618122,576,6438.4,—,True,16,16,FAKE_320K,"20kHz shelf (drop=57.0dB, whole-track)",274.0,10.51,,,,,,,,,False,,0.238,19000,42.3,-0.692,-62.9,23.5,,1.0,0.858,49.08,20241.0,117.1,0.3,False,,ok,1500.0,,,,,6.697,,44100,PASS,0.0,0.9602,True,MS_COND_CEILING 49.08 vs 48.00 (+1.08),-115.0,101.3,,,20.4,silent,48.1,18825,237,5
fd-exchange-v2-2026-08-0166.flac,flagged,SUSPECT,44100,5675467,BRICKWALL_20K;HF_DECOUPLED_-0.04;HF_SEAM_0.91;CNN_DOUBT;STEREO_AAC_DOUBT_0.00;DEAD_STRUCTURE_MAXRUN_329;DEADRUN_UNCORROBORATED_7.86;BAND_LIMIT_LOW_NOWALL_18000HZ,,,60.0,1.0,whole,1/1,1,60.0,0.0,0.048,1.0098,3.2605,3.5415,2.4774,2.4868,2.1755,398,0.5148776493120996,0.5579676071704317,576,8075.0,—,True,16,16,FAKE_320K,"20kHz shelf (drop=68.7dB, whole-track)",329.0,7.858,,,,,,,,,False,,0.274,18000,24.1,0.018,-69.0,12.3,,1.0,0.1,2.706,,,,False,,ok,,,,,,5.046,,44100,PASS,0.0,0.7137,True,MEANRUN_SOLO 7.86 vs 8.00 (-0.14),-115.2,98.7,,,,MASTERING_EDGE,,17011,1157,5
fd-exchange-v2-2026-08-0167.flac,flagged,SUSPECT,44100,5578488,LOW_ROLLOFF_6.7KHZ;STEREO_AAC_DOUBT_0.00;DEADRUN_UNCORROBORATED_83,,,60.02,1.0,spread,2/2,2,60.0,0.0,1.0388,6.8462,5.7935,7.4311,1.8159,2.2707,1.811,11,0.7444099111874497,0.7566554230134093,576,6739.9,—,True,16,16,PASS,"No shelf (16k drop=16.1dB, 20k drop=28.8dB)",83.0,3.556,,,21948.0,63.8,False,,7,,False,,0.344,22000,4.1,-0.178,-30.5,7.0,,1.0,-0.108,29.869,21967.0,61.6,,False,,ok,1500.0,,,,,28.539,,44100,PASS,0.0024,0.7703,True,MAXRUN_CEILING 83.00 vs 80.00 (+3.00),-90.4,71.0,,,,NO_WALL,,,,5
fd-exchange-v2-2026-08-0168.flac,flagged,SUSPECT,44100,3966860,LOW_ROLLOFF_5.8KHZ;AAC_LATTICE_20pct,,,57.21,0.9999,whole,1/1,1,57.21,0.0,0.9356,0.9177,2.3375,2.3137,2.0446,2.0517,2.0268,45,0.5433052613402071,0.5523315189385903,576,5770.9,—,True,16,16,PASS,"No shelf (16k drop=34.1dB, 20k drop=38.3dB)",10.0,2.122,,,,,,,,,False,,0.392,22000,-0.1,0.691,-39.2,-0.7,,1.0,0.707,27.549,,,,False,,ok,,,,False,False,13.782,,44100,PASS,0.9678,0.7808,True,,-99.2,70.0,,,,NO_WALL,,,,5
fd-exchange-v2-2026-08-0169.flac,flagged,SUSPECT,44100,5651356,HF_SEAM_0.63;LOW_ROLLOFF_7.6KHZ;STEREO_AAC_DOUBT_0.00;DEAD_STRUCTURE_MAXRUN_278;DEAD_STRUCTURE_MEANRUN_8.67,,,60.0,1.0,whole,1/1,1,60.0,0.0,0.4268,6.294,6.4825,8.4155,2.1983,4.4014,2.1983,0,0.6020736725884711,0.6020736725884711,576,7622.8,—,True,16,16,PASS,"No shelf (16k drop=22.5dB, 20k drop=38.9dB)",278.0,8.668,,,,,,,,,False,,0.472,20500,11.9,0.629,-42.1,3.2,,1.0,0.396,34.706,22010.0,547.4,,False,,ok,1500.0,,,,,31.834,,44100,PASS,0.0,0.2252,True,,-80.1,62.7,,,,NO_WALL,,,,5
fd-exchange-v2-2026-08-0170.flac,convicted,UPSCALE,44100,6278808,HF_SEAM_0.65;LOW_ROLLOFF_5.4KHZ;STEREO_AAC_DOUBT_0.00;DEADRUN_UNCORROBORATED_96;DEAD_STRUCTURE_MEANRUN_19.69;AAC_LATTICE_47pct,,,60.0,1.0,whole,1/1,1,60.0,0.0,1.0261,7.3853,4.7816,7.129,1.8892,2.4267,1.8581,280,0.6084660867774409,0.6226303975452981,576,5404.8,—,True,16,16,PASS,"No shelf (16k drop=16.2dB, 20k drop=30.8dB)",96.0,19.693,,,,,,,,,False,,0.424,20500,29.1,0.189,-48.3,22.1,,1.0,0.772,7.528,20082.0,31.2,0.5,False,,ok,1500.0,,,True,True,17.225,,44100,PASS,0.0,0.5641,True,MAXRUN_SOLO 96.00 vs 100.00 (-4.00),-102.8,90.2,,,,NO_WALL,,,,5
fd-exchange-v2-2026-08-0171.flac,flagged,SUSPECT,44100,5128534,BRICKWALL_20K;HF_SEAM_0.96;LOW_ROLLOFF_6.8KHZ;CNN_DOUBT;STEREO_AAC_DOUBT_0.00;DEAD_STRUCTURE_MAXRUN_96;BAND_LIMIT_LOW_17500HZ_41DB;MS_CONDITIONAL_63;MP3_IDEM_R2.71_17500;LOWBAND_WALL_SHADOW_40.7,,,60.02,1.0,spread,2/2,2,60.0,0.0,0.3938,4.513,3.5739,4.7339,1.5685,2.0001,1.6185,427,0.6161707114290362,0.6327025228108172,576,6772.2,—,True,16,16,FAKE_320K,"20kHz shelf (drop=58.4dB, whole-track)",96.0,3.77,,,,,,,,,False,,0.224,17500,0.5,0.724,-58.9,40.7,,1.0,0.749,62.838,,,,False,,ok,,,,,,2.916,,44100,PASS,0.0,0.8207,True,MAXRUN_SOLO 96.00 vs 100.00 (-4.00),-115.6,92.9,,,,MASTERING_EDGE,,17253,1314,5
fd-exchange-v2-2026-08-0172.flac,flagged,SUSPECT,44100,4845995,LOW_ROLLOFF_7.5KHZ;STEREO_AAC_DOUBT_0.00;DEAD_STRUCTURE_MAXRUN_175,,,60.0,1.0,whole,1/1,1,60.0,0.0,1.2679,14.2986,4.3987,9.6951,2.3336,5.9911,2.2715,363,0.6437275077548612,0.6754159902561157,576,7493.6,—,True,16,16,PASS,"No shelf (16k drop=13.2dB, 20k drop=27.2dB)",175.0,4.789,,,21452.0,282.5,False,,11,,False,,0.192,22000,11.9,0.961,-32.3,0.3,,1.0,0.893,21.59,21399.0,269.9,3.4,False,,ok,1500.0,,,,,53.329,,44100,PASS,0.0,0.9201,True,MEANRUN_CEILING 4.79 vs 5.00 (-0.21),-91.9,65.8,,,,NO_WALL,,,,5
fd-exchange-v2-2026-08-0173.flac,flagged,SUSPECT,44100,5226741,HF_SEAM_0.86;LOW_ROLLOFF_6.3KHZ;STEREO_AAC_DOUBT_0.00;DEAD_STRUCTURE_MAXRUN_240;DEADRUN_UNCORROBORATED_5.89,,,60.0,1.0,whole,1/1,1,60.0,0.0,0.2791,3.3556,4.7096,5.3435,1.7685,5.363,1.7685,0,0.6761082281025174,0.6761082281025174,576,6266.2,—,True,16,16,PASS,"No shelf (16k drop=40.9dB, 20k drop=16.7dB)",240.0,5.886,,,,,,,,,False,,0.31,22000,-43.4,-0.105,-16.7,-10.3,,1.0,-0.207,4.861,,,,False,,ok,,,,,,28.62,,44100,PASS,0.0,0.6479,True,,-80.5,58.9,,,,MASTERING_EDGE,,16015,1098,5
fd-exchange-v2-2026-08-0174.flac,flagged,SUSPECT,44100,4216644,BRICKWALL_16K;HF_DECOUPLED_-0.32;HF_SEAM_0.71;LOW_ROLLOFF_7.0KHZ;STEREO_AAC_DOUBT_0.00;BAND_LIMIT_LOW_16000HZ_33DB;AAC_LATTICE_53pct;LOWBAND_WALL_SHADOW_32.8,,,60.02,1.0,spread,2/2,2,60.0,0.0,0.0382,0.0434,4.1189,4.0934,2.3152,2.3198,2.2479,52,0.6783642384579281,0.6896979974875783,576,7009.1,—,True,16,16,FAKE_WEBRIP,"16kHz shelf (drop=48.2dB, whole-track)",31.0,2.779,,,,,,,,,False,,0.358,16000,1.6,-0.107,-56.2,32.8,,1.0,0.068,13.559,,,,False,,ok,,,,False,False,9.411,,44100,PASS,0.0,0.5728,True,,-113.2,86.0,,,,NO_WALL,,,,5
fd-exchange-v2-2026-08-0175.flac,flagged,SUSPECT,44100,5630874,STEREO_AAC_DOUBT_0.05,,,60.02,1.0,spread,2/2,2,60.0,0.0,2.3691,14.9956,5.1475,12.745,2.7772,11.0373,3.1941,532,0.8251583479430906,0.8410347125143186,576,9959.1,—,True,16,16,PASS,"No shelf (16k drop=11.9dB, 20k drop=19.5dB)",14.0,2.252,,,,,,,,,False,,0.322,22000,7.5,0.002,-21.7,4.1,,1.0,-0.002,15.405,22023.0,0.0,,False,,ok,1500.0,,,,,319.227,,44100,PASS,0.0471,0.8414,True,,-73.0,51.2,,,,NO_WALL,,,,5
fd-exchange-v2-2026-08-0176.flac,flagged,SUSPECT,48000,5143383,BRICKWALL_20K;FAKE_STEREO;HF_SEAM_0.77;AI_SR_48000;CNN_DOUBT;STEREO_AAC_DOUBT_0.00;DEAD_STRUCTURE_MAXRUN_465;DEAD_STRUCTURE_MEANRUN_5.83;BAND_LIMIT_LOW_18500HZ_31DB;MS_CONDITIONAL_65,,,60.02,1.0,spread,2/2,2,60.01,0.0,0.6173,7.9908,2.5773,8.0388,2.4617,2.4557,2.4331,317,0.3377278674549186,0.3477638635049736,576,10582.0,—,True,16,16,FAKE_320K,"20kHz shelf (drop=71.7dB, whole-track)",465.0,5.83,,,,,,,,,False,,0.343,18500,46.6,0.776,-73.8,31.4,,1.0,1.0,64.903,22307.0,0.0,,False,,ok,1500.0,,,,,2.256,,48000,FAKE_STEREO,0.0,0.9961,True,,-111.3,100.7,,,,,,,,5
fd-exchange-v2-2026-08-0177.flac,convicted,UPSCALE,44100,3233735,LOW_ROLLOFF_5.3KHZ;CNN_DOUBT;STEREO_AAC_DOUBT_0.00;DEAD_STRUCTURE_MAXRUN_132;AAC_LATTICE_53pct,,,38.52,1.0,whole,1/1,1,38.52,0.0,0.9162,8.774,3.9662,6.2117,3.003,4.0974,3.2132,568,0.7685049081104297,0.787779019429833,576,5324.1,—,True,16,16,PASS,"No shelf (16k drop=12.7dB, 20k drop=34.3dB)",132.0,4.686,,,,,,,,,False,,0.392,20500,21.4,-0.058,-42.7,13.0,,1.0,0.048,35.254,,,,False,,ok,,,,False,True,7.665,,44100,PASS,0.0,0.1152,True,MEANRUN_CEILING 4.69 vs 5.00 (-0.31),-116.3,93.4,,,,NO_WALL,,,,4
fd-exchange-v2-2026-08-0178.flac,flagged,SUSPECT,44100,5679953,BRICKWALL_20K;HF_DECOUPLED_-0.04;HF_SEAM_0.92;CNN_DOUBT;STEREO_AAC_DOUBT_0.00;DEAD_STRUCTURE_MAXRUN_347;DEADRUN_UNCORROBORATED_7.54;BAND_LIMIT_LOW_NOWALL_18000HZ,,,60.0,1.0,whole,1/1,1,60.0,0.0,0.0145,0.5649,3.9781,4.0915,1.7652,1.7699,1.7652,0,0.4799789707220048,0.4799789707220048,576,8214.9,—,True,16,16,FAKE_320K,"20kHz shelf (drop=64.5dB, whole-track)",347.0,7.536,,,,,,,,,False,,0.273,18000,24.2,0.022,-66.5,6.7,,1.0,0.099,2.653,,,,False,,ok,,,,,,4.879,,44100,PASS,0.0,0.7118,True,MEANRUN_SOLO 7.54 vs 8.00 (-0.46),-114.8,98.1,,,,MASTERING_EDGE,,16828,829,5
fd-exchange-v2-2026-08-0179.flac,flagged,SUSPECT,44100,6037599,HF_SEAM_0.61;LOW_ROLLOFF_6.4KHZ;CNN_DOUBT;STEREO_AAC_DOUBT_0.00;DEAD_STRUCTURE_MAXRUN_119;DEAD_STRUCTURE_MEANRUN_19.22;OPUS_EDGE_FIRE_20072_W728_F3.2,,,60.0,1.0,whole,1/1,1,60.0,0.0,0.9189,5.3548,6.8917,8.3775,2.2156,2.3641,2.2865,196,0.8089382951786318,0.8242949982626769,576,6352.3,—,True,16,16,PASS,"No shelf (16k drop=10.1dB, 20k drop=39.4dB)",119.0,19.22,,,,,,,,,False,,0.511,20500,36.2,-0.135,-60.6,28.1,,1.0,-0.622,12.051,20072.0,23.2,3.2,True,0.0981,ok,728.0,,,,,36.965,,44100,PASS,0.0,0.8681,True,,-108.6,97.0,,,,MASTERING_EDGE,,20204,748,5
fd-exchange-v2-2026-08-0180.flac,flagged,SUSPECT,44100,6430977,BRICKWALL_20K;HF_DECOUPLED_0.15;HF_SEAM_0.69;LOW_ROLLOFF_5.7KHZ;CNN_DOUBT;STEREO_AAC_DOUBT_0.00;DEAD_STRUCTURE_MAXRUN_296;DEAD_STRUCTURE_MEANRUN_23.33;BAND_LIMIT_LOW_NOWALL_18500HZ,,,60.0,1.0,whole,1/1,1,60.0,0.0,0.1044,0.2231,6.416,6.41,1.4528,1.4579,1.4528,0,0.6027638347747076,0.6027638347747076,576,5674.0,—,True,16,16,FAKE_320K,"20kHz shelf (drop=58.9dB, whole-track)",296.0,23.332,,,,,,,,,False,,0.185,18500,20.3,-0.373,-58.9,7.8,,1.0,0.576,34.005,,,,False,,ok,,,,,,8.48,,44100,PASS,0.0,0.7475,True,,-101.4,90.4,,,,DARK_REF,,16075,,5
fd-exchange-v2-2026-08-0181.flac,flagged,SUSPECT,44100,4886591,BRICKWALL_20K;HF_SEAM_0.98;LOW_ROLLOFF_5.6KHZ;CNN_DOUBT;STEREO_AAC_DOUBT_0.00;BAND_LIMIT_LOW_17500HZ_45DB;MP3_IDEM_R3.31_17500;LOWBAND_WALL_SHADOW_45.1,,,60.02,1.0,spread,2/2,2,60.0,0.0,0.6831,9.7173,4.4683,7.4393,1.1209,1.3546,1.2285,545,0.6869617217869516,0.7299208365582113,576,5620.2,—,True,16,16,FAKE_320K,"20kHz shelf (drop=54.4dB, whole-track)",46.0,3.133,,,,,,,,,False,,0.262,17500,-0.0,0.055,-54.4,45.1,,1.0,0.076,24.776,,,,False,,ok,,,,,,15.19,,44100,PASS,0.0,0.7433,True,,-116.1,91.8,,,1.8,silent,32.7,17286,65,5
fd-exchange-v2-2026-08-0182.flac,flagged,SUSPECT,44100,5348924,BRICKWALL_20K;HF_SEAM_0.81;CNN_DOUBT;STEREO_AAC_DOUBT_0.00;DEAD_STRUCTURE_MAXRUN_237;DEADRUN_UNCORROBORATED_6.27;BAND_LIMIT_LOW_NOWALL_18000HZ,,,60.0,1.0,whole,1/1,1,60.0,0.0,0.1337,1.9336,5.2076,5.6287,1.8537,1.7368,1.8537,0,0.583215897556876,0.583215897556876,576,8268.8,—,True,16,16,FAKE_320K,"20kHz shelf (drop=59.6dB, whole-track)",237.0,6.275,,,,,,,,,False,,0.217,18000,20.7,-0.033,-69.1,14.5,,1.0,0.008,3.318,,,,False,,ok,,,,,,8.282,,44100,PASS,0.0,0.6625,True,,-115.0,95.2,,,,MASTERING_EDGE,,17754,1529,5
fd-exchange-v2-2026-08-0183.flac,flagged,SUSPECT,44100,7297939,STEREO_AAC_DOUBT_0.00,,,60.02,1.0,spread,2/2,2,60.0,0.0,1.0648,14.2549,6.1236,13.6732,2.6916,8.0961,2.691,447,0.8816867675212378,0.900429429991259,576,10196.0,—,True,16,16,PASS,"No shelf (16k drop=16.5dB, 20k drop=29.6dB)",25.0,3.732,,,21431.0,449.0,False,,12,,False,,0.188,22000,8.9,-0.014,-31.4,9.0,,1.0,-0.069,32.12,21458.0,344.4,5.3,False,,ok,1500.0,,,,,66.442,,44100,PASS,0.0005,0.7735,True,,-73.2,60.9,,,,NO_WALL,,,,5
fd-exchange-v2-2026-08-0184.flac,flagged,SUSPECT,44100,5372391,HF_SEAM_0.61;LOW_ROLLOFF_6.2KHZ;STEREO_AAC_DOUBT_0.00;AAC_LATTICE_16pct,,,60.02,1.0,spread,2/2,2,60.0,0.0,1.3477,7.8926,4.8134,6.5925,2.2927,9.6923,2.2371,368,0.7509509243497198,0.7792195700388064,576,6180.0,—,True,16,16,PASS,"No shelf (16k drop=39.0dB, 20k drop=14.3dB)",61.0,3.799,,,,,,,,,False,,0.309,22000,-25.3,-0.11,-14.3,-6.1,,1.0,-0.207,21.35,20553.0,161.5,-13.3,False,,ok,1500.0,,,False,False,45.49,,44100,PASS,0.0,0.6489,True,,-78.3,56.7,,,,NO_WALL,,,,5
fd-exchange-v2-2026-08-0185.flac,flagged,SUSPECT,44100,5157839,BRICKWALL_20K;HF_SEAM_0.65;LOW_ROLLOFF_6.8KHZ;STEREO_AAC_DOUBT_0.00;BAND_LIMIT_LOW_16500HZ_28DB;AAC_LATTICE_14pct;LOWBAND_WALL_SHADOW_28.1,,,60.02,1.0,spread,2/2,2,60.0,0.0,0.6579,0.6132,1.9057,1.8935,2.1504,2.1563,2.3281,255,0.6129319934943955,0.6264580466072438,576,6783.0,—,True,16,16,FAKE_320K,"20kHz shelf (drop=46.6dB, whole-track)",27.0,2.484,,,,,,,,,False,,0.455,16500,1.0,0.418,-46.6,28.1,,1.0,0.874,35.563,,,,False,,ok,,,,False,False,8.231,,44100,PASS,0.0015,0.9182,True,,-99.6,79.4,,,,NO_WALL,,,,5
fd-exchange-v2-2026-08-0186.flac,flagged,SUSPECT,44100,3561127,LOW_ROLLOFF_5.8KHZ;CNN_DOUBT;STEREO_AAC_DOUBT_0.00,,,49.27,1.0,whole,1/1,1,49.27,0.0,0.4226,2.1168,3.0308,3.7055,1.9994,2.5019,1.9994,0,1.1196944769540622,1.1196944769540622,576,5770.9,—,True,16,16,PASS,"No shelf (16k drop=15.9dB, 20k drop=38.5dB)",45.0,3.062,,,,,,,,,False,,0.374,21000,19.1,-0.018,-41.4,2.9,,1.0,-0.056,13.913,21054.0,570.6,0.6,False,,ok,1500.0,,,,,21.657,,44100,PASS,0.0,0.7856,True,,-97.1,71.5,,,,NO_WALL,,,,5
fd-exchange-v2-2026-08-0187.flac,flagged,SUSPECT,44100,5145043,BRICKWALL_20K;HF_SEAM_0.98;CNN_DOUBT;STEREO_AAC_DOUBT_0.00;DEADRUN_UNCORROBORATED_95;BAND_LIMIT_LOW_17500HZ_47DB;MP3_IDEM_R2.72_17500;LOWBAND_WALL_SHADOW_46.6,,,60.02,1.0,spread,2/2,2,60.0,0.0,0.131,8.5548,4.9936,8.0874,1.3144,1.8767,1.5567,429,0.7357561675575803,0.7533820247357501,576,9323.9,—,True,16,16,FAKE_320K,"20kHz shelf (drop=69.5dB, whole-track)",95.0,3.871,,,,,,,,,False,,0.149,17500,1.1,0.141,-70.4,46.6,,1.0,0.304,33.386,,,,False,,ok,,,,,,16.096,,44100,PASS,0.0,0.9308,True,MAXRUN_SOLO 95.00 vs 100.00 (-5.00),-115.7,95.1,,,1.8,silent,36.8,17275,92,5
fd-exchange-v2-2026-08-0188.flac,convicted,UPSCALE,44100,4804364,BRICKWALL_20K;LOW_ROLLOFF_6.0KHZ;STEREO_AAC_DOUBT_0.00;DEAD_STRUCTURE_MAXRUN_307;DEAD_STRUCTURE_MEANRUN_8.10;BAND_LIMIT_LOW_NOWALL_18000HZ;AAC_LATTICE_56pct,,,60.02,1.0,spread,2/2,2,60.0,0.0,0.2869,0.9272,2.9068,3.0523,1.9276,2.0819,1.9395,402,0.42076024630470843,0.438574420531127,576,6040.1,—,True,16,16,FAKE_320K,"20kHz shelf (drop=50.3dB, whole-track)",307.0,8.105,,,,,,,,,False,,0.226,18000,8.4,-0.042,-51.1,10.9,,1.0,0.627,34.806,,,,False,,ok,,,,True,True,11.639,,44100,PASS,0.0,0.9198,True,MEANRUN_SOLO 8.10 vs 8.00 (+0.10),-115.5,97.2,,,,NO_WALL,,,,5
fd-exchange-v2-2026-08-0189.flac,convicted,UPSCALE,44100,6625189,BRICKWALL_20K;HF_SEAM_0.80;CNN_DOUBT;STEREO_AAC_DOUBT_0.00;DEAD_STRUCTURE_MAXRUN_321;DEAD_STRUCTURE_MEANRUN_8.13;MP3_CONJ_BASE_20000;MP3_CONJ_WALLLEG_W37.9_K5.34,,,60.0,1.0,whole,1/1,1,60.0,0.0,0.7092,11.9268,3.8745,12.0647,0.9336,1.2333,0.9336,0,0.5398174244733571,0.5398174244733571,576,8161.1,—,True,16,16,FAKE_320K,"20kHz shelf (drop=48.7dB, whole-track)",321.0,8.127,,,,,,,,,False,,0.249,20000,60.5,0.298,-66.0,37.9,,1.0,0.526,8.523,20004.0,0.0,0.4,False,,ok,455.0,,,,,80.362,,44100,PASS,0.0,0.7002,True,MEANRUN_SOLO 8.13 vs 8.00 (+0.13),-114.9,99.0,,,,DARK_REF,,19509,,5
fd-exchange-v2-2026-08-0190.flac,flagged,SUSPECT,48000,6206372,AI_SR_48000;LOW_ROLLOFF_5.4KHZ;DEAD_STRUCTURE_MAXRUN_118,,,60.02,1.0,spread,2/2,2,60.01,0.0,0.9263,9.6602,5.4634,8.3282,2.7571,6.5065,2.7326,340,0.620905853795274,0.6370792437406583,576,5367.2,—,True,16,16,PASS,"No shelf (16k drop=17.3dB, 20k drop=24.1dB)",118.0,2.635,,,,,,,,,False,,0.203,22000,2.0,0.144,-24.1,-1.4,,1.0,0.734,24.126,,,,False,,ok,,,,,,30.699,,48000,PASS,0.2552,0.7035,True,,-77.9,65.7,,,,,,,,5
fd-exchange-v2-2026-08-0191.flac,flagged,SUSPECT,44100,3776659,LOW_ROLLOFF_6.0KHZ;STEREO_AAC_DOUBT_0.01;AAC_LATTICE_14pct,,,49.27,0.9999,whole,1/1,1,49.27,0.0,1.4553,3.7471,2.8239,3.6931,1.9928,2.7106,1.968,574,1.1733016488920764,1.2103693500723063,576,5986.2,—,True,16,16,PASS,"No shelf (16k drop=15.2dB, 20k drop=33.4dB)",12.0,2.337,,,,,,,,,False,,0.369,22000,12.6,-0.006,-35.1,2.1,,1.0,-0.057,13.55,,,,False,,ok,,,,False,False,55.784,,44100,PASS,0.0097,0.7874,True,,-92.3,66.8,,,,NO_WALL,,,,5
fd-exchange-v2-2026-08-0192.flac,flagged,SUSPECT,44100,6042993,LOW_ROLLOFF_6.3KHZ;STEREO_AAC_DOUBT_0.00,,,60.0,1.0,whole,1/1,1,60.0,0.0,1.0082,5.7307,7.2011,8.6215,2.1793,2.375,2.1852,290,0.809322529279866,0.8252121883285408,576,6330.8,—,True,16,16,PASS,"No shelf (16k drop=9.8dB, 20k drop=30.4dB)",75.0,3.366,,,21679.0,248.9,False,,9,,False,,0.5,21500,12.6,-0.132,-36.0,9.7,,1.0,-0.622,12.51,21738.0,165.3,,False,,ok,1500.0,,,,,42.126,,44100,PASS,0.0,0.8686,True,MAXRUN_CEILING 75.00 vs 80.00 (-5.00),-87.7,76.1,,,,NO_WALL,,,,5
fd-exchange-v2-2026-08-0193.flac,flagged,SUSPECT,96000,7581185,BRICKWALL_20K;AI_SR_96000;LOW_ROLLOFF_5.5KHZ;STEREO_AAC_DOUBT_0.00;DEAD_STRUCTURE_MAXRUN_125;BAND_LIMIT_LOW_NOWALL_18500HZ,,,60.0,1.0,whole,1/1,1,60.0,0.0,0.424,0.3134,3.6971,3.6477,3.917,3.9287,3.6229,466,0.5990484110609454,0.632575408868682,576,5484.4,—,True,16,16,FAKE_320K,"20kHz shelf (drop=46.0dB, whole-track)",125.0,4.129,,,,,,,,,False,1.0,0.346,18500,9.5,0.18,-48.0,5.9,,1.0,0.0,8.101,,,,False,,ok,,,,,,2.167,,96000,PASS,0.0006,0.0471,True,,-114.3,91.6,,,,,,,,5
fd-exchange-v2-2026-08-0194.flac,clear,GENUINE,44100,6672358,,,,60.0,1.0,whole,1/1,1,60.0,0.0,0.8975,4.4932,8.7665,9.6028,2.5969,3.4822,2.5878,56,0.9157543686891866,0.924622769109956,576,9765.3,—,True,16,16,PASS,"No shelf (16k drop=23.0dB, 20k drop=39.1dB)",2.0,2.167,,,,,,,,,False,,0.26,20500,2.7,-0.1,-45.0,5.4,,1.0,-0.569,1.591,,,,False,,ok,,,,,,21.188,,44100,PASS,0.987,0.154,True,,-84.2,68.5,,,,NO_WALL,,,,5
fd-exchange-v2-2026-08-0195.flac,convicted,UPSCALE,44100,6128718,HF_SEAM_0.74;LOW_ROLLOFF_6.2KHZ;STEREO_AAC_DOUBT_0.00;DEADRUN_UNCORROBORATED_93;DEADRUN_UNCORROBORATED_7.11;MP3_CONJ_BASE_20500;MP3_CONJ_WALLLEG_W43.6_K5.20;OPUS_EDGE_FIRE_20053_W569_F7.1,,,60.0,1.0,whole,1/1,1,60.0,0.0,1.2565,11.2631,5.0567,8.0582,1.9053,8.4958,1.967,555,0.6606565536647505,0.6756045349585004,576,6233.9,—,True,16,16,PASS,"No shelf (16k drop=19.6dB, 20k drop=32.8dB)",93.0,7.109,,,,,,,,,False,,0.217,20500,47.0,0.039,-60.8,43.6,,1.0,0.039,3.552,20053.0,13.7,7.1,True,0.1861,ok,569.0,,,,,8.759,,44100,PASS,0.0002,0.1007,True,,-115.5,97.3,,,,DARK_REF,,20327,,5
fd-exchange-v2-2026-08-0196.flac,flagged,SUSPECT,44100,5076971,BRICKWALL_20K;HF_SEAM_0.63;LOW_ROLLOFF_6.8KHZ;STEREO_AAC_DOUBT_0.03;DEADRUN_UNCORROBORATED_94;DEADRUN_UNCORROBORATED_5.69;BAND_LIMIT_LOW_16500HZ_28DB;LOWBAND_WALL_SHADOW_28.5,,,60.0,1.0,whole,1/1,1,60.0,0.0,0.439,0.4196,1.8866,1.8718,2.483,2.491,2.4304,72,0.6045277529218949,0.6114860120411398,576,6836.8,—,True,16,16,FAKE_320K,"20kHz shelf (drop=56.8dB, whole-track)",94.0,5.689,,,,,,,,,False,,0.457,16500,20.4,0.449,-66.0,28.5,,1.0,0.873,16.127,20163.0,33.2,0.1,False,,ok,1500.0,,,,,2.805,,44100,PASS,0.0288,0.9178,True,,-116.4,96.2,,,,NO_WALL,,,,5
fd-exchange-v2-2026-08-0197.flac,convicted,UPSCALE,44100,6608987,BRICKWALL_20K;HF_SEAM_0.73;CNN_DOUBT;STEREO_AAC_DOUBT_0.00;DEAD_STRUCTURE_MAXRUN_327;DEADRUN_UNCORROBORATED_7.66;BAND_LIMIT_LOW_19500HZ_36DB;MP3_CONJ_BASE_19500;MP3_CONJ_WALLLEG_W35.6_K14.87,,,60.0,1.0,whole,1/1,1,60.0,0.0,0.7492,12.562,3.9795,12.2388,2.5371,3.0665,2.5624,236,0.688600417064052,0.7031931406040471,576,8139.6,—,True,16,16,FAKE_320K,"20kHz shelf (drop=47.0dB, whole-track)",327.0,7.657,,,,,,,,,False,,0.25,19500,41.8,0.32,-47.0,35.6,,1.0,0.526,13.311,20004.0,0.0,0.0,False,,ok,1500.0,,,,,79.71,,44100,PASS,0.0,0.7003,True,MEANRUN_SOLO 7.66 vs 8.00 (-0.34),-114.4,98.5,,,,DARK_REF,,19514,,5
fd-exchange-v2-2026-08-0198.flac,convicted,UPSCALE,44100,6216403,BRICKWALL_20K;PHASE_ISSUE;HF_SEAM_0.92;CNN_DOUBT;STEREO_AAC_DOUBT_0.00;DEAD_STRUCTURE_MAXRUN_273;DEAD_STRUCTURE_MEANRUN_8.20;BAND_LIMIT_LOW_NOWALL_19500HZ;MS_CONDITIONAL_53;AAC_LATTICE_53pct;MP3_CONJ_BASE_19500;MP3_CONJ_WALLLEG_W19.5_K6.84;MP3_IDEM_R3.61_19500,,,60.02,1.0,spread,2/2,2,60.0,0.0,0.4586,7.3473,5.1718,8.1292,2.0777,2.2945,1.9324,38,0.7498014885575053,0.7640959081804211,576,9022.4,—,True,16,16,FAKE_320K,"20kHz shelf (drop=62.1dB, whole-track)",273.0,8.203,,,,,,,,,False,,0.217,19500,47.8,0.02,-67.4,19.5,,1.0,0.032,53.193,20047.0,26.9,0.2,False,,ok,1500.0,,,True,True,33.822,,44100,PHASE_ISSUE,0.0,-0.2237,True,MEANRUN_SOLO 8.20 vs 8.00 (+0.20),-115.6,95.8,,,,MASTERING_EDGE,,19299,1378,5
fd-exchange-v2-2026-08-0199.flac,convicted,UPSCALE,44100,6597547,BRICKWALL_20K;HF_SEAM_0.72;CNN_DOUBT;STEREO_AAC_DOUBT_0.00;DEAD_STRUCTURE_MAXRUN_266;DEADRUN_UNCORROBORATED_6.76;BAND_LIMIT_LOW_19500HZ_38DB;MP3_CONJ_BASE_19500;MP3_CONJ_WALLLEG_W37.6_K10.96;MP3_IDEM_R3.12_19500,,,60.02,1.0,spread,2/2,2,60.0,0.0,0.8297,12.3758,3.9702,12.195,2.537,3.1045,2.7144,378,0.6900892014401778,0.7108268023406314,576,8075.0,—,True,16,16,FAKE_320K,"20kHz shelf (drop=46.0dB, whole-track)",266.0,6.761,,,,,,,,,False,,0.25,19500,41.0,0.316,-46.4,37.6,,1.0,0.528,22.894,20004.0,0.0,1.0,False,,ok,1500.0,,,,,82.315,,44100,PASS,0.0,0.7011,True,,-111.2,95.3,,,,DARK_REF,,19509,,5
fd-exchange-v2-2026-08-0200.flac,flagged,SUSPECT,44100,5229383,BRICKWALL_20K;LOW_ROLLOFF_7.3KHZ;CNN_DOUBT;STEREO_AAC_DOUBT_0.08;BAND_LIMIT_LOW_NOWALL_19500HZ;AAC_LATTICE_16pct,,,60.02,1.0,spread,2/2,2,60.0,0.0,0.8472,6.5288,4.1221,5.7905,1.4787,2.0763,1.4603,482,0.5217290644183256,0.5394049392960079,576,7299.8,—,True,16,16,FAKE_320K,"20kHz shelf (drop=46.1dB, whole-track)",35.0,2.616,,,,,,,,,False,,0.225,19500,21.9,0.911,-51.7,7.5,,1.0,0.751,42.461,21533.0,0.0,0.1,False,,ok,1500.0,,,False,False,6.119,,44100,PASS,0.0755,0.8195,True,,-108.7,86.1,,,,NO_WALL,,,,5
fd-exchange-v2-2026-08-0201.flac,flagged,SUSPECT,44100,6035703,LOW_ROLLOFF_7.5KHZ;CNN_DOUBT;STEREO_AAC_DOUBT_0.00;DEAD_STRUCTURE_MAXRUN_239;DEADRUN_UNCORROBORATED_7.04,,,60.0,1.0,whole,1/1,1,60.0,0.0,0.9202,12.4407,6.504,11.5079,2.4096,5.1205,2.3316,283,0.9779113418497041,0.9942240722393282,576,7525.9,—,True,16,16,PASS,"No shelf (16k drop=10.9dB, 20k drop=26.8dB)",239.0,7.039,,,21046.0,471.7,False,,10,,False,,0.332,22000,17.7,-0.231,-33.4,2.9,,1.0,0.099,12.702,21342.0,338.1,0.0,False,,ok,1500.0,,,,,46.471,,44100,PASS,0.0,0.7916,True,,-88.6,68.5,,,,NO_WALL,,,,5
fd-exchange-v2-2026-08-0202.flac,flagged,SUSPECT,44100,5795540,LOW_ROLLOFF_7.7KHZ;STEREO_AAC_DOUBT_0.00;DEADRUN_UNCORROBORATED_96,,,60.02,1.0,spread,2/2,2,60.0,0.0,0.9639,10.0332,6.5821,9.7664,2.6678,7.9771,2.7666,406,0.6850197707632775,0.7199451516687688,576,7730.4,—,True,16,16,PASS,"No shelf (16k drop=21.9dB, 20k drop=35.2dB)",96.0,2.935,,,,,,,,,False,,0.471,22000,9.1,0.634,-38.8,1.2,,1.0,0.399,45.283,,,,False,,ok,,,,,,34.716,,44100,PASS,0.0,0.2258,True,MAXRUN_SOLO 96.00 vs 100.00 (-4.00),-76.7,59.3,,,,NO_WALL,,,,5
fd-exchange-v2-2026-08-0203.flac,flagged,SUSPECT,44100,4988725,BRICKWALL_20K;HF_DECOUPLED_-0.13;HF_SEAM_0.83;LOW_ROLLOFF_6.7KHZ;STEREO_AAC_DOUBT_0.00;DEAD_STRUCTURE_MAXRUN_215;DEADRUN_UNCORROBORATED_5.99;BAND_LIMIT_LOW_16500HZ_28DB;LOWBAND_WALL_SHADOW_27.5,,,60.02,1.0,spread,2/2,2,60.0,0.0,0.251,0.2429,1.7134,1.698,1.9438,1.94,2.0129,468,0.6050633635679151,0.6170355965562935,576,6686.1,—,True,16,16,FAKE_320K,"20kHz shelf (drop=65.3dB, whole-track)",215.0,5.987,,,,,,,,,False,,0.457,16500,1.4,0.084,-65.8,27.5,,1.0,0.872,16.879,,,,False,,ok,,,,,,6.419,,44100,PASS,0.0,0.918,True,,-116.4,96.2,,,,NO_WALL,,,,5
fd-exchange-v2-2026-08-0204.flac,convicted,UPSCALE,48000,6207556,HF_SEAM_0.77;AI_SR_48000;CNN_DOUBT;STEREO_AAC_DOUBT_0.00;DEADRUN_UNCORROBORATED_87;MP3_CONJ_BASE_20500;MP3_CONJ_WALLLEG_W42.9_K5.23;MP3_IDEM_R2.89_20500,,,60.0,1.0,whole,1/1,1,60.0,0.0,1.8531,13.6247,5.2894,11.0506,2.6974,3.1655,2.6046,163,0.8612511774591571,0.8729722864209195,576,11156.2,—,True,16,16,PASS,"No shelf (16k drop=10.6dB, 20k drop=20.6dB)",87.0,4.987,,,,,,,,,False,,0.365,20500,53.2,0.002,-65.1,42.9,,1.0,0.076,6.765,20074.0,16.3,23.4,False,,ok,505.0,,,,,151.749,,48000,PASS,0.0,0.8386,True,MEANRUN_CEILING 4.99 vs 5.00 (-0.01),-113.5,92.8,,,,,,,,5
fd-exchange-v2-2026-08-0205.flac,flagged,SUSPECT,48000,4277176,HF_DECOUPLED_0.02;HF_SEAM_0.69;AI_SR_48000;LOW_ROLLOFF_3.4KHZ;STEREO_AAC_DOUBT_0.09;DEAD_STRUCTURE_MAXRUN_116;DEADRUN_UNCORROBORATED_5.31;MP3_IDEM_R2.58_20500,,,60.0,1.0,whole,1/1,1,60.0,0.0,0.5857,0.5378,1.4054,1.3878,2.6088,2.6075,2.8618,500,0.29629010773472236,0.3176334263098537,576,3445.3,—,True,16,16,PASS,"No shelf (16k drop=27.1dB, 20k drop=29.2dB)",116.0,5.309,,,,,,,,,False,,0.342,20500,20.8,0.081,-44.2,20.8,,1.0,-0.406,3.417,20104.0,14.4,6.2,False,,ok,1500.0,,,,,46.682,,48000,PASS,0.0857,0.804,True,MEANRUN_CEILING 5.31 vs 5.00 (+0.31),-116.8,99.6,,,,,,,,5
fd-exchange-v2-2026-08-0206.flac,flagged,SUSPECT,44100,5398227,BRICKWALL_20K;HF_SEAM_0.97;CNN_DOUBT;STEREO_AAC_DOUBT_0.00;DEAD_STRUCTURE_MAXRUN_220;DEADRUN_UNCORROBORATED_6.32;BAND_LIMIT_LOW_17500HZ_44DB;MP3_IDEM_R2.80_17500;LOWBAND_WALL_SHADOW_44.3,,,60.02,1.0,spread,2/2,2,60.0,0.0,-0.1081,4.0496,4.6199,5.7506,1.7021,1.8204,1.8574,501,0.6184047406049403,0.6469612594199868,576,8225.7,—,True,16,16,FAKE_320K,"20kHz shelf (drop=71.2dB, whole-track)",220.0,6.324,,,,,,,,,False,,0.216,17500,0.5,0.045,-71.2,44.3,,1.0,0.009,2.89,,,,False,,ok,,,,,,1.923,,44100,PASS,0.0,0.6659,True,,-115.9,96.6,,,,MASTERING_EDGE,,17270,678,5
fd-exchange-v2-2026-08-0207.flac,clear,GENUINE,44100,5295972,,,,60.0,1.0,whole,1/1,1,60.0,0.0,1.536,16.4103,5.4763,12.0641,2.0481,8.3818,2.0473,3,0.8104238628073472,0.8176030996250836,576,9345.4,—,True,16,16,PASS,"No shelf (16k drop=20.0dB, 20k drop=27.8dB)",18.0,2.274,,,21724.0,429.3,False,,4,,False,,0.149,22000,10.2,0.109,-35.9,6.9,,1.0,0.305,4.728,21776.0,304.4,,False,,ok,1500.0,,,,,62.161,,44100,PASS,0.5354,0.9308,True,,-80.1,59.6,,,,NO_WALL,,,,5
fd-exchange-v2-2026-08-0208.flac,flagged,SUSPECT,44100,3698473,BRICKWALL_20K;HF_SEAM_0.68;LOW_ROLLOFF_5.9KHZ;STEREO_AAC_DOUBT_0.00,,,49.27,1.0,whole,1/1,1,49.27,0.0,0.9548,3.0529,2.9942,3.7369,0.9662,1.0082,0.9662,0,0.9850344191733706,0.9850344191733706,576,5921.6,—,True,16,16,FAKE_320K,"20kHz shelf (drop=44.2dB, whole-track)",50.0,3.036,,,,,,,,,False,,0.369,20000,36.6,-0.012,-58.7,17.9,,1.0,-0.057,4.66,20047.0,63.4,0.0,False,,ok,1500.0,,,,,45.328,,44100,PASS,0.0,0.7857,True,,-117.5,91.9,,,,NO_WALL,,,,5
fd-exchange-v2-2026-08-0209.flac,flagged,SUSPECT,44100,1786078,HF_DECOUPLED_0.14;LOW_ROLLOFF_4.4KHZ;STEREO_AAC_DOUBT_0.00;AAC_LATTICE_43pct,,,29.4,1.0,whole,1/1,1,29.4,0.0,0.8773,5.796,3.9297,5.2598,3.014,3.7407,2.9117,26,0.6567024168460485,0.6663536486933275,576,4392.8,—,True,16,16,PASS,"No shelf (16k drop=10.7dB, 20k drop=25.9dB)",11.0,2.217,,,,,,,,,False,,0.449,22000,9.2,0.002,-29.9,5.5,,1.0,0.114,29.798,21512.0,0.0,1.3,False,,ok,1500.0,,,False,False,25.632,,44100,PASS,0.0,0.1149,True,,-110.5,75.7,,,,NO_WALL,,,,3
fd-exchange-v2-2026-08-0210.flac,flagged,SUSPECT,44100,4962402,BRICKWALL_20K;HF_DECOUPLED_-0.22;HF_SEAM_0.74;LOW_ROLLOFF_6.2KHZ;STEREO_AAC_DOUBT_0.00;DEAD_STRUCTURE_MAXRUN_230;DEADRUN_UNCORROBORATED_5.95;BAND_LIMIT_LOW_16500HZ_25DB;LOWBAND_WALL_SHADOW_24.8,,,60.0,1.0,whole,1/1,1,60.0,0.0,0.1561,0.4782,4.5427,4.5767,0.7122,0.689,0.7122,0,0.56323223963565,0.56323223963565,576,6244.6,—,True,16,16,FAKE_320K,"20kHz shelf (drop=63.0dB, whole-track)",230.0,5.948,,,,,,,,,False,,0.309,16500,19.1,-0.106,-64.1,24.8,,1.0,-0.207,3.654,20015.0,0.0,-0.1,False,,ok,1500.0,,,,,12.881,,44100,PASS,0.0,0.648,True,,-114.9,93.3,,,,MASTERING_EDGE,,16021,1082,5
fd-exchange-v2-2026-08-0211.flac,convicted,UPSCALE,44100,5363852,BRICKWALL_20K;LOW_ROLLOFF_6.6KHZ;CNN_DOUBT;STEREO_AAC_DOUBT_0.00;DEAD_STRUCTURE_MAXRUN_183;DEAD_STRUCTURE_MEANRUN_5.07;BAND_LIMIT_LOW_NOWALL_18500HZ;MS_CONDITIONAL_52;AAC_LATTICE_55pct,,,60.02,1.0,spread,2/2,2,60.0,0.0,0.3726,4.6987,5.8621,6.9307,1.8973,2.0387,1.6805,14,0.7156222963298327,0.7299743091398722,576,6643.0,—,True,16,16,FAKE_320K,"20kHz shelf (drop=43.9dB, whole-track)",183.0,5.068,,,,,,,,,False,,0.343,18500,7.5,-0.18,-44.9,9.3,,1.0,-0.108,52.016,21665.0,158.8,,False,,ok,1500.0,,,True,True,5.451,,44100,PASS,0.0,0.7704,True,MEANRUN_CEILING 5.07 vs 5.00 (+0.07),-112.5,93.1,,,,MASTERING_EDGE,,17932,1410,5
fd-exchange-v2-2026-08-0212.flac,flagged,SUSPECT,44100,6562231,BRICKWALL_20K;HF_DECOUPLED_0.13;HF_SEAM_0.75;CNN_DOUBT;STEREO_AAC_DOUBT_0.00;DEAD_STRUCTURE_MAXRUN_239;DEADRUN_UNCORROBORATED_7.24;BAND_LIMIT_LOW_NOWALL_17500HZ,,,60.0,1.0,whole,1/1,1,60.0,0.0,0.3235,3.6788,8.6283,9.4214,1.2643,1.2859,1.2643,0,0.6671448019085258,0.6671448019085258,576,9689.9,—,True,16,16,FAKE_320K,"20kHz shelf (drop=61.2dB, whole-track)",239.0,7.241,,,,,,,,,False,,0.259,17500,28.8,-0.099,-74.9,14.4,,1.0,-0.569,8.31,20018.0,16.0,0.6,False,,ok,1500.0,,,,,7.822,,44100,PASS,0.0001,0.154,True,,-115.4,99.7,,,,DARK_REF,,20193,,5
fd-exchange-v2-2026-08-0213.flac,clear,GENUINE,44100,5778196,LOW_ROLLOFF_7.8KHZ,,,60.0,1.0,whole,1/1,1,60.0,0.0,0.9977,9.8521,6.7646,9.8673,2.868,8.3838,2.7048,310,0.6940272081716394,0.7108235614218881,576,7795.0,—,True,16,16,PASS,"No shelf (16k drop=22.1dB, 20k drop=35.4dB)",10.0,2.23,,,,,,,,,False,,0.472,21500,10.0,0.656,-38.8,1.6,,1.0,0.397,16.203,,,,False,,ok,,,,,,39.006,,44100,PASS,0.5573,0.2255,True,,-76.5,59.1,,,,NO_WALL,,,,5
fd-exchange-v2-2026-08-0214.flac,flagged,SUSPECT,44100,5414281,BRICKWALL_20K;LOW_ROLLOFF_6.7KHZ;CNN_DOUBT;STEREO_AAC_DOUBT_0.00;DEAD_STRUCTURE_MAXRUN_177;DEADRUN_UNCORROBORATED_5.12,,,60.0,1.0,whole,1/1,1,60.0,0.0,0.5903,6.7881,5.7286,7.4044,1.8867,2.3447,1.7906,13,0.7255703090401124,0.7378501544122655,576,6718.4,—,True,16,16,FAKE_320K,"20kHz shelf (drop=48.2dB, whole-track)",177.0,5.118,,,,,,,,,False,,0.343,20000,23.2,-0.165,-53.9,16.0,,1.0,-0.106,1.871,20080.0,450.8,9.9,False,,ok,1500.0,,,,,15.697,,44100,PASS,0.0,0.7707,True,MEANRUN_CEILING 5.12 vs 5.00 (+0.12),-111.7,92.3,,,,NO_WALL,,,,5
fd-exchange-v2-2026-08-0215.flac,flagged,SUSPECT,44100,5151588,BRICKWALL_20K;HF_SEAM_0.69;LOW_ROLLOFF_6.8KHZ;BAND_LIMIT_LOW_16500HZ_27DB;AAC_LATTICE_14pct;LOWBAND_WALL_SHADOW_27.2,,,60.02,1.0,spread,2/2,2,60.0,0.0,0.6942,0.6955,1.8793,1.8709,2.3267,2.3428,2.335,345,0.6092168358747593,0.6260281336095724,576,6783.0,—,True,16,16,FAKE_320K,"20kHz shelf (drop=46.9dB, whole-track)",23.0,2.467,,,,,,,,,False,,0.455,16500,0.6,0.439,-46.9,27.2,,1.0,0.874,27.924,,,,False,,ok,,,,False,False,8.198,,44100,PASS,0.2893,0.918,True,,-99.6,79.4,,,,NO_WALL,,,,5
fd-exchange-v2-2026-08-0216.flac,clear,GENUINE,44100,6694411,,,,60.02,1.0,spread,2/2,2,60.0,0.0,2.2771,21.9407,7.6408,15.7074,3.3078,15.3937,3.275,490,0.874273004834267,0.8962767211302889,576,9517.7,—,True,16,16,PASS,"No shelf (16k drop=21.2dB, 20k drop=11.4dB)",2.0,,,,,,,,,,False,,0.441,22000,-9.0,-0.005,-11.4,11.7,,1.0,-0.16,5.122,,,,False,,ok,,,,,,37.907,,44100,PASS,0.9036,-0.0853,True,,-73.2,50.7,,,,NO_WALL,,,,5
fd-exchange-v2-2026-08-0217.flac,flagged,SUSPECT,44100,6021239,BRICKWALL_20K;HF_DECOUPLED_0.13;HF_SEAM_0.72;CNN_DOUBT;STEREO_AAC_DOUBT_0.00;DEAD_STRUCTURE_MAXRUN_268;DEAD_STRUCTURE_MEANRUN_6.56;BAND_LIMIT_LOW_18500HZ_24DB;MS_CONDITIONAL_56,,,60.0,1.0,whole,1/1,1,60.0,0.0,0.096,1.2565,7.6235,7.9594,2.6188,2.6519,2.6188,0,0.6423600836174442,0.6423600836174442,576,10551.3,—,True,16,16,FAKE_320K,"20kHz shelf (drop=67.7dB, whole-track)",268.0,6.563,,,,,,,,,False,,0.255,18500,34.7,-0.257,-74.6,23.5,,1.0,-0.353,55.892,,,,False,,ok,,,,,,9.263,,44100,PASS,0.0,0.5858,True,,-115.2,94.9,,,,MASTERING_EDGE,,17603,991,5
fd-exchange-v2-2026-08-0218.flac,convicted,UPSCALE,44100,6145524,LOW_ROLLOFF_5.3KHZ;CNN_DOUBT;STEREO_AAC_DOUBT_0.00;DEAD_STRUCTURE_MAXRUN_276;DEAD_STRUCTURE_MEANRUN_26.10;AAC_LATTICE_57pct,,,60.02,1.0,spread,2/2,2,60.0,0.0,0.587,4.4078,4.6535,5.9473,1.8416,2.039,1.7315,133,0.5979735395665221,0.6162336312417088,576,5318.7,—,True,16,16,PASS,"No shelf (16k drop=17.7dB, 20k drop=31.0dB)",276.0,26.097,,,,,,,,,False,,0.423,21000,20.2,0.202,-40.8,9.8,,1.0,0.773,40.779,20505.0,277.0,7.0,False,,ok,1500.0,,,True,True,11.899,,44100,PASS,0.0,0.5635,True,,-98.8,86.1,,,,NO_WALL,,,,5
fd-exchange-v2-2026-08-0219.flac,flagged,SUSPECT,44100,5225526,BRICKWALL_20K;LOW_ROLLOFF_7.3KHZ;CNN_DOUBT;BAND_LIMIT_LOW_NOWALL_19500HZ;AAC_LATTICE_14pct,,,60.0,1.0,whole,1/1,1,60.0,0.0,0.6343,6.3955,3.9615,5.676,1.3897,2.1366,1.4976,137,0.5135248595932846,0.5192503008555045,576,7321.3,—,True,16,16,FAKE_320K,"20kHz shelf (drop=46.3dB, whole-track)",31.0,2.712,,,,,,,,,False,,0.225,19500,25.3,0.919,-55.2,7.0,,1.0,0.749,4.638,21420.0,258.0,0.5,False,,ok,1500.0,,,False,False,9.075,,44100,PASS,0.322,0.8189,True,,-111.4,88.4,,,,NO_WALL,,,,5
fd-exchange-v2-2026-08-0220.flac,flagged,SUSPECT,44100,6313305,BRICKWALL_20K;HF_SEAM_0.97;LOW_ROLLOFF_7.3KHZ;CNN_DOUBT;STEREO_AAC_DOUBT_0.00;DEAD_STRUCTURE_MAXRUN_314;DEAD_STRUCTURE_MEANRUN_24.38;BAND_LIMIT_LOW_17500HZ_47DB;MP3_IDEM_R2.23_17500;LOWBAND_WALL_SHADOW_46.9,,,60.02,1.0,spread,2/2,2,60.0,0.0,0.1772,4.6838,3.5133,6.4756,2.2098,2.3426,2.3784,187,0.673269159973147,0.6886610825781553,576,7342.8,—,True,16,16,FAKE_320K,"20kHz shelf (drop=62.2dB, whole-track)",314.0,24.376,,,,,,,,,False,,0.251,17500,3.3,0.232,-62.5,46.9,,1.0,0.523,40.119,,,,False,,ok,,,,,,6.054,,44100,PASS,0.0,0.7019,True,,-115.3,99.4,,1.0,4.5,silent,49.0,17280,59,5
fd-exchange-v2-2026-08-0221.flac,flagged,SUSPECT,44100,5835226,LOW_ROLLOFF_6.1KHZ;STEREO_AAC_DOUBT_0.00,,,60.02,1.0,spread,2/2,2,60.0,0.0,1.1825,10.5552,3.5862,7.7591,1.768,3.5123,1.649,47,0.41648784197775535,0.4239649540344535,576,6115.4,—,True,16,16,PASS,"No shelf (16k drop=16.6dB, 20k drop=28.9dB)",70.0,4.148,,,21644.0,42.0,False,1.3,12,1500.0,False,,0.323,22000,7.4,0.644,-30.9,2.8,,1.0,0.878,40.513,21662.0,41.3,,False,,ok,1500.0,,,,,45.138,,44100,PASS,0.0,0.9224,True,,-86.8,70.7,,,,NO_WALL,,,,5
fd-exchange-v2-2026-08-0222.flac,flagged,SUSPECT,44100,5671252,BRICKWALL_20K;HF_SEAM_0.97;LOW_ROLLOFF_6.3KHZ;CNN_DOUBT;STEREO_AAC_DOUBT_0.00;DEAD_STRUCTURE_MAXRUN_224;DEAD_STRUCTURE_MEANRUN_7.58;BAND_LIMIT_LOW_17500HZ_44DB;MS_CONDITIONAL_62;MP3_IDEM_R1.87_17500;MP3_IDEM_FIRE_17500;LOWBAND_WALL_SHADOW_43.9,,,60.02,1.0,spread,2/2,2,60.0,0.0,0.5643,6.6098,3.0499,5.1518,1.8514,1.9545,1.9078,565,0.5433766158777592,0.5603636353560159,576,6266.2,—,True,16,16,FAKE_320K,"20kHz shelf (drop=63.9dB, whole-track)",224.0,7.58,,,,,,,,,False,,0.322,17500,0.8,0.537,-64.6,43.9,,1.0,0.875,62.261,,,,False,,ok,,,,,,7.162,,44100,PASS,0.0,0.9232,True,MEANRUN_SOLO 7.58 vs 8.00 (-0.42),-116.0,99.9,,,,MASTERING_EDGE,,17275,743,5
fd-exchange-v2-2026-08-0223.flac,clear,GENUINE,44100,6725662,,,,60.0,1.0,whole,1/1,1,60.0,0.0,1.8,21.6231,7.6007,15.6248,1.1694,15.3927,1.1694,0,0.6361367048703714,0.6361367048703714,576,9668.4,—,True,16,16,PASS,"No shelf (16k drop=22.6dB, 20k drop=12.7dB)",78.0,3.331,,,22034.0,2.1,False,,11,,False,,0.44,22000,-8.5,-0.004,-12.7,10.8,,1.0,-0.159,10.051,22034.0,2.3,,False,,ok,315.0,,,,,40.381,,44100,PASS,0.9851,-0.0848,True,MAXRUN_CEILING 78.00 vs 80.00 (-2.00),-72.3,49.8,,,,NO_WALL,,,,5
fd-exchange-v2-2026-08-0224.flac,flagged,SUSPECT,44100,4283619,BRICKWALL_20K;HF_DECOUPLED_-0.17;HF_SEAM_0.77;LOW_ROLLOFF_1.9KHZ;STEREO_AAC_DOUBT_0.00;DEAD_STRUCTURE_MAXRUN_141;BAND_LIMIT_LOW_NOWALL_19000HZ,,,60.0,1.0,whole,1/1,1,60.0,0.0,0.519,1.0778,2.5095,2.6093,1.8239,1.8291,1.763,558,0.3926558028984674,0.4033622458599492,576,1873.4,—,True,16,16,FAKE_320K,"20kHz shelf (drop=50.0dB, whole-track)",141.0,4.534,,,,,,,,,False,,0.479,19000,22.1,0.074,-53.2,12.4,,1.0,0.095,7.287,,,,False,,ok,,,,,,52.883,,44100,PASS,0.0041,0.8935,True,MEANRUN_CEILING 4.53 vs 5.00 (-0.47),-114.6,97.6,,,,NO_WALL,,,,5
fd-exchange-v2-2026-08-0225.flac,flagged,SUSPECT,44100,6129655,BRICKWALL_20K;CNN_DOUBT;STEREO_AAC_DOUBT_0.00;DEAD_STRUCTURE_MAXRUN_209;DEADRUN_UNCORROBORATED_7.20;BAND_LIMIT_LOW_NOWALL_19500HZ,,,60.0,1.0,whole,1/1,1,60.0,0.0,0.5589,11.1161,8.7723,11.8998,2.8736,5.9277,2.9032,326,0.8342887291613906,0.8544395853563915,576,10637.4,—,True,16,16,FAKE_320K,"20kHz shelf (drop=46.1dB, whole-track)",209.0,7.195,,,,,,,,,False,,0.253,19500,26.2,-0.252,-57.0,6.4,,1.0,-0.355,14.978,20494.0,421.9,11.5,False,,ok,1500.0,,,,,26.512,,44100,PASS,0.0,0.5896,True,,-91.0,71.0,,,,MASTERING_EDGE,,21022,1567,5
fd-exchange-v2-2026-08-0226.flac,convicted,UPSCALE,44100,6940558,BRICKWALL_20K;HF_DECOUPLED_0.13;HF_SEAM_0.69;LOW_ROLLOFF_6.5KHZ;CNN_DOUBT;STEREO_AAC_DOUBT_0.00;DEAD_STRUCTURE_MAXRUN_192;DEAD_STRUCTURE_MEANRUN_32.50;BAND_LIMIT_LOW_19000HZ_37DB;MP3_CONJ_BASE_19000;MP3_CONJ_WALLLEG_W36.6_K5.31,,,60.0,1.0,whole,1/1,1,60.0,0.0,0.7526,13.1263,6.3168,11.1558,1.7078,2.2494,1.6472,329,0.5243720092296911,0.5397298139727784,576,6470.7,—,True,16,16,FAKE_320K,"20kHz shelf (drop=65.1dB, whole-track)",192.0,32.504,,,,,,,,,False,,0.238,19000,45.0,-0.647,-65.1,36.6,,1.0,0.854,2.546,,,,False,,ok,,,,,,6.153,,44100,PASS,0.0,0.9608,True,,-115.8,102.1,,,8.2,silent,48.5,18933,339,5
fd-exchange-v2-2026-08-0227.flac,convicted,UPSCALE,44100,5371649,BRICKWALL_20K;HF_SEAM_0.78;CNN_DOUBT;STEREO_AAC_DOUBT_0.00;DEAD_STRUCTURE_MAXRUN_147;BAND_LIMIT_LOW_19000HZ_52DB;MP3_CONJ_BASE_19000;MP3_CONJ_WALLLEG_W51.5_K5.40,,,60.0,1.0,whole,1/1,1,60.0,0.0,0.3054,3.9811,5.283,7.9093,2.313,2.3604,2.313,0,0.619012942560216,0.619012942560216,576,9560.7,—,True,16,16,FAKE_320K,"20kHz shelf (drop=67.8dB, whole-track)",147.0,4.569,,,,,,,,,False,,0.322,19000,50.8,0.006,-67.8,51.5,,1.0,-0.004,43.469,,,,False,,ok,,,,,,207.881,,44100,PASS,0.0,0.84,True,MEANRUN_CEILING 4.57 vs 5.00 (-0.43),-115.2,93.2,,,5.0,silent,34.4,18804,301,5
fd-exchange-v2-2026-08-0228.flac,flagged,SUSPECT,44100,5252690,BRICKWALL_20K;LOW_ROLLOFF_5.1KHZ;STEREO_AAC_DOUBT_0.00;DEAD_STRUCTURE_MAXRUN_174;DEADRUN_UNCORROBORATED_5.96;BAND_LIMIT_LOW_NOWALL_19500HZ,,,60.0,1.0,whole,1/1,1,60.0,0.0,0.7816,4.6271,4.6534,5.6305,1.3644,1.7106,1.4193,258,0.7651534112678104,0.7801124850264275,576,5092.6,—,True,16,16,FAKE_320K,"20kHz shelf (drop=44.4dB, whole-track)",174.0,5.957,,,,,,,,,False,,0.359,19500,22.5,-0.068,-53.2,10.5,,1.0,0.108,4.707,20602.0,500.8,6.1,False,,ok,1500.0,,,,,21.37,,44100,PASS,0.0,0.763,True,,-106.6,87.0,,,,NO_WALL,,,,5
fd-exchange-v2-2026-08-0229.flac,clear,GENUINE,44100,3399859,LOW_ROLLOFF_5.5KHZ,,,38.52,1.0,whole,1/1,1,38.52,0.0,1.6256,14.2587,4.2589,8.889,3.3262,9.9294,3.4684,147,0.7874905492625002,0.7998863138081465,576,5544.8,—,True,16,16,PASS,"No shelf (16k drop=12.0dB, 20k drop=18.1dB)",5.0,2.067,,,,,,,,,False,,0.393,22000,3.5,-0.054,-18.9,3.7,,1.0,0.048,20.358,,,,False,,ok,,,,,,18.371,,44100,PASS,0.8385,0.115,True,,-87.1,64.3,,,,NO_WALL,,,,4
fd-exchange-v2-2026-08-0230.flac,flagged,SUSPECT,44100,5543435,BRICKWALL_20K;HF_SEAM_0.92;STEREO_AAC_DOUBT_0.00;DEAD_STRUCTURE_MAXRUN_279;DEAD_STRUCTURE_MEANRUN_5.23;MS_CONDITIONAL_67;MP3_CONJ_BASE_20000;OPUS_EDGE_FIRE_20080_W375_F0.8,,,60.0,1.0,whole,1/1,1,60.0,0.0,1.2435,14.0435,3.225,9.4563,0.9103,1.1386,0.9103,0,0.2779219861998127,0.2779219861998127,576,8957.8,—,True,16,16,FAKE_320K,"20kHz shelf (drop=42.4dB, whole-track)",279.0,5.227,,,,,,,,,False,,0.349,20000,50.0,0.998,-80.4,9.2,,1.0,0.965,67.125,20080.0,16.0,0.8,True,0.1475,ok,375.0,,,,,33.261,,44100,PASS,0.0,0.9539,True,MEANRUN_CEILING 5.23 vs 5.00 (+0.23),-114.9,98.4,,,,MASTERING_EDGE,,20117,1287,5
fd-exchange-v2-2026-08-0231.flac,flagged,SUSPECT,44100,3976181,LOW_ROLLOFF_5.8KHZ;AAC_LATTICE_18pct,,,57.21,0.9999,whole,1/1,1,57.21,0.0,0.9022,0.8717,2.3646,2.3366,1.9456,1.9427,1.9911,6,0.5515565948278095,0.5548738158420458,576,5792.4,—,True,16,16,PASS,"No shelf (16k drop=34.5dB, 20k drop=38.1dB)",12.0,2.128,,,,,,,,,False,,0.392,22000,-1.7,0.687,-38.1,-1.1,,1.0,0.707,27.19,,,,False,,ok,,,,False,False,13.877,,44100,PASS,0.7179,0.7808,True,,-98.9,69.7,,,,NO_WALL,,,,5
fd-exchange-v2-2026-08-0232.flac,flagged,SUSPECT,44100,4449540,BRICKWALL_20K;HF_SEAM_0.67;LOW_ROLLOFF_7.1KHZ;BAND_LIMIT_LOW_16000HZ_29DB;LOWBAND_WALL_SHADOW_28.8,,,60.02,1.0,spread,2/2,2,60.0,0.0,0.682,0.7121,4.0711,4.0525,2.4613,2.4761,2.4166,111,0.7307782216994818,0.7397272684455336,576,7052.1,—,True,16,16,FAKE_320K,"20kHz shelf (drop=46.6dB, whole-track)",9.0,2.107,,,,,,,,,False,,0.359,16000,-0.5,-0.096,-46.7,28.8,,1.0,0.069,15.134,,,,False,,ok,,,,,,12.699,,44100,PASS,0.4338,0.5732,True,,-101.6,74.4,,,,NO_WALL,,,,5
fd-exchange-v2-2026-08-0233.flac,flagged,SUSPECT,48000,3920803,BRICKWALL_20K;HF_DECOUPLED_-0.08;HF_SEAM_0.82;AI_SR_48000;LOW_ROLLOFF_3.4KHZ;STEREO_AAC_DOUBT_0.00;DEAD_STRUCTURE_MAXRUN_260;DEADRUN_UNCORROBORATED_6.42;BAND_LIMIT_LOW_NOWALL_17500HZ,,,60.02,1.0,spread,2/2,2,60.01,0.0,0.2288,0.1916,1.1748,1.1606,2.3143,2.3108,2.4276,494,0.28131689548932354,0.29959171304511834,576,3421.9,—,True,16,16,FAKE_320K,"20kHz shelf (drop=44.4dB, whole-track)",260.0,6.418,,,,,,,,,False,,0.34,17500,-0.4,0.292,-44.6,16.7,,1.0,-0.407,12.902,,,,False,,ok,,,,,,33.559,,48000,PASS,0.0032,0.806,True,,-116.8,99.6,,,,,,,,5
fd-exchange-v2-2026-08-0234.flac,convicted,UPSCALE,44100,6644335,HF_SEAM_0.85;CNN_DOUBT;STEREO_AAC_DOUBT_0.00;DEADRUN_UNCORROBORATED_86;MP3_CONJ_BASE_20500;MP3_CONJ_WALLLEG_W42.3_K5.59;OPUS_EDGE_FIRE_20074_W393_F2.6,,,60.0,1.0,whole,1/1,1,60.0,0.0,1.2806,18.5349,7.1611,13.341,0.8651,1.4028,0.8651,0,0.5958195015466938,0.5958195015466938,576,9474.6,—,True,16,16,PASS,"No shelf (16k drop=23.6dB, 20k drop=29.7dB)",86.0,4.916,,,,,,,,,False,,0.439,20500,42.9,-0.002,-64.2,42.3,,1.0,-0.159,5.878,20074.0,3.0,2.6,True,0.3618,ok,393.0,,,,,22.901,,44100,PASS,0.0002,-0.0849,True,MEANRUN_CEILING 4.92 vs 5.00 (-0.08),-116.2,93.7,,,2.9,silent,43.9,20187,199,5
fd-exchange-v2-2026-08-0235.flac,flagged,SUSPECT,44100,6054415,LOW_ROLLOFF_6.3KHZ;STEREO_AAC_DOUBT_0.00,,,60.02,1.0,spread,2/2,2,60.0,0.0,1.018,5.7097,6.9231,8.5118,2.0339,2.1773,2.0425,428,0.8028923902700024,0.82561491966622,576,6320.0,—,True,16,16,PASS,"No shelf (16k drop=9.2dB, 20k drop=30.7dB)",64.0,3.439,,,21592.0,270.7,False,,11,,False,,0.49,21500,13.0,-0.123,-36.4,9.6,,1.0,-0.623,25.298,21603.0,139.8,,False,,ok,1500.0,,,,,41.762,,44100,PASS,0.0,0.8692,True,,-87.7,76.1,,,,NO_WALL,,,,5
fd-exchange-v2-2026-08-0236.flac,flagged,SUSPECT,44100,1914865,BRICKWALL_20K;LOW_ROLLOFF_6.4KHZ;CNN_DOUBT;STEREO_AAC_DOUBT_0.00;DEADRUN_UNCORROBORATED_97,,,26.91,1.0,whole,1/1,1,26.91,0.0,0.8806,9.056,5.1877,8.1822,2.8824,2.9139,2.6616,573,0.32296432622738436,0.33053275238959257,576,6406.1,—,True,16,16,FAKE_320K,"20kHz shelf (drop=44.5dB, whole-track)",97.0,4.222,,,,,,,,,False,,0.353,20000,23.7,-0.007,-44.5,21.5,,1.0,-0.13,2.633,20115.0,110.4,4.0,False,,ok,1500.0,,,,,64.416,,44100,PASS,0.0,-0.1391,True,MAXRUN_SOLO 97.00 vs 100.00 (-3.00),-116.6,85.5,,,,NO_WALL,,,,3
fd-exchange-v2-2026-08-0237.flac,flagged,SUSPECT,44100,5773899,STEREO_AAC_DOUBT_0.00;DEAD_STRUCTURE_MAXRUN_287;MS_CONDITIONAL_75,,,60.0,1.0,whole,1/1,1,60.0,0.0,2.2192,17.5387,1.931,15.6398,2.449,17.6837,3.0823,51,0.3648743412085868,0.3697628365408815,576,14190.4,—,True,16,16,PASS,"No shelf (16k drop=6.2dB, 20k drop=16.0dB)",287.0,4.044,,,22034.0,7.9,False,,11,,False,,0.182,22000,4.7,0.997,-17.0,0.0,,1.0,0.991,75.428,22036.0,8.1,,False,,ok,1500.0,,,,,199.953,,44100,PASS,0.0,0.9866,True,,-57.7,36.8,,,,NO_WALL,,,,5
fd-exchange-v2-2026-08-0238.flac,flagged,SUSPECT,44100,6287923,PHASE_ISSUE;HF_SEAM_0.66;CNN_DOUBT;STEREO_AAC_DOUBT_0.00;DEAD_STRUCTURE_MAXRUN_229;DEAD_STRUCTURE_MEANRUN_8.07,,,60.0,1.0,whole,1/1,1,60.0,0.0,0.8308,12.6349,5.3136,10.479,2.1868,3.6615,2.2535,35,0.7834727157091419,0.7988616886480245,576,9237.7,—,True,16,16,PASS,"No shelf (16k drop=8.4dB, 20k drop=27.0dB)",229.0,8.073,,,20634.0,352.8,False,,11,,False,,0.217,21500,23.4,0.024,-39.6,18.9,,1.0,0.032,3.267,20726.0,345.3,24.3,False,,ok,1266.0,,,,,49.142,,44100,PHASE_ISSUE,0.0,-0.2245,True,MEANRUN_SOLO 8.07 vs 8.00 (+0.07),-96.5,76.7,,,,MASTERING_EDGE,,21178,1448,5
fd-exchange-v2-2026-08-0239.flac,flagged,SUSPECT,44100,4240369,FAKE_STEREO;STEREO_AAC_DOUBT_0.00;DEAD_STRUCTURE_MAXRUN_173;MS_CONDITIONAL_57;AAC_LATTICE_14pct,,,60.02,1.0,spread,2/2,2,60.0,0.0,2.9857,17.3478,2.2659,13.828,2.2882,16.6101,2.1215,560,0.28511816672093226,0.30030843291425724,576,9829.9,—,True,16,16,PASS,"No shelf (16k drop=10.7dB, 20k drop=16.9dB)",173.0,2.562,,,21536.0,109.2,False,3.5,12,1500.0,False,,0.207,22000,8.9,0.987,-20.4,11.1,,1.0,1.0,57.441,21574.0,138.1,2.0,False,,ok,1500.0,,,False,True,185.578,,44100,FAKE_STEREO,0.0002,0.9998,True,,-72.7,51.3,,,,NO_WALL,,,,5
fd-exchange-v2-2026-08-0240.flac,flagged,SUSPECT,44100,7836802,HF_SEAM_0.68;STEREO_AAC_DOUBT_0.00;DEADRUN_UNCORROBORATED_97;DEADRUN_UNCORROBORATED_6.97;MP3_CONJ_BASE_20500,,,60.0,1.0,whole,1/1,1,60.0,0.0,3.3556,9.1414,7.6832,12.7017,5.1601,6.6195,4.8159,115,0.9743364251545613,0.9950542824006469,576,10594.3,—,True,16,16,PASS,"No shelf (16k drop=37.7dB, 20k drop=32.4dB)",97.0,6.965,,,,,,,,,False,,0.246,20500,88.1,0.193,-67.4,11.2,,1.0,0.692,1.465,20473.0,135.9,32.0,False,,ok,822.0,,,,,132.792,,44100,PASS,0.0008,0.9117,True,MAXRUN_SOLO 97.00 vs 100.00 (-3.00),-93.4,79.9,,1.0,17.1,silent,71.7,20812,371,5
fd-exchange-v2-2026-08-0241.flac,clear,GENUINE,44100,6717659,LOW_ROLLOFF_6.6KHZ,,,60.0,1.0,whole,1/1,1,60.0,0.0,1.4928,16.5868,5.2865,12.1694,2.3775,6.262,2.2845,9,0.8222460840652676,0.8296007342249921,576,6567.6,—,True,16,16,PASS,"No shelf (16k drop=15.9dB, 20k drop=28.0dB)",17.0,2.608,,,21528.0,11.9,False,-0.1,11,1500.0,False,,0.214,22000,13.5,-0.153,-34.2,10.9,,1.0,0.787,1.834,21541.0,15.8,-0.1,False,,ok,1500.0,,,,,24.378,,44100,PASS,0.5294,0.8101,True,,-84.9,69.3,,,,NO_WALL,,,,5
fd-exchange-v2-2026-08-0242.flac,flagged,SUSPECT,44100,5381894,BRICKWALL_20K;HF_SEAM_0.65;CNN_DOUBT;STEREO_AAC_DOUBT_0.00;DEAD_STRUCTURE_MAXRUN_378;DEAD_STRUCTURE_MEANRUN_8.03;BAND_LIMIT_LOW_NOWALL_18500HZ;MS_CONDITIONAL_68,,,60.0,1.0,whole,1/1,1,60.0,0.0,0.8917,9.7431,3.4765,7.3821,3.7505,3.7247,3.7505,0,0.2996912808181483,0.2996912808181483,576,8904.0,—,True,16,16,FAKE_320K,"20kHz shelf (drop=73.0dB, whole-track)",378.0,8.031,,,,,,,,,False,,0.349,18500,45.3,0.999,-73.0,16.2,,1.0,0.964,67.551,,,,False,,ok,,,,,,15.535,,44100,PASS,0.0,0.9538,True,MEANRUN_SOLO 8.03 vs 8.00 (+0.03),-113.5,96.7,,,,MASTERING_EDGE,,18642,1066,5
fd-exchange-v2-2026-08-0243.flac,flagged,SUSPECT,44100,5023658,BRICKWALL_20K;HF_SEAM_0.68;LOW_ROLLOFF_7.3KHZ;CNN_DOUBT;STEREO_AAC_DOUBT_0.00;DEADRUN_UNCORROBORATED_88;BAND_LIMIT_LOW_NOWALL_18500HZ;AAC_LATTICE_58pct,,,60.02,1.0,spread,2/2,2,60.0,0.0,0.1322,3.4203,4.0496,4.8404,1.5473,1.7572,1.4576,11,0.49881830174393893,0.5077954364429565,576,7289.0,—,True,16,16,FAKE_320K,"20kHz shelf (drop=58.5dB, whole-track)",88.0,3.804,,,,,,,,,False,,0.225,18500,20.0,0.934,-58.5,12.2,,1.0,0.751,46.398,,,,False,,ok,,,,False,False,3.417,,44100,PASS,0.0,0.8196,True,MS_COND_CEILING 46.40 vs 48.00 (-1.60),-115.7,93.1,,,,NO_WALL,,,,5
fd-exchange-v2-2026-08-0244.flac,convicted,UPSCALE,44100,6695251,HF_SEAM_0.81;LOW_ROLLOFF_6.5KHZ;CNN_DOUBT;STEREO_AAC_DOUBT_0.00;DEADRUN_UNCORROBORATED_94;DEADRUN_UNCORROBORATED_7.80;MP3_CONJ_BASE_20500;MP3_CONJ_WALLLEG_W39.0_K5.44;OPUS_EDGE_FIRE_20037_W518_F9.3,,,60.0,1.0,whole,1/1,1,60.0,0.0,1.2652,16.0301,5.2262,11.8155,2.2447,4.8241,2.3225,72,0.8209442923805486,0.8230728998628815,576,6535.3,—,True,16,16,PASS,"No shelf (16k drop=16.0dB, 20k drop=36.4dB)",94.0,7.803,,,,,,,,,False,,0.209,20500,44.9,-0.158,-65.5,39.0,,1.0,0.788,4.969,20037.0,6.0,9.3,True,0.2177,ok,518.0,,,,,19.129,,44100,PASS,0.0,0.8107,True,MEANRUN_SOLO 7.80 vs 8.00 (-0.20),-116.2,100.6,,,,DARK_REF,,20214,,5
fd-exchange-v2-2026-08-0245.flac,flagged,SUSPECT,44100,3896157,BRICKWALL_20K;HF_SEAM_0.63;LOW_ROLLOFF_5.8KHZ;STEREO_AAC_DOUBT_0.04;BAND_LIMIT_LOW_NOWALL_19000HZ,,,57.21,0.9999,whole,1/1,1,57.21,0.0,0.6574,0.6413,2.2965,2.2732,1.9343,1.9337,2.1982,173,0.5445560596587644,0.5540355589523627,576,5792.4,—,True,16,16,FAKE_320K,"20kHz shelf (drop=47.6dB, whole-track)",31.0,2.829,,,,,,,,,False,,0.392,19000,16.5,0.698,-55.5,1.5,,1.0,0.706,1.738,20220.0,43.3,0.0,False,,ok,1500.0,,,,,6.887,,44100,PASS,0.0445,0.7803,True,,-114.5,85.4,,,,NO_WALL,,,,5
fd-exchange-v2-2026-08-0246.flac,flagged,SUSPECT,44100,5655325,STEREO_AAC_DOUBT_0.00;DEAD_STRUCTURE_MAXRUN_324;MS_CONDITIONAL_90;AAC_LATTICE_14pct,,,60.02,1.0,spread,2/2,2,60.0,0.0,1.6596,14.3523,3.224,9.7014,2.2425,4.9775,2.3202,553,0.3578161962759079,0.3742769826599741,576,8925.5,—,True,16,16,PASS,"No shelf (16k drop=20.4dB, 20k drop=33.3dB)",324.0,3.031,,,21681.0,72.6,False,,12,,False,,0.349,22000,4.6,0.997,-34.9,5.3,,1.0,0.965,90.238,21724.0,74.6,,False,,ok,1500.0,,,False,True,34.89,,44100,PASS,0.0,0.954,True,,-81.1,64.6,,,,NO_WALL,,,,5
fd-exchange-v2-2026-08-0247.flac,flagged,SUSPECT,44100,5442140,HF_SEAM_0.85;CNN_DOUBT;STEREO_AAC_DOUBT_0.00;OPUS_EDGE_FIRE_20034_W479_F0.5,,,60.0,1.0,whole,1/1,1,60.0,0.0,1.2443,15.2547,6.1509,12.0039,0.6116,0.7651,0.6116,0,0.5723483332215675,0.5723483332215675,576,10637.4,—,True,16,16,PASS,"No shelf (16k drop=10.5dB, 20k drop=32.3dB)",32.0,2.843,,,,,,,,,False,,0.177,20500,37.8,-0.063,-56.4,34.0,,1.0,-0.431,2.137,20034.0,19.7,0.5,True,0.2512,ok,479.0,,,,,47.935,,44100,PASS,0.0001,0.7646,True,,-116.0,88.0,,,2.8,silent,36.2,20090,350,5
fd-exchange-v2-2026-08-0248.flac,flagged,SUSPECT,44100,6112097,BRICKWALL_20K;HF_DECOUPLED_0.04;HF_SEAM_0.79;STEREO_AAC_DOUBT_0.00;DEAD_STRUCTURE_MAXRUN_143;BAND_LIMIT_LOW_16500HZ_25DB;LOWBAND_WALL_SHADOW_24.8,,,60.0,1.0,whole,1/1,1,60.0,0.0,0.011,0.0903,6.3748,6.3778,1.4893,1.4966,1.4893,0,0.5404690285341947,0.5404690285341947,576,9259.3,—,True,16,16,FAKE_320K,"20kHz shelf (drop=64.1dB, whole-track)",143.0,4.889,,,,,,,,,False,,0.435,16500,17.1,-0.009,-64.4,24.8,,1.0,-0.158,30.546,,,,False,,ok,,,,,,1.794,,44100,PASS,0.0,-0.0844,True,MEANRUN_CEILING 4.89 vs 5.00 (-0.11),-116.2,93.5,,,,MASTERING_EDGE,,16037,1157,5
fd-exchange-v2-2026-08-0249.flac,flagged,SUSPECT,44100,5440184,LOW_ROLLOFF_5.2KHZ;STEREO_AAC_DOUBT_0.00,,,60.02,1.0,spread,2/2,2,60.0,0.0,1.4149,5.3535,4.7129,5.7744,1.2278,1.5505,1.4336,357,0.7771747932745438,0.7962378655759219,576,5211.0,—,True,16,16,PASS,"No shelf (16k drop=21.4dB, 20k drop=26.7dB)",48.0,2.506,,,,,,,,,False,,0.357,22000,6.7,-0.066,-31.7,5.8,,1.0,0.108,27.012,,,,False,,ok,,,,,,48.318,,44100,PASS,0.0,0.7631,True,,-90.1,70.4,,,,NO_WALL,,,,5
fd-exchange-v2-2026-08-0250.flac,convicted,UPSCALE,44100,6607913,BRICKWALL_20K;HF_SEAM_0.79;CNN_DOUBT;STEREO_AAC_DOUBT_0.00;DEAD_STRUCTURE_MAXRUN_173;DEAD_STRUCTURE_MEANRUN_11.55;MP3_CONJ_BASE_20000;MP3_CONJ_WALLLEG_W37.5_K7.23,,,60.0,1.0,whole,1/1,1,60.0,0.0,0.8504,12.9384,3.9138,12.067,2.5443,3.1576,2.5496,232,0.686526963951385,0.6983507236003287,576,8139.6,—,True,16,16,FAKE_320K,"20kHz shelf (drop=49.4dB, whole-track)",173.0,11.554,,,,,,,,,False,,0.25,20000,61.6,0.322,-67.2,37.5,,1.0,0.527,7.281,20004.0,0.0,3.8,False,,ok,402.0,,,,,79.971,,44100,PASS,0.0,0.701,True,,-115.3,99.4,,,,DARK_REF,,19714,,5
fd-exchange-v2-2026-08-0251.flac,flagged,SUSPECT,44100,3621285,BRICKWALL_20K;HF_DECOUPLED_0.03;HF_SEAM_0.74;LOW_ROLLOFF_5.7KHZ;STEREO_AAC_DOUBT_0.00;BAND_LIMIT_LOW_NOWALL_16000HZ,,,57.21,0.9999,whole,1/1,1,57.21,0.0,-0.1738,-0.1707,2.3554,2.3357,2.0136,2.0134,2.0136,0,0.4834600742066409,0.4834600742066409,576,5717.1,—,True,16,16,FAKE_320K,"20kHz shelf (drop=54.8dB, whole-track)",36.0,2.856,,,,,,,,,False,,0.391,16000,0.8,0.689,-55.0,10.6,,1.0,0.705,2.971,,,,False,,ok,,,,,,4.838,,44100,PASS,0.0,0.7799,True,,-114.2,85.1,,,,NO_WALL,,,,5
fd-exchange-v2-2026-08-0252.flac,flagged,SUSPECT,44100,5375060,BRICKWALL_20K;CNN_DOUBT;STEREO_AAC_DOUBT_0.00;DEAD_STRUCTURE_MAXRUN_201;DEADRUN_UNCORROBORATED_6.28;BAND_LIMIT_LOW_NOWALL_18500HZ,,,60.0,1.0,whole,1/1,1,60.0,0.0,0.2322,5.3058,5.2107,6.4506,1.9087,2.2761,1.9592,559,0.674487126010716,0.6837768472558161,576,8225.7,—,True,16,16,FAKE_320K,"20kHz shelf (drop=53.3dB, whole-track)",201.0,6.283,,,,,,,,,False,,0.217,18500,29.8,-0.036,-68.2,12.6,,1.0,0.004,2.049,20077.0,72.7,7.1,False,,ok,1500.0,,,,,8.869,,44100,PASS,0.0,0.6638,True,,-113.4,93.7,,,,NO_WALL,,,,5
fd-exchange-v2-2026-08-0253.flac,flagged,SUSPECT,48000,5715765,BRICKWALL_20K;HF_SEAM_0.62;AI_SR_48000;LOW_ROLLOFF_5.4KHZ;CNN_DOUBT;STEREO_AAC_DOUBT_0.00;DEAD_STRUCTURE_MAXRUN_289;DEAD_STRUCTURE_MEANRUN_8.38;BAND_LIMIT_LOW_19000HZ_27DB;MP3_IDEM_R4.29_19000,,,60.0,1.0,whole,1/1,1,60.0,0.0,0.0657,0.919,5.2778,5.5692,2.8438,2.8721,2.8615,408,0.5953482046623518,0.6079034988385801,576,5449.2,—,True,16,16,FAKE_320K,"20kHz shelf (drop=56.3dB, whole-track)",289.0,8.376,,,,,,,,,False,,0.207,19000,27.7,0.135,-56.3,26.6,,1.0,0.731,4.828,,,,False,,ok,,,,,,11.204,,48000,PASS,0.0,0.7032,True,MEANRUN_SOLO 8.38 vs 8.00 (+0.38),-113.6,101.3,,,,,,,,5
fd-exchange-v2-2026-08-0254.flac,flagged,SUSPECT,44100,6648000,STEREO_AAC_DOUBT_0.00;DEAD_STRUCTURE_MAXRUN_109,,,60.0,1.0,whole,1/1,1,60.0,0.0,1.4506,19.7459,7.2641,14.1001,3.1456,9.6608,2.9856,396,0.8562413236356621,0.8668191958104593,576,9496.1,—,True,16,16,PASS,"No shelf (16k drop=22.1dB, 20k drop=18.5dB)",109.0,4.756,,,21517.0,246.0,False,,11,,False,,0.443,22000,-0.6,-0.005,-20.6,11.8,,1.0,-0.16,2.728,21730.0,161.0,,False,,ok,1500.0,,,,,28.664,,44100,PASS,0.003,-0.0851,True,MEANRUN_CEILING 4.76 vs 5.00 (-0.24),-81.1,58.6,,,,NO_WALL,,,,5
fd-exchange-v2-2026-08-0255.flac,convicted,UPSCALE,44100,6210812,LOW_ROLLOFF_5.3KHZ;CNN_DOUBT;STEREO_AAC_DOUBT_0.00;DEAD_STRUCTURE_MAXRUN_216;DEAD_STRUCTURE_MEANRUN_24.61;AAC_LATTICE_39pct,,,60.0,1.0,whole,1/1,1,60.0,0.0,0.7171,7.0956,4.6321,7.065,1.9698,2.4828,1.8772,38,0.6194176385870486,0.6404536468853543,576,5318.7,—,True,16,16,PASS,"No shelf (16k drop=16.7dB, 20k drop=28.2dB)",216.0,24.607,,,20311.0,466.2,False,,11,,False,,0.424,21500,19.1,0.184,-38.8,20.3,,1.0,0.77,4.257,20516.0,407.8,10.2,False,,ok,1500.0,,,True,True,15.189,,44100,PASS,0.0,0.5627,True,,-100.4,87.7,,,,NO_WALL,,,,5
fd-exchange-v2-2026-08-0256.flac,convicted,UPSCALE,44100,5578955,HF_SEAM_0.82;CNN_DOUBT;STEREO_AAC_DOUBT_0.00;DEAD_STRUCTURE_MAXRUN_129;MP3_CONJ_BASE_20500;MP3_CONJ_WALLLEG_W49.0_K8.32;OPUS_EDGE_FIRE_20085_W402_F3.9,,,60.0,1.0,whole,1/1,1,60.0,0.0,1.3593,11.6372,5.1163,11.4232,1.17,1.4405,1.17,0,0.5553679538576977,0.5553679538576977,576,9894.5,—,True,16,16,PASS,"No shelf (16k drop=12.1dB, 20k drop=27.8dB)",129.0,4.499,,,,,,,,,False,,0.321,20500,52.5,0.0,-65.7,49.0,,1.0,-0.002,2.829,20085.0,16.0,3.9,True,0.0722,ok,402.0,,,,,280.829,,44100,PASS,0.0,0.8403,True,,-115.3,93.5,,,5.0,silent,34.5,20171,275,5
fd-exchange-v2-2026-08-0257.flac,convicted,UPSCALE,44100,5674935,BRICKWALL_20K;HF_DECOUPLED_-0.06;HF_SEAM_0.88;STEREO_AAC_DOUBT_0.00;DEAD_STRUCTURE_MAXRUN_324;DEADRUN_UNCORROBORATED_7.66;BAND_LIMIT_LOW_NOWALL_17500HZ;AAC_LATTICE_52pct;MP3_IDEM_R2.56_17500,,,60.02,1.0,spread,2/2,2,60.0,0.0,0.0399,0.9522,3.4185,3.6518,2.4341,2.4619,2.0588,398,0.5176439293763115,0.5600182094151709,576,8182.6,—,True,16,16,FAKE_320K,"20kHz shelf (drop=68.6dB, whole-track)",324.0,7.661,,,,,,,,,False,,0.274,17500,3.7,0.025,-68.6,19.0,,1.0,0.1,19.702,,,,False,,ok,,,,False,True,8.779,,44100,PASS,0.0,0.7133,True,MEANRUN_SOLO 7.66 vs 8.00 (-0.34),-115.1,98.7,,,,MASTERING_EDGE,,16925,1104,5
fd-exchange-v2-2026-08-0258.flac,flagged,SUSPECT,44100,1778471,HF_DECOUPLED_0.12;HF_SEAM_0.91;LOW_ROLLOFF_4.3KHZ;CNN_DOUBT;STEREO_AAC_DOUBT_0.00,,,29.37,0.9999,whole,1/1,1,29.37,0.0,0.7013,3.8172,3.5948,4.4174,2.2804,2.4142,2.1644,3,0.6645816106421998,0.6676996886945328,576,4306.6,—,True,16,16,PASS,"No shelf (16k drop=10.7dB, 20k drop=39.2dB)",11.0,2.222,,,,,,,,,False,,0.453,22000,-0.5,0.245,-39.2,-0.2,,1.0,0.116,26.542,,,,False,,ok,,,,,,11.066,,44100,PASS,0.0,0.1168,True,,-116.9,82.1,,,,NO_WALL,,,,3
fd-exchange-v2-2026-08-0259.flac,flagged,SUSPECT,48000,3773510,HF_DECOUPLED_0.12;AI_SR_48000;LOW_ROLLOFF_3.4KHZ;STEREO_AAC_DOUBT_0.02;DEAD_STRUCTURE_MAXRUN_375;DEAD_STRUCTURE_MEANRUN_8.12,,,60.0,1.0,whole,1/1,1,60.0,0.0,0.0823,0.0767,1.503,1.4806,2.8747,2.8594,3.0,564,0.2554509832479646,0.2721372851205135,576,3421.9,—,True,16,16,PASS,"No shelf (16k drop=39.1dB, 20k drop=35.7dB)",375.0,8.117,,,,,,,,,False,,0.342,22000,-3.2,0.016,-35.7,-1.0,,1.0,-0.407,5.916,,,,False,,ok,,,,,,44.926,,48000,PASS,0.0209,0.8041,True,MEANRUN_SOLO 8.12 vs 8.00 (+0.12),-112.9,95.8,,,,,,,,5
fd-exchange-v2-2026-08-0260.flac,flagged,SUSPECT,44100,1569088,FAKE_STEREO;HF_SEAM_0.85;LOW_ROLLOFF_5.8KHZ;CNN_DOUBT;STEREO_AAC_DOUBT_0.00,,,36.2,1.0,whole,1/1,1,36.2,0.0,0.84,5.2051,1.8668,3.3919,0.9568,0.9868,1.0915,539,0.6484677961209667,0.6864778713925722,576,5765.5,—,True,16,16,PASS,"No shelf (16k drop=12.1dB, 20k drop=38.1dB)",8.0,2.087,,,,,,,,,False,,0.65,22000,0.4,0.703,-38.1,-0.3,,1.0,0.997,42.752,,,,False,,ok,,,,,,12.866,,44100,FAKE_STEREO,0.0,0.9919,True,,-116.9,76.5,,,,NO_WALL,,,,4
fd-exchange-v2-2026-08-0261.flac,flagged,SUSPECT,44100,5547504,BRICKWALL_20K;HF_SEAM_0.79;LOW_ROLLOFF_5.9KHZ;CNN_DOUBT;STEREO_AAC_DOUBT_0.00;DEAD_STRUCTURE_MAXRUN_306;DEAD_STRUCTURE_MEANRUN_7.17;BAND_LIMIT_LOW_19000HZ_33DB;MS_CONDITIONAL_53,,,60.0,1.0,whole,1/1,1,60.0,0.0,0.3742,6.3812,3.6244,5.821,2.4686,2.4708,2.4686,0,0.34985600404684564,0.34985600404684564,576,5932.4,—,True,16,16,FAKE_320K,"20kHz shelf (drop=57.8dB, whole-track)",306.0,7.174,,,,,,,,,False,,0.325,19000,34.7,0.69,-58.8,33.3,,1.0,0.875,52.645,,,,False,,ok,,,,,,32.41,,44100,PASS,0.0,0.9219,True,,-115.5,99.1,,,,MASTERING_EDGE,,18755,937,5
fd-exchange-v2-2026-08-0262.flac,convicted,UPSCALE,44100,5773672,CNN_DOUBT;STEREO_AAC_DOUBT_0.00;DEAD_STRUCTURE_MAXRUN_304;MS_CONDITIONAL_72;AAC_LATTICE_63pct,,,60.02,1.0,spread,2/2,2,60.0,0.0,1.7095,16.1167,1.8163,14.2059,2.538,14.6615,2.5393,110,0.33538445298649266,0.33879386170071657,576,13716.7,—,True,16,16,PASS,"No shelf (16k drop=6.1dB, 20k drop=16.3dB)",304.0,4.006,,,,,,,,,False,,0.183,22000,5.6,0.998,-18.1,0.7,,1.0,0.992,72.019,22050.0,0.0,,False,,ok,1500.0,,,False,True,194.56,,44100,PASS,0.0,0.9869,True,,-59.6,38.8,,,,NO_WALL,,,,5
fd-exchange-v2-2026-08-0263.flac,flagged,SUSPECT,44100,3398867,LOW_ROLLOFF_5.5KHZ;STEREO_AAC_DOUBT_0.01;AAC_LATTICE_20pct,,,38.52,1.0,whole,1/1,1,38.52,0.0,1.7224,14.6761,4.2267,9.1128,3.4549,10.546,3.5857,448,0.7889585558675136,0.8104475747791984,576,5453.3,—,True,16,16,PASS,"No shelf (16k drop=11.6dB, 20k drop=18.4dB)",36.0,2.604,,,,,,,,,False,,0.393,22000,4.5,-0.048,-18.9,2.7,,1.0,0.048,23.249,,,,False,,ok,,,,False,False,19.184,,44100,PASS,0.0138,0.1154,True,,-86.1,63.3,,,,NO_WALL,,,,4
fd-exchange-v2-2026-08-0264.flac,clear,GENUINE,44100,4667931,BRICKWALL_20K;LOW_ROLLOFF_4.0KHZ,,,60.0,1.0,whole,1/1,1,60.0,0.0,0.785,1.1851,4.0287,4.0959,1.8758,1.8828,1.7773,412,0.5609959987117821,0.5778262385774435,576,4037.5,—,True,16,16,FAKE_320K,"20kHz shelf (drop=41.6dB, whole-track)",23.0,2.4,,,,,,,,,False,,0.1,20000,13.1,0.221,-44.7,4.5,,1.0,0.086,6.087,,,,False,,ok,,,,,,12.798,,44100,PASS,0.2019,0.8757,True,,-103.7,81.9,,,,NO_WALL,,,,5
fd-exchange-v2-2026-08-0265.flac,flagged,SUSPECT,44100,5888990,BRICKWALL_20K;HF_SEAM_0.75;LOW_ROLLOFF_7.2KHZ;STEREO_AAC_DOUBT_0.00;DEADRUN_UNCORROBORATED_96;DEADRUN_UNCORROBORATED_7.85,,,60.0,1.0,whole,1/1,1,60.0,0.0,0.7549,3.3096,6.3699,6.8626,2.2298,4.0325,2.3304,136,0.8512224805852194,0.8685014812770262,576,7235.2,—,True,16,16,FAKE_320K,"20kHz shelf (drop=46.8dB, whole-track)",96.0,7.854,,,,,,,,,False,,0.489,20000,35.3,-0.008,-64.4,17.7,,1.0,-0.124,7.354,20031.0,4.6,1.3,False,,ok,1500.0,,,,,13.716,,44100,PASS,0.0004,0.3279,True,MEANRUN_SOLO 7.85 vs 8.00 (-0.15);MAXRUN_SOLO 96.00 vs 100.00 (-4.00),-113.6,96.5,,,,NO_WALL,,,,5
fd-exchange-v2-2026-08-0266.flac,flagged,SUSPECT,44100,4344072,FAKE_STEREO;STEREO_AAC_DOUBT_0.00;DEAD_STRUCTURE_MAXRUN_235,,,60.0,1.0,whole,1/1,1,60.0,0.0,2.7209,16.7377,2.0067,13.2658,2.4564,15.4887,3.0531,571,0.28487944557334927,0.2881796228048721,576,9969.9,—,True,16,16,PASS,"No shelf (16k drop=10.7dB, 20k drop=16.0dB)",235.0,3.802,,,21458.0,80.9,False,5.0,11,876.0,False,,0.207,22000,8.9,1.0,-20.4,13.4,,1.0,1.0,31.218,21490.0,117.5,4.6,False,,ok,844.0,,,,,177.081,,44100,FAKE_STEREO,0.0,0.9998,True,,-73.2,51.8,,,,MASTERING_EDGE,,22023,851,5
fd-exchange-v2-2026-08-0267.flac,flagged,SUSPECT,44100,3602368,BRICKWALL_20K;HF_SEAM_0.96;LOW_ROLLOFF_5.9KHZ;CNN_DOUBT;STEREO_AAC_DOUBT_0.00;BAND_LIMIT_LOW_17500HZ_44DB;MP3_IDEM_R2.15_17500;LOWBAND_WALL_SHADOW_44.1,,,49.27,0.9999,whole,1/1,1,49.27,0.0,0.5785,2.0023,2.5428,2.9882,1.6957,1.8982,1.6333,550,1.0092853877923662,1.0261137193874712,576,5943.2,—,True,16,16,FAKE_320K,"20kHz shelf (drop=59.2dB, whole-track)",47.0,3.083,,,,,,,,,False,,0.368,17500,0.4,0.092,-59.4,44.1,,1.0,-0.056,21.082,,,,False,,ok,,,,,,13.599,,44100,PASS,0.0,0.7875,True,,-117.5,91.9,,,,MASTERING_EDGE,,17275,926,5
fd-exchange-v2-2026-08-0268.flac,clear,GENUINE,44100,5970258,LOW_ROLLOFF_7.3KHZ,,,60.0,1.0,whole,1/1,1,60.0,0.0,1.057,3.7207,6.4017,6.941,2.2317,4.1062,2.1525,133,0.8571216376920061,0.8798643736879823,576,7267.5,—,True,16,16,PASS,"No shelf (16k drop=28.9dB, 20k drop=30.4dB)",69.0,3.455,,,21921.0,44.9,False,,4,,False,,0.498,22000,4.7,-0.006,-32.7,7.4,,1.0,-0.124,28.891,,,,False,,ok,,,,,,16.016,,44100,PASS,0.8168,0.3279,True,,-88.8,71.7,,,,NO_WALL,,,,5
fd-exchange-v2-2026-08-0269.flac,convicted,UPSCALE,44100,4974618,LOW_ROLLOFF_6.2KHZ;STEREO_AAC_DOUBT_0.00;DEAD_STRUCTURE_MAXRUN_294;DEADRUN_UNCORROBORATED_6.10;AAC_LATTICE_66pct,,,60.02,1.0,spread,2/2,2,60.0,0.0,1.196,13.2907,3.2685,8.3102,1.8834,5.2201,2.1321,168,0.40504682167939876,0.4172071126166616,576,6223.1,—,True,16,16,PASS,"No shelf (16k drop=12.9dB, 20k drop=22.4dB)",294.0,6.105,,,20941.0,776.3,False,,8,,False,,0.329,22000,10.3,0.801,-24.8,1.2,,1.0,0.944,44.221,20758.0,706.6,2.1,False,,ok,1500.0,,,False,True,47.727,,44100,PASS,0.0,0.8903,True,,-73.3,56.0,,,,NO_WALL,,,,5
fd-exchange-v2-2026-08-0270.flac,flagged,SUSPECT,44100,5696604,LOW_ROLLOFF_7.6KHZ;STEREO_AAC_DOUBT_0.00;DEAD_STRUCTURE_MAXRUN_271;DEAD_STRUCTURE_MEANRUN_8.20,,,60.0,1.0,whole,1/1,1,60.0,0.0,0.6837,8.8361,6.4711,9.2202,2.7689,6.3039,2.7073,442,0.6877892034496661,0.7092696161382732,576,7568.9,—,True,16,16,PASS,"No shelf (16k drop=22.1dB, 20k drop=38.1dB)",271.0,8.195,,,20632.0,392.3,False,,10,,False,,0.471,21000,12.9,0.638,-42.1,4.1,,1.0,0.403,32.606,21178.0,378.0,1.4,False,,ok,1500.0,,,,,30.661,,44100,PASS,0.0,0.2255,True,MEANRUN_SOLO 8.20 vs 8.00 (+0.20),-82.1,64.8,,,,NO_WALL,,,,5
fd-exchange-v2-2026-08-0271.flac,clear,GENUINE,44100,1733303,FAKE_STEREO;LOW_ROLLOFF_6.5KHZ,,,36.19,1.0,whole,1/1,1,36.19,0.0,3.5513,15.3141,2.1531,10.0283,1.0528,15.7092,1.2361,388,0.8938996726801289,0.9297870510398039,576,6481.5,—,True,16,16,PASS,"No shelf (16k drop=11.1dB, 20k drop=10.1dB)",2.0,2.0,,,,,,,,,False,,0.649,22000,1.7,0.618,-11.3,4.6,,1.0,0.997,20.783,,,,False,,ok,,,,,,58.96,,44100,FAKE_STEREO,0.903,0.9919,True,,-96.1,55.7,,,,NO_WALL,,,,4
fd-exchange-v2-2026-08-0272.flac,flagged,SUSPECT,48000,6038927,HF_SEAM_0.64;AI_SR_48000;LOW_ROLLOFF_5.5KHZ;STEREO_AAC_DOUBT_0.00;DEAD_STRUCTURE_MAXRUN_108;DEAD_STRUCTURE_MEANRUN_9.56;MP3_IDEM_R2.94_20500,,,60.0,1.0,whole,1/1,1,60.0,0.0,0.7958,8.6035,5.3732,7.9169,2.714,4.5138,3.0011,518,0.6225904284017904,0.6347596457228653,576,5460.9,—,True,16,16,PASS,"No shelf (16k drop=16.7dB, 20k drop=33.2dB)",108.0,9.564,,,,,,,,,False,,0.211,20500,23.5,0.161,-46.1,18.1,,1.0,0.734,3.463,20118.0,33.4,6.2,False,,ok,1500.0,,,,,20.047,,48000,PASS,0.0009,0.7041,True,,-94.4,82.4,,,,,,,,5
fd-exchange-v2-2026-08-0273.flac,flagged,SUSPECT,44100,1571601,BRICKWALL_20K;HF_SEAM_0.61;CNN_DOUBT;STEREO_AAC_DOUBT_0.00;BAND_LIMIT_LOW_NOWALL_19500HZ,,,20.8,1.0,whole,1/1,1,20.8,0.0,0.9036,4.8523,2.5808,3.9586,2.1552,2.3812,2.1496,311,0.410202865299975,0.4512719665263424,576,8661.7,—,True,16,16,FAKE_320K,"20kHz shelf (drop=55.3dB, whole-track)",61.0,3.354,,,,,,,,,False,,0.474,19500,33.4,0.782,-61.4,18.3,,1.0,0.961,11.943,20715.0,304.2,-0.0,False,,ok,1500.0,,,,,4.518,,44100,PASS,0.0,0.9509,True,,-114.6,89.1,,,,NO_WALL,,,,2
fd-exchange-v2-2026-08-0274.flac,flagged,SUSPECT,44100,6529315,BRICKWALL_20K;HF_SEAM_0.98;LOW_ROLLOFF_6.6KHZ;CNN_DOUBT;STEREO_AAC_DOUBT_0.00;DEAD_STRUCTURE_MAXRUN_226;DEAD_STRUCTURE_MEANRUN_8.95;BAND_LIMIT_LOW_17500HZ_49DB;MP3_IDEM_R2.47_17500;LOWBAND_WALL_SHADOW_49.2,,,60.02,1.0,spread,2/2,2,60.0,0.0,0.5023,10.7383,4.3901,8.3818,1.6776,2.4282,1.8277,524,0.7536137867211788,0.761364426356919,576,6578.4,—,True,16,16,FAKE_320K,"20kHz shelf (drop=64.9dB, whole-track)",226.0,8.95,,,,,,,,,False,,0.214,17500,-0.3,-0.008,-64.9,49.2,,1.0,0.788,9.021,,,,False,,ok,,,,,,5.784,,44100,PASS,0.0,0.8117,True,,-115.3,99.6,,,1.8,silent,47.0,17280,145,5
fd-exchange-v2-2026-08-0275.flac,clear,GENUINE,44100,5688392,,,,60.0,1.0,whole,1/1,1,60.0,0.0,1.461,14.2796,3.2641,9.6328,2.0885,4.6904,2.0616,489,0.3450082635568245,0.364784884005436,576,8979.3,—,True,16,16,PASS,"No shelf (16k drop=20.7dB, 20k drop=34.2dB)",8.0,2.172,,,21802.0,124.1,False,,11,,False,,0.349,22000,5.3,0.998,-35.1,4.8,,1.0,0.965,14.611,21767.0,63.6,,False,,ok,1500.0,,,,,33.791,,44100,PASS,0.9972,0.9539,True,,-81.3,64.8,,,,NO_WALL,,,,5
fd-exchange-v2-2026-08-0276.flac,flagged,SUSPECT,44100,5681942,BRICKWALL_20K;HF_DECOUPLED_0.12;HF_SEAM_0.63;LOW_ROLLOFF_7.2KHZ;STEREO_AAC_DOUBT_0.00;DEAD_STRUCTURE_MAXRUN_278;DEAD_STRUCTURE_MEANRUN_8.56;BAND_LIMIT_LOW_NOWALL_16500HZ,,,60.0,1.0,whole,1/1,1,60.0,0.0,0.0825,0.3116,6.2504,6.2667,1.6072,1.644,1.6072,0,0.6875788068022224,0.6875788068022224,576,7202.9,—,True,16,16,FAKE_320K,"20kHz shelf (drop=57.8dB, whole-track)",278.0,8.555,,,,,,,,,False,,0.497,16500,12.5,-0.007,-60.6,13.8,,1.0,-0.124,2.839,,,,False,,ok,,,,,,9.619,,44100,PASS,0.0,0.3279,True,,-109.6,92.4,,,,MASTERING_EDGE,,16037,1023,5
fd-exchange-v2-2026-08-0277.flac,flagged,SUSPECT,44100,5305400,STEREO_AAC_DOUBT_0.14,,,60.02,1.0,spread,2/2,2,60.0,0.0,1.4462,16.2833,5.5886,12.3237,1.911,8.0008,1.8805,384,0.810037348952229,0.8162092739244303,576,9345.4,—,True,16,16,PASS,"No shelf (16k drop=20.7dB, 20k drop=27.7dB)",25.0,2.708,,,21751.0,418.9,False,,6,,False,,0.149,22000,10.4,0.119,-35.2,6.6,,1.0,0.308,19.606,21727.0,345.7,,False,,ok,1500.0,,,,,61.619,,44100,PASS,0.1416,0.932,True,,-80.2,59.7,,,,NO_WALL,,,,5
fd-exchange-v2-2026-08-0278.flac,flagged,SUSPECT,44100,6427762,BRICKWALL_20K;CNN_DOUBT;STEREO_AAC_DOUBT_0.00;DEAD_STRUCTURE_MAXRUN_277;DEAD_STRUCTURE_MEANRUN_30.58;BAND_LIMIT_LOW_NOWALL_17500HZ;AAC_LATTICE_14pct,,,60.0,1.0,whole,1/1,1,60.0,0.0,0.1157,1.6384,8.6233,8.9186,2.1405,2.3219,2.1405,0,0.7717905890628601,0.7717905890628601,576,9668.4,—,True,16,16,FAKE_320K,"20kHz shelf (drop=56.5dB, whole-track)",277.0,30.576,,,,,,,,,False,,0.259,17500,5.5,-0.1,-58.9,15.1,,1.0,-0.568,4.024,,,,False,,ok,,,,True,True,6.928,,44100,PASS,0.0,0.1541,True,,-98.6,82.9,,,,MASTERING_EDGE,,17463,1362,5
fd-exchange-v2-2026-08-0279.flac,flagged,SUSPECT,44100,4718430,BRICKWALL_20K;HF_SEAM_0.69;LOW_ROLLOFF_6.3KHZ;LOSSY_SRC_NEEDLES_VOID;STEREO_AAC_DOUBT_0.00;BAND_LIMIT_LOW_NOWALL_18000HZ,,,60.0,1.0,whole,1/1,1,60.0,0.0,0.113,0.4896,3.2312,3.2867,2.2112,2.2217,2.2112,0,0.3701419803368912,0.3701419803368912,576,6255.4,—,True,16,16,FAKE_320K,"20kHz shelf (drop=59.4dB, whole-track)",345.0,7.907,,,,,,,,,False,,0.226,18000,17.8,-0.042,-60.3,11.5,,1.0,0.625,32.055,,,,False,,ok,,,,,,5.365,,44100,PASS,0.0,0.9193,True,MEANRUN_SOLO 7.91 vs 8.00 (-0.09),-115.5,96.9,,0.99,34.5,FIRE,35.8,16301,291,5
fd-exchange-v2-2026-08-0280.flac,flagged,SUSPECT,44100,4317313,HF_DECOUPLED_-0.34;HF_SEAM_0.90;LOW_ROLLOFF_1.9KHZ;STEREO_AAC_DOUBT_0.00;DEAD_STRUCTURE_MAXRUN_210;DEADRUN_UNCORROBORATED_5.20,,,60.0,1.0,whole,1/1,1,60.0,0.0,0.2448,1.155,2.6138,2.7315,2.2122,2.2214,2.2122,0,0.3278810544606853,0.3278810544606853,576,1873.4,—,True,16,16,PASS,"No shelf (16k drop=23.5dB, 20k drop=14.9dB)",210.0,5.201,,,,,,,,,False,,0.479,22000,-17.4,0.091,-14.9,-15.1,,1.0,0.096,2.552,,,,False,,ok,,,,,,49.691,,44100,PASS,0.0,0.8934,True,MEANRUN_CEILING 5.20 vs 5.00 (+0.20),-97.7,80.8,,,,NO_WALL,,,,5
fd-exchange-v2-2026-08-0281.flac,flagged,SUSPECT,44100,6611771,BRICKWALL_20K;HF_SEAM_0.70;STEREO_AAC_DOUBT_0.00;DEADRUN_UNCORROBORATED_92;DEAD_STRUCTURE_MEANRUN_21.08;BAND_LIMIT_LOW_NOWALL_17500HZ;OPUS_EDGE_FIRE_20072_W720_F3.3,,,60.0,1.0,whole,1/1,1,60.0,0.0,0.6687,4.3305,8.874,9.7612,2.4477,3.3486,2.5419,1,0.9105797517323265,0.9249087438993409,576,9700.7,—,True,16,16,FAKE_320K,"20kHz shelf (drop=52.3dB, whole-track)",92.0,21.078,,,,,,,,,False,,0.256,17500,31.5,-0.104,-73.9,11.4,,1.0,-0.569,4.969,20072.0,8.4,3.3,True,0.0773,ok,720.0,,,,,12.995,,44100,PASS,0.0001,0.1541,True,,-115.8,100.1,,,,DARK_REF,,20317,,5
fd-exchange-v2-2026-08-0282.flac,flagged,SUSPECT,44100,6686816,BRICKWALL_20K;HF_DECOUPLED_0.07;HF_SEAM_0.75;LOW_ROLLOFF_5.6KHZ;CNN_DOUBT;STEREO_AAC_DOUBT_0.00;DEAD_STRUCTURE_MAXRUN_248;DEADRUN_UNCORROBORATED_6.96;OPUS_EDGE_FIRE_20026_W467_F1.4,,,60.0,1.0,whole,1/1,1,60.0,0.0,0.5736,6.0097,6.6785,8.1838,0.9076,1.1514,0.9076,0,0.7239689459400406,0.7239689459400406,576,5566.3,—,True,16,16,FAKE_320K,"20kHz shelf (drop=47.2dB, whole-track)",248.0,6.956,,,,,,,,,False,,0.186,20000,29.5,-0.418,-58.3,13.4,,1.0,0.577,4.196,20026.0,17.6,1.4,True,0.1632,ok,467.0,,,,,9.945,,44100,PASS,0.0,0.7481,True,,-114.5,103.7,,,,DARK_REF,,20155,,5
fd-exchange-v2-2026-08-0283.flac,convicted,UPSCALE,44100,6800006,STEREO_AAC_DOUBT_0.00;DEAD_STRUCTURE_MAXRUN_172;DEAD_STRUCTURE_MEANRUN_6.54;MS_CONDITIONAL_59;AAC_LATTICE_75pct,,,60.02,1.0,spread,2/2,2,60.0,0.0,1.2759,14.1024,2.7953,14.9904,2.6242,11.5247,2.687,87,0.611098458718564,0.6309795740108282,576,10508.2,—,True,16,16,PASS,"No shelf (16k drop=16.9dB, 20k drop=20.6dB)",172.0,6.54,,,21808.0,128.6,False,,11,,False,,0.14,22000,5.1,0.548,-24.4,5.2,,1.0,0.964,59.075,21797.0,109.9,,False,,ok,1500.0,,,True,True,104.603,,44100,PASS,0.0,0.9602,True,,-67.9,51.8,,,,NO_WALL,,,,5
fd-exchange-v2-2026-08-0284.flac,flagged,SUSPECT,44100,6093057,BRICKWALL_20K;CNN_DOUBT;STEREO_AAC_DOUBT_0.00;DEAD_STRUCTURE_MAXRUN_269;DEADRUN_UNCORROBORATED_7.22;BAND_LIMIT_LOW_NOWALL_19500HZ,,,60.0,1.0,whole,1/1,1,60.0,0.0,0.3668,7.6996,8.7795,10.8627,2.3566,5.4631,2.3566,0,0.7324556863820615,0.7324556863820615,576,10583.6,—,True,16,16,FAKE_320K,"20kHz shelf (drop=44.7dB, whole-track)",269.0,7.22,,,,,,,,,False,,0.254,19500,16.7,-0.253,-48.2,6.2,,1.0,-0.354,28.533,20634.0,315.7,10.4,False,,ok,1500.0,,,,,19.402,,44100,PASS,0.0,0.5861,True,,-91.2,71.1,,,,NO_WALL,,,,5
fd-exchange-v2-2026-08-0285.flac,flagged,SUSPECT,44100,3534233,HF_DECOUPLED_0.08;LOW_ROLLOFF_5.5KHZ;STEREO_AAC_DOUBT_0.00,,,55.09,0.9999,whole,1/1,1,55.09,0.0,0.3005,0.7394,2.0847,2.3793,2.2148,2.2335,2.2148,0,0.6251571511305147,0.6251571511305147,576,5491.0,—,True,16,16,PASS,"No shelf (16k drop=6.0dB, 20k drop=36.8dB)",50.0,3.151,,,,,,,,,False,,0.332,21000,24.8,-0.082,-42.0,5.2,,1.0,-0.101,1.79,,,,False,,ok,,,,,,26.604,,44100,PASS,0.0,0.637,True,,-115.1,86.3,,,,NO_WALL,,,,5
fd-exchange-v2-2026-08-0286.flac,clear,GENUINE,44100,5584976,LOW_ROLLOFF_6.9KHZ;DEADRUN_UNCORROBORATED_82,,,60.0,1.0,whole,1/1,1,60.0,0.0,1.0085,6.9392,5.9104,7.6258,1.8708,2.3277,1.8409,11,0.7449384733215644,0.7554751518211963,576,6922.9,—,True,16,16,PASS,"No shelf (16k drop=15.8dB, 20k drop=28.6dB)",82.0,3.152,,,21897.0,43.1,False,,10,,False,,0.343,22000,4.9,-0.178,-31.0,7.5,,1.0,-0.108,29.031,21967.0,51.5,,False,,ok,1500.0,,,,,30.061,,44100,PASS,0.9778,0.7698,True,MAXRUN_CEILING 82.00 vs 80.00 (+2.00),-90.9,71.5,,,,NO_WALL,,,,5
fd-exchange-v2-2026-08-0287.flac,convicted,UPSCALE,44100,7154368,BRICKWALL_20K;CNN_DOUBT;STEREO_AAC_DOUBT_0.00;DEAD_STRUCTURE_MAXRUN_225;DEAD_STRUCTURE_MEANRUN_23.26;MS_CONDITIONAL_61;AAC_LATTICE_65pct,,,60.02,1.0,spread,2/2,2,60.0,0.0,0.4419,6.5471,6.3877,10.057,2.717,3.1898,2.7142,274,0.8458596897314652,0.8538147624925343,576,9689.9,—,True,16,16,FAKE_320K,"20kHz shelf (drop=46.6dB, whole-track)",225.0,23.256,,,,,,,,,False,,0.189,20000,20.8,-0.016,-47.7,16.6,,1.0,-0.07,60.617,20004.0,27.3,16.0,False,,ok,1740.0,,,True,True,44.221,,44100,PASS,0.0,0.7719,True,,-97.4,85.2,,,,MASTERING_EDGE,,19977,716,5
fd-exchange-v2-2026-08-0288.flac,flagged,SUSPECT,44100,5998495,LOW_ROLLOFF_6.1KHZ;CNN_DOUBT;STEREO_AAC_DOUBT_0.00;DEAD_STRUCTURE_MAXRUN_251;DEAD_STRUCTURE_MEANRUN_30.50;AAC_LATTICE_14pct,,,60.0,1.0,whole,1/1,1,60.0,0.0,0.7875,5.1762,6.8576,8.3784,2.2191,2.4343,2.1426,355,0.784121923287514,0.7986478748509281,576,6093.9,—,True,16,16,PASS,"No shelf (16k drop=10.2dB, 20k drop=38.6dB)",251.0,30.496,,,,,,,,,False,,0.501,20500,21.9,-0.126,-45.1,5.4,,1.0,-0.619,13.783,20284.0,324.7,19.5,False,,ok,1500.0,,,True,True,37.397,,44100,PASS,0.0,0.87,True,,-93.9,82.4,,,,NO_WALL,,,,5
fd-exchange-v2-2026-08-0289.flac,flagged,SUSPECT,44100,4240878,BRICKWALL_20K;HF_DECOUPLED_-0.33;HF_SEAM_0.69;LOW_ROLLOFF_7.0KHZ;STEREO_AAC_DOUBT_0.00;BAND_LIMIT_LOW_16000HZ_30DB;LOWBAND_WALL_SHADOW_29.6,,,60.0,1.0,whole,1/1,1,60.0,0.0,0.0739,0.0893,4.0963,4.0716,0.5943,0.5959,0.5943,0,0.5492457954652564,0.5492457954652564,576,7030.6,—,True,16,16,FAKE_320K,"20kHz shelf (drop=59.8dB, whole-track)",35.0,2.78,,,,,,,,,False,,0.359,16000,5.9,-0.11,-59.8,29.6,,1.0,0.068,3.29,,,,False,,ok,,,,,,4.223,,44100,PASS,0.0,0.5721,True,,-114.2,87.0,,,,NO_WALL,,,,5
fd-exchange-v2-2026-08-0290.flac,flagged,SUSPECT,44100,5380682,HF_DECOUPLED_-0.45;STEREO_AAC_DOUBT_0.00;AAC_LATTICE_68pct,,,60.02,1.0,spread,2/2,2,60.0,0.0,4.1993,20.8055,5.5327,13.9475,1.6689,11.6993,1.7181,546,0.904199369739776,0.9165831838329542,576,9151.6,—,True,16,16,PASS,"No shelf (16k drop=14.4dB, 20k drop=11.7dB)",21.0,2.483,,,,,,,,,False,,0.365,22000,-3.4,-0.015,-11.7,8.1,,1.0,0.221,37.41,,,,False,,ok,,,,False,False,83.404,,44100,PASS,0.0,0.5934,True,,-81.7,52.7,,,,NO_WALL,,,,5
fd-exchange-v2-2026-08-0291.flac,flagged,SUSPECT,48000,4601805,HF_DECOUPLED_-0.00;AI_SR_48000;LOW_ROLLOFF_3.5KHZ;DEAD_STRUCTURE_MAXRUN_134,,,60.0,1.0,whole,1/1,1,60.0,0.0,1.4029,1.338,1.3987,1.3874,2.749,2.7528,2.9421,539,0.29138199732316433,0.31190216326157144,576,3492.2,—,True,16,16,PASS,"No shelf (16k drop=27.4dB, 20k drop=21.3dB)",134.0,3.853,,,,,,,,,False,,0.342,22000,-2.6,0.092,-21.3,0.0,,1.0,-0.407,3.942,,,,False,,ok,,,,,,56.435,,48000,PASS,0.9692,0.8041,True,,-93.8,76.6,,,,,,,,5
fd-exchange-v2-2026-08-0292.flac,flagged,SUSPECT,44100,6021249,BRICKWALL_20K;LOW_ROLLOFF_6.1KHZ;CNN_DOUBT;STEREO_AAC_DOUBT_0.00;DEAD_STRUCTURE_MAXRUN_165;DEADRUN_UNCORROBORATED_7.50,,,60.0,1.0,whole,1/1,1,60.0,0.0,0.87,8.7743,4.5849,6.7323,1.8831,5.9002,2.0187,234,0.654265099434023,0.6761602775524339,576,6147.7,—,True,16,16,FAKE_320K,"20kHz shelf (drop=49.5dB, whole-track)",165.0,7.5,,,,,,,,,False,,0.217,20000,35.8,0.036,-60.0,22.6,,1.0,0.037,1.644,20080.0,76.8,7.8,False,,ok,1500.0,,,,,4.601,,44100,PASS,0.0,0.1007,True,MEANRUN_SOLO 7.50 vs 8.00 (-0.50),-114.1,95.9,,,,MASTERING_EDGE,,19956,786,5
fd-exchange-v2-2026-08-0293.flac,flagged,SUSPECT,48000,6027450,AI_SR_48000;CNN_DOUBT;STEREO_AAC_DOUBT_0.00;DEAD_STRUCTURE_MAXRUN_113,,,60.02,1.0,spread,2/2,2,60.01,0.0,1.2915,10.9137,5.1092,9.4513,2.3166,2.9006,2.3577,50,0.8215622509495776,0.8328037005441042,576,10605.5,—,True,16,16,PASS,"No shelf (16k drop=11.4dB, 20k drop=26.0dB)",113.0,4.506,,,,,,,,,False,,0.367,22000,22.5,-0.001,-34.5,2.9,,1.0,0.076,45.464,20273.0,738.4,16.2,False,,ok,1500.0,,,,,112.771,,48000,PASS,0.0,0.8397,True,MEANRUN_CEILING 4.51 vs 5.00 (-0.49),-87.2,66.4,,,,,,,,5
fd-exchange-v2-2026-08-0294.flac,flagged,SUSPECT,44100,1845007,LOW_ROLLOFF_4.5KHZ;STEREO_AAC_DOUBT_0.14;AAC_LATTICE_22pct,,,29.37,0.9999,whole,1/1,1,29.37,0.0,1.3556,7.4766,3.9696,5.7723,2.9123,4.3343,2.4907,22,0.6707042040717776,0.6790137600144751,576,4478.9,—,True,16,16,PASS,"No shelf (16k drop=9.8dB, 20k drop=23.5dB)",7.0,2.146,,,,,,,,,False,,0.45,22000,5.3,-0.001,-24.5,6.2,,1.0,0.114,30.278,21765.0,24.2,,False,,ok,1500.0,,,False,False,31.144,,44100,PASS,0.1379,0.1156,True,,-103.8,68.9,,,,NO_WALL,,,,3
fd-exchange-v2-2026-08-0295.flac,flagged,SUSPECT,44100,5467925,BRICKWALL_20K;HF_SEAM_0.76;CNN_DOUBT;STEREO_AAC_DOUBT_0.01;DEADRUN_UNCORROBORATED_96;DEADRUN_UNCORROBORATED_6.02;BAND_LIMIT_LOW_NOWALL_18500HZ,,,60.0,1.0,whole,1/1,1,60.0,0.0,0.275,5.3811,5.2295,6.4931,2.0107,2.4386,1.9994,458,0.6804408642050328,0.6934298556052162,576,8258.0,—,True,16,16,FAKE_320K,"20kHz shelf (drop=49.3dB, whole-track)",96.0,6.025,,,,,,,,,False,,0.224,18500,33.1,-0.033,-70.9,9.7,,1.0,0.009,1.603,20077.0,58.6,0.8,False,,ok,1500.0,,,,,11.275,,44100,PASS,0.0123,0.663,True,MAXRUN_SOLO 96.00 vs 100.00 (-4.00),-115.2,95.4,,,,NO_WALL,,,,5
fd-exchange-v2-2026-08-0296.flac,convicted,UPSCALE,44100,7269502,BRICKWALL_20K;HF_SEAM_0.64;CNN_DOUBT;STEREO_AAC_DOUBT_0.00;DEADRUN_UNCORROBORATED_88;DEAD_STRUCTURE_MEANRUN_18.94;MP3_CONJ_BASE_20000;MP3_CONJ_WALLLEG_W18.3_K5.01,,,60.0,1.0,whole,1/1,1,60.0,0.0,0.8826,12.784,6.6094,13.2904,2.8765,5.1798,2.7531,229,0.8870427234261421,0.8921690376617591,576,10066.8,—,True,16,16,FAKE_320K,"20kHz shelf (drop=41.4dB, whole-track)",88.0,18.943,,,,,,,,,False,,0.186,20000,54.9,-0.012,-78.1,18.3,,1.0,-0.069,5.845,20026.0,5.0,17.0,False,,ok,478.0,,,,,59.605,,44100,PASS,0.0001,0.7701,True,,-112.9,100.6,,1.0,14.9,silent,51.2,20187,318,5
fd-exchange-v2-2026-08-0297.flac,flagged,SUSPECT,44100,1790805,LOW_ROLLOFF_4.4KHZ;STEREO_AAC_DOUBT_0.00,,,29.37,0.9999,whole,1/1,1,29.37,0.0,0.9436,6.9794,4.2264,5.9562,2.8063,3.8904,2.891,20,0.6585408772055965,0.6676514229037429,576,4414.3,—,True,16,16,PASS,"No shelf (16k drop=10.2dB, 20k drop=26.4dB)",13.0,2.221,,,,,,,,,False,,0.449,22000,8.3,-0.003,-28.5,5.9,,1.0,0.115,2.51,20677.0,432.8,9.7,False,,ok,1500.0,,,,,26.798,,44100,PASS,0.0,0.115,True,,-108.8,74.0,,,,NO_WALL,,,,3
fd-exchange-v2-2026-08-0298.flac,flagged,SUSPECT,44100,5643748,STEREO_AAC_DOUBT_0.01,,,60.02,1.0,spread,2/2,2,60.0,0.0,2.3547,15.113,5.1109,12.8871,3.0101,11.3688,3.0353,570,0.8207528452834232,0.8348613697626754,576,10088.3,—,True,16,16,PASS,"No shelf (16k drop=11.3dB, 20k drop=19.5dB)",17.0,2.386,,,,,,,,,False,,0.322,22000,7.5,0.005,-21.4,2.7,,1.0,-0.002,15.861,,,,False,,ok,,,,,,325.405,,44100,PASS,0.0134,0.8418,True,,-72.8,51.0,,,,NO_WALL,,,,5
fd-exchange-v2-2026-08-0299.flac,convicted,UPSCALE,44100,6512912,BRICKWALL_20K;HF_SEAM_0.91;LOW_ROLLOFF_6.4KHZ;CNN_DOUBT;LOSSY_SRC_NEEDLES_VOID;STEREO_AAC_DOUBT_0.00;BAND_LIMIT_LOW_NOWALL_19000HZ;AAC_LATTICE_67pct,,,60.02,1.0,spread,2/2,2,60.0,0.0,0.75,9.043,5.1956,8.0408,1.8524,2.1626,1.9225,81,0.7882244606590217,0.7982029955126992,576,6438.4,—,True,16,16,FAKE_320K,"20kHz shelf (drop=65.6dB, whole-track)",218.0,8.093,,,,,,,,,False,,0.214,19000,32.8,-0.159,-65.6,7.2,,1.0,0.788,31.769,,,,False,,ok,,,,True,True,8.311,,44100,PASS,0.0,0.8108,True,MEANRUN_SOLO 8.09 vs 8.00 (+0.09),-116.1,100.5,,0.76,37.9,FIRE,45.2,17630,178,5
fd-exchange-v2-2026-08-0300.flac,flagged,SUSPECT,44100,5251583,LOW_ROLLOFF_6.9KHZ;STEREO_AAC_DOUBT_0.00;AAC_LATTICE_22pct,,,60.02,1.0,spread,2/2,2,60.0,0.0,1.8552,14.2509,3.4748,9.0706,1.8771,7.9931,2.0733,153,0.4163882221171943,0.4378151047234672,576,6869.1,—,True,16,16,PASS,"No shelf (16k drop=10.7dB, 20k drop=17.2dB)",56.0,2.373,,,,,,,,,False,,0.351,22000,7.7,0.897,-19.6,4.4,,1.0,0.784,40.061,,,,False,,ok,,,,False,False,92.017,,44100,PASS,0.0007,0.8607,True,,-74.5,55.5,,,,NO_WALL,,,,5
fd-exchange-v2-2026-08-0301.flac,convicted,UPSCALE,44100,6854795,HF_SEAM_0.88;CNN_DOUBT;STEREO_AAC_DOUBT_0.00;DEAD_STRUCTURE_MAXRUN_226;DEAD_STRUCTURE_MEANRUN_7.15;MS_CONDITIONAL_53;MP3_CONJ_BASE_20500;MP3_CONJ_WALLLEG_W52.9_K5.00;OPUS_EDGE_FIRE_20104_W379_F4.5,,,60.0,1.0,whole,1/1,1,60.0,0.0,0.9578,13.4275,3.0195,15.0119,0.8189,0.9275,0.8189,0,0.47091266857781816,0.47091266857781816,576,10562.0,—,True,16,16,PASS,"No shelf (16k drop=16.6dB, 20k drop=26.7dB)",226.0,7.153,,,,,,,,,False,,0.14,20500,57.2,0.536,-74.6,52.9,,1.0,0.963,52.863,20104.0,6.0,4.5,True,0.1532,ok,379.0,,,,,100.94,,44100,PASS,0.0,0.9597,True,,-115.2,99.2,,,5.9,silent,54.6,20171,215,5
fd-exchange-v2-2026-08-0302.flac,flagged,SUSPECT,44100,5242730,LOW_ROLLOFF_5.6KHZ;STEREO_AAC_DOUBT_0.00;AAC_LATTICE_16pct,,,60.02,1.0,spread,2/2,2,60.0,0.0,3.7386,18.4434,4.7418,12.0212,1.5795,9.5466,1.8039,482,0.8177070471705217,0.8661384000918942,576,5609.4,—,True,16,16,PASS,"No shelf (16k drop=9.5dB, 20k drop=-9.7dB)",25.0,2.474,,,,,,,,,False,,0.26,22000,6.3,-0.082,-16.8,3.4,,1.0,0.075,22.927,,,,False,,ok,,,,False,False,240.82,,44100,PASS,0.0,0.7412,True,,-81.9,57.7,,,,NO_WALL,,,,5
fd-exchange-v2-2026-08-0303.flac,flagged,SUSPECT,44100,5103892,LOW_ROLLOFF_6.8KHZ;STEREO_AAC_DOUBT_0.00;DEAD_STRUCTURE_MAXRUN_180;DEADRUN_UNCORROBORATED_5.36,,,60.0,1.0,whole,1/1,1,60.0,0.0,1.2052,12.6502,3.4427,8.4234,1.9507,5.221,1.9852,175,0.43251082694292164,0.4460495836149858,576,6761.4,—,True,16,16,PASS,"No shelf (16k drop=9.6dB, 20k drop=18.4dB)",180.0,5.357,,,20629.0,572.3,False,,11,,False,,0.349,22000,10.9,0.866,-22.5,10.1,,1.0,0.78,19.099,21132.0,552.3,14.3,False,,ok,1500.0,,,,,79.315,,44100,PASS,0.0,0.8599,True,MEANRUN_CEILING 5.36 vs 5.00 (+0.36),-77.1,58.1,,,,MASTERING_EDGE,,21894,872,5
fd-exchange-v2-2026-08-0304.flac,convicted,UPSCALE,44100,6147982,HF_DECOUPLED_-0.11;LOW_ROLLOFF_6.2KHZ;STEREO_AAC_DOUBT_0.00;DEAD_STRUCTURE_MAXRUN_188;DEADRUN_UNCORROBORATED_5.64;AAC_LATTICE_70pct,,,60.02,1.0,spread,2/2,2,60.0,0.0,1.4041,12.7222,4.7114,8.4098,1.8667,11.6446,2.0477,225,0.6593221005252515,0.6773302848615315,576,6180.0,—,True,16,16,PASS,"No shelf (16k drop=20.5dB, 20k drop=20.3dB)",188.0,5.64,,,,,,,,,False,,0.215,22000,3.7,0.037,-20.3,4.7,,1.0,0.038,35.162,,,,False,,ok,,,,False,True,12.574,,44100,PASS,0.0,0.1007,True,,-83.4,65.1,,,,NO_WALL,,,,5
fd-exchange-v2-2026-08-0305.flac,flagged,SUSPECT,44100,5954714,LOW_ROLLOFF_6.4KHZ;STEREO_AAC_DOUBT_0.00,,,60.0,1.0,whole,1/1,1,60.0,0.0,0.9995,7.2035,6.0773,8.567,2.1088,2.5545,2.1871,100,0.6206514675850101,0.6254476825058385,576,6438.4,—,True,16,16,PASS,"No shelf (16k drop=6.8dB, 20k drop=32.1dB)",37.0,2.706,,,21619.0,255.1,False,,10,,False,,0.386,21500,17.3,0.052,-39.4,5.4,,1.0,-0.7,4.536,21722.0,233.3,,False,,ok,1500.0,,,,,65.38,,44100,PASS,0.0,0.506,True,,-91.0,74.4,,,,NO_WALL,,,,5
fd-exchange-v2-2026-08-0306.flac,convicted,UPSCALE,44100,7853122,BRICKWALL_20K;HF_SEAM_0.68;STEREO_AAC_DOUBT_0.13;BAND_LIMIT_LOW_19500HZ_63DB;MP3_CONJ_BASE_19500;MP3_CONJ_WALLLEG_W63.1_K4.70,,,60.0,1.0,whole,1/1,1,60.0,0.0,3.5206,3.1672,7.3041,8.9492,4.7907,2.0451,4.9152,60,0.9584220159676311,0.9889723363827618,576,10562.0,—,True,16,16,FAKE_320K,"20kHz shelf (drop=42.7dB, whole-track)",1.0,2.0,,,,,,,,,False,,0.246,19500,69.7,0.204,-49.3,63.1,,1.0,0.697,-2.017,,,,False,,ok,,,,,,124.509,,44100,PASS,0.1269,0.9114,True,,-86.7,73.2,,,,NO_WALL,,,,5
fd-exchange-v2-2026-08-0307.flac,flagged,SUSPECT,44100,5133027,LOW_ROLLOFF_6.3KHZ;STEREO_AAC_DOUBT_0.00;DEAD_STRUCTURE_MAXRUN_269;MS_CONDITIONAL_55;AAC_LATTICE_16pct,,,60.02,1.0,spread,2/2,2,60.0,0.0,2.0714,16.6695,3.3717,10.3882,1.9334,10.6821,1.9279,207,0.42596795486897254,0.43495717031149156,576,6266.2,—,True,16,16,PASS,"No shelf (16k drop=11.8dB, 20k drop=20.0dB)",269.0,2.636,,,,,,,,,False,,0.329,22000,6.4,0.803,-20.0,3.9,,1.0,0.944,54.543,,,,False,,ok,,,,False,True,75.409,,44100,PASS,0.0016,0.8902,True,,-69.9,52.5,,,,NO_WALL,,,,5
fd-exchange-v2-2026-08-0308.flac,flagged,SUSPECT,44100,3517908,BRICKWALL_20K;HF_DECOUPLED_0.07;HF_SEAM_0.84;LOW_ROLLOFF_5.5KHZ;CNN_DOUBT;STEREO_AAC_DOUBT_0.00;BAND_LIMIT_LOW_19000HZ_25DB,,,55.09,0.9999,whole,1/1,1,55.09,0.0,0.1926,0.575,2.3475,2.5677,2.3278,2.3547,2.3278,0,0.5702892959441054,0.5702892959441054,576,5544.8,—,True,16,16,FAKE_320K,"20kHz shelf (drop=43.2dB, whole-track)",47.0,3.103,,,,,,,,,False,,0.332,19000,25.1,-0.089,-43.6,25.0,,1.0,-0.1,21.543,,,,False,,ok,,,,,,17.155,,44100,PASS,0.0,0.6371,True,,-115.5,86.5,,,,NO_WALL,,,,5
fd-exchange-v2-2026-08-0309.flac,flagged,SUSPECT,44100,5695321,BRICKWALL_20K;HF_DECOUPLED_-0.04;HF_SEAM_0.85;CNN_DOUBT;STEREO_AAC_DOUBT_0.00;DEAD_STRUCTURE_MAXRUN_381;DEADRUN_UNCORROBORATED_7.61;BAND_LIMIT_LOW_NOWALL_18000HZ,,,60.0,1.0,whole,1/1,1,60.0,0.0,0.0343,0.9927,3.8093,4.0774,0.8694,0.8664,0.8694,0,0.47364641617616304,0.47364641617616304,576,8161.1,—,True,16,16,FAKE_320K,"20kHz shelf (drop=65.5dB, whole-track)",381.0,7.609,,,,,,,,,False,,0.274,18000,20.5,0.02,-67.1,13.0,,1.0,0.099,2.765,,,,False,,ok,,,,,,4.965,,44100,PASS,0.0,0.7123,True,MEANRUN_SOLO 7.61 vs 8.00 (-0.39),-114.7,98.3,,,,MASTERING_EDGE,,17097,1163,5
fd-exchange-v2-2026-08-0310.flac,flagged,SUSPECT,44100,5510271,BRICKWALL_20K;STEREO_AAC_DOUBT_0.01;BAND_LIMIT_LOW_NOWALL_19500HZ,,,60.02,1.0,spread,2/2,2,60.0,0.0,0.3645,5.2888,5.2338,6.4379,2.0114,2.4685,1.9819,528,0.6811776253735666,0.6896353779064731,576,8247.2,—,True,16,16,FAKE_320K,"20kHz shelf (drop=42.4dB, whole-track)",17.0,2.728,,,,,,,,,False,,0.216,19500,10.1,-0.036,-47.4,2.5,,1.0,0.009,17.617,,,,False,,ok,,,,,,15.202,,44100,PASS,0.0081,0.6639,True,,-99.9,80.7,,,,NO_WALL,,,,5
fd-exchange-v2-2026-08-0311.flac,clear,GENUINE,48000,4605203,HF_DECOUPLED_-0.00;AI_SR_48000;LOW_ROLLOFF_3.4KHZ;DEADRUN_UNCORROBORATED_98,,,60.02,1.0,spread,2/2,2,60.01,0.0,1.3467,1.3041,1.4031,1.3892,2.5457,2.5426,2.7418,515,0.295097449781405,0.3169111578493051,576,3445.3,—,True,16,16,PASS,"No shelf (16k drop=27.3dB, 20k drop=20.5dB)",98.0,3.351,,,,,,,,,False,,0.342,22000,-3.4,0.215,-20.5,-0.1,,1.0,-0.407,17.971,,,,False,,ok,,,,,,45.172,,48000,PASS,0.9347,0.8044,True,MAXRUN_SOLO 98.00 vs 100.00 (-2.00),-93.6,76.4,,,,,,,,5
fd-exchange-v2-2026-08-0312.flac,flagged,SUSPECT,44100,6614844,BRICKWALL_20K;HF_SEAM_0.79;LOW_ROLLOFF_5.7KHZ;CNN_DOUBT;STEREO_AAC_DOUBT_0.00;DEAD_STRUCTURE_MAXRUN_223;DEAD_STRUCTURE_MEANRUN_35.55;BAND_LIMIT_LOW_NOWALL_17500HZ;AAC_LATTICE_14pct;MP3_IDEM_R3.74_17500;LOWBAND_WALL_SHADOW_21.8,,,60.02,1.0,spread,2/2,2,60.0,0.0,0.1303,6.5564,6.3784,8.1961,1.9175,4.1458,2.0114,369,0.6884718958478868,0.6954649122773335,576,5684.8,—,True,16,16,FAKE_320K,"20kHz shelf (drop=45.2dB, whole-track)",223.0,35.554,,,,,,,,,False,,0.184,17500,0.6,-0.13,-45.2,21.8,,1.0,0.575,6.395,,,,False,,ok,,,,True,True,2.627,,44100,PASS,0.0,0.75,True,,-93.3,82.4,,,,NO_WALL,,,,5
fd-exchange-v2-2026-08-0313.flac,flagged,SUSPECT,44100,1943548,LOW_ROLLOFF_6.5KHZ;STEREO_AAC_DOUBT_0.02,,,26.91,0.9999,whole,1/1,1,26.91,0.0,1.3314,9.7031,5.1025,8.2202,2.7407,2.7571,2.7911,7,0.3322279990659864,0.33995753069426593,576,6470.7,—,True,16,16,PASS,"No shelf (16k drop=12.6dB, 20k drop=34.2dB)",33.0,3.154,,,21576.0,123.4,False,0.6,4,1500.0,False,,0.349,21500,15.8,-0.012,-36.4,7.2,,1.0,-0.129,6.359,21606.0,80.7,,False,,ok,1500.0,,,,,70.901,,44100,PASS,0.0171,-0.139,True,,-107.6,76.5,,,,NO_WALL,,,,3
fd-exchange-v2-2026-08-0314.flac,clear,GENUINE,48000,6329366,AI_SR_48000,,,60.02,1.0,spread,2/2,2,60.01,0.0,2.4777,15.4734,5.1855,11.555,2.7605,7.6246,2.5633,556,0.8646056151493787,0.8772865632274667,576,11918.0,—,True,16,16,PASS,"No shelf (16k drop=10.6dB, 20k drop=17.7dB)",16.0,2.355,,,,,,,,,False,,0.367,22000,8.4,-0.001,-20.4,2.3,,1.0,0.076,14.167,23279.0,607.4,,False,,ok,1500.0,,,,,195.413,,48000,PASS,0.1916,0.84,True,,-77.8,57.1,,,,,,,,5
fd-exchange-v2-2026-08-0315.flac,convicted,UPSCALE,44100,6009976,BRICKWALL_20K;HF_DECOUPLED_-0.55;HF_SEAM_0.79;LOW_ROLLOFF_6.2KHZ;STEREO_AAC_DOUBT_0.00;DEAD_STRUCTURE_MAXRUN_219;DEADRUN_UNCORROBORATED_6.38;MP3_CONJ_BASE_20000;MP3_CONJ_WALLLEG_W20.3_K7.48;OPUS_EDGE_FIRE_20015_W486_F1.4,,,60.0,1.0,whole,1/1,1,60.0,0.0,0.6357,7.4382,4.4248,6.1522,0.9277,0.994,0.9277,0,0.5655975075657527,0.5655975075657527,576,6180.0,—,True,16,16,FAKE_320K,"20kHz shelf (drop=41.1dB, whole-track)",219.0,6.377,,,,,,,,,False,,0.216,20000,40.3,0.038,-61.2,20.3,,1.0,0.038,5.134,20015.0,18.1,1.4,True,0.187,ok,486.0,,,,,5.833,,44100,PASS,0.0001,0.1008,True,,-115.1,96.9,,,,DARK_REF,,20209,,5
fd-exchange-v2-2026-08-0316.flac,flagged,SUSPECT,44100,5077493,BRICKWALL_20K;HF_SEAM_0.61;LOW_ROLLOFF_7.3KHZ;CNN_DOUBT;STEREO_AAC_DOUBT_0.00;BAND_LIMIT_LOW_NOWALL_18500HZ;MS_CONDITIONAL_52,,,60.0,1.0,whole,1/1,1,60.0,0.0,-0.002,2.024,3.7382,4.1862,1.2845,1.2897,1.2845,0,0.48664016215535294,0.48664016215535294,576,7278.2,—,True,16,16,FAKE_320K,"20kHz shelf (drop=59.1dB, whole-track)",79.0,3.839,,,,,,,,,False,,0.226,18500,25.7,0.919,-59.4,15.2,,1.0,0.749,51.621,,,,False,,ok,,,,,,5.929,,44100,PASS,0.0,0.8187,True,MAXRUN_CEILING 79.00 vs 80.00 (-1.00),-116.1,93.2,,,,MASTERING_EDGE,,16979,1017,5
fd-exchange-v2-2026-08-0317.flac,flagged,SUSPECT,44100,1766396,HF_DECOUPLED_0.05;LOW_ROLLOFF_4.4KHZ;STEREO_AAC_DOUBT_0.00,,,29.37,0.9999,whole,1/1,1,29.37,0.0,0.4918,4.6794,4.0352,5.1272,1.8304,2.6942,1.8304,0,0.5905457464885295,0.5905457464885295,576,4435.8,—,True,16,16,PASS,"No shelf (16k drop=10.4dB, 20k drop=27.7dB)",11.0,2.233,,,,,,,,,False,,0.45,22000,6.3,0.007,-28.6,6.3,,1.0,0.113,6.112,21638.0,51.1,,False,,ok,1500.0,,,,,24.887,,44100,PASS,0.0,0.1152,True,,-109.8,75.0,,,,NO_WALL,,,,3
fd-exchange-v2-2026-08-0318.flac,flagged,SUSPECT,44100,5930031,HF_SEAM_0.70;LOW_ROLLOFF_7.0KHZ;CNN_DOUBT;STEREO_AAC_DOUBT_0.00;DEAD_STRUCTURE_MAXRUN_221;DEADRUN_UNCORROBORATED_7.15,,,60.0,1.0,whole,1/1,1,60.0,0.0,0.6965,11.1506,5.6453,9.7798,2.1267,3.3388,2.2679,527,0.8971392256440414,0.9044812868790115,576,7030.6,—,True,16,16,PASS,"No shelf (16k drop=6.0dB, 20k drop=31.0dB)",221.0,7.147,,,20069.0,313.7,False,,9,,False,,0.294,22000,13.0,-0.168,-31.0,7.7,,1.0,0.4,1.755,20155.0,353.8,23.2,False,,ok,1500.0,,,,,21.034,,44100,PASS,0.0,-0.0693,True,,-92.5,71.4,,,,MASTERING_EDGE,,20311,1120,5
fd-exchange-v2-2026-08-0319.flac,flagged,SUSPECT,44100,5149292,HF_SEAM_0.84;LOW_ROLLOFF_5.7KHZ;STEREO_AAC_DOUBT_0.00;MP3_CONJ_BASE_20500;MP3_CONJ_LOWOCC_0.046;OPUS_EDGE_LOWOCC_0.047,,,60.0,1.0,whole,1/1,1,60.0,0.0,1.8095,14.8661,4.7182,10.2621,0.7702,0.939,0.7702,0,0.6709728756401019,0.6709728756401019,576,5706.3,—,True,16,16,PASS,"No shelf (16k drop=8.6dB, 20k drop=8.5dB)",49.0,3.125,,,,,,,,,False,,0.26,20500,46.2,-0.081,-54.0,47.6,,1.0,0.074,2.362,20085.0,8.7,0.6,True,0.0475,ok,397.0,,,,,194.867,,44100,PASS,0.0,0.7405,True,,-115.8,91.6,,,,DARK_REF,,20166,,5
fd-exchange-v2-2026-08-0320.flac,flagged,SUSPECT,44100,3675071,LOW_ROLLOFF_5.5KHZ;AAC_LATTICE_20pct,,,55.1,1.0,whole,1/1,1,55.1,0.0,0.8971,1.3468,1.8409,2.1467,2.2264,2.2468,2.2066,4,0.7022009730076657,0.7140138234928448,576,5491.0,—,True,16,16,PASS,"No shelf (16k drop=6.3dB, 20k drop=31.6dB)",20.0,2.358,,,,,,,,,False,,0.334,22000,16.6,-0.08,-33.7,4.2,,1.0,-0.101,17.656,,,,False,,ok,,,,False,False,68.343,,44100,PASS,0.1946,0.6386,True,,-108.7,80.0,,,,NO_WALL,,,,5
fd-exchange-v2-2026-08-0321.flac,flagged,SUSPECT,44100,7118671,BRICKWALL_20K;HF_SEAM_0.96;CNN_DOUBT;STEREO_AAC_DOUBT_0.00;DEAD_STRUCTURE_MAXRUN_225;DEAD_STRUCTURE_MEANRUN_34.76;BAND_LIMIT_LOW_17500HZ_53DB;MP3_IDEM_R4.11_17500;LOWBAND_WALL_SHADOW_52.7,,,60.02,1.0,spread,2/2,2,60.0,0.0,0.0228,7.0714,5.5474,9.3367,2.0275,2.4492,2.149,443,0.7748722366682889,0.7940263688159196,576,9646.9,—,True,16,16,FAKE_320K,"20kHz shelf (drop=67.9dB, whole-track)",225.0,34.756,,,,,,,,,False,,0.183,17500,2.6,0.085,-69.7,52.7,,1.0,-0.069,17.336,,,,False,,ok,,,,,,1.448,,44100,PASS,0.0,0.7712,True,,-112.4,100.1,,1.0,3.8,silent,54.7,17280,172,5
fd-exchange-v2-2026-08-0322.flac,flagged,SUSPECT,48000,7065452,AI_SR_48000;LOW_ROLLOFF_5.5KHZ;STEREO_AAC_DOUBT_0.00,,,60.02,1.0,spread,2/2,2,60.01,0.0,1.4461,10.5894,4.7367,11.4733,2.5896,6.3871,2.4268,145,0.7628676241945477,0.7858724625131112,576,5543.0,—,True,16,16,PASS,"No shelf (16k drop=13.6dB, 20k drop=18.1dB)",26.0,2.721,,,,,,,,,False,,0.209,22000,10.1,-0.127,-24.4,8.7,,1.0,0.568,16.724,21785.0,55.7,,False,,ok,1500.0,,,,,201.655,,48000,PASS,0.0001,0.9651,True,,-65.2,54.3,,,,,,,,5
fd-exchange-v2-2026-08-0323.flac,flagged,SUSPECT,44100,4882330,BRICKWALL_20K;HF_DECOUPLED_0.08;HF_SEAM_0.88;LOW_ROLLOFF_6.8KHZ;STEREO_AAC_DOUBT_0.00;DEAD_STRUCTURE_MAXRUN_284;DEADRUN_UNCORROBORATED_5.73;BAND_LIMIT_LOW_16500HZ_42DB;LOWBAND_WALL_SHADOW_41.5,,,60.0,1.0,whole,1/1,1,60.0,0.0,-0.0313,-0.0466,2.0717,2.0501,2.0148,2.0169,2.0148,0,0.5413778227637129,0.5413778227637129,576,6847.6,—,True,16,16,FAKE_320K,"20kHz shelf (drop=61.1dB, whole-track)",284.0,5.733,,,,,,,,,False,,0.454,16500,0.7,0.422,-63.8,41.5,,1.0,0.869,21.368,,,,False,,ok,,,,,,2.013,,44100,PASS,0.0,0.9167,True,,-116.3,95.8,,,,MASTERING_EDGE,,16010,1001,5
fd-exchange-v2-2026-08-0324.flac,convicted,UPSCALE,48000,6208389,FAKE_STEREO;HF_SEAM_0.86;AI_SR_48000;CNN_DOUBT;STEREO_AAC_DOUBT_0.00;DEAD_STRUCTURE_MAXRUN_273;DEAD_STRUCTURE_MEANRUN_6.35;MS_CONDITIONAL_52;MP3_CONJ_BASE_20500;MP3_CONJ_WALLLEG_W39.3_K5.35;MP3_IDEM_R3.61_20500,,,60.0,1.0,whole,1/1,1,60.0,0.0,1.425,16.21,2.2291,14.0735,3.2792,5.9366,3.3974,539,0.3496538762018278,0.3662526156921697,576,10851.6,—,True,16,16,PASS,"No shelf (16k drop=11.3dB, 20k drop=24.3dB)",273.0,6.355,,,,,,,,,False,,0.341,20500,58.7,1.0,-77.9,39.3,,1.0,1.0,52.334,20379.0,13.7,14.8,False,,ok,378.0,,,,,71.888,,48000,FAKE_STEREO,0.0,0.9967,True,,-107.7,97.1,,,,,,,,5
fd-exchange-v2-2026-08-0325.flac,convicted,UPSCALE,48000,5895368,BRICKWALL_20K;HF_SEAM_0.85;AI_SR_48000;CNN_DOUBT;STEREO_AAC_DOUBT_0.00;DEAD_STRUCTURE_MAXRUN_103;BAND_LIMIT_LOW_19000HZ_42DB;MP3_CONJ_BASE_19000;MP3_CONJ_WALLLEG_W42.2_K5.40;MP3_IDEM_R2.79_19000,,,60.0,1.0,whole,1/1,1,60.0,0.0,0.496,7.4959,4.8917,7.8956,2.2071,2.3515,2.3836,501,0.7903706563181403,0.8016085202812873,576,10570.3,—,True,16,16,FAKE_320K,"20kHz shelf (drop=65.3dB, whole-track)",103.0,4.258,,,,,,,,,False,,0.367,19000,53.6,-0.001,-65.3,42.2,,1.0,0.075,47.997,,,,False,,ok,,,,,,91.094,,48000,PASS,0.0,0.8387,True,MAXRUN_SOLO 103.00 vs 100.00 (+3.00);MS_COND_CEILING 48.00 vs 48.00 (-0.00),-114.7,93.7,,,,,,,,5
fd-exchange-v2-2026-08-0326.flac,convicted,UPSCALE,44100,5972367,HF_SEAM_0.69;LOW_ROLLOFF_7.4KHZ;CNN_DOUBT;STEREO_AAC_DOUBT_0.00;DEAD_STRUCTURE_MAXRUN_275;DEADRUN_UNCORROBORATED_6.89;AAC_LATTICE_60pct,,,60.02,1.0,spread,2/2,2,60.0,0.0,0.6084,8.8559,6.7286,9.8108,2.2851,3.0939,2.2175,243,0.9627410106203727,0.9731180822680565,576,7429.0,—,True,16,16,PASS,"No shelf (16k drop=10.7dB, 20k drop=39.6dB)",275.0,6.887,,,,,,,,,False,,0.331,20500,26.0,-0.25,-43.9,13.3,,1.0,0.096,47.905,20365.0,360.1,2.4,False,,ok,1500.0,,,False,True,45.19,,44100,PASS,0.0,0.7908,True,MS_COND_CEILING 47.91 vs 48.00 (-0.09),-90.7,70.5,,,,MASTERING_EDGE,,19315,1405,5
fd-exchange-v2-2026-08-0327.flac,flagged,SUSPECT,44100,1821698,LOW_ROLLOFF_4.5KHZ;STEREO_AAC_DOUBT_0.09,,,29.37,0.9999,whole,1/1,1,29.37,0.0,1.2112,7.1432,4.1376,5.8389,2.8864,3.9791,3.0126,27,0.6575364202696524,0.6624715359026254,576,4522.0,—,True,16,16,PASS,"No shelf (16k drop=10.2dB, 20k drop=25.2dB)",8.0,2.122,,,21786.0,113.1,False,,4,,False,,0.45,22000,5.7,0.0,-25.2,6.4,,1.0,0.114,10.641,21754.0,19.2,,False,,ok,1500.0,,,,,31.702,,44100,PASS,0.0907,0.1151,True,,-104.7,69.8,,,,NO_WALL,,,,3
fd-exchange-v2-2026-08-0328.flac,clear,GENUINE,48000,6330376,AI_SR_48000,,,60.0,1.0,whole,1/1,1,60.0,0.0,2.5214,15.5734,5.2157,11.6437,2.6097,7.5547,2.6805,92,0.8625559126142984,0.8773994117984266,576,12105.5,—,True,16,16,PASS,"No shelf (16k drop=10.1dB, 20k drop=17.2dB)",6.0,2.095,,,,,,,,,False,,0.367,22000,8.7,-0.001,-20.3,3.1,,1.0,0.076,6.067,22928.0,332.4,,False,,ok,1500.0,,,,,191.596,,48000,PASS,0.3617,0.839,True,,-69.5,48.7,,,,,,,,5
fd-exchange-v2-2026-08-0329.flac,flagged,SUSPECT,44100,6316849,LOW_ROLLOFF_5.3KHZ;STEREO_AAC_DOUBT_0.00;DEAD_STRUCTURE_MAXRUN_123;DEADRUN_UNCORROBORATED_7.48,,,60.02,1.0,spread,2/2,2,60.0,0.0,1.1589,7.959,4.5713,7.1292,1.8484,3.0395,1.8737,160,0.6211657288277439,0.6345838963695838,576,5297.2,—,True,16,16,PASS,"No shelf (16k drop=16.4dB, 20k drop=25.7dB)",123.0,7.481,,,21493.0,122.4,False,0.7,12,1500.0,False,,0.422,21500,8.7,0.179,-28.8,14.9,,1.0,0.773,31.219,21528.0,74.1,0.6,False,,ok,1500.0,,,,,19.696,,44100,PASS,0.0,0.564,True,,-84.9,72.1,,,,NO_WALL,,,,5
fd-exchange-v2-2026-08-0330.flac,clear,GENUINE,44100,5789894,HF_DECOUPLED_0.12;LOW_ROLLOFF_5.1KHZ,,,60.0,1.0,whole,1/1,1,60.0,0.0,1.5545,2.4771,3.4452,3.6722,1.3711,1.3809,1.4363,189,0.521146935230338,0.5309016343585399,576,5071.1,—,True,16,16,PASS,"No shelf (16k drop=22.3dB, 20k drop=26.8dB)",2.0,2.0,,,,,,,,,False,,0.198,22000,3.5,-0.118,-29.7,1.4,,1.0,0.547,4.928,,,,False,,ok,,,,,,29.388,,44100,PASS,0.4988,0.9501,True,,-86.6,70.5,,,,NO_WALL,,,,5
fd-exchange-v2-2026-08-0331.flac,flagged,SUSPECT,44100,6941379,HF_DECOUPLED_0.13;HF_SEAM_0.68;LOW_ROLLOFF_6.4KHZ;CNN_DOUBT;STEREO_AAC_DOUBT_0.00,,,60.02,1.0,spread,2/2,2,60.0,0.0,0.6026,12.6652,5.7352,10.6374,1.601,2.0046,1.5762,233,0.5213305842993221,0.5437614336305427,576,6406.1,—,True,16,16,PASS,"No shelf (16k drop=12.5dB, 20k drop=30.3dB)",32.0,2.862,,,,,,,,,False,,0.239,22000,11.2,-0.654,-30.3,4.2,,1.0,0.86,21.0,,,,False,,ok,,,,,,10.04,,44100,PASS,0.0,0.9615,True,,-91.3,77.5,,,,NO_WALL,,,,5
fd-exchange-v2-2026-08-0332.flac,flagged,SUSPECT,44100,3653512,LOW_ROLLOFF_5.8KHZ;CNN_DOUBT;STEREO_AAC_DOUBT_0.00;AAC_LATTICE_62pct,,,49.27,0.9999,whole,1/1,1,49.27,0.0,0.9546,1.9652,2.8662,3.3596,2.0508,2.252,2.1158,553,1.1707488941370676,1.2117075718958206,576,5846.3,—,True,16,16,PASS,"No shelf (16k drop=14.8dB, 20k drop=38.8dB)",40.0,3.023,,,,,,,,,False,,0.369,21000,10.4,-0.011,-42.6,3.8,,1.0,-0.057,26.226,21318.0,0.0,0.3,False,,ok,1500.0,,,False,False,25.739,,44100,PASS,0.0,0.7868,True,,-100.9,75.4,,,,NO_WALL,,,,5
fd-exchange-v2-2026-08-0333.flac,flagged,SUSPECT,44100,6231885,LOW_ROLLOFF_6.2KHZ;STEREO_AAC_DOUBT_0.00,,,60.02,1.0,spread,2/2,2,60.0,0.0,1.6644,16.2082,5.4899,10.7975,1.827,13.9783,1.8325,491,0.6681604368082957,0.6980291417733155,576,6212.3,—,True,16,16,PASS,"No shelf (16k drop=19.8dB, 20k drop=17.7dB)",14.0,2.631,,,,,,,,,False,,0.216,22000,4.3,0.039,-18.9,3.8,,1.0,0.038,10.632,,,,False,,ok,,,,,,17.899,,44100,PASS,0.0,0.1011,True,,-79.8,61.5,,,,NO_WALL,,,,5
fd-exchange-v2-2026-08-0334.flac,flagged,SUSPECT,44100,5213538,LOW_ROLLOFF_5.5KHZ;STEREO_AAC_DOUBT_0.00,,,60.0,1.0,whole,1/1,1,60.0,0.0,2.1595,16.3135,4.6441,10.8197,1.642,5.9643,1.6202,469,0.8033481529646651,0.8457305893961767,576,5480.2,—,True,16,16,PASS,"No shelf (16k drop=9.2dB, 20k drop=-9.9dB)",47.0,3.107,,,20920.0,206.0,False,,11,,False,,0.261,22000,6.9,-0.075,-17.9,5.0,,1.0,0.074,8.362,21078.0,327.8,5.2,False,,ok,1500.0,,,,,211.362,,44100,PASS,0.0,0.7407,True,,-87.3,63.0,,,,NO_WALL,,,,5
fd-exchange-v2-2026-08-0335.flac,convicted,UPSCALE,48000,6998354,HF_SEAM_0.66;AI_SR_48000;LOW_ROLLOFF_5.6KHZ;STEREO_AAC_DOUBT_0.00;DEADRUN_UNCORROBORATED_97;DEAD_STRUCTURE_MEANRUN_10.22;MP3_CONJ_BASE_20500;MP3_CONJ_WALLLEG_W46.6_K5.27;MP3_IDEM_R2.66_20500,,,60.0,1.0,whole,1/1,1,60.0,0.0,1.0469,9.2543,4.6143,10.8234,2.5978,3.2497,2.6014,288,0.7715432347150869,0.7975587469535511,576,5578.1,—,True,16,16,PASS,"No shelf (16k drop=14.2dB, 20k drop=26.4dB)",97.0,10.219,,,,,,,,,False,,0.203,20500,57.3,-0.146,-72.1,46.6,,1.0,0.563,4.884,20071.0,18.7,29.7,False,,ok,482.0,,,,,191.004,,48000,PASS,0.0,0.9645,True,MAXRUN_SOLO 97.00 vs 100.00 (-3.00),-111.8,100.8,,,,,,,,5
fd-exchange-v2-2026-08-0336.flac,flagged,SUSPECT,44100,5650959,BRICKWALL_20K;HF_DECOUPLED_0.01;HF_SEAM_0.89;LOW_ROLLOFF_7.2KHZ;STEREO_AAC_DOUBT_0.00;DEAD_STRUCTURE_MAXRUN_302;DEADRUN_UNCORROBORATED_7.96;BAND_LIMIT_LOW_16500HZ_30DB;LOWBAND_WALL_SHADOW_29.7,,,60.0,1.0,whole,1/1,1,60.0,0.0,0.0395,0.1025,5.9346,5.9236,1.8425,1.8459,1.8425,0,0.5855480051818918,0.5855480051818918,576,7235.2,—,True,16,16,FAKE_320K,"20kHz shelf (drop=59.8dB, whole-track)",302.0,7.956,,,,,,,,,False,,0.496,16500,-4.1,-0.013,-59.8,29.7,,1.0,-0.124,36.779,,,,False,,ok,,,,,,9.533,,44100,PASS,0.0,0.3276,True,MEANRUN_SOLO 7.96 vs 8.00 (-0.04),-113.4,96.1,,,,MASTERING_EDGE,,16037,1034,5
fd-exchange-v2-2026-08-0337.flac,convicted,UPSCALE,44100,6821990,HF_SEAM_0.69;CNN_DOUBT;STEREO_AAC_DOUBT_0.00;DEADRUN_UNCORROBORATED_88;DEADRUN_UNCORROBORATED_7.71;MP3_CONJ_BASE_20500;MP3_CONJ_WALLLEG_W45.9_K3.88,,,60.0,1.0,whole,1/1,1,60.0,0.0,1.0015,13.5774,2.8508,14.7645,2.9562,3.052,2.8374,229,0.6178190629312845,0.6496107694849509,576,10519.0,—,True,16,16,PASS,"No shelf (16k drop=16.5dB, 20k drop=27.8dB)",88.0,7.711,,,,,,,,,False,,0.143,20500,57.8,0.543,-75.6,45.9,,1.0,0.964,2.869,20069.0,20.3,25.1,False,,ok,463.0,,,,,98.754,,44100,PASS,0.0,0.9603,True,MEANRUN_SOLO 7.71 vs 8.00 (-0.29),-114.4,98.4,,1.0,24.9,silent,54.2,20225,436,5
fd-exchange-v2-2026-08-0338.flac,flagged,SUSPECT,44100,4971200,LOW_ROLLOFF_6.8KHZ;STEREO_AAC_DOUBT_0.00;DEAD_STRUCTURE_MAXRUN_206;DEAD_STRUCTURE_MEANRUN_5.31;MS_CONDITIONAL_51,,,60.0,1.0,whole,1/1,1,60.0,0.0,0.9733,12.6611,3.1742,8.1475,2.1551,8.2616,2.1551,0,0.39522197744984405,0.39522197744984405,576,6826.0,—,True,16,16,PASS,"No shelf (16k drop=9.4dB, 20k drop=16.3dB)",206.0,5.308,,,21862.0,198.7,False,,11,,False,,0.35,22000,8.2,0.881,-19.9,5.2,,1.0,0.782,50.856,21924.0,67.7,,False,,ok,1500.0,,,,,90.738,,44100,PASS,0.0,0.8604,True,MEANRUN_CEILING 5.31 vs 5.00 (+0.31),-74.1,55.0,,,,NO_WALL,,,,5
fd-exchange-v2-2026-08-0339.flac,flagged,SUSPECT,44100,6421048,BRICKWALL_20K;HF_SEAM_0.73;CNN_DOUBT;STEREO_AAC_DOUBT_0.00;DEAD_STRUCTURE_MAXRUN_158;DEADRUN_UNCORROBORATED_6.78;BAND_LIMIT_LOW_17000HZ_31DB;LOWBAND_WALL_SHADOW_31.3,,,60.0,1.0,whole,1/1,1,60.0,0.0,0.2164,1.0661,5.3702,5.7675,3.1888,3.7063,3.4155,533,0.6952232450979055,0.7237996265265373,576,11304.9,—,True,16,16,FAKE_320K,"20kHz shelf (drop=68.5dB, whole-track)",158.0,6.783,,,,,,,,,False,,0.094,17000,25.0,-0.111,-88.8,31.3,,1.0,0.002,2.035,20099.0,14.6,0.6,False,,ok,1500.0,,,,,5.478,,44100,PASS,0.0048,0.6908,True,,-115.1,94.3,,,,MASTERING_EDGE,,16817,754,5
fd-exchange-v2-2026-08-0340.flac,flagged,SUSPECT,44100,1527182,BRICKWALL_20K;HF_SEAM_0.85;CNN_DOUBT;STEREO_AAC_DOUBT_0.00;BAND_LIMIT_LOW_17500HZ_33DB;LOWBAND_WALL_SHADOW_33.2,,,20.8,1.0,whole,1/1,1,20.8,0.0,0.1061,1.2288,2.5151,2.9171,2.1008,2.1887,2.1935,530,0.39914332501542643,0.40697312766058713,576,8597.1,—,True,16,16,FAKE_320K,"20kHz shelf (drop=60.2dB, whole-track)",73.0,3.452,,,,,,,,,False,,0.478,17500,-0.9,0.768,-60.2,33.2,,1.0,0.959,25.322,,,,False,,ok,,,,,,3.731,,44100,PASS,0.0,0.9506,True,,-114.6,89.2,,,,MASTERING_EDGE,,16957,818,2
fd-exchange-v2-2026-08-0341.flac,flagged,SUSPECT,48000,6857887,FAKE_STEREO;AI_SR_48000;CNN_DOUBT;STEREO_AAC_DOUBT_0.00;DEAD_STRUCTURE_MAXRUN_192;DEAD_STRUCTURE_MEANRUN_7.64;MS_CONDITIONAL_79;MP3_IDEM_R3.42_20500,,,60.0,1.0,whole,1/1,1,60.0,0.0,1.3447,15.2063,2.4926,13.5613,3.4601,7.5283,3.311,536,0.3461098641238958,0.36115648706983894,576,10640.6,—,True,16,16,PASS,"No shelf (16k drop=11.4dB, 20k drop=22.9dB)",192.0,7.637,,,,,,,,,False,,0.342,21000,22.9,0.992,-41.2,18.3,,1.0,0.999,79.202,20848.0,154.2,18.2,False,,ok,1054.0,,,,,74.398,,48000,FAKE_STEREO,0.0,0.9963,True,MEANRUN_SOLO 7.64 vs 8.00 (-0.36),-70.6,60.0,,,,,,,,5
fd-exchange-v2-2026-08-0342.flac,flagged,SUSPECT,44100,6072255,STEREO_AAC_DOUBT_0.00;MS_CONDITIONAL_62,,,60.02,1.0,spread,2/2,2,60.0,0.0,2.43,19.9504,1.8839,16.5959,2.8748,20.7483,2.6451,378,0.3539248503349885,0.36158069988026326,576,14158.1,—,True,16,16,PASS,"No shelf (16k drop=6.0dB, 20k drop=16.4dB)",72.0,2.504,,,,,,,,,False,,0.183,22000,5.6,0.998,-17.3,1.2,,1.0,0.993,61.512,,,,False,,ok,,,,,,215.524,,44100,PASS,0.0008,0.987,True,,-59.5,38.7,,,,NO_WALL,,,,5
fd-exchange-v2-2026-08-0343.flac,flagged,SUSPECT,44100,1565596,BRICKWALL_20K;HF_SEAM_0.95;CNN_DOUBT;STEREO_AAC_DOUBT_0.00;BAND_LIMIT_LOW_17500HZ_37DB;MS_CONDITIONAL_51;MP3_IDEM_R1.35_17500;MP3_IDEM_FIRE_17500;LOWBAND_WALL_SHADOW_37.2,,,20.81,1.0,whole,1/1,1,20.81,0.0,0.5768,4.5251,2.591,3.969,2.3742,2.5878,2.264,575,0.44949769177562415,0.49808306375762224,576,8624.0,—,True,16,16,FAKE_320K,"20kHz shelf (drop=60.6dB, whole-track)",69.0,3.418,,,,,,,,,False,,0.477,17500,0.2,0.522,-60.6,37.2,,1.0,0.958,50.604,,,,False,,ok,,,,,,3.247,,44100,PASS,0.0,0.9491,True,,-114.5,89.1,,,,MASTERING_EDGE,,17248,872,2
fd-exchange-v2-2026-08-0344.flac,convicted,UPSCALE,44100,5941379,HF_SEAM_0.91;CNN_DOUBT;STEREO_AAC_DOUBT_0.00;DEAD_STRUCTURE_MAXRUN_201;MS_CONDITIONAL_65;MP3_CONJ_BASE_20500;MP3_CONJ_WALLLEG_W57.5_K6.09;OPUS_EDGE_FIRE_20117_W381_F2.3,,,60.0,1.0,whole,1/1,1,60.0,0.0,1.1292,15.8252,2.0329,14.5538,0.5193,0.6139,0.5193,0,0.26926284159409963,0.26926284159409963,576,13802.8,—,True,16,16,PASS,"No shelf (16k drop=6.1dB, 20k drop=23.0dB)",201.0,4.924,,,,,,,,,False,,0.183,20500,62.9,0.998,-74.6,57.5,,1.0,0.992,65.208,20117.0,8.9,2.3,True,0.4527,ok,381.0,,,,,151.142,,44100,PASS,0.0,0.9869,True,MEANRUN_CEILING 4.92 vs 5.00 (-0.08),-115.7,94.8,,,3.5,silent,55.5,20187,215,5
fd-exchange-v2-2026-08-0345.flac,flagged,SUSPECT,44100,4971374,BRICKWALL_20K;HF_SEAM_0.69;LOW_ROLLOFF_6.3KHZ;STEREO_AAC_DOUBT_0.00;DEADRUN_UNCORROBORATED_99;DEADRUN_UNCORROBORATED_7.79;BAND_LIMIT_LOW_NOWALL_18500HZ,,,60.0,1.0,whole,1/1,1,60.0,0.0,0.5685,1.2846,3.028,3.2046,1.9809,2.0086,1.757,476,0.43052090986090097,0.4519596120014956,576,6255.4,—,True,16,16,FAKE_320K,"20kHz shelf (drop=48.6dB, whole-track)",99.0,7.79,,,,,,,,,False,,0.231,18500,24.9,-0.046,-62.3,5.1,,1.0,0.627,5.382,20074.0,11.3,0.4,False,,ok,1500.0,,,,,17.409,,44100,PASS,0.002,0.92,True,MEANRUN_SOLO 7.79 vs 8.00 (-0.21);MAXRUN_SOLO 99.00 vs 100.00 (-1.00),-115.8,97.5,,,,NO_WALL,,,,5
fd-exchange-v2-2026-08-0346.flac,flagged,SUSPECT,44100,5134651,BRICKWALL_20K;HF_SEAM_0.72;LOW_ROLLOFF_6.3KHZ;STEREO_AAC_DOUBT_0.01;DEADRUN_UNCORROBORATED_95;DEADRUN_UNCORROBORATED_5.73;BAND_LIMIT_LOW_NOWALL_16500HZ,,,60.0,1.0,whole,1/1,1,60.0,0.0,0.8026,1.0513,4.7489,4.7716,2.4708,2.6306,2.3403,288,0.7533054756375283,0.769165475915468,576,6341.5,—,True,16,16,FAKE_320K,"20kHz shelf (drop=49.3dB, whole-track)",95.0,5.728,,,,,,,,,False,,0.307,16500,22.9,-0.107,-64.2,17.2,,1.0,-0.207,7.824,20077.0,8.7,0.4,False,,ok,1500.0,,,,,15.423,,44100,PASS,0.0073,0.6475,True,MAXRUN_SOLO 95.00 vs 100.00 (-5.00),-115.0,93.4,,,,NO_WALL,,,,5
fd-exchange-v2-2026-08-0347.flac,convicted,UPSCALE,44100,7832235,BRICKWALL_20K;HF_SEAM_0.85;CNN_DOUBT;STEREO_AAC_DOUBT_0.00;DEADRUN_UNCORROBORATED_5.30;BAND_LIMIT_LOW_19500HZ_68DB;MP3_CONJ_BASE_19500;MP3_CONJ_WALLLEG_W68.1_K3.80;MP3_IDEM_R5.48_19500,,,60.02,1.0,spread,2/2,2,60.0,0.0,3.5052,3.7386,7.2267,9.2399,4.7587,2.624,4.8535,122,0.9581187330370567,0.992309946835886,576,10454.4,—,True,16,16,FAKE_320K,"20kHz shelf (drop=47.9dB, whole-track)",28.0,5.3,,,,,,,,,False,,0.246,19500,74.2,0.206,-54.0,68.1,,1.0,0.7,27.309,21404.0,336.3,3.8,False,,ok,1500.0,,,,,136.356,,44100,PASS,0.0002,0.9128,True,MEANRUN_CEILING 5.30 vs 5.00 (+0.30),-90.8,77.3,,,1.6,silent,-21.5,17959,345,5
fd-exchange-v2-2026-08-0348.flac,flagged,SUSPECT,44100,4671635,LOW_ROLLOFF_4.0KHZ;STEREO_AAC_DOUBT_0.01;AAC_LATTICE_16pct,,,60.02,1.0,spread,2/2,2,60.0,0.0,0.818,1.2215,3.8748,3.9455,1.8943,1.9245,1.761,424,0.5606691335608678,0.578701713662041,576,4026.7,—,True,16,16,PASS,"No shelf (16k drop=26.5dB, 20k drop=40.8dB)",19.0,2.414,,,,,,,,,False,,0.1,20000,11.4,0.218,-44.4,3.5,,1.0,0.087,14.919,,,,False,,ok,,,,False,False,12.82,,44100,PASS,0.0117,0.8763,True,,-102.8,80.9,,,,NO_WALL,,,,5
fd-exchange-v2-2026-08-0349.flac,flagged,SUSPECT,44100,6329338,PHASE_ISSUE;HF_SEAM_0.61;STEREO_AAC_DOUBT_0.00,,,60.02,1.0,spread,2/2,2,60.0,0.0,1.0876,13.3834,5.4793,10.9396,2.2252,4.8367,2.2413,476,0.7943531549338649,0.812997193899892,576,9227.0,—,True,16,16,PASS,"No shelf (16k drop=8.7dB, 20k drop=27.9dB)",40.0,4.412,,,21372.0,83.4,False,18.1,12,1500.0,False,,0.217,21500,19.8,0.027,-36.2,15.3,,1.0,0.031,26.185,21404.0,59.4,17.1,False,,ok,1500.0,,,,,51.273,,44100,PHASE_ISSUE,0.0,-0.2238,True,,-92.5,72.7,,,,MASTERING_EDGE,,21829,1217,5
fd-exchange-v2-2026-08-0350.flac,convicted,UPSCALE,44100,7851175,HF_SEAM_0.89;STEREO_AAC_DOUBT_0.00;DEAD_STRUCTURE_MAXRUN_113;DEADRUN_UNCORROBORATED_6.07;MP3_CONJ_BASE_20500;MP3_CONJ_WALLLEG_W37.2_K5.23;OPUS_EDGE_FIRE_20107_W362_F2.8,,,60.0,1.0,whole,1/1,1,60.0,0.0,1.8311,8.8417,7.1897,13.5847,1.5362,1.526,1.5362,0,0.5421220234333236,0.5421220234333236,576,10637.4,—,True,16,16,PASS,"No shelf (16k drop=30.9dB, 20k drop=35.9dB)",113.0,6.074,,,,,,,,,False,,0.246,20500,87.4,0.203,-67.0,37.2,,1.0,0.696,24.427,20107.0,8.1,2.8,True,0.476,ok,362.0,,,,,136.577,,44100,PASS,0.0006,0.9111,True,,-114.6,101.1,,,,MASTERING_EDGE,,16031,942,5
fd-exchange-v2-2026-08-0351.flac,flagged,SUSPECT,44100,5801364,LOW_ROLLOFF_5.0KHZ;STEREO_AAC_DOUBT_0.00,,,60.02,1.0,spread,2/2,2,60.0,0.0,1.525,2.4266,3.2954,3.5195,1.4113,1.4209,1.3556,165,0.5145970065180193,0.5220352460290768,576,5017.2,—,True,16,16,PASS,"No shelf (16k drop=23.2dB, 20k drop=27.6dB)",25.0,2.6,,,,,,,,,False,,0.198,22000,2.8,-0.112,-29.2,2.0,,1.0,0.549,15.782,,,,False,,ok,,,,,,29.389,,44100,PASS,0.0,0.9504,True,,-83.9,68.0,,,,NO_WALL,,,,5
fd-exchange-v2-2026-08-0352.flac,flagged,SUSPECT,44100,5824673,LOW_ROLLOFF_6.4KHZ;CNN_DOUBT;STEREO_AAC_DOUBT_0.00;DEAD_STRUCTURE_MAXRUN_262;DEADRUN_UNCORROBORATED_6.55,,,60.0,1.0,whole,1/1,1,60.0,0.0,0.7266,6.3936,4.761,7.0918,1.9749,2.2822,1.9749,0,0.5486819190679849,0.5486819190679849,576,6416.9,—,True,16,16,PASS,"No shelf (16k drop=7.8dB, 20k drop=30.5dB)",262.0,6.553,,,20182.0,178.9,False,,11,,False,,0.388,21000,23.5,-0.142,-41.2,10.7,,1.0,0.054,29.145,20274.0,168.9,21.7,False,,ok,1675.0,,,,,29.517,,44100,PASS,0.0,0.9508,True,,-92.8,79.5,,,,MASTERING_EDGE,,21108,1324,5
fd-exchange-v2-2026-08-0353.flac,flagged,SUSPECT,48000,6158760,HF_SEAM_0.69;AI_SR_48000;LOW_ROLLOFF_5.5KHZ;STEREO_AAC_DOUBT_0.00;DEAD_STRUCTURE_MAXRUN_170,,,60.02,1.0,spread,2/2,2,60.01,0.0,0.9811,10.1476,5.6575,8.6669,2.4615,6.414,2.5737,227,0.6228062808393064,0.6376097775450276,576,5460.9,—,True,16,16,PASS,"No shelf (16k drop=17.0dB, 20k drop=23.9dB)",170.0,3.285,,,,,,,,,False,,0.206,22000,2.5,0.147,-23.9,10.1,,1.0,0.735,43.083,21779.0,40.1,,False,,ok,1500.0,,,,,25.948,,48000,PASS,0.0005,0.7039,True,,-77.3,65.1,,,,,,,,5
fd-exchange-v2-2026-08-0354.flac,clear,GENUINE,48000,11930365,AI_SR_48000;LOW_ROLLOFF_5.5KHZ,,,60.0,1.0,whole,1/1,1,60.0,0.0,1.019,9.6714,5.2896,8.1459,3.0103,6.6194,2.8956,520,0.6216753334530768,0.6337798048639101,576,5484.4,—,True,24,24,PASS,"No shelf (16k drop=16.4dB, 20k drop=23.0dB)",67.0,2.597,,,,,,,,,False,,0.208,22000,1.1,0.156,-23.0,1.2,,0.986,0.733,5.653,,,,False,,ok,,,,,,30.853,,48000,PASS,0.3452,0.7035,True,,-77.5,65.5,,,,,,,,5
fd-exchange-v2-2026-08-0355.flac,convicted,UPSCALE,44100,5501745,STEREO_AAC_DOUBT_0.00;DEAD_STRUCTURE_MAXRUN_122;MS_CONDITIONAL_51;AAC_LATTICE_67pct,,,60.02,1.0,spread,2/2,2,60.0,0.0,1.4424,10.7788,5.1009,10.7506,3.0098,7.7298,3.4058,105,0.7912691539694334,0.8037107303164971,576,9679.2,—,True,16,16,PASS,"No shelf (16k drop=12.4dB, 20k drop=22.6dB)",122.0,4.53,,,21878.0,296.9,False,,11,,False,,0.322,22000,8.9,0.003,-23.8,0.2,,1.0,-0.002,50.802,21940.0,72.2,,False,,ok,1500.0,,,False,True,270.25,,44100,PASS,0.0,0.8413,True,MEANRUN_CEILING 4.53 vs 5.00 (-0.47),-75.4,53.6,,,,NO_WALL,,,,5
fd-exchange-v2-2026-08-0356.flac,flagged,SUSPECT,48000,5925086,BRICKWALL_20K;HF_SEAM_0.87;AI_SR_48000;CNN_DOUBT;STEREO_AAC_DOUBT_0.00;DEAD_STRUCTURE_MAXRUN_129;BAND_LIMIT_LOW_18000HZ_36DB,,,60.02,1.0,spread,2/2,2,60.01,0.0,0.509,7.1122,4.0467,6.7054,2.1441,2.2475,1.9296,1,0.7250181273269211,0.7440007969181979,576,10359.4,—,True,16,16,FAKE_320K,"20kHz shelf (drop=64.7dB, whole-track)",129.0,4.469,,,,,,,,,False,,0.37,18000,19.0,0.116,-64.7,35.6,,1.0,0.077,32.508,,,,False,,ok,,,,,,3.349,,48000,PASS,0.0,0.841,True,,-116.8,96.1,,,,,,,,5
fd-exchange-v2-2026-08-0357.flac,clear,GENUINE,44100,5298931,,,,60.02,1.0,spread,2/2,2,60.0,0.0,1.4993,16.3595,5.684,12.252,1.9958,8.2461,1.9739,352,0.8157576315240468,0.8282104579257162,576,9345.4,—,True,16,16,PASS,"No shelf (16k drop=21.0dB, 20k drop=28.1dB)",29.0,2.692,,,21679.0,387.3,False,,5,,False,,0.149,22000,10.9,0.111,-36.0,6.5,,1.0,0.307,14.805,21038.0,0.0,4.0,False,,ok,1500.0,,,,,60.992,,44100,PASS,0.2037,0.9316,True,,-80.3,59.8,,,,NO_WALL,,,,5
fd-exchange-v2-2026-08-0358.flac,flagged,SUSPECT,44100,5383029,HF_SEAM_0.66;LOW_ROLLOFF_6.2KHZ;STEREO_AAC_DOUBT_0.00,,,60.02,1.0,spread,2/2,2,60.0,0.0,1.2868,8.093,4.5129,6.4191,2.282,9.9669,2.1698,203,0.7518546493348663,0.7747247192812294,576,6244.6,—,True,16,16,PASS,"No shelf (16k drop=38.3dB, 20k drop=14.3dB)",66.0,4.345,,,20117.0,567.2,False,,11,,False,,0.31,22000,-25.6,-0.1,-14.3,-6.3,,1.0,-0.207,36.609,20136.0,144.1,-17.5,False,,ok,1500.0,,,,,47.579,,44100,PASS,0.0,0.6496,True,,-78.5,56.9,,,,NO_WALL,,,,5
fd-exchange-v2-2026-08-0359.flac,convicted,UPSCALE,44100,4278856,HF_DECOUPLED_-0.24;HF_SEAM_0.94;LOW_ROLLOFF_1.8KHZ;STEREO_AAC_DOUBT_0.00;DEAD_STRUCTURE_MAXRUN_209;DEADRUN_UNCORROBORATED_5.19;AAC_LATTICE_39pct,,,60.02,1.0,spread,2/2,2,60.0,0.0,0.4441,1.1801,2.5086,2.6231,2.0525,2.0477,1.6903,96,0.37455358335920486,0.3838740456880499,576,1830.3,—,True,16,16,PASS,"No shelf (16k drop=23.1dB, 20k drop=22.1dB)",209.0,5.193,,,,,,,,,False,,0.479,22000,-8.3,0.158,-22.1,-7.0,,1.0,0.095,20.913,,,,False,,ok,,,,False,True,58.378,,44100,PASS,0.0,0.8936,True,MEANRUN_CEILING 5.19 vs 5.00 (+0.19),-105.7,88.7,,,,NO_WALL,,,,5
fd-exchange-v2-2026-08-0360.flac,convicted,UPSCALE,44100,6304051,PHASE_ISSUE;HF_SEAM_0.83;CNN_DOUBT;STEREO_AAC_DOUBT_0.00;DEAD_STRUCTURE_MAXRUN_241;DEADRUN_UNCORROBORATED_7.99;MP3_CONJ_BASE_20500;MP3_CONJ_WALLLEG_W32.9_K10.68;OPUS_EDGE_FIRE_20004_W455_F2.3,,,60.0,1.0,whole,1/1,1,60.0,0.0,0.7234,11.7997,5.3422,10.3954,0.6524,0.8083,0.6524,0,0.592875848422566,0.592875848422566,576,9248.5,—,True,16,16,PASS,"No shelf (16k drop=7.6dB, 20k drop=33.4dB)",241.0,7.985,,,,,,,,,False,,0.217,20500,48.5,0.022,-64.7,32.9,,1.0,0.031,3.189,20004.0,16.5,2.3,True,0.2496,ok,455.0,,,,,49.731,,44100,PHASE_ISSUE,0.0,-0.2233,True,MEANRUN_SOLO 7.99 vs 8.00 (-0.01),-115.3,95.5,,,,MASTERING_EDGE,,20015,1195,5
fd-exchange-v2-2026-08-0361.flac,flagged,SUSPECT,44100,6004220,LOW_ROLLOFF_6.5KHZ;STEREO_AAC_DOUBT_0.00;DEAD_STRUCTURE_MAXRUN_101,,,60.02,1.0,spread,2/2,2,60.0,0.0,1.1979,6.4349,4.6186,7.0056,2.2177,2.534,2.3311,301,0.6406930796100014,0.6496127549257934,576,6460.0,—,True,16,16,PASS,"No shelf (16k drop=8.5dB, 20k drop=24.9dB)",101.0,3.668,,,21676.0,98.6,False,,12,,False,,0.388,22000,8.2,-0.135,-27.3,10.1,,1.0,0.057,47.088,21679.0,102.1,,False,,ok,1500.0,,,,,33.856,,44100,PASS,0.0,0.9517,True,MAXRUN_SOLO 101.00 vs 100.00 (+1.00);MS_COND_CEILING 47.09 vs 48.00 (-0.91),-87.1,73.8,,,,NO_WALL,,,,5
fd-exchange-v2-2026-08-0362.flac,flagged,SUSPECT,44100,1585380,CNN_DOUBT;STEREO_AAC_DOUBT_0.01,,,20.8,1.0,whole,1/1,1,20.8,0.0,0.8191,4.6108,2.6925,4.0745,2.4032,2.6069,2.1078,521,0.4241611812498841,0.4586044143589855,576,8629.4,—,True,16,16,PASS,"No shelf (16k drop=18.3dB, 20k drop=33.9dB)",10.0,2.182,,,,,,,,,False,,0.478,21500,10.3,0.776,-38.2,6.8,,1.0,0.96,3.967,,,,False,,ok,,,,,,5.181,,44100,PASS,0.0076,0.9506,True,,-105.4,80.0,,,,NO_WALL,,,,2
fd-exchange-v2-2026-08-0363.flac,flagged,SUSPECT,44100,5515614,BRICKWALL_20K;HF_SEAM_0.68;LOW_ROLLOFF_6.8KHZ;CNN_DOUBT;STEREO_AAC_DOUBT_0.00;DEADRUN_UNCORROBORATED_95,,,60.0,1.0,whole,1/1,1,60.0,0.0,0.8722,7.0066,5.883,7.6007,1.7848,2.2738,1.7999,17,0.7458965087405086,0.7485106702495302,576,6847.6,—,True,16,16,FAKE_320K,"20kHz shelf (drop=44.9dB, whole-track)",95.0,4.988,,,,,,,,,False,,0.344,20000,35.8,-0.177,-63.2,17.5,,1.0,-0.108,17.131,20037.0,6.2,1.4,False,,ok,1500.0,,,,,23.147,,44100,PASS,0.0,0.7699,True,MEANRUN_CEILING 4.99 vs 5.00 (-0.01);MAXRUN_SOLO 95.00 vs 100.00 (-5.00),-115.5,96.0,,,,NO_WALL,,,,5
fd-exchange-v2-2026-08-0364.flac,convicted,UPSCALE,44100,5958262,BRICKWALL_20K;HF_SEAM_0.66;LOW_ROLLOFF_6.1KHZ;CNN_DOUBT;STEREO_AAC_DOUBT_0.00;DEAD_STRUCTURE_MAXRUN_285;DEAD_STRUCTURE_MEANRUN_29.96;BAND_LIMIT_LOW_NOWALL_19500HZ;AAC_LATTICE_60pct,,,60.02,1.0,spread,2/2,2,60.0,0.0,0.5071,3.9598,7.0602,8.1089,2.0696,2.1816,2.0709,548,0.7807792993046966,0.790672660465403,576,6083.1,—,True,16,16,FAKE_320K,"20kHz shelf (drop=43.4dB, whole-track)",285.0,29.964,,,,,,,,,False,,0.5,19500,21.3,-0.139,-49.2,10.1,,1.0,-0.624,45.11,,,,False,,ok,,,,True,True,23.98,,44100,PASS,0.0,0.8691,True,,-115.4,103.8,,,,MASTERING_EDGE,,18906,1308,5
fd-exchange-v2-2026-08-0365.flac,flagged,SUSPECT,48000,6105007,AI_SR_48000;STEREO_AAC_DOUBT_0.00;DEADRUN_UNCORROBORATED_90,,,60.0,1.0,whole,1/1,1,60.0,0.0,1.5239,12.6838,5.193,10.7605,2.6759,5.9799,2.5319,481,0.8439158592524294,0.84952813290506,576,11519.5,—,True,16,16,PASS,"No shelf (16k drop=9.2dB, 20k drop=17.6dB)",90.0,4.241,,,,,,,,,False,,0.367,22000,9.8,-0.002,-20.7,8.1,,1.0,0.075,24.618,21466.0,340.9,0.3,False,,ok,1500.0,,,,,174.008,,48000,PASS,0.0,0.8388,True,,-72.7,52.0,,,,,,,,5
fd-exchange-v2-2026-08-0366.flac,flagged,SUSPECT,44100,1823761,LOW_ROLLOFF_4.5KHZ;STEREO_AAC_DOUBT_0.00,,,29.37,0.9999,whole,1/1,1,29.37,0.0,1.1512,6.7129,3.9845,5.5746,2.8145,3.3159,2.8674,39,0.6664366310017473,0.6736623689044392,576,4500.4,—,True,16,16,PASS,"No shelf (16k drop=9.8dB, 20k drop=31.8dB)",11.0,2.228,,,,,,,,,False,,0.452,20500,21.0,0.001,-40.1,15.8,,1.0,0.113,2.378,20171.0,110.8,0.1,False,,ok,1500.0,,,,,26.961,,44100,PASS,0.0017,0.1152,True,,-116.9,82.1,,,,NO_WALL,,,,3
fd-exchange-v2-2026-08-0367.flac,flagged,SUSPECT,44100,6859606,STEREO_AAC_DOUBT_0.00;DEAD_STRUCTURE_MAXRUN_128;DEADRUN_UNCORROBORATED_6.80,,,60.0,1.0,whole,1/1,1,60.0,0.0,1.6979,15.0198,2.9287,15.7985,2.8379,11.8162,2.9261,83,0.6538167576052871,0.675877400339844,576,10626.6,—,True,16,16,PASS,"No shelf (16k drop=16.5dB, 20k drop=19.6dB)",128.0,6.802,,,21635.0,139.2,False,2.0,11,1500.0,False,,0.14,22000,7.2,0.508,-24.3,5.5,,1.0,0.96,14.604,21794.0,138.1,,False,,ok,1500.0,,,,,120.174,,44100,PASS,0.0002,0.959,True,,-67.1,51.1,,,,NO_WALL,,,,5
fd-exchange-v2-2026-08-0368.flac,flagged,SUSPECT,44100,6043335,LOW_ROLLOFF_6.3KHZ;STEREO_AAC_DOUBT_0.00,,,60.02,1.0,spread,2/2,2,60.0,0.0,1.0421,5.6449,7.0501,8.5304,2.1726,2.3469,2.1517,367,0.8143926327774836,0.8399622351808202,576,6266.2,—,True,16,16,PASS,"No shelf (16k drop=10.2dB, 20k drop=30.5dB)",57.0,4.098,,,21571.0,214.8,False,,11,,False,,0.492,21500,12.6,-0.133,-36.0,10.5,,1.0,-0.623,25.411,21662.0,149.4,,False,,ok,1500.0,,,,,43.47,,44100,PASS,0.0,0.8688,True,,-87.7,76.2,,,,NO_WALL,,,,5
fd-exchange-v2-2026-08-0369.flac,convicted,UPSCALE,44100,4709833,LOW_ROLLOFF_7.6KHZ;STEREO_AAC_DOUBT_0.00;DEAD_STRUCTURE_MAXRUN_170;MS_CONDITIONAL_49;AAC_LATTICE_62pct,,,60.02,1.0,spread,2/2,2,60.0,0.0,1.2179,14.0677,4.5307,9.5874,2.046,6.6183,2.1568,387,0.62765866977345,0.6602287538299758,576,7558.2,—,True,16,16,PASS,"No shelf (16k drop=13.3dB, 20k drop=30.8dB)",170.0,4.345,,,22039.0,570.2,False,,7,,False,,0.192,22000,9.5,0.973,-31.3,-0.2,,1.0,0.896,49.011,22050.0,2.5,,False,,ok,1500.0,,,False,True,45.311,,44100,PASS,0.0,0.9211,True,MS_COND_CEILING 49.01 vs 48.00 (+1.01),-89.5,63.4,,,,NO_WALL,,,,5
fd-exchange-v2-2026-08-0370.flac,convicted,UPSCALE,44100,4426680,FAKE_STEREO;HF_SEAM_0.90;CNN_DOUBT;STEREO_AAC_DOUBT_0.00;DEAD_STRUCTURE_MAXRUN_128;MP3_CONJ_BASE_20500;MP3_CONJ_WALLLEG_W55.4_K6.20;OPUS_EDGE_FIRE_20117_W379_F1.2,,,60.0,1.0,whole,1/1,1,60.0,0.0,2.4343,16.0381,2.2707,12.5356,0.8668,0.8608,0.8668,0,0.24278458831337676,0.24278458831337676,576,9689.9,—,True,16,16,PASS,"No shelf (16k drop=10.7dB, 20k drop=24.6dB)",128.0,3.858,,,,,,,,,False,,0.207,20500,59.2,1.0,-70.3,55.4,,1.0,1.0,39.914,20117.0,9.4,1.2,True,0.3288,ok,379.0,,,,,140.752,,44100,FAKE_STEREO,0.0,0.9998,True,,-115.7,94.3,,,3.1,silent,42.5,20193,269,5
fd-exchange-v2-2026-08-0371.flac,convicted,UPSCALE,44100,5943754,HF_SEAM_0.65;LOW_ROLLOFF_6.3KHZ;CNN_DOUBT;STEREO_AAC_DOUBT_0.00;DEAD_STRUCTURE_MAXRUN_104;DEADRUN_UNCORROBORATED_7.23;MP3_CONJ_BASE_20500;MP3_CONJ_WALLLEG_W31.5_K6.48;OPUS_EDGE_FIRE_20069_W673_F4.6,,,60.0,1.0,whole,1/1,1,60.0,0.0,0.8118,6.7723,5.966,8.4872,2.2599,2.5965,2.0748,40,0.6200116236426366,0.6323855621114122,576,6341.5,—,True,16,16,PASS,"No shelf (16k drop=6.6dB, 20k drop=38.8dB)",104.0,7.234,,,,,,,,,False,,0.384,20500,43.8,0.05,-65.9,31.5,,1.0,-0.701,16.644,20069.0,29.7,4.6,True,0.1253,ok,673.0,,,,,58.801,,44100,PASS,0.0,0.5055,True,MAXRUN_SOLO 104.00 vs 100.00 (+4.00),-115.9,99.3,,,,MASTERING_EDGE,,20198,1050,5
fd-exchange-v2-2026-08-0372.flac,flagged,SUSPECT,44100,1937298,BRICKWALL_20K;HF_SEAM_0.67;LOW_ROLLOFF_6.5KHZ;STEREO_AAC_DOUBT_0.00;DEADRUN_UNCORROBORATED_89,,,26.91,1.0,whole,1/1,1,26.91,0.0,0.9594,9.1054,5.2248,8.2816,2.6539,2.6883,2.7811,575,0.3326344757819811,0.3416858949028178,576,6470.7,—,True,16,16,FAKE_320K,"20kHz shelf (drop=42.9dB, whole-track)",89.0,4.134,,,,,,,,,False,,0.339,20000,32.3,-0.01,-52.5,19.5,,1.0,-0.129,2.201,20037.0,32.6,0.3,False,,ok,1500.0,,,,,56.728,,44100,PASS,0.0016,-0.1392,True,,-118.0,86.9,,,,NO_WALL,,,,3
fd-exchange-v2-2026-08-0373.flac,clear,GENUINE,44100,5425124,LOW_ROLLOFF_5.3KHZ,,,60.0,1.0,whole,1/1,1,60.0,0.0,1.3268,5.0114,4.6798,5.6267,1.3968,1.7412,1.426,238,0.7775466263634878,0.7966941004445228,576,5329.5,—,True,16,16,PASS,"No shelf (16k drop=21.6dB, 20k drop=26.6dB)",4.0,2.0,,,,,,,,,False,,0.357,22000,7.0,-0.069,-32.2,6.3,,1.0,0.107,7.775,,,,False,,ok,,,,,,41.636,,44100,PASS,0.5913,0.7622,True,,-89.9,70.3,,,,NO_WALL,,,,5
fd-exchange-v2-2026-08-0374.flac,flagged,SUSPECT,44100,5113528,BRICKWALL_20K;LOW_ROLLOFF_7.3KHZ;CNN_DOUBT;STEREO_AAC_DOUBT_0.00;DEAD_STRUCTURE_MAXRUN_105;BAND_LIMIT_LOW_NOWALL_19500HZ;MS_CONDITIONAL_50,,,60.0,1.0,whole,1/1,1,60.0,0.0,0.2536,6.0185,3.8292,5.4649,0.1622,-0.0397,0.1622,0,0.4270401252264221,0.4270401252264221,576,7289.0,—,True,16,16,FAKE_320K,"20kHz shelf (drop=58.7dB, whole-track)",105.0,3.732,,,,,,,,,False,,0.225,19500,30.1,0.915,-59.1,15.0,,1.0,0.749,49.533,,,,False,,ok,,,,,,7.173,,44100,PASS,0.0,0.8188,True,MAXRUN_SOLO 105.00 vs 100.00 (+5.00);MS_COND_CEILING 49.53 vs 48.00 (+1.53),-116.2,93.3,,,,NO_WALL,,,,5
fd-exchange-v2-2026-08-0375.flac,flagged,SUSPECT,44100,3633237,FAKE_STEREO;CNN_DOUBT;STEREO_AAC_DOUBT_0.00;DEAD_STRUCTURE_MAXRUN_484,,,60.02,1.0,spread,2/2,2,60.0,0.0,2.2821,15.7632,1.1927,12.5891,1.5848,14.2419,1.479,267,0.2626968184655479,0.2740956503236128,576,9797.6,—,True,16,16,PASS,"No shelf (16k drop=10.5dB, 20k drop=16.7dB)",484.0,4.721,,,21504.0,153.3,False,4.9,12,1500.0,False,,0.207,22000,9.2,1.0,-20.2,11.6,,1.0,1.0,41.338,21530.0,125.9,4.6,False,,ok,1500.0,,,,,167.794,,44100,FAKE_STEREO,0.0,0.9999,True,MEANRUN_CEILING 4.72 vs 5.00 (-0.28),-74.6,53.1,,,,NO_WALL,,,,5
fd-exchange-v2-2026-08-0376.flac,flagged,SUSPECT,44100,6417994,BRICKWALL_20K;HF_SEAM_0.92;CNN_DOUBT;STEREO_AAC_DOUBT_0.00;DEAD_STRUCTURE_MAXRUN_227;DEADRUN_UNCORROBORATED_7.17;BAND_LIMIT_LOW_17000HZ_30DB;AAC_LATTICE_14pct;MP3_IDEM_R4.54_17000;LOWBAND_WALL_SHADOW_30.2,,,60.02,1.0,spread,2/2,2,60.0,0.0,-0.2343,0.0468,4.8182,5.1332,2.8632,2.967,2.7015,411,0.65204227167533,0.6845000218038777,576,11434.1,—,True,16,16,FAKE_320K,"20kHz shelf (drop=88.3dB, whole-track)",227.0,7.174,,,,,,,,,False,,0.094,17000,4.0,0.185,-88.4,30.2,,1.0,0.01,13.211,,,,False,,ok,,,,False,True,3.202,,44100,PASS,0.0,0.6933,True,,-116.3,95.5,,,,MASTERING_EDGE,,16758,662,5
fd-exchange-v2-2026-08-0377.flac,flagged,SUSPECT,44100,3687121,LOW_ROLLOFF_5.5KHZ;AAC_LATTICE_14pct,,,55.1,1.0,whole,1/1,1,55.1,0.0,0.9095,1.4784,2.1663,2.4616,2.0936,2.1372,2.1894,16,0.7049682088433145,0.7121072497920912,576,5512.5,—,True,16,16,PASS,"No shelf (16k drop=5.9dB, 20k drop=30.5dB)",23.0,2.477,,,,,,,,,False,,0.334,22000,17.6,-0.08,-33.7,5.5,,1.0,-0.101,17.079,,,,False,,ok,,,,False,False,69.15,,44100,PASS,0.198,0.6389,True,,-108.5,79.7,,,,NO_WALL,,,,5
fd-exchange-v2-2026-08-0378.flac,flagged,SUSPECT,96000,5707106,BRICKWALL_20K;HF_DECOUPLED_0.10;HF_SEAM_0.69;AI_SR_96000;LOW_ROLLOFF_5.4KHZ;STEREO_AAC_DOUBT_0.00;DEAD_STRUCTURE_MAXRUN_312;DEAD_STRUCTURE_MEANRUN_8.30;BAND_LIMIT_LOW_NOWALL_17000HZ,,,60.0,1.0,whole,1/1,1,60.0,0.0,0.0777,-0.0043,3.5684,3.519,3.7353,3.7232,3.6213,560,0.58404422543319,0.6118674446614376,576,5437.5,—,True,16,16,FAKE_320K,"20kHz shelf (drop=51.2dB, whole-track)",312.0,8.305,,,,,,,,,False,0.6,0.346,17000,0.4,0.176,-51.2,9.2,,1.0,0.0,2.415,,,,False,,ok,,,,,,1.126,,96000,PASS,0.0,0.0471,True,MEANRUN_SOLO 8.30 vs 8.00 (+0.30),-119.3,96.6,,,,,,,,5
fd-exchange-v2-2026-08-0379.flac,flagged,SUSPECT,44100,5706015,BRICKWALL_20K;HF_SEAM_0.76;LOW_ROLLOFF_7.6KHZ;CNN_DOUBT;STEREO_AAC_DOUBT_0.00;DEAD_STRUCTURE_MAXRUN_277;DEADRUN_UNCORROBORATED_7.98;MP3_CONJ_BASE_20000;OPUS_EDGE_FIRE_20045_W455_F1.3,,,60.0,1.0,whole,1/1,1,60.0,0.0,0.4381,5.9913,6.574,8.509,1.0846,1.3164,1.0846,0,0.4936614507575867,0.4936614507575867,576,7612.0,—,True,16,16,FAKE_320K,"20kHz shelf (drop=55.8dB, whole-track)",277.0,7.984,,,,,,,,,False,,0.473,20000,47.9,0.646,-77.6,17.2,,1.0,0.397,20.694,20045.0,25.8,1.3,True,0.1144,ok,455.0,,,,,23.971,,44100,PASS,0.0,0.2255,True,MEANRUN_SOLO 7.98 vs 8.00 (-0.02),-111.9,94.5,,,,DARK_REF,,20155,,5
fd-exchange-v2-2026-08-0380.flac,flagged,SUSPECT,48000,4264195,HF_DECOUPLED_-0.50;HF_SEAM_0.74;AI_SR_48000;LOW_ROLLOFF_3.4KHZ;DEAD_STRUCTURE_MAXRUN_258;DEADRUN_UNCORROBORATED_6.38,,,60.0,1.0,whole,1/1,1,60.0,0.0,0.3766,0.3553,1.417,1.4046,2.9088,2.8984,2.8234,554,0.2826061851289559,0.29959443144565034,576,3433.6,—,True,16,16,PASS,"No shelf (16k drop=27.4dB, 20k drop=23.2dB)",258.0,6.381,,,,,,,,,False,,0.342,20500,17.0,0.094,-40.2,17.0,,1.0,-0.407,6.804,20361.0,8.6,5.2,False,,ok,1500.0,,,,,46.642,,48000,PASS,0.451,0.8041,True,,-116.2,99.1,,,,,,,,5
fd-exchange-v2-2026-08-0381.flac,flagged,SUSPECT,44100,5477923,STEREO_AAC_DOUBT_0.00;DEAD_STRUCTURE_MAXRUN_157,,,60.0,1.0,whole,1/1,1,60.0,0.0,1.2371,10.7266,5.3164,11.4983,2.3579,9.3154,2.3579,0,0.688055534402461,0.688055534402461,576,9711.5,—,True,16,16,PASS,"No shelf (16k drop=11.7dB, 20k drop=19.4dB)",157.0,4.639,,,21910.0,152.4,False,,11,,False,,0.321,22000,10.0,0.004,-23.4,3.6,,1.0,-0.003,10.99,21945.0,44.4,,False,,ok,1500.0,,,,,323.335,,44100,PASS,0.0,0.8402,True,MEANRUN_CEILING 4.64 vs 5.00 (-0.36),-73.8,52.0,,,,NO_WALL,,,,5
fd-exchange-v2-2026-08-0382.flac,flagged,SUSPECT,44100,6828119,BRICKWALL_20K;HF_DECOUPLED_-0.31;HF_SEAM_0.81;LOW_ROLLOFF_6.4KHZ;CNN_DOUBT;STEREO_AAC_DOUBT_0.00;DEAD_STRUCTURE_MAXRUN_271;DEAD_STRUCTURE_MEANRUN_7.52;BAND_LIMIT_LOW_19000HZ_34DB;MS_CONDITIONAL_52,,,60.0,1.0,whole,1/1,1,60.0,0.0,0.1499,4.8463,4.722,6.2597,2.2084,2.1927,2.2084,0,0.3877858430721215,0.3877858430721215,576,6373.8,—,True,16,16,FAKE_320K,"20kHz shelf (drop=56.2dB, whole-track)",271.0,7.516,,,,,,,,,False,,0.238,19000,35.2,-0.691,-61.5,33.6,,1.0,0.853,51.684,,,,False,,ok,,,,,,4.896,,44100,PASS,0.0,0.9589,True,MEANRUN_SOLO 7.52 vs 8.00 (-0.48),-115.0,101.0,,,,MASTERING_EDGE,,18729,834,5
fd-exchange-v2-2026-08-0383.flac,flagged,SUSPECT,44100,1700398,FAKE_STEREO;HF_SEAM_0.68;LOW_ROLLOFF_6.1KHZ;STEREO_AAC_DOUBT_0.00,,,36.19,1.0,whole,1/1,1,36.19,0.0,2.4869,10.5659,1.9755,6.3272,1.1779,1.235,1.0685,372,0.7437533386604706,0.7704428028305214,576,6067.0,—,True,16,16,PASS,"No shelf (16k drop=11.2dB, 20k drop=24.3dB)",7.0,2.089,,,20112.0,25.1,False,,7,,False,,0.649,22000,25.5,0.619,-37.0,-0.8,,1.0,0.997,7.19,20112.0,32.0,0.3,False,,ok,1500.0,,,,,30.881,,44100,FAKE_STEREO,0.0,0.9919,True,,-116.9,76.5,,,,NO_WALL,,,,4
fd-exchange-v2-2026-08-0384.flac,flagged,SUSPECT,44100,6986221,BRICKWALL_20K;HF_DECOUPLED_0.02;HF_SEAM_0.98;CNN_DOUBT;STEREO_AAC_DOUBT_0.00;DEAD_STRUCTURE_MAXRUN_219;DEADRUN_UNCORROBORATED_7.04;BAND_LIMIT_LOW_17500HZ_43DB;MP3_IDEM_R5.69_17500;LOWBAND_WALL_SHADOW_43.4,,,60.02,1.0,spread,2/2,2,60.0,0.0,0.6178,5.2218,6.9862,7.9716,2.8022,4.3341,2.8022,0,0.8026574256078536,0.8026574256078536,576,10357.5,—,True,16,16,FAKE_320K,"20kHz shelf (drop=77.7dB, whole-track)",219.0,7.041,,,,,,,,,False,,0.249,17500,0.4,0.284,-77.7,43.4,,1.0,0.685,47.831,,,,False,,ok,,,,,,2.051,,44100,PASS,0.0,0.9101,True,MS_COND_CEILING 47.83 vs 48.00 (-0.17),-115.6,102.0,,,2.1,silent,56.0,17280,81,5
fd-exchange-v2-2026-08-0385.flac,convicted,UPSCALE,44100,6177154,BRICKWALL_20K;PHASE_ISSUE;HF_DECOUPLED_0.09;HF_SEAM_0.74;CNN_DOUBT;STEREO_AAC_DOUBT_0.00;DEAD_STRUCTURE_MAXRUN_281;DEAD_STRUCTURE_MEANRUN_8.04;BAND_LIMIT_LOW_19000HZ_46DB;MP3_CONJ_BASE_19000;MP3_CONJ_WALLLEG_W45.8_K5.38,,,60.0,1.0,whole,1/1,1,60.0,0.0,0.1276,2.4656,5.5174,6.8146,1.3786,1.3894,1.3786,0,0.5495421846605876,0.5495421846605876,576,9151.6,—,True,16,16,FAKE_320K,"20kHz shelf (drop=62.1dB, whole-track)",281.0,8.045,,,,,,,,,False,,0.217,19000,44.5,0.023,-62.9,45.8,,1.0,0.031,2.029,,,,False,,ok,,,,,,17.54,,44100,PHASE_ISSUE,0.0,-0.2229,True,MEANRUN_SOLO 8.04 vs 8.00 (+0.04),-115.3,95.3,,,,MASTERING_EDGE,,18519,716,5
fd-exchange-v2-2026-08-0386.flac,flagged,SUSPECT,44100,5692945,BRICKWALL_20K;HF_DECOUPLED_-0.04;HF_SEAM_0.89;CNN_DOUBT;STEREO_AAC_DOUBT_0.00;DEAD_STRUCTURE_MAXRUN_334;DEADRUN_UNCORROBORATED_7.09;BAND_LIMIT_LOW_NOWALL_18000HZ,,,60.0,1.0,whole,1/1,1,60.0,0.0,-0.0114,1.0037,3.3727,3.65,2.1061,2.1125,2.2207,398,0.4357847668437373,0.5539948682420873,576,8128.8,—,True,16,16,FAKE_320K,"20kHz shelf (drop=65.5dB, whole-track)",334.0,7.086,,,,,,,,,False,,0.274,18000,21.0,0.024,-67.0,12.2,,1.0,0.1,3.19,,,,False,,ok,,,,,,4.951,,44100,PASS,0.0,0.7124,True,,-114.3,97.8,,,,MASTERING_EDGE,,17027,1104,5
fd-exchange-v2-2026-08-0387.flac,convicted,UPSCALE,44100,6628042,BRICKWALL_20K;HF_SEAM_0.74;CNN_DOUBT;STEREO_AAC_DOUBT_0.00;DEAD_STRUCTURE_MAXRUN_235;DEADRUN_UNCORROBORATED_7.96;BAND_LIMIT_LOW_19500HZ_38DB;MP3_CONJ_BASE_19500;MP3_CONJ_WALLLEG_W37.6_K12.44;MP3_IDEM_R3.23_19500,,,60.02,1.0,spread,2/2,2,60.0,0.0,0.7745,12.3124,3.876,12.2128,2.6023,3.0494,2.5776,223,0.6989636204541669,0.7202663707203969,576,8118.0,—,True,16,16,FAKE_320K,"20kHz shelf (drop=45.1dB, whole-track)",235.0,7.959,,,,,,,,,False,,0.25,19500,41.2,0.283,-45.5,37.6,,1.0,0.528,25.996,20004.0,0.0,0.8,False,,ok,1500.0,,,,,84.826,,44100,PASS,0.0,0.7012,True,MEANRUN_SOLO 7.96 vs 8.00 (-0.04),-112.1,96.2,,,,DARK_REF,,19498,,5
fd-exchange-v2-2026-08-0388.flac,flagged,SUSPECT,44100,5822006,LOW_ROLLOFF_6.2KHZ;STEREO_AAC_DOUBT_0.00,,,60.02,1.0,spread,2/2,2,60.0,0.0,1.1889,10.6245,3.6515,7.918,1.8942,3.4723,1.844,47,0.399834137248624,0.4084977864564638,576,6180.0,—,True,16,16,PASS,"No shelf (16k drop=16.7dB, 20k drop=29.2dB)",52.0,4.564,,,21665.0,48.9,False,,12,,False,,0.325,22000,6.7,0.669,-29.2,3.6,,1.0,0.878,33.505,21673.0,38.0,,False,,ok,1500.0,,,,,45.133,,44100,PASS,0.0,0.9223,True,MEANRUN_CEILING 4.56 vs 5.00 (-0.44),-86.9,70.8,,,,NO_ROOM,,21889,,5
fd-exchange-v2-2026-08-0389.flac,flagged,SUSPECT,44100,5170433,BRICKWALL_20K;LOW_ROLLOFF_7.2KHZ;CNN_DOUBT;STEREO_AAC_DOUBT_0.00;BAND_LIMIT_LOW_NOWALL_19000HZ,,,60.0,1.0,whole,1/1,1,60.0,0.0,0.3987,6.0201,3.9295,5.5147,1.6253,2.4571,1.6515,111,0.5293240538779969,0.5398597170720995,576,7235.2,—,True,16,16,FAKE_320K,"20kHz shelf (drop=54.9dB, whole-track)",76.0,3.786,,,,,,,,,False,,0.225,19000,28.3,0.885,-58.4,10.9,,1.0,0.747,5.094,,,,False,,ok,,,,,,7.524,,44100,PASS,0.0,0.8185,True,MAXRUN_CEILING 76.00 vs 80.00 (-4.00),-116.3,93.4,,,,NO_WALL,,,,5
fd-exchange-v2-2026-08-0390.flac,flagged,SUSPECT,44100,5404457,BRICKWALL_20K;HF_SEAM_0.96;LOW_ROLLOFF_6.9KHZ;CNN_DOUBT;STEREO_AAC_DOUBT_0.00;DEAD_STRUCTURE_MAXRUN_203;DEAD_STRUCTURE_MEANRUN_5.28;BAND_LIMIT_LOW_17500HZ_44DB;MS_CONDITIONAL_49;MP3_IDEM_R2.93_17500;LOWBAND_WALL_SHADOW_43.6,,,60.02,1.0,spread,2/2,2,60.0,0.0,0.3899,5.7135,4.5059,6.112,1.5892,1.7876,1.3042,22,0.6738411433110155,0.6771809884114017,576,6922.9,—,True,16,16,FAKE_320K,"20kHz shelf (drop=61.9dB, whole-track)",203.0,5.284,,,,,,,,,False,,0.347,17500,-0.9,0.078,-62.7,43.6,,1.0,-0.1,49.154,,,,False,,ok,,,,,,1.377,,44100,PASS,0.0,0.7724,True,MEANRUN_CEILING 5.28 vs 5.00 (+0.28);MS_COND_CEILING 49.15 vs 48.00 (+1.15),-115.5,96.0,,,,MASTERING_EDGE,,17253,904,5
fd-exchange-v2-2026-08-0391.flac,flagged,SUSPECT,44100,5076176,BRICKWALL_20K;HF_DECOUPLED_-0.59;HF_SEAM_0.78;CNN_DOUBT;STEREO_AAC_DOUBT_0.00;BAND_LIMIT_LOW_19000HZ_33DB,,,60.0,1.0,whole,1/1,1,60.0,0.0,0.7062,9.4747,3.8675,6.573,1.0149,1.1642,1.0149,0,0.6911421817690392,0.6911421817690392,576,8214.9,—,True,16,16,FAKE_320K,"20kHz shelf (drop=52.6dB, whole-track)",24.0,2.637,,,,,,,,,False,,0.367,19000,34.2,-0.015,-53.3,33.4,,1.0,0.217,35.958,,,,False,,ok,,,,,,16.047,,44100,PASS,0.0,0.5918,True,,-116.3,87.1,,,2.1,silent,35.8,18809,237,5
fd-exchange-v2-2026-08-0392.flac,flagged,SUSPECT,44100,5133552,HF_SEAM_0.74;LOW_ROLLOFF_5.7KHZ;STEREO_AAC_DOUBT_0.00;MP3_CONJ_BASE_20500;MP3_CONJ_LOWOCC_0.046;OPUS_EDGE_LOWOCC_0.048,,,60.0,1.0,whole,1/1,1,60.0,0.0,2.157,15.7719,5.0295,10.7383,1.6596,2.6401,1.6445,433,0.8143151030682169,0.8662809310716214,576,5695.5,—,True,16,16,PASS,"No shelf (16k drop=9.0dB, 20k drop=8.3dB)",49.0,3.112,,,,,,,,,False,,0.262,20500,47.0,-0.084,-55.9,41.4,,1.0,0.075,8.483,20080.0,11.3,10.7,True,0.0475,ok,627.0,,,,,185.527,,44100,PASS,0.0001,0.74,True,,-115.9,91.6,,,,DARK_REF,,20360,,5
fd-exchange-v2-2026-08-0393.flac,flagged,SUSPECT,44100,4642825,BRICKWALL_20K;HF_SEAM_0.72;LOW_ROLLOFF_4.0KHZ;STEREO_AAC_DOUBT_0.00;DEAD_STRUCTURE_MAXRUN_101,,,60.0,1.0,whole,1/1,1,60.0,0.0,0.737,1.2028,3.9928,4.069,1.7731,1.7861,1.6716,570,0.5643385499653165,0.5690762979744711,576,4005.2,—,True,16,16,FAKE_320K,"20kHz shelf (drop=47.9dB, whole-track)",101.0,4.307,,,,,,,,,False,,0.102,20000,25.7,0.222,-57.3,9.5,,1.0,0.086,3.286,20080.0,44.0,0.1,False,,ok,1500.0,,,,,11.434,,44100,PASS,0.0001,0.8753,True,MAXRUN_SOLO 101.00 vs 100.00 (+1.00),-116.0,94.1,,,,NO_WALL,,,,5
fd-exchange-v2-2026-08-0394.flac,flagged,SUSPECT,44100,5676620,HF_SEAM_0.78;LOW_ROLLOFF_6.0KHZ;CNN_DOUBT;STEREO_AAC_DOUBT_0.00;DEAD_STRUCTURE_MAXRUN_280;DEAD_STRUCTURE_MEANRUN_6.35;MS_CONDITIONAL_53;OPUS_EDGE_FIRE_20069_W420_F0.7,,,60.0,1.0,whole,1/1,1,60.0,0.0,0.7712,9.8744,3.3692,7.4568,0.1989,0.1506,0.1989,0,0.33258012109135543,0.33258012109135543,576,6029.3,—,True,16,16,PASS,"No shelf (16k drop=16.8dB, 20k drop=37.2dB)",280.0,6.346,,,,,,,,,False,,0.325,20500,38.2,0.67,-61.0,30.5,,1.0,0.876,53.206,20069.0,20.6,0.7,True,0.2029,ok,420.0,,,,,42.172,,44100,PASS,0.0,0.9221,True,,-115.5,99.4,,,,DARK_REF,,20155,,5
fd-exchange-v2-2026-08-0395.flac,convicted,UPSCALE,44100,5350545,BRICKWALL_20K;HF_SEAM_0.65;CNN_DOUBT;STEREO_AAC_DOUBT_0.00;DEAD_STRUCTURE_MAXRUN_251;DEADRUN_UNCORROBORATED_6.33;BAND_LIMIT_LOW_NOWALL_17000HZ;AAC_LATTICE_59pct,,,60.02,1.0,spread,2/2,2,60.0,0.0,0.0399,1.3571,5.0049,5.2612,2.3126,2.3511,2.2503,470,0.6485762230047436,0.6596982717387067,576,8225.7,—,True,16,16,FAKE_320K,"20kHz shelf (drop=62.1dB, whole-track)",251.0,6.331,,,,,,,,,False,,0.216,17000,-0.3,-0.031,-62.1,12.5,,1.0,0.008,29.751,,,,False,,ok,,,,False,True,1.6,,44100,PASS,0.0,0.6639,True,,-111.3,92.1,,,,MASTERING_EDGE,,17943,1400,5
fd-exchange-v2-2026-08-0396.flac,flagged,SUSPECT,44100,5722143,HF_DECOUPLED_0.12;HF_SEAM_0.76;LOW_ROLLOFF_5.0KHZ;STEREO_AAC_DOUBT_0.00;DEADRUN_UNCORROBORATED_94;DEADRUN_UNCORROBORATED_6.73;OPUS_EDGE_FIRE_20042_W666_F3.7,,,60.0,1.0,whole,1/1,1,60.0,0.0,1.0572,2.0361,3.2878,3.5148,1.3469,1.3384,1.4159,205,0.5194964675487899,0.530793334827085,576,5038.8,—,True,16,16,PASS,"No shelf (16k drop=22.6dB, 20k drop=38.0dB)",94.0,6.73,,,,,,,,,False,,0.203,20500,34.0,-0.117,-60.3,29.7,,1.0,0.549,12.173,20042.0,8.2,3.7,True,0.1906,ok,666.0,,,,,19.488,,44100,PASS,0.0,0.95,True,,-115.6,99.4,,,,DARK_REF,,20333,,5
fd-exchange-v2-2026-08-0397.flac,flagged,SUSPECT,44100,3653454,LOW_ROLLOFF_5.8KHZ;CNN_DOUBT;STEREO_AAC_DOUBT_0.00,,,49.27,1.0,whole,1/1,1,49.27,0.0,0.963,3.0495,2.9574,3.7382,2.2583,2.7095,2.1799,553,1.0268812038917012,1.0517737043701325,576,5814.0,—,True,16,16,PASS,"No shelf (16k drop=14.3dB, 20k drop=38.3dB)",56.0,3.074,,,,,,,,,False,,0.369,20500,19.2,-0.014,-41.7,7.1,,1.0,-0.058,8.062,21237.0,602.8,-2.8,False,,ok,1500.0,,,,,44.563,,44100,PASS,0.0,0.7872,True,,-102.2,76.7,,,,NO_WALL,,,,5
fd-exchange-v2-2026-08-0398.flac,flagged,SUSPECT,44100,5383661,HF_SEAM_0.62;LOW_ROLLOFF_6.4KHZ;STEREO_AAC_DOUBT_0.00,,,60.0,1.0,whole,1/1,1,60.0,0.0,1.4017,7.845,4.7148,6.4558,2.3958,9.688,2.4107,450,0.7535568441615148,0.7677872445445338,576,6416.9,—,True,16,16,PASS,"No shelf (16k drop=38.6dB, 20k drop=14.2dB)",6.0,2.095,,,,,,,,,False,,0.309,22000,-25.7,-0.107,-14.2,-6.2,,1.0,-0.207,12.397,,,,False,,ok,,,,,,47.211,,44100,PASS,0.0015,0.648,True,,-78.1,56.5,,,,NO_WALL,,,,5
fd-exchange-v2-2026-08-0399.flac,flagged,SUSPECT,44100,5067547,BRICKWALL_20K;LOW_ROLLOFF_6.1KHZ;STEREO_AAC_DOUBT_0.00;BAND_LIMIT_LOW_NOWALL_19000HZ;AAC_LATTICE_18pct,,,60.02,1.0,spread,2/2,2,60.0,0.0,0.8248,1.5845,2.7963,2.9848,1.7773,1.9818,1.7014,422,0.427874776298421,0.4453219690491365,576,6104.7,—,True,16,16,FAKE_320K,"20kHz shelf (drop=41.7dB, whole-track)",23.0,2.735,,,,,,,,,False,,0.226,19000,6.6,-0.052,-42.3,4.3,,1.0,0.628,19.688,,,,False,,ok,,,,False,False,25.501,,44100,PASS,0.0,0.9196,True,,-96.9,78.6,,,,NO_WALL,,,,5
fd-exchange-v2-2026-08-0400.flac,clear,GENUINE,44100,5636445,,,,60.0,1.0,whole,1/1,1,60.0,0.0,2.5007,15.3207,5.3515,12.9331,3.0195,11.253,3.2592,232,0.8215880225319869,0.8370874251077484,576,10066.8,—,True,16,16,PASS,"No shelf (16k drop=12.2dB, 20k drop=19.6dB)",10.0,2.174,,,,,,,,,False,,0.321,22000,7.7,0.004,-22.0,4.0,,1.0,-0.002,6.998,,,,False,,ok,,,,,,342.313,,44100,PASS,0.2146,0.8404,True,,-72.8,51.0,,,,NO_WALL,,,,5
fd-exchange-v2-2026-08-0401.flac,flagged,SUSPECT,44100,3416187,LOW_ROLLOFF_5.5KHZ;STEREO_AAC_DOUBT_0.00;AAC_LATTICE_22pct,,,38.52,1.0,whole,1/1,1,38.52,0.0,1.5861,14.9898,4.1831,9.298,3.4083,10.1363,3.5153,258,0.7946101168159295,0.8136072259318067,576,5512.5,—,True,16,16,PASS,"No shelf (16k drop=12.3dB, 20k drop=19.1dB)",38.0,3.152,,,,,,,,,False,,0.393,22000,4.5,-0.049,-19.7,2.0,,1.0,0.049,27.103,,,,False,,ok,,,,False,False,18.584,,44100,PASS,0.0,0.1157,True,,-86.2,63.3,,,,NO_WALL,,,,4
fd-exchange-v2-2026-08-0402.flac,flagged,SUSPECT,44100,4880856,BRICKWALL_20K;HF_SEAM_0.74;LOW_ROLLOFF_6.2KHZ;STEREO_AAC_DOUBT_0.00;DEAD_STRUCTURE_MAXRUN_269;DEADRUN_UNCORROBORATED_7.37;BAND_LIMIT_LOW_NOWALL_18500HZ,,,60.0,1.0,whole,1/1,1,60.0,0.0,0.386,1.061,2.9158,3.0825,0.7308,0.7173,0.7308,0,0.3721646642577738,0.3721646642577738,576,6223.1,—,True,16,16,FAKE_320K,"20kHz shelf (drop=58.7dB, whole-track)",269.0,7.369,,,,,,,,,False,,0.226,18500,22.6,-0.047,-61.1,7.8,,1.0,0.626,10.426,20085.0,207.7,-0.3,False,,ok,1500.0,,,,,14.528,,44100,PASS,0.0,0.9194,True,,-115.5,97.2,,,,NO_WALL,,,,5
fd-exchange-v2-2026-08-0403.flac,flagged,SUSPECT,44100,5821558,BRICKWALL_20K;HF_DECOUPLED_0.08;HF_SEAM_0.71;LOW_ROLLOFF_6.2KHZ;CNN_DOUBT;LOSSY_SRC_NEEDLES_VOID;STEREO_AAC_DOUBT_0.00;BAND_LIMIT_LOW_19000HZ_31DB,,,60.0,1.0,whole,1/1,1,60.0,0.0,0.1479,1.5925,6.1979,6.9328,1.9056,1.9306,1.9056,0,0.4713424788604967,0.4713424788604967,576,6169.3,—,True,16,16,FAKE_320K,"20kHz shelf (drop=56.8dB, whole-track)",278.0,7.851,,,,,,,,,False,,0.386,19000,27.3,0.04,-56.8,31.2,,1.0,-0.696,48.448,,,,False,,ok,,,,,,20.775,,44100,PASS,0.0,0.5057,True,MEANRUN_SOLO 7.85 vs 8.00 (-0.15);MS_COND_CEILING 48.45 vs 48.00 (+0.45),-115.3,98.4,,0.87,40.9,FIRE,45.2,17367,328,5
fd-exchange-v2-2026-08-0404.flac,flagged,SUSPECT,44100,5906175,BRICKWALL_20K;HF_SEAM_0.72;LOW_ROLLOFF_6.2KHZ;CNN_DOUBT;STEREO_AAC_DOUBT_0.00;DEAD_STRUCTURE_MAXRUN_280;DEAD_STRUCTURE_MEANRUN_8.35;BAND_LIMIT_LOW_19000HZ_22DB;MS_CONDITIONAL_49,,,60.0,1.0,whole,1/1,1,60.0,0.0,0.2127,1.9003,6.4014,6.8968,2.1478,2.1569,2.1478,0,0.6737836077925886,0.6737836077925886,576,6212.3,—,True,16,16,FAKE_320K,"20kHz shelf (drop=50.1dB, whole-track)",280.0,8.35,,,,,,,,,False,,0.5,19000,30.2,-0.13,-57.7,22.0,,1.0,-0.62,49.391,,,,False,,ok,,,,,,24.65,,44100,PASS,0.0,0.8685,True,MEANRUN_SOLO 8.35 vs 8.00 (+0.35);MS_COND_CEILING 49.39 vs 48.00 (+1.39),-114.6,102.8,,,,MASTERING_EDGE,,18212,1254,5
fd-exchange-v2-2026-08-0405.flac,flagged,SUSPECT,44100,5605500,BRICKWALL_20K;HF_DECOUPLED_0.08;LOW_ROLLOFF_5.0KHZ;CNN_DOUBT;STEREO_AAC_DOUBT_0.00;DEAD_STRUCTURE_MAXRUN_217;DEADRUN_UNCORROBORATED_6.84,,,60.0,1.0,whole,1/1,1,60.0,0.0,0.8111,1.8724,3.1549,3.3956,1.4072,1.4104,1.3316,126,0.5075057544950831,0.5206965342645357,576,4952.6,—,True,16,16,FAKE_320K,"20kHz shelf (drop=43.4dB, whole-track)",217.0,6.838,,,,,,,,,False,,0.198,20000,25.6,-0.114,-51.7,9.2,,1.0,0.548,5.305,20290.0,137.0,3.2,False,,ok,1500.0,,,,,12.022,,44100,PASS,0.0,0.9505,True,,-115.5,99.4,,,,NO_WALL,,,,5
fd-exchange-v2-2026-08-0406.flac,flagged,SUSPECT,44100,5820396,BRICKWALL_20K;HF_SEAM_0.98;LOW_ROLLOFF_6.4KHZ;CNN_DOUBT;STEREO_AAC_DOUBT_0.00;DEAD_STRUCTURE_MAXRUN_221;DEAD_STRUCTURE_MEANRUN_6.16;BAND_LIMIT_LOW_17500HZ_48DB;MS_CONDITIONAL_60;MP3_IDEM_R2.51_17500;LOWBAND_WALL_SHADOW_47.8,,,60.02,1.0,spread,2/2,2,60.0,0.0,0.372,4.5793,3.7363,5.3214,1.9283,2.1121,1.9824,513,0.5979375622603256,0.6120438403392654,576,6416.9,—,True,16,16,FAKE_320K,"20kHz shelf (drop=59.9dB, whole-track)",221.0,6.16,,,,,,,,,False,,0.386,17500,-0.3,0.325,-59.9,47.8,,1.0,0.059,60.242,,,,False,,ok,,,,,,15.136,,44100,PASS,0.0,0.9517,True,,-116.3,102.9,,,,MASTERING_EDGE,,17270,1297,5
fd-exchange-v2-2026-08-0407.flac,flagged,SUSPECT,44100,5508220,BRICKWALL_20K;STEREO_AAC_DOUBT_0.05;BAND_LIMIT_LOW_NOWALL_18500HZ,,,60.0,1.0,whole,1/1,1,60.0,0.0,0.3491,5.461,5.2692,6.528,2.0799,2.4983,2.0533,432,0.681206854820083,0.691974454395711,576,8258.0,—,True,16,16,FAKE_320K,"20kHz shelf (drop=43.3dB, whole-track)",11.0,2.178,,,,,,,,,False,,0.216,18500,10.1,-0.034,-48.3,10.0,,1.0,0.009,3.795,,,,False,,ok,,,,,,15.262,,44100,PASS,0.0452,0.6629,True,,-98.4,78.6,,,,NO_WALL,,,,5
fd-exchange-v2-2026-08-0408.flac,flagged,SUSPECT,44100,6630713,BRICKWALL_20K;HF_SEAM_0.97;CNN_DOUBT;STEREO_AAC_DOUBT_0.00;DEAD_STRUCTURE_MAXRUN_220;DEAD_STRUCTURE_MEANRUN_8.72;BAND_LIMIT_LOW_17500HZ_56DB;MS_CONDITIONAL_63;MP3_IDEM_R1.35_17500;MP3_IDEM_FIRE_17500;LOWBAND_WALL_SHADOW_56.1,,,60.02,1.0,spread,2/2,2,60.0,0.0,0.3966,6.3261,2.7359,7.9757,2.4319,2.49,2.2705,88,0.6105112745566026,0.6333511918398287,576,10174.4,—,True,16,16,FAKE_320K,"20kHz shelf (drop=73.9dB, whole-track)",220.0,8.724,,,,,,,,,False,,0.144,17500,-0.4,0.485,-73.9,56.1,,1.0,0.962,63.466,,,,False,,ok,,,,,,2.459,,44100,PASS,0.0,0.9598,True,,-115.7,99.6,,1.0,3.8,silent,55.2,17280,65,5
fd-exchange-v2-2026-08-0409.flac,flagged,SUSPECT,44100,5324761,BRICKWALL_20K;HF_SEAM_0.71;LOW_ROLLOFF_6.8KHZ;CNN_DOUBT;STEREO_AAC_DOUBT_0.00;DEAD_STRUCTURE_MAXRUN_178;DEAD_STRUCTURE_MEANRUN_5.10;BAND_LIMIT_LOW_NOWALL_18000HZ;MS_CONDITIONAL_50,,,60.0,1.0,whole,1/1,1,60.0,0.0,0.1942,2.6512,5.6175,6.0643,1.8881,1.9173,1.8881,0,0.6379113997350356,0.6379113997350356,576,6783.0,—,True,16,16,FAKE_320K,"20kHz shelf (drop=60.3dB, whole-track)",178.0,5.105,,,,,,,,,False,,0.343,18000,19.5,-0.183,-60.3,11.3,,1.0,-0.107,50.282,,,,False,,ok,,,,,,5.719,,44100,PASS,0.0,0.7697,True,MEANRUN_CEILING 5.10 vs 5.00 (+0.10),-115.3,95.6,,,,MASTERING_EDGE,,17210,953,5
fd-exchange-v2-2026-08-0410.flac,flagged,SUSPECT,44100,5916727,BRICKWALL_20K;HF_SEAM_0.71;LOW_ROLLOFF_6.3KHZ;CNN_DOUBT;STEREO_AAC_DOUBT_0.00;DEAD_STRUCTURE_MAXRUN_252;DEADRUN_UNCORROBORATED_7.76;OPUS_EDGE_FIRE_20004_W534_F0.7,,,60.0,1.0,whole,1/1,1,60.0,0.0,0.5769,6.6235,5.9055,8.5145,0.9535,1.0958,0.9535,0,0.4861060888034462,0.4861060888034462,576,6276.9,—,True,16,16,FAKE_320K,"20kHz shelf (drop=47.5dB, whole-track)",252.0,7.76,,,,,,,,,False,,0.386,20000,36.0,0.051,-57.7,19.5,,1.0,-0.699,3.526,20004.0,3.4,0.7,True,0.1252,ok,534.0,,,,,55.468,,44100,PASS,0.0,0.5059,True,MEANRUN_SOLO 7.76 vs 8.00 (-0.24),-115.2,98.6,,,,MASTERING_EDGE,,19972,861,5
fd-exchange-v2-2026-08-0411.flac,convicted,UPSCALE,44100,6671767,BRICKWALL_20K;HF_SEAM_0.82;CNN_DOUBT;STEREO_AAC_DOUBT_0.00;DEAD_STRUCTURE_MAXRUN_262;DEAD_STRUCTURE_MEANRUN_6.77;BAND_LIMIT_LOW_19000HZ_55DB;MS_CONDITIONAL_66;MP3_CONJ_BASE_19000;MP3_CONJ_WALLLEG_W54.9_K5.46,,,60.0,1.0,whole,1/1,1,60.0,0.0,0.5971,11.4149,3.2005,11.3762,2.3965,2.3317,2.3965,0,0.49182645004040537,0.49182645004040537,576,10292.9,—,True,16,16,FAKE_320K,"20kHz shelf (drop=71.4dB, whole-track)",262.0,6.774,,,,,,,,,False,,0.14,19000,56.2,0.569,-74.6,54.9,,1.0,0.961,66.369,,,,False,,ok,,,,,,48.315,,44100,PASS,0.0,0.9594,True,,-115.4,99.1,,,6.2,silent,53.4,18777,205,5
fd-exchange-v2-2026-08-0412.flac,flagged,SUSPECT,44100,4907471,BRICKWALL_20K;HF_DECOUPLED_0.11;HF_SEAM_0.83;LOW_ROLLOFF_6.8KHZ;STEREO_AAC_DOUBT_0.00;DEAD_STRUCTURE_MAXRUN_266;DEADRUN_UNCORROBORATED_6.27;BAND_LIMIT_LOW_16500HZ_45DB;LOWBAND_WALL_SHADOW_45.1,,,60.0,1.0,whole,1/1,1,60.0,0.0,0.0278,0.0308,1.9179,1.9026,2.2503,2.2512,2.2503,0,0.5461849937024317,0.5461849937024317,576,6826.0,—,True,16,16,FAKE_320K,"20kHz shelf (drop=62.1dB, whole-track)",266.0,6.269,,,,,,,,,False,,0.455,16500,2.3,0.429,-64.0,45.1,,1.0,0.871,3.615,,,,False,,ok,,,,,,1.864,,44100,PASS,0.0,0.9171,True,,-116.3,96.1,,,,MASTERING_EDGE,,16010,969,5
fd-exchange-v2-2026-08-0413.flac,flagged,SUSPECT,44100,5978515,LOW_ROLLOFF_7.2KHZ;STEREO_AAC_DOUBT_0.00;DEAD_STRUCTURE_MAXRUN_154;AAC_LATTICE_14pct,,,60.02,1.0,spread,2/2,2,60.0,0.0,1.0774,4.0123,6.5113,7.1075,2.1996,4.3722,2.0707,171,0.8490861567406451,0.8703188709938285,576,7159.8,—,True,16,16,PASS,"No shelf (16k drop=28.5dB, 20k drop=30.0dB)",154.0,4.173,,,21856.0,54.6,False,,11,,False,,0.498,22000,4.1,-0.005,-32.0,7.6,,1.0,-0.124,30.378,21851.0,55.4,,False,,ok,1500.0,,,False,True,11.904,,44100,PASS,0.0003,0.3285,True,,-88.2,71.0,,,,NO_WALL,,,,5
fd-exchange-v2-2026-08-0414.flac,flagged,SUSPECT,44100,5984664,BRICKWALL_20K;HF_SEAM_0.87;LOW_ROLLOFF_5.4KHZ;CNN_DOUBT;STEREO_AAC_DOUBT_0.00;DEAD_STRUCTURE_MAXRUN_309;DEAD_STRUCTURE_MEANRUN_23.12;BAND_LIMIT_LOW_19000HZ_34DB;MS_CONDITIONAL_49;AAC_LATTICE_14pct,,,60.0,1.0,whole,1/1,1,60.0,0.0,0.1712,2.3765,4.8211,5.3734,2.0335,2.0699,2.0335,0,0.5455200331161053,0.5455200331161053,576,5372.5,—,True,16,16,FAKE_320K,"20kHz shelf (drop=54.9dB, whole-track)",309.0,23.122,,,,,,,,,False,,0.422,19000,32.9,0.25,-54.9,34.5,,1.0,0.771,48.816,,,,False,,ok,,,,True,True,9.158,,44100,PASS,0.0,0.5635,True,MS_COND_CEILING 48.82 vs 48.00 (+0.82),-114.8,101.9,,,,NO_WALL,,,,5
fd-exchange-v2-2026-08-0415.flac,flagged,SUSPECT,44100,6363234,BRICKWALL_20K;HF_SEAM_0.79;CNN_DOUBT;LOSSY_SRC_NEEDLES_VOID;STEREO_AAC_DOUBT_0.00;BAND_LIMIT_LOW_17000HZ_30DB;LOWBAND_WALL_SHADOW_30.5,,,60.0,1.0,whole,1/1,1,60.0,0.0,-0.0219,0.0148,5.3485,5.4688,2.4006,2.4137,2.4006,0,0.5188085084103633,0.5188085084103633,576,11391.1,—,True,16,16,FAKE_320K,"20kHz shelf (drop=87.9dB, whole-track)",334.0,6.971,,,,,,,,,False,,0.094,17000,-0.3,-0.101,-87.9,30.5,,1.0,0.003,3.058,,,,False,,ok,,,,,,2.409,,44100,PASS,0.0,0.6891,True,,-116.1,95.1,,0.77,39.2,FIRE,53.5,16629,544,5
fd-exchange-v2-2026-08-0416.flac,flagged,SUSPECT,48000,6728758,BRICKWALL_20K;HF_SEAM_0.78;AI_SR_48000;LOW_ROLLOFF_5.6KHZ;CNN_DOUBT;STEREO_AAC_DOUBT_0.00;DEAD_STRUCTURE_MAXRUN_222;DEAD_STRUCTURE_MEANRUN_9.01;BAND_LIMIT_LOW_18500HZ_33DB,,,60.02,1.0,spread,2/2,2,60.01,0.0,0.2389,4.105,3.723,6.6285,1.9931,2.1085,2.1721,306,0.6474356050474078,0.6646694701235201,576,5589.8,—,True,16,16,FAKE_320K,"20kHz shelf (drop=59.8dB, whole-track)",222.0,9.007,,,,,,,,,False,,0.21,18500,25.5,-0.022,-59.8,32.9,,1.0,0.567,28.816,,,,False,,ok,,,,,,15.695,,48000,PASS,0.0,0.9642,True,,-113.2,102.2,,,,,,,,5
fd-exchange-v2-2026-08-0417.flac,convicted,UPSCALE,44100,6039557,HF_SEAM_0.77;LOW_ROLLOFF_7.6KHZ;CNN_DOUBT;STEREO_AAC_DOUBT_0.00;DEAD_STRUCTURE_MAXRUN_243;DEADRUN_UNCORROBORATED_6.83;MP3_CONJ_BASE_20500;MP3_CONJ_WALLLEG_W40.3_K11.30;OPUS_EDGE_FIRE_20029_W436_F2.6,,,60.0,1.0,whole,1/1,1,60.0,0.0,0.7386,11.23,6.5569,10.9765,0.7069,1.1648,0.7069,0,0.7592728250071336,0.7592728250071336,576,7579.7,—,True,16,16,PASS,"No shelf (16k drop=10.6dB, 20k drop=37.9dB)",243.0,6.834,,,,,,,,,False,,0.332,20500,53.6,-0.241,-69.0,40.3,,1.0,0.095,2.725,20029.0,32.0,2.6,True,0.1329,ok,436.0,,,,,45.551,,44100,PASS,0.0,0.7897,True,,-115.5,95.4,,,,MASTERING_EDGE,,20123,899,5
fd-exchange-v2-2026-08-0418.flac,flagged,SUSPECT,44100,6444955,BRICKWALL_20K;HF_SEAM_0.62;STEREO_AAC_DOUBT_0.00;BAND_LIMIT_LOW_17000HZ_30DB;MP3_IDEM_R5.32_17000;LOWBAND_WALL_SHADOW_29.6,,,60.02,1.0,spread,2/2,2,60.0,0.0,0.2496,0.7966,5.4816,5.8038,3.2202,3.4623,3.3641,534,0.6890229171555646,0.7149804243619194,576,11294.2,—,True,16,16,FAKE_320K,"20kHz shelf (drop=66.9dB, whole-track)",25.0,2.647,,,,,,,,,False,,0.094,17000,-0.9,-0.112,-66.9,29.6,,1.0,0.003,17.026,,,,False,,ok,,,,,,4.755,,44100,PASS,0.0,0.6932,True,,-97.1,76.3,,,,MASTERING_EDGE,,16769,732,5
fd-exchange-v2-2026-08-0419.flac,flagged,SUSPECT,48000,5847516,AI_SR_48000;LOW_ROLLOFF_5.4KHZ;STEREO_AAC_DOUBT_0.00;DEAD_STRUCTURE_MAXRUN_285;DEAD_STRUCTURE_MEANRUN_8.47,,,60.02,1.0,spread,2/2,2,60.01,0.0,0.5139,6.2282,5.3695,7.1083,2.9563,4.6011,2.7092,549,0.6003026821098831,0.6103386966204607,576,5367.2,—,True,16,16,PASS,"No shelf (16k drop=18.7dB, 20k drop=29.8dB)",285.0,8.472,,,,,,,,,False,,0.207,22000,3.8,0.148,-29.8,-0.4,,1.0,0.733,42.808,20921.0,1303.8,1.0,False,,ok,1500.0,,,,,21.332,,48000,PASS,0.0,0.7038,True,MEANRUN_SOLO 8.47 vs 8.00 (+0.47),-89.5,77.4,,,,,,,,5
fd-exchange-v2-2026-08-0420.flac,flagged,SUSPECT,44100,6268224,CNN_DOUBT;STEREO_AAC_DOUBT_0.00;DEAD_STRUCTURE_MAXRUN_126;DEAD_STRUCTURE_MEANRUN_5.73;MS_CONDITIONAL_52,,,60.0,1.0,whole,1/1,1,60.0,0.0,1.7552,17.4488,1.8774,15.2691,3.7072,16.6183,3.6094,566,0.3535325827781385,0.3642143278400812,576,13953.5,—,True,16,16,PASS,"No shelf (16k drop=5.6dB, 20k drop=16.4dB)",126.0,5.726,,,21434.0,230.2,False,,4,,False,,0.184,22000,4.0,0.986,-16.5,1.8,,1.0,0.989,51.729,21689.0,358.1,,False,,ok,1500.0,,,,,205.983,,44100,PASS,0.0,0.9854,True,,-58.1,37.2,,,,NO_WALL,,,,5
fd-exchange-v2-2026-08-0421.flac,convicted,UPSCALE,44100,6557997,HF_DECOUPLED_0.09;STEREO_AAC_DOUBT_0.00;DEAD_STRUCTURE_MAXRUN_139;AAC_LATTICE_63pct,,,60.02,1.0,spread,2/2,2,60.0,0.0,1.8603,17.978,6.8903,12.7282,3.1322,13.0693,3.1556,475,0.81213357305873,0.8255252828806315,576,9388.5,—,True,16,16,PASS,"No shelf (16k drop=25.0dB, 20k drop=16.8dB)",139.0,4.799,,,,,,,,,False,,0.444,22000,-7.5,-0.005,-16.8,9.1,,1.0,-0.16,45.411,,,,False,,ok,,,,False,True,20.381,,44100,PASS,0.0,-0.0853,True,MEANRUN_CEILING 4.80 vs 5.00 (-0.20),-76.0,53.5,,,,NO_WALL,,,,5
fd-exchange-v2-2026-08-0422.flac,flagged,SUSPECT,48000,6856924,AI_SR_48000;LOW_ROLLOFF_5.6KHZ;STEREO_AAC_DOUBT_0.00;DEAD_STRUCTURE_MAXRUN_276;DEAD_STRUCTURE_MEANRUN_8.18,,,60.0,1.0,whole,1/1,1,60.0,0.0,0.9496,8.1794,4.5613,10.8116,2.6156,5.5576,2.6118,209,0.747114143723678,0.769886199863635,576,5625.0,—,True,16,16,PASS,"No shelf (16k drop=12.7dB, 20k drop=19.4dB)",276.0,8.18,,,,,,,,,False,,0.207,22000,10.1,-0.139,-24.4,13.3,,1.0,0.563,13.02,21272.0,160.7,9.6,False,,ok,1500.0,,,,,203.439,,48000,PASS,0.0,0.9646,True,MEANRUN_SOLO 8.18 vs 8.00 (+0.18),-66.7,55.6,,,,,,,,5
fd-exchange-v2-2026-08-0423.flac,flagged,SUSPECT,44100,5667523,BRICKWALL_20K;HF_DECOUPLED_-0.17;HF_SEAM_0.79;LOW_ROLLOFF_5.0KHZ;STEREO_AAC_DOUBT_0.00;DEAD_STRUCTURE_MAXRUN_196;DEADRUN_UNCORROBORATED_6.16,,,60.0,1.0,whole,1/1,1,60.0,0.0,1.0558,2.6148,3.1946,3.5788,0.5455,0.5286,0.5455,0,0.4425143542594498,0.4425143542594498,576,5038.8,—,True,16,16,FAKE_320K,"20kHz shelf (drop=43.8dB, whole-track)",196.0,6.164,,,,,,,,,False,,0.198,20000,24.9,-0.121,-51.3,14.0,,1.0,0.547,2.668,20012.0,14.8,0.7,False,,ok,1500.0,,,,,15.506,,44100,PASS,0.0,0.9501,True,,-114.9,98.8,,,,DARK_REF,,20225,,5
fd-exchange-v2-2026-08-0424.flac,flagged,SUSPECT,44100,1939111,LOW_ROLLOFF_6.4KHZ;STEREO_AAC_DOUBT_0.06;AAC_LATTICE_14pct,,,26.91,0.9999,whole,1/1,1,26.91,0.0,1.0841,9.1015,5.0656,8.0545,2.7294,2.6206,2.8202,574,0.33104981912713444,0.33461083328101404,576,6395.4,—,True,16,16,PASS,"No shelf (16k drop=12.4dB, 20k drop=36.0dB)",24.0,2.821,,,21646.0,125.5,False,0.3,4,1500.0,False,,0.349,21500,16.0,-0.011,-36.9,4.4,,1.0,-0.129,4.57,21636.0,59.4,,False,,ok,1500.0,,,False,False,69.063,,44100,PASS,0.0596,-0.1391,True,,-107.9,76.8,,,,NO_WALL,,,,3
fd-exchange-v2-2026-08-0425.flac,flagged,SUSPECT,44100,5190495,STEREO_AAC_DOUBT_0.00,,,60.0,1.0,whole,1/1,1,60.0,0.0,0.9834,14.444,5.3464,11.1495,1.929,4.2603,1.9325,446,0.8032780790985814,0.8070160028167342,576,9323.9,—,True,16,16,PASS,"No shelf (16k drop=19.8dB, 20k drop=29.9dB)",80.0,3.867,,,20718.0,343.5,False,,8,,False,,0.149,21000,15.9,0.111,-41.3,11.4,,1.0,0.306,7.3,20648.0,331.3,13.2,False,,ok,1500.0,,,,,48.172,,44100,PASS,0.0,0.931,True,MAXRUN_CEILING 80.00 vs 80.00 (+0.00),-86.1,65.6,,,,MASTERING_EDGE,,21033,964,5
fd-exchange-v2-2026-08-0426.flac,flagged,SUSPECT,44100,6186995,STEREO_AAC_DOUBT_0.00,,,60.02,1.0,spread,2/2,2,60.0,0.0,0.7127,12.2061,9.1086,12.5014,2.9253,8.2189,2.9946,304,0.8432190616401529,0.8752953778617997,576,10615.9,—,True,16,16,PASS,"No shelf (16k drop=21.1dB, 20k drop=40.7dB)",32.0,3.182,,,,,,,,,False,,0.254,20000,13.5,-0.257,-43.7,5.2,,1.0,-0.356,28.259,21907.0,61.8,,False,,ok,1500.0,,,,,29.545,,44100,PASS,0.0,0.5883,True,,-85.9,65.8,,,,NO_WALL,,,,5
fd-exchange-v2-2026-08-0427.flac,convicted,UPSCALE,44100,4869624,BRICKWALL_20K;HF_SEAM_0.83;LOW_ROLLOFF_6.8KHZ;CNN_DOUBT;STEREO_AAC_DOUBT_0.00;DEAD_STRUCTURE_MAXRUN_195;BAND_LIMIT_LOW_19000HZ_46DB;MS_CONDITIONAL_59;MP3_CONJ_BASE_19000;MP3_CONJ_WALLLEG_W46.4_K5.46,,,60.0,1.0,whole,1/1,1,60.0,0.0,0.5124,7.7518,3.4878,5.9721,2.4539,2.6244,2.4539,0,0.35650097544512355,0.35650097544512355,576,6826.0,—,True,16,16,FAKE_320K,"20kHz shelf (drop=59.0dB, whole-track)",195.0,4.918,,,,,,,,,False,,0.352,19000,45.7,0.904,-59.0,46.4,,1.0,0.782,58.564,,,,False,,ok,,,,,,45.4,,44100,PASS,0.0,0.8603,True,MEANRUN_CEILING 4.92 vs 5.00 (-0.08),-114.9,95.6,,,,DARK_REF,,18777,,5
fd-exchange-v2-2026-08-0428.flac,clear,GENUINE,44100,5050914,BRICKWALL_20K;LOW_ROLLOFF_6.3KHZ;BAND_LIMIT_LOW_NOWALL_18500HZ,,,60.0,1.0,whole,1/1,1,60.0,0.0,0.8035,1.6371,2.8586,3.0432,1.9343,2.1355,1.6859,355,0.43094363584561807,0.4492765729290138,576,6309.2,—,True,16,16,FAKE_320K,"20kHz shelf (drop=41.8dB, whole-track)",10.0,2.107,,,,,,,,,False,,0.226,18500,4.6,-0.046,-41.9,5.7,,1.0,0.626,7.823,,,,False,,ok,,,,,,22.737,,44100,PASS,0.354,0.9194,True,,-97.0,78.7,,,,NO_WALL,,,,5
fd-exchange-v2-2026-08-0429.flac,flagged,SUSPECT,44100,1573067,BRICKWALL_20K;CNN_DOUBT;STEREO_AAC_DOUBT_0.00;BAND_LIMIT_LOW_NOWALL_19500HZ,,,20.8,1.0,whole,1/1,1,20.8,0.0,0.6417,4.8288,2.6945,4.0942,0.3784,0.231,0.3784,0,0.35877002343853115,0.35877002343853115,576,8618.7,—,True,16,16,FAKE_320K,"20kHz shelf (drop=60.2dB, whole-track)",56.0,3.364,,,,,,,,,False,,0.478,19500,28.8,0.765,-61.5,14.6,,1.0,0.96,41.454,,,,False,,ok,,,,,,3.943,,44100,PASS,0.0,0.9505,True,,-114.6,89.2,,,,NO_WALL,,,,2
fd-exchange-v2-2026-08-0430.flac,flagged,SUSPECT,44100,5391962,HF_SEAM_0.95;CNN_DOUBT;STEREO_AAC_DOUBT_0.00;DEAD_STRUCTURE_MAXRUN_289;DEAD_STRUCTURE_MEANRUN_8.29;MS_CONDITIONAL_68,,,60.0,1.0,whole,1/1,1,60.0,0.0,0.9125,11.743,3.1959,8.4609,2.8245,3.7056,3.4081,488,0.3070315238070634,0.32024929454455164,576,8914.7,—,True,16,16,PASS,"No shelf (16k drop=19.9dB, 20k drop=33.9dB)",289.0,8.292,,,20058.0,362.3,False,,11,,False,,0.349,22000,5.9,0.999,-36.0,4.7,,1.0,0.965,68.377,20562.0,394.1,31.5,False,,ok,1406.0,,,,,32.766,,44100,PASS,0.0,0.9538,True,MEANRUN_SOLO 8.29 vs 8.00 (+0.29),-82.8,66.3,,,,NO_WALL,,,,5
fd-exchange-v2-2026-08-0431.flac,flagged,SUSPECT,44100,7857313,HF_DECOUPLED_-0.05;HF_SEAM_0.88;STEREO_AAC_DOUBT_0.08;DEAD_STRUCTURE_MAXRUN_121;DEADRUN_UNCORROBORATED_5.70;MP3_CONJ_BASE_21000,,,60.0,1.0,whole,1/1,1,60.0,0.0,1.69,12.6609,6.6446,15.4118,2.206,9.115,2.206,0,0.6561842299584851,0.6561842299584851,576,10745.1,—,True,16,16,PASS,"No shelf (16k drop=29.8dB, 20k drop=30.0dB)",121.0,5.704,,,20957.0,41.4,False,,11,,False,,0.245,21000,68.3,0.202,-47.9,17.9,,1.0,0.696,17.651,20957.0,44.5,21.5,False,,ok,642.0,,,,,140.181,,44100,PASS,0.0832,0.9111,True,,-78.6,65.1,,,,MASTERING_EDGE,,16021,974,5
fd-exchange-v2-2026-08-0432.flac,flagged,SUSPECT,44100,5678794,STEREO_AAC_DOUBT_0.00;DEAD_STRUCTURE_MAXRUN_145;MS_CONDITIONAL_65,,,60.02,1.0,spread,2/2,2,60.0,0.0,1.5558,14.1716,3.3565,9.7063,2.1418,4.8775,2.2283,553,0.34699006113138575,0.3668205677753863,576,8957.8,—,True,16,16,PASS,"No shelf (16k drop=20.8dB, 20k drop=34.7dB)",145.0,2.939,,,21765.0,88.1,False,,12,,False,,0.349,22000,4.9,0.998,-34.7,4.7,,1.0,0.966,65.376,21781.0,70.8,,False,,ok,1500.0,,,,,32.346,,44100,PASS,0.0,0.954,True,,-81.4,64.9,,,,NO_WALL,,,,5
fd-exchange-v2-2026-08-0433.flac,flagged,SUSPECT,44100,1888777,BRICKWALL_20K;HF_SEAM_0.96;LOW_ROLLOFF_6.4KHZ;CNN_DOUBT;STEREO_AAC_DOUBT_0.00;DEAD_STRUCTURE_MAXRUN_123;BAND_LIMIT_LOW_17500HZ_39DB;MP3_IDEM_R3.32_17500;LOWBAND_WALL_SHADOW_39.0,,,26.91,0.9999,whole,1/1,1,26.91,0.0,0.6769,6.9916,4.5695,6.5491,2.2517,2.2529,2.2464,19,0.3128504746688793,0.32091509226446535,576,6449.2,—,True,16,16,FAKE_320K,"20kHz shelf (drop=49.7dB, whole-track)",123.0,4.296,,,,,,,,,False,,0.346,17500,-0.6,0.416,-49.7,39.0,,1.0,-0.128,25.339,,,,False,,ok,,,,,,5.104,,44100,PASS,0.0,-0.1387,True,,-118.0,86.8,,,,MASTERING_EDGE,,17253,1421,3
fd-exchange-v2-2026-08-0434.flac,flagged,SUSPECT,48000,6783379,AI_SR_48000;LOW_ROLLOFF_5.4KHZ;CNN_DOUBT;STEREO_AAC_DOUBT_0.00;DEAD_STRUCTURE_MAXRUN_261;DEAD_STRUCTURE_MEANRUN_8.11,,,60.02,1.0,spread,2/2,2,60.01,0.0,0.7928,6.4986,4.5777,9.351,2.4162,3.6278,2.4962,342,0.7365153803917239,0.7555555992092622,576,5390.6,—,True,16,16,PASS,"No shelf (16k drop=14.3dB, 20k drop=21.4dB)",261.0,8.112,,,,,,,,,False,,0.207,22000,13.7,-0.153,-29.3,14.9,,1.0,0.566,47.152,20396.0,214.4,25.0,False,,ok,1791.0,,,,,170.745,,48000,PASS,0.0,0.9652,True,MEANRUN_SOLO 8.11 vs 8.00 (+0.11);MS_COND_CEILING 47.15 vs 48.00 (-0.85),-68.6,57.8,,,,,,,,5
fd-exchange-v2-2026-08-0435.flac,flagged,SUSPECT,44100,4208449,BRICKWALL_16K;HF_DECOUPLED_0.00;HF_SEAM_0.84;LOW_ROLLOFF_7.0KHZ;STEREO_AAC_DOUBT_0.00;BAND_LIMIT_LOW_16000HZ_37DB;LOWBAND_WALL_SHADOW_36.6,,,60.0,1.0,whole,1/1,1,60.0,0.0,-0.0309,-0.021,3.9524,3.9272,2.0624,2.0603,2.0624,0,0.6353528934887136,0.6353528934887136,576,7041.4,—,True,16,16,FAKE_WEBRIP,"16kHz shelf (drop=51.8dB, whole-track)",32.0,2.807,,,,,,,,,False,,0.359,16000,0.3,-0.109,-60.3,36.6,,1.0,0.067,3.341,,,,False,,ok,,,,,,4.195,,44100,PASS,0.0,0.572,True,,-114.2,87.1,,,,MASTERING_EDGE,,16021,1405,5
fd-exchange-v2-2026-08-0436.flac,flagged,SUSPECT,44100,7249100,HF_SEAM_0.66;STEREO_AAC_DOUBT_0.00;DEAD_STRUCTURE_MAXRUN_270;DEADRUN_UNCORROBORATED_6.98,,,60.0,1.0,whole,1/1,1,60.0,0.0,0.6886,10.2106,6.3666,12.5763,1.5784,3.7977,1.5784,0,0.7505316842163515,0.7505316842163515,576,10077.5,—,True,16,16,PASS,"No shelf (16k drop=15.6dB, 20k drop=31.2dB)",270.0,6.984,,,20150.0,181.4,False,,11,,False,,0.188,21500,11.0,-0.014,-33.3,18.0,,1.0,-0.069,8.943,20212.0,197.2,19.9,False,,ok,1899.0,,,,,67.202,,44100,PASS,0.0,0.7705,True,,-77.1,64.9,,,,MASTERING_EDGE,,21582,1663,5
fd-exchange-v2-2026-08-0437.flac,flagged,SUSPECT,44100,6883965,MS_CONDITIONAL_68;AAC_LATTICE_14pct,,,60.02,1.0,spread,2/2,2,60.0,0.0,2.6485,18.2232,2.8665,16.5254,2.705,15.3789,2.8244,356,0.648458068652054,0.6749413195232302,576,10788.1,—,True,16,16,PASS,"No shelf (16k drop=16.1dB, 20k drop=19.4dB)",49.0,2.698,,,,,,,,,False,,0.14,22000,5.0,0.512,-22.7,4.3,,1.0,0.964,68.019,,,,False,,ok,,,,False,False,130.951,,44100,PASS,0.8725,0.96,True,,-65.4,49.4,,,,NO_WALL,,,,5
fd-exchange-v2-2026-08-0438.flac,flagged,SUSPECT,96000,5720702,BRICKWALL_20K;HF_SEAM_0.73;AI_SR_96000;LOW_ROLLOFF_5.3KHZ;STEREO_AAC_DOUBT_0.00;DEAD_STRUCTURE_MAXRUN_235;DEADRUN_UNCORROBORATED_7.03;BAND_LIMIT_LOW_NOWALL_18000HZ,,,60.0,1.0,whole,1/1,1,60.0,0.0,0.3462,0.4793,3.4783,3.4719,3.5751,3.7209,3.5282,444,0.594936052411277,0.6268155051552604,576,5343.8,—,True,16,16,FAKE_320K,"20kHz shelf (drop=50.2dB, whole-track)",235.0,7.029,,,,,,,,,False,0.3,0.344,18000,8.8,0.062,-50.3,10.6,,1.0,0.008,14.306,,,,False,,ok,,,,,,1.763,,96000,PASS,0.0,0.0535,True,,-119.3,96.6,,,,,,,,5
fd-exchange-v2-2026-08-0439.flac,flagged,SUSPECT,44100,5257307,LOW_ROLLOFF_5.8KHZ;STEREO_AAC_DOUBT_0.13,,,60.0,1.0,whole,1/1,1,60.0,0.0,3.4986,17.6249,4.7814,11.6675,1.6413,8.7485,1.6411,557,0.8228834693765011,0.8609332461149524,576,5803.2,—,True,16,16,PASS,"No shelf (16k drop=8.7dB, 20k drop=-9.9dB)",3.0,2.0,,,,,,,,,False,,0.26,22000,5.3,-0.081,-16.5,4.4,,1.0,0.075,4.747,,,,False,,ok,,,,,,236.322,,44100,PASS,0.1259,0.7406,True,,-81.9,57.6,,,,NO_WALL,,,,5
fd-exchange-v2-2026-08-0440.flac,flagged,SUSPECT,48000,3724397,HF_DECOUPLED_-0.11;HF_SEAM_0.66;AI_SR_48000;LOW_ROLLOFF_3.4KHZ;STEREO_AAC_DOUBT_0.00;DEAD_STRUCTURE_MAXRUN_465;DEADRUN_UNCORROBORATED_7.99;BAND_LIMIT_LOW_NOWALL_19000HZ,,,60.0,1.0,whole,1/1,1,60.0,0.0,0.1178,0.0967,1.2976,1.2887,2.8581,2.8549,2.844,574,0.24581272695426284,0.26355841425994486,576,3421.9,—,True,16,16,PASS,"No shelf (16k drop=35.9dB, 20k drop=40.1dB)",465.0,7.987,,,,,,,,,False,,0.342,19000,5.0,0.226,-40.1,7.3,,1.0,-0.407,19.009,,,,False,,ok,,,,,,44.577,,48000,PASS,0.001,0.8041,True,MEANRUN_SOLO 7.99 vs 8.00 (-0.01),-116.2,98.8,,,,,,,,5
fd-exchange-v2-2026-08-0441.flac,flagged,SUSPECT,44100,4445648,BRICKWALL_20K;HF_SEAM_0.68;LOW_ROLLOFF_7.1KHZ;BAND_LIMIT_LOW_16000HZ_28DB;LOWBAND_WALL_SHADOW_28.2,,,60.0,1.0,whole,1/1,1,60.0,0.0,0.7305,0.7417,4.1589,4.1364,2.4366,2.4522,2.5279,67,0.7240563214767956,0.7309847270337895,576,7084.4,—,True,16,16,FAKE_320K,"20kHz shelf (drop=46.5dB, whole-track)",7.0,2.071,,,,,,,,,False,,0.359,16000,-0.8,-0.108,-46.5,28.2,,1.0,0.068,3.712,,,,False,,ok,,,,,,9.362,,44100,PASS,0.7349,0.5721,True,,-102.4,75.2,,,,NO_WALL,,,,5
fd-exchange-v2-2026-08-0442.flac,flagged,SUSPECT,44100,5382406,BRICKWALL_20K;HF_SEAM_0.98;CNN_DOUBT;STEREO_AAC_DOUBT_0.00;BAND_LIMIT_LOW_17500HZ_47DB;MP3_IDEM_R3.51_17500;LOWBAND_WALL_SHADOW_46.9,,,60.02,1.0,spread,2/2,2,60.0,0.0,0.4079,8.5959,5.2819,8.4339,2.3515,2.3993,2.6408,271,0.7380011867146988,0.7661934246379828,576,10960.4,—,True,16,16,FAKE_320K,"20kHz shelf (drop=56.5dB, whole-track)",34.0,2.861,,,,,,,,,False,,0.175,17500,0.1,-0.003,-56.5,46.9,,1.0,-0.427,27.943,,,,False,,ok,,,,,,8.662,,44100,PASS,0.0,0.7678,True,,-115.8,88.2,,,1.8,silent,41.8,17275,275,5
fd-exchange-v2-2026-08-0443.flac,flagged,SUSPECT,44100,3340420,HF_SEAM_0.63;LOW_ROLLOFF_5.5KHZ;STEREO_AAC_DOUBT_0.00;DEADRUN_UNCORROBORATED_93,,,38.52,1.0,whole,1/1,1,38.52,0.0,1.2597,12.9903,3.8748,8.0403,3.2527,7.4717,3.4397,236,0.7772983545303871,0.7998571252500866,576,5480.2,—,True,16,16,PASS,"No shelf (16k drop=12.5dB, 20k drop=29.4dB)",93.0,4.683,,,,,,,,,False,,0.391,20500,35.0,-0.05,-50.7,29.8,,1.0,0.048,2.037,20037.0,15.1,1.8,False,,ok,1500.0,,,,,11.952,,44100,PASS,0.0001,0.1152,True,MEANRUN_CEILING 4.68 vs 5.00 (-0.32),-116.2,93.4,,,,NO_WALL,,,,4
fd-exchange-v2-2026-08-0444.flac,flagged,SUSPECT,44100,4262954,BRICKWALL_20K;HF_DECOUPLED_-0.17;HF_SEAM_0.75;LOW_ROLLOFF_7.2KHZ;STEREO_AAC_DOUBT_0.00;BAND_LIMIT_LOW_16000HZ_27DB;LOWBAND_WALL_SHADOW_27.2,,,60.02,1.0,spread,2/2,2,60.0,0.0,0.1933,0.1298,3.4552,3.441,2.0645,2.0762,1.8947,50,0.6660235490245895,0.666416816863122,576,7170.6,—,True,16,16,FAKE_320K,"20kHz shelf (drop=59.1dB, whole-track)",38.0,2.769,,,,,,,,,False,,0.363,16000,0.0,0.163,-59.3,27.2,,1.0,0.072,19.495,,,,False,,ok,,,,,,9.285,,44100,PASS,0.0,0.5769,True,,-114.1,86.9,,,,NO_WALL,,,,5
fd-exchange-v2-2026-08-0445.flac,flagged,SUSPECT,44100,4900150,LOW_ROLLOFF_7.6KHZ;STEREO_AAC_DOUBT_0.00;AAC_LATTICE_35pct,,,60.02,1.0,spread,2/2,2,60.0,0.0,1.7519,15.6595,4.5618,10.5696,2.1475,9.2255,2.2268,412,0.6377034861010104,0.6674227455216589,576,7612.0,—,True,16,16,PASS,"No shelf (16k drop=13.1dB, 20k drop=27.1dB)",43.0,2.279,,,,,,,,,False,,0.192,22000,6.9,0.957,-27.5,0.1,,1.0,0.896,36.491,,,,False,,ok,,,,False,False,63.246,,44100,PASS,0.0004,0.9214,True,,-86.3,60.3,,,,NO_WALL,,,,5
fd-exchange-v2-2026-08-0446.flac,convicted,UPSCALE,44100,7846566,BRICKWALL_20K;HF_SEAM_0.77;CNN_DOUBT;STEREO_AAC_DOUBT_0.00;DEADRUN_UNCORROBORATED_5.54;BAND_LIMIT_LOW_19500HZ_62DB;MP3_CONJ_BASE_19500;MP3_CONJ_WALLLEG_W61.7_K4.80;OPUS_EDGE_FIRE_20015_W513_F8.8,,,60.0,1.0,whole,1/1,1,60.0,0.0,2.8835,3.7891,7.1175,10.434,4.9114,3.1077,5.1933,88,0.9397957183916803,0.9616042598765279,576,10529.7,—,True,16,16,FAKE_320K,"20kHz shelf (drop=51.4dB, whole-track)",72.0,5.536,,,,,,,,,False,,0.246,19500,88.6,0.214,-68.7,61.7,,1.0,0.7,10.533,20015.0,1.5,8.8,True,0.4788,ok,513.0,,,,,126.647,,44100,PASS,0.0,0.9123,True,,-114.6,101.1,,,4.1,silent,68.6,20311,382,5
fd-exchange-v2-2026-08-0447.flac,flagged,SUSPECT,44100,5078582,FAKE_STEREO;CNN_DOUBT;STEREO_AAC_DOUBT_0.00;DEAD_STRUCTURE_MAXRUN_145;MS_CONDITIONAL_67,,,60.0,1.0,whole,1/1,1,60.0,0.0,2.7226,16.8225,2.024,13.1759,2.2116,12.8202,2.4609,563,0.3012407574424768,0.3110545151755946,576,9754.5,—,True,16,16,PASS,"No shelf (16k drop=10.5dB, 20k drop=15.9dB)",145.0,4.113,,,21372.0,124.4,False,6.5,11,1500.0,False,,0.208,22000,9.7,0.993,-20.8,12.6,,1.0,0.998,67.368,21428.0,100.8,6.2,False,,ok,1500.0,,,,,174.569,,44100,FAKE_STEREO,0.0,0.9993,True,,-73.2,51.7,,,,MASTERING_EDGE,,21926,867,5
fd-exchange-v2-2026-08-0448.flac,flagged,SUSPECT,44100,5558508,BRICKWALL_20K;HF_SEAM_0.97;LOW_ROLLOFF_5.1KHZ;CNN_DOUBT;STEREO_AAC_DOUBT_0.00;DEAD_STRUCTURE_MAXRUN_219;DEADRUN_UNCORROBORATED_6.82;BAND_LIMIT_LOW_17500HZ_36DB;MP3_IDEM_R1.90_17500;MP3_IDEM_FIRE_17500;LOWBAND_WALL_SHADOW_36.5,,,60.02,1.0,spread,2/2,2,60.0,0.0,0.4342,2.0686,2.9104,3.3018,0.9431,0.9707,0.984,174,0.47816155308423997,0.4886271702850092,576,5092.6,—,True,16,16,FAKE_320K,"20kHz shelf (drop=59.9dB, whole-track)",219.0,6.816,,,,,,,,,False,,0.198,17500,0.1,0.099,-60.1,36.5,,1.0,0.549,36.805,,,,False,,ok,,,,,,5.47,,44100,PASS,0.0,0.9509,True,,-115.8,99.9,,,1.8,silent,36.0,17280,70,5
fd-exchange-v2-2026-08-0449.flac,flagged,SUSPECT,44100,6607020,HF_SEAM_0.79;CNN_DOUBT;STEREO_AAC_DOUBT_0.00;DEAD_STRUCTURE_MAXRUN_321;DEAD_STRUCTURE_MEANRUN_30.64,,,60.0,1.0,whole,1/1,1,60.0,0.0,0.7907,12.2003,3.8736,12.0805,2.6098,3.0808,2.5898,257,0.6887934813760102,0.7048382051982315,576,8075.0,—,True,16,16,PASS,"No shelf (16k drop=0.3dB, 20k drop=40.6dB)",321.0,30.642,,,,,,,,,False,,0.249,20000,35.0,0.303,-40.6,31.9,,1.0,0.524,8.939,20004.0,0.0,16.1,False,,ok,2183.0,,,,,80.838,,44100,PASS,0.0,0.7005,True,,-115.3,99.4,,,,DARK_REF,,19649,,5
fd-exchange-v2-2026-08-0450.flac,flagged,SUSPECT,44100,4816909,HF_SEAM_0.77;LOW_ROLLOFF_7.6KHZ;CNN_DOUBT;STEREO_AAC_DOUBT_0.00;DEAD_STRUCTURE_MAXRUN_180;OPUS_EDGE_FIRE_20082_W418_F0.3,,,60.0,1.0,whole,1/1,1,60.0,0.0,1.2691,13.8085,4.4923,9.2647,0.9182,1.4142,0.9182,0,0.49899019135978634,0.49899019135978634,576,7622.8,—,True,16,16,PASS,"No shelf (16k drop=13.3dB, 20k drop=36.0dB)",180.0,4.757,,,,,,,,,False,,0.192,20500,39.5,0.959,-60.0,35.9,,1.0,0.895,47.291,20082.0,18.3,0.3,True,0.1419,ok,418.0,,,,,44.75,,44100,PASS,0.0,0.921,True,MEANRUN_CEILING 4.76 vs 5.00 (-0.24);MS_COND_CEILING 47.29 vs 48.00 (-0.71),-117.0,91.0,,,,DARK_REF,,20160,,5
fd-exchange-v2-2026-08-0451.flac,flagged,SUSPECT,44100,5450241,HF_SEAM_0.76;CNN_DOUBT;STEREO_AAC_DOUBT_0.00;OPUS_EDGE_FIRE_20064_W748_F2.9,,,60.0,1.0,whole,1/1,1,60.0,0.0,1.3185,14.4855,6.299,11.7236,2.7565,3.4627,2.9209,185,0.7629842841075081,0.7763736449683345,576,10605.1,—,True,16,16,PASS,"No shelf (16k drop=11.6dB, 20k drop=33.1dB)",31.0,2.893,,,,,,,,,False,,0.176,20500,37.4,-0.067,-57.6,33.1,,1.0,-0.431,3.229,20064.0,20.0,2.9,True,0.2505,ok,748.0,,,,,46.86,,44100,PASS,0.0002,0.7657,True,,-116.0,88.1,,,,MASTERING_EDGE,,20214,748,5
fd-exchange-v2-2026-08-0452.flac,convicted,UPSCALE,44100,7017957,BRICKWALL_20K;HF_SEAM_0.83;CNN_DOUBT;STEREO_AAC_DOUBT_0.00;DEAD_STRUCTURE_MAXRUN_272;DEAD_STRUCTURE_MEANRUN_7.97;BAND_LIMIT_LOW_19000HZ_40DB;MS_CONDITIONAL_55;MP3_CONJ_BASE_19000;MP3_CONJ_WALLLEG_W40.0_K5.15,,,60.0,1.0,whole,1/1,1,60.0,0.0,0.0993,1.1392,6.2708,7.3135,1.5561,1.5952,1.5561,0,0.6194011608121125,0.6194011608121125,576,9668.4,—,True,16,16,FAKE_320K,"20kHz shelf (drop=73.0dB, whole-track)",272.0,7.965,,,,,,,,,False,,0.188,19000,43.2,-0.013,-76.5,40.0,,1.0,-0.068,55.087,,,,False,,ok,,,,,,14.454,,44100,PASS,0.0,0.7699,True,MEANRUN_SOLO 7.97 vs 8.00 (-0.03),-114.8,102.3,,,,MASTERING_EDGE,,18174,678,5
fd-exchange-v2-2026-08-0453.flac,flagged,SUSPECT,44100,5044587,LOW_ROLLOFF_6.2KHZ;STEREO_AAC_DOUBT_0.00;DEAD_STRUCTURE_MAXRUN_217;DEADRUN_UNCORROBORATED_6.72,,,60.0,1.0,whole,1/1,1,60.0,0.0,1.1453,14.2146,3.2675,8.8953,2.0803,5.2283,2.0254,230,0.4165816727556237,0.4317864525450823,576,6158.5,—,True,16,16,PASS,"No shelf (16k drop=12.5dB, 20k drop=20.7dB)",217.0,6.717,,,20650.0,544.5,False,,10,,False,,0.327,22000,9.0,0.79,-22.6,5.6,,1.0,0.942,18.967,20823.0,308.4,4.9,False,,ok,1500.0,,,,,57.591,,44100,PASS,0.0,0.8897,True,,-73.3,56.0,,,,NO_WALL,,,,5
fd-exchange-v2-2026-08-0454.flac,flagged,SUSPECT,44100,3597555,LOW_ROLLOFF_5.5KHZ;STEREO_AAC_DOUBT_0.00,,,55.09,0.9999,whole,1/1,1,55.09,0.0,0.6681,1.1701,2.0883,2.3789,2.4856,2.4978,2.4111,16,0.6894157126003034,0.702418950218128,576,5491.0,—,True,16,16,PASS,"No shelf (16k drop=5.7dB, 20k drop=33.4dB)",49.0,3.123,,,,,,,,,False,,0.335,20500,25.4,-0.074,-42.8,12.1,,1.0,-0.099,7.018,,,,False,,ok,,,,,,32.268,,44100,PASS,0.0,0.6403,True,,-115.5,86.8,,,,NO_WALL,,,,5
fd-exchange-v2-2026-08-0455.flac,flagged,SUSPECT,44100,1590394,CNN_DOUBT;STEREO_AAC_DOUBT_0.00,,,20.81,1.0,whole,1/1,1,20.81,0.0,0.9682,4.8313,2.6715,4.0147,1.8547,2.0612,2.2509,441,0.4121727919453955,0.4363416546225988,576,8581.0,—,True,16,16,PASS,"No shelf (16k drop=18.9dB, 20k drop=34.8dB)",33.0,2.485,,,,,,,,,False,,0.477,21500,10.2,0.749,-38.6,6.9,,1.0,0.96,43.227,,,,False,,ok,,,,,,5.023,,44100,PASS,0.0024,0.951,True,,-104.1,78.7,,,,NO_WALL,,,,2
fd-exchange-v2-2026-08-0456.flac,flagged,SUSPECT,44100,5488086,AAC_LATTICE_20pct,,,60.02,1.0,spread,2/2,2,60.0,0.0,1.5157,15.39,6.1216,12.0789,2.8293,5.3778,2.7457,204,0.7667607704711211,0.7815380574786515,576,10712.8,—,True,16,16,PASS,"No shelf (16k drop=11.1dB, 20k drop=27.2dB)",20.0,2.5,,,,,,,,,False,,0.178,22000,10.3,-0.06,-29.7,6.7,,1.0,-0.435,20.121,21466.0,72.7,1.5,False,,ok,1500.0,,,False,False,59.362,,44100,PASS,0.1964,0.7668,True,,-94.1,66.6,,,,NO_WALL,,,,5
fd-exchange-v2-2026-08-0457.flac,flagged,SUSPECT,44100,6895243,STEREO_AAC_DOUBT_0.00;DEAD_STRUCTURE_MAXRUN_235;DEAD_STRUCTURE_MEANRUN_5.05;MS_CONDITIONAL_54,,,60.0,1.0,whole,1/1,1,60.0,0.0,1.7741,15.2406,2.9079,16.1304,2.0429,14.2007,2.0429,0,0.5759963628757495,0.5759963628757495,576,10863.5,—,True,16,16,PASS,"No shelf (16k drop=15.9dB, 20k drop=18.9dB)",235.0,5.046,,,21953.0,81.1,False,,11,,False,,0.14,22000,5.3,0.533,-22.6,5.9,,1.0,0.963,53.779,21994.0,61.0,,False,,ok,1500.0,,,,,137.458,,44100,PASS,0.0,0.9596,True,MEANRUN_CEILING 5.05 vs 5.00 (+0.05),-65.2,49.2,,,,NO_WALL,,,,5
fd-exchange-v2-2026-08-0458.flac,flagged,SUSPECT,44100,5237279,BRICKWALL_20K;LOW_ROLLOFF_7.3KHZ;CNN_DOUBT;STEREO_AAC_DOUBT_0.00;MS_CONDITIONAL_58,,,60.02,1.0,spread,2/2,2,60.0,0.0,0.7668,6.8393,3.9295,5.7794,1.5906,2.4323,1.4182,45,0.5282537724569498,0.5348756687810513,576,7299.8,—,True,16,16,FAKE_320K,"20kHz shelf (drop=45.5dB, whole-track)",49.0,2.87,,,,,,,,,False,,0.225,20000,24.7,0.895,-53.1,10.7,,1.0,0.751,57.866,21649.0,280.6,,False,,ok,1500.0,,,,,6.591,,44100,PASS,0.0002,0.8197,True,,-109.1,86.5,,,,NO_WALL,,,,5
fd-exchange-v2-2026-08-0459.flac,flagged,SUSPECT,44100,5361485,HF_SEAM_0.74;LOW_ROLLOFF_5.2KHZ;STEREO_AAC_DOUBT_0.00;DEADRUN_UNCORROBORATED_95;DEADRUN_UNCORROBORATED_5.71,,,60.0,1.0,whole,1/1,1,60.0,0.0,0.9929,4.8138,4.4663,5.4477,1.4109,1.7731,1.3551,209,0.7735613855602036,0.7933066018229489,576,5243.3,—,True,16,16,PASS,"No shelf (16k drop=21.7dB, 20k drop=34.0dB)",95.0,5.713,,,,,,,,,False,,0.353,20500,32.4,-0.07,-58.9,30.5,,1.0,0.108,5.16,20058.0,11.5,2.0,False,,ok,1500.0,,,,,30.55,,44100,PASS,0.0,0.762,True,MAXRUN_SOLO 95.00 vs 100.00 (-5.00),-115.1,95.4,,,,NO_WALL,,,,5
fd-exchange-v2-2026-08-0460.flac,flagged,SUSPECT,44100,6703622,LOW_ROLLOFF_6.5KHZ;STEREO_AAC_DOUBT_0.00;DEADRUN_UNCORROBORATED_5.15,,,60.02,1.0,spread,2/2,2,60.0,0.0,1.5683,16.7842,5.3782,12.3265,2.2953,6.3987,2.2661,368,0.8273950197407588,0.8325546504453212,576,6535.3,—,True,16,16,PASS,"No shelf (16k drop=16.3dB, 20k drop=27.7dB)",37.0,5.153,,,21496.0,137.0,False,0.8,12,1500.0,False,,0.214,21500,13.5,-0.152,-33.9,10.6,,1.0,0.788,25.62,21525.0,91.6,-0.3,False,,ok,1500.0,,,,,24.278,,44100,PASS,0.0,0.8107,True,MEANRUN_CEILING 5.15 vs 5.00 (+0.15),-87.2,71.5,,,,NO_WALL,,,,5
fd-exchange-v2-2026-08-0461.flac,flagged,SUSPECT,44100,6032566,BRICKWALL_20K;HF_SEAM_0.97;LOW_ROLLOFF_7.8KHZ;CNN_DOUBT;STEREO_AAC_DOUBT_0.00;DEAD_STRUCTURE_MAXRUN_216;DEADRUN_UNCORROBORATED_6.81;BAND_LIMIT_LOW_17500HZ_54DB;MP3_IDEM_R3.40_17500;LOWBAND_WALL_SHADOW_53.7,,,60.02,1.0,spread,2/2,2,60.0,0.0,0.1046,7.7378,5.0372,8.0149,1.5945,2.3024,1.9003,473,0.8470141411142454,0.8692632888115224,576,7762.7,—,True,16,16,FAKE_320K,"20kHz shelf (drop=68.1dB, whole-track)",216.0,6.81,,,,,,,,,False,,0.333,17500,1.1,0.002,-68.3,53.7,,1.0,0.101,27.494,,,,False,,ok,,,,,,16.551,,44100,PASS,0.0,0.7917,True,,-115.6,95.5,,,4.2,silent,41.6,17280,242,5
fd-exchange-v2-2026-08-0462.flac,flagged,SUSPECT,44100,5695133,BRICKWALL_20K;HF_DECOUPLED_-0.05;HF_SEAM_0.87;STEREO_AAC_DOUBT_0.00;DEAD_STRUCTURE_MAXRUN_114;BAND_LIMIT_LOW_NOWALL_18000HZ,,,60.02,1.0,spread,2/2,2,60.0,0.0,0.0908,1.1977,3.4266,3.7029,2.0517,2.0934,2.0118,398,0.5501262376577414,0.5715167881581424,576,8161.1,—,True,16,16,FAKE_320K,"20kHz shelf (drop=65.8dB, whole-track)",114.0,4.578,,,,,,,,,False,,0.274,18000,20.7,0.017,-66.0,12.2,,1.0,0.101,23.34,,,,False,,ok,,,,,,9.012,,44100,PASS,0.0,0.7138,True,MEANRUN_CEILING 4.58 vs 5.00 (-0.42),-112.1,95.7,,,,MASTERING_EDGE,,17022,1174,5
fd-exchange-v2-2026-08-0463.flac,flagged,SUSPECT,44100,6380423,BRICKWALL_20K;HF_SEAM_0.72;CNN_DOUBT;STEREO_AAC_DOUBT_0.00;DEAD_STRUCTURE_MAXRUN_289;DEADRUN_UNCORROBORATED_7.35;BAND_LIMIT_LOW_17000HZ_32DB;LOWBAND_WALL_SHADOW_31.8,,,60.0,1.0,whole,1/1,1,60.0,0.0,0.0779,0.3676,5.2344,5.5053,1.6316,1.6509,1.6316,0,0.4595952375042147,0.4595952375042147,576,11315.7,—,True,16,16,FAKE_320K,"20kHz shelf (drop=88.4dB, whole-track)",289.0,7.352,,,,,,,,,False,,0.093,17000,7.9,-0.112,-88.4,31.8,,1.0,0.002,2.274,,,,False,,ok,,,,,,2.348,,44100,PASS,0.0,0.6907,True,,-116.2,95.4,,,,MASTERING_EDGE,,16699,668,5
fd-exchange-v2-2026-08-0464.flac,flagged,SUSPECT,44100,5391947,BRICKWALL_20K;HF_SEAM_0.71;CNN_DOUBT;STEREO_AAC_DOUBT_0.00;DEAD_STRUCTURE_MAXRUN_255;DEADRUN_UNCORROBORATED_6.30;BAND_LIMIT_LOW_NOWALL_18500HZ,,,60.0,1.0,whole,1/1,1,60.0,0.0,0.2111,5.5132,5.2991,6.6653,0.9117,0.9367,0.9117,0,0.5326362478485899,0.5326362478485899,576,8247.2,—,True,16,16,FAKE_320K,"20kHz shelf (drop=67.8dB, whole-track)",255.0,6.299,,,,,,,,,False,,0.216,18500,28.7,-0.033,-67.8,15.6,,1.0,0.008,2.972,,,,False,,ok,,,,,,8.344,,44100,PASS,0.0,0.6629,True,,-114.9,95.1,,,,MASTERING_EDGE,,18443,824,5
fd-exchange-v2-2026-08-0465.flac,flagged,SUSPECT,44100,1799671,HF_DECOUPLED_0.13;HF_SEAM_0.61;LOW_ROLLOFF_4.5KHZ;STEREO_AAC_DOUBT_0.00,,,29.37,0.9999,whole,1/1,1,29.37,0.0,0.8601,6.5494,4.2877,5.8722,0.6814,0.8073,0.6814,0,0.4928516064022351,0.4928516064022351,576,4489.7,—,True,16,16,PASS,"No shelf (16k drop=10.3dB, 20k drop=30.3dB)",11.0,2.231,,,,,,,,,False,,0.45,22000,20.4,0.003,-39.8,0.2,,1.0,0.114,2.975,20074.0,44.9,-0.0,False,,ok,1500.0,,,,,26.029,,44100,PASS,0.0,0.1151,True,,-116.9,82.1,,,,NO_WALL,,,,3
fd-exchange-v2-2026-08-0466.flac,convicted,UPSCALE,44100,5842643,LOW_ROLLOFF_6.4KHZ;CNN_DOUBT;STEREO_AAC_DOUBT_0.00;DEAD_STRUCTURE_MAXRUN_255;DEADRUN_UNCORROBORATED_6.48;AAC_LATTICE_61pct,,,60.02,1.0,spread,2/2,2,60.0,0.0,0.5972,5.0978,4.6719,6.5282,2.1733,2.3326,2.2515,235,0.62035529703939,0.6358277195198876,576,6373.8,—,True,16,16,PASS,"No shelf (16k drop=9.1dB, 20k drop=40.8dB)",255.0,6.478,,,,,,,,,False,,0.387,20000,17.7,-0.138,-40.9,12.4,,1.0,0.055,46.342,21458.0,725.1,5.3,False,,ok,1500.0,,,False,True,16.48,,44100,PASS,0.0,0.9513,True,MS_COND_CEILING 46.34 vs 48.00 (-1.66),-101.3,87.9,,,,NO_WALL,,,,5
fd-exchange-v2-2026-08-0467.flac,flagged,SUSPECT,44100,4757280,LOW_ROLLOFF_7.5KHZ;STEREO_AAC_DOUBT_0.00;DEAD_STRUCTURE_MAXRUN_200;DEAD_STRUCTURE_MEANRUN_5.06;MS_CONDITIONAL_50;AAC_LATTICE_14pct,,,60.0,1.0,whole,1/1,1,60.0,0.0,1.1812,13.2538,4.8205,9.2153,2.064,6.9189,2.064,0,0.5909455141879814,0.5909455141879814,576,7482.8,—,True,16,16,PASS,"No shelf (16k drop=13.9dB, 20k drop=28.5dB)",200.0,5.057,,,22010.0,15.8,False,,10,,False,,0.193,22000,7.6,0.951,-29.0,1.7,,1.0,0.894,49.692,22028.0,26.1,,False,,ok,1500.0,,,True,True,60.198,,44100,PASS,0.0,0.9208,True,MEANRUN_CEILING 5.06 vs 5.00 (+0.06);MS_COND_CEILING 49.69 vs 48.00 (+1.69),-86.6,60.5,,,,NO_WALL,,,,5
fd-exchange-v2-2026-08-0468.flac,clear,GENUINE,44100,5416888,,,,60.0,1.0,whole,1/1,1,60.0,0.0,4.6775,21.7339,5.7673,14.7007,1.6633,12.2608,1.6602,452,0.9168227784589237,0.9282016124801212,576,9366.9,—,True,16,16,PASS,"No shelf (16k drop=13.1dB, 20k drop=9.6dB)",2.0,,,,,,,,,,False,,0.367,22000,-4.2,-0.021,-9.6,9.9,,1.0,0.219,2.401,,,,False,,ok,,,,,,97.405,,44100,PASS,0.9128,0.5926,True,,-81.3,52.3,,,,NO_WALL,,,,5
fd-exchange-v2-2026-08-0469.flac,convicted,UPSCALE,44100,6308775,LOW_ROLLOFF_5.4KHZ;STEREO_AAC_DOUBT_0.00;DEAD_STRUCTURE_MAXRUN_126;DEAD_STRUCTURE_MEANRUN_8.56;AAC_LATTICE_69pct,,,60.0,1.0,whole,1/1,1,60.0,0.0,1.1384,7.5671,4.7183,7.2263,2.043,3.3326,1.9063,182,0.613268973101542,0.6331682283486075,576,5394.1,—,True,16,16,PASS,"No shelf (16k drop=16.4dB, 20k drop=26.2dB)",126.0,8.565,,,21496.0,102.7,False,0.2,11,1500.0,False,,0.423,21500,10.1,0.185,-29.4,14.4,,1.0,0.772,27.97,21530.0,155.9,-0.1,False,,ok,1500.0,,,True,True,19.564,,44100,PASS,0.0,0.5636,True,,-84.7,72.0,,,,NO_WALL,,,,5
fd-exchange-v2-2026-08-0470.flac,flagged,SUSPECT,44100,6869184,AAC_LATTICE_20pct,,,60.02,1.0,spread,2/2,2,60.0,0.0,2.7086,18.3894,2.8852,16.5078,2.8911,15.5461,2.6945,333,0.6366408321125439,0.6633484335534414,576,10712.8,—,True,16,16,PASS,"No shelf (16k drop=16.9dB, 20k drop=20.2dB)",12.0,3.2,,,,,,,,,False,,0.14,22000,5.7,0.534,-23.1,4.6,,1.0,0.964,20.486,,,,False,,ok,,,,False,False,130.361,,44100,PASS,0.9702,0.9601,True,,-65.6,49.5,,,,NO_WALL,,,,5
fd-exchange-v2-2026-08-0471.flac,flagged,SUSPECT,44100,6373362,BRICKWALL_20K;HF_SEAM_0.65;CNN_DOUBT;STEREO_AAC_DOUBT_0.00;DEAD_STRUCTURE_MAXRUN_287;DEADRUN_UNCORROBORATED_7.26;BAND_LIMIT_LOW_17000HZ_33DB;LOWBAND_WALL_SHADOW_33.4,,,60.0,1.0,whole,1/1,1,60.0,0.0,0.0852,0.5985,5.4143,5.724,3.336,3.5839,3.4137,402,0.680419556857901,0.7032925174834412,576,11304.9,—,True,16,16,FAKE_320K,"20kHz shelf (drop=88.6dB, whole-track)",287.0,7.265,,,,,,,,,False,,0.092,17000,9.0,-0.112,-88.6,33.4,,1.0,0.004,5.517,,,,False,,ok,,,,,,2.392,,44100,PASS,0.0,0.6941,True,,-116.1,95.4,,,,MASTERING_EDGE,,16753,716,5
fd-exchange-v2-2026-08-0472.flac,flagged,SUSPECT,44100,6382605,BRICKWALL_20K;HF_SEAM_0.79;CNN_DOUBT;STEREO_AAC_DOUBT_0.00;DEAD_STRUCTURE_MAXRUN_305;DEADRUN_UNCORROBORATED_7.51;BAND_LIMIT_LOW_17000HZ_34DB;LOWBAND_WALL_SHADOW_34.5,,,60.0,1.0,whole,1/1,1,60.0,0.0,0.0252,0.1204,5.2326,5.4262,2.9445,2.9757,2.9445,0,0.6194866910393481,0.6194866910393481,576,11294.2,—,True,16,16,FAKE_320K,"20kHz shelf (drop=87.8dB, whole-track)",305.0,7.514,,,,,,,,,False,,0.093,17000,1.2,-0.112,-87.8,34.5,,1.0,0.002,2.878,,,,False,,ok,,,,,,1.895,,44100,PASS,0.0,0.6906,True,MEANRUN_SOLO 7.51 vs 8.00 (-0.49),-115.0,94.3,,,,MASTERING_EDGE,,16699,641,5
fd-exchange-v2-2026-08-0473.flac,flagged,SUSPECT,44100,3606538,BRICKWALL_20K;HF_DECOUPLED_0.12;HF_SEAM_0.95;LOW_ROLLOFF_5.5KHZ;CNN_DOUBT;STEREO_AAC_DOUBT_0.00;BAND_LIMIT_LOW_17500HZ_37DB;MP3_IDEM_R1.40_17500;MP3_IDEM_FIRE_17500;LOWBAND_WALL_SHADOW_37.1,,,55.1,1.0,whole,1/1,1,55.1,0.0,0.5836,0.8519,1.756,1.8925,1.7539,1.8182,1.7758,3,0.6757261160860633,0.6845008475146251,576,5512.5,—,True,16,16,FAKE_320K,"20kHz shelf (drop=42.2dB, whole-track)",78.0,3.161,,,,,,,,,False,,0.337,17500,0.2,0.261,-42.4,37.1,,1.0,-0.099,19.447,,,,False,,ok,,,,,,18.75,,44100,PASS,0.0,0.6416,True,MAXRUN_CEILING 78.00 vs 80.00 (-2.00),-115.6,86.8,,,,NO_WALL,,,,5
fd-exchange-v2-2026-08-0474.flac,flagged,SUSPECT,44100,6270165,BRICKWALL_20K;PHASE_ISSUE;HF_SEAM_0.99;CNN_DOUBT;STEREO_AAC_DOUBT_0.00;DEAD_STRUCTURE_MAXRUN_228;DEAD_STRUCTURE_MEANRUN_8.03;BAND_LIMIT_LOW_17500HZ_58DB;MP3_IDEM_R3.81_17500;LOWBAND_WALL_SHADOW_58.1,,,60.02,1.0,spread,2/2,2,60.0,0.0,0.0862,7.7375,4.8917,8.0145,1.6073,2.0315,1.7696,416,0.7267612249574371,0.7401392769525004,576,9237.7,—,True,16,16,FAKE_320K,"20kHz shelf (drop=65.8dB, whole-track)",228.0,8.035,,,,,,,,,False,,0.217,17500,-0.6,0.207,-65.8,58.1,,1.0,0.034,40.352,,,,False,,ok,,,,,,4.304,,44100,PHASE_ISSUE,0.0,-0.2215,True,MEANRUN_SOLO 8.03 vs 8.00 (+0.03),-115.6,95.8,,,1.9,silent,48.2,17275,188,5
fd-exchange-v2-2026-08-0475.flac,flagged,SUSPECT,44100,5501613,BRICKWALL_20K;HF_SEAM_0.74;LOW_ROLLOFF_6.8KHZ;CNN_DOUBT;STEREO_AAC_DOUBT_0.00;DEAD_STRUCTURE_MAXRUN_169,,,60.0,1.0,whole,1/1,1,60.0,0.0,0.5452,6.2889,5.756,7.3695,0.7948,0.78,0.7948,0,0.5947457674532987,0.5947457674532987,576,6804.5,—,True,16,16,FAKE_320K,"20kHz shelf (drop=45.6dB, whole-track)",169.0,4.911,,,,,,,,,False,,0.343,20000,33.0,-0.181,-61.6,17.0,,1.0,-0.109,25.565,20020.0,18.3,0.2,False,,ok,1500.0,,,,,20.64,,44100,PASS,0.0,0.7697,True,MEANRUN_CEILING 4.91 vs 5.00 (-0.09),-115.3,95.8,,,,NO_WALL,,,,5
fd-exchange-v2-2026-08-0476.flac,flagged,SUSPECT,44100,7247587,STEREO_AAC_DOUBT_0.00;DEAD_STRUCTURE_MAXRUN_150;DEAD_STRUCTURE_MEANRUN_20.98,,,60.0,1.0,whole,1/1,1,60.0,0.0,0.855,12.0564,6.4755,13.1739,2.8319,5.2353,2.7843,570,0.8818180185506854,0.8885332231203333,576,10012.9,—,True,16,16,PASS,"No shelf (16k drop=16.1dB, 20k drop=33.8dB)",150.0,20.982,,,20150.0,81.3,False,,11,,False,,0.189,21500,11.2,-0.013,-34.2,16.8,,1.0,-0.07,14.984,20292.0,163.9,24.8,False,,ok,1782.0,,,,,59.555,,44100,PASS,0.0,0.7724,True,,-81.7,69.5,,,,MASTERING_EDGE,,21512,1599,5
fd-exchange-v2-2026-08-0477.flac,flagged,SUSPECT,44100,5982529,LOW_ROLLOFF_7.2KHZ;STEREO_AAC_DOUBT_0.00;DEAD_STRUCTURE_MAXRUN_129,,,60.02,1.0,spread,2/2,2,60.0,0.0,0.9555,4.0795,6.2254,6.8815,2.1915,4.4329,2.1442,189,0.8271004302730103,0.8490543408683534,576,7192.1,—,True,16,16,PASS,"No shelf (16k drop=28.4dB, 20k drop=30.7dB)",129.0,3.9,,,21969.0,52.3,False,,6,,False,,0.499,21500,5.7,-0.009,-33.4,10.0,,1.0,-0.124,43.685,21899.0,0.0,,False,,ok,1500.0,,,,,11.608,,44100,PASS,0.0,0.3288,True,,-88.6,71.5,,,,NO_WALL,,,,5
fd-exchange-v2-2026-08-0478.flac,convicted,UPSCALE,44100,6360578,BRICKWALL_20K;HF_SEAM_0.68;CNN_DOUBT;LOSSY_SRC_NEEDLES_VOID;STEREO_AAC_DOUBT_0.00;BAND_LIMIT_LOW_17000HZ_34DB;AAC_LATTICE_52pct;MP3_IDEM_R5.24_17000;LOWBAND_WALL_SHADOW_33.7,,,60.02,1.0,spread,2/2,2,60.0,0.0,0.0928,0.2302,5.4134,5.6013,3.3244,3.3656,3.43,427,0.672153201451264,0.7019730420769056,576,11272.6,—,True,16,16,FAKE_320K,"20kHz shelf (drop=86.9dB, whole-track)",319.0,7.214,,,,,,,,,False,,0.093,17000,11.5,-0.116,-87.9,33.7,,1.0,0.002,6.412,,,,False,,ok,,,,True,True,2.79,,44100,PASS,0.0,0.6924,True,,-116.0,95.2,,0.62,40.2,FIRE,53.6,16575,528,5
fd-exchange-v2-2026-08-0479.flac,flagged,SUSPECT,44100,1719001,FAKE_STEREO;HF_DECOUPLED_0.07;LOW_ROLLOFF_6.4KHZ;STEREO_AAC_DOUBT_0.09,,,36.2,1.0,whole,1/1,1,36.2,0.0,3.3049,14.4216,2.0422,9.3991,1.1168,15.2019,1.2366,441,0.8992395376607035,0.9420257450662841,576,6352.3,—,True,16,16,PASS,"No shelf (16k drop=11.7dB, 20k drop=11.3dB)",5.0,2.2,,,,,,,,,False,,0.649,22000,1.3,0.627,-12.1,3.8,,1.0,0.997,37.826,,,,False,,ok,,,,,,55.251,,44100,FAKE_STEREO,0.0859,0.992,True,,-96.5,56.1,,,,NO_WALL,,,,4
fd-exchange-v2-2026-08-0480.flac,convicted,UPSCALE,44100,5041033,HF_SEAM_0.68;LOW_ROLLOFF_6.3KHZ;STEREO_AAC_DOUBT_0.00;DEAD_STRUCTURE_MAXRUN_113;DEADRUN_UNCORROBORATED_6.29;MP3_CONJ_BASE_20500;MP3_CONJ_WALLLEG_W45.7_K7.59;OPUS_EDGE_FIRE_20066_W465_F13.9,,,60.0,1.0,whole,1/1,1,60.0,0.0,1.3252,14.5975,3.3777,9.2339,2.1891,3.5773,1.8909,81,0.42680582748967555,0.4343102680671035,576,6266.2,—,True,16,16,PASS,"No shelf (16k drop=12.1dB, 20k drop=29.7dB)",113.0,6.285,,,,,,,,,False,,0.332,20500,53.6,0.839,-67.6,45.7,,1.0,0.944,28.414,20066.0,19.6,13.9,True,0.1485,ok,465.0,,,,,62.305,,44100,PASS,0.0,0.8903,True,,-116.1,98.7,,,,DARK_REF,,20214,,5
fd-exchange-v2-2026-08-0481.flac,convicted,UPSCALE,44100,1890606,BRICKWALL_20K;HF_SEAM_0.64;LOW_ROLLOFF_6.2KHZ;CNN_DOUBT;STEREO_AAC_DOUBT_0.00;DEAD_STRUCTURE_MAXRUN_112;BAND_LIMIT_LOW_NOWALL_19500HZ;AAC_LATTICE_39pct;MP3_IDEM_R3.62_19500,,,26.91,0.9999,whole,1/1,1,26.91,0.0,0.6424,7.2427,5.3331,7.4563,2.8629,2.8778,2.8415,565,0.319784953358545,0.3299491466433266,576,6244.6,—,True,16,16,FAKE_320K,"20kHz shelf (drop=49.9dB, whole-track)",112.0,4.251,,,,,,,,,False,,0.349,19500,27.9,-0.01,-52.6,18.6,,1.0,-0.13,39.756,,,,False,,ok,,,,False,True,42.864,,44100,PASS,0.0,-0.1393,True,,-117.8,86.7,,,,NO_WALL,,,,3
fd-exchange-v2-2026-08-0482.flac,flagged,SUSPECT,48000,6891807,AI_SR_48000;LOW_ROLLOFF_5.5KHZ;STEREO_AAC_DOUBT_0.00;DEAD_STRUCTURE_MAXRUN_215;DEAD_STRUCTURE_MEANRUN_8.87,,,60.0,1.0,whole,1/1,1,60.0,0.0,1.027,9.2964,4.6073,11.0768,2.567,5.3818,2.6776,271,0.7546539575402406,0.7706048745446308,576,5460.9,—,True,16,16,PASS,"No shelf (16k drop=13.7dB, 20k drop=19.6dB)",215.0,8.866,,,,,,,,,False,,0.207,22000,11.1,-0.147,-25.7,18.0,,1.0,0.57,7.074,21173.0,208.8,16.2,False,,ok,1500.0,,,,,193.093,,48000,PASS,0.0,0.9655,True,,-67.1,56.2,,,,,,,,5
fd-exchange-v2-2026-08-0483.flac,flagged,SUSPECT,44100,3312190,LOW_ROLLOFF_5.4KHZ;CNN_DOUBT;STEREO_AAC_DOUBT_0.00;DEAD_STRUCTURE_MAXRUN_127,,,38.52,1.0,whole,1/1,1,38.52,0.0,1.1671,12.8998,3.9546,8.0446,3.264,6.8998,3.2609,60,0.7709233991124282,0.7854974104029616,576,5399.5,—,True,16,16,PASS,"No shelf (16k drop=12.3dB, 20k drop=25.3dB)",127.0,4.839,,,20387.0,482.8,False,,7,,False,,0.391,21500,18.5,-0.052,-34.1,10.9,,1.0,0.049,5.362,20588.0,431.9,8.7,False,,ok,1500.0,,,,,9.212,,44100,PASS,0.0,0.116,True,MEANRUN_CEILING 4.84 vs 5.00 (-0.16),-97.7,74.9,,,,NO_WALL,,,,4
fd-exchange-v2-2026-08-0484.flac,flagged,SUSPECT,44100,5416941,HF_DECOUPLED_0.03;LOW_ROLLOFF_5.0KHZ;CNN_DOUBT;STEREO_AAC_DOUBT_0.00;DEAD_STRUCTURE_MAXRUN_274;DEADRUN_UNCORROBORATED_6.80,,,60.0,1.0,whole,1/1,1,60.0,0.0,0.3081,1.0108,3.1755,3.3171,1.4478,1.515,1.4478,0,0.45525843853642844,0.45525843853642844,576,4963.4,—,True,16,16,PASS,"No shelf (16k drop=26.3dB, 20k drop=33.8dB)",274.0,6.802,,,20198.0,403.9,False,,4,,False,,0.198,22000,7.5,-0.121,-37.5,4.4,,1.0,0.545,8.597,21361.0,546.6,2.8,False,,ok,1500.0,,,,,13.973,,44100,PASS,0.0,0.9499,True,,-108.0,91.8,,,,NO_WALL,,,,5
fd-exchange-v2-2026-08-0485.flac,convicted,UPSCALE,44100,5022860,HF_SEAM_0.80;LOW_ROLLOFF_6.3KHZ;CNN_DOUBT;STEREO_AAC_DOUBT_0.00;DEAD_STRUCTURE_MAXRUN_295;DEAD_STRUCTURE_MEANRUN_5.87;MS_CONDITIONAL_49;MP3_CONJ_BASE_20500;MP3_CONJ_WALLLEG_W46.1_K9.97;OPUS_EDGE_FIRE_20066_W385_F2.6,,,60.0,1.0,whole,1/1,1,60.0,0.0,1.2707,14.1308,3.2129,8.8374,0.7353,1.0997,0.7353,0,0.35985527852332777,0.35985527852332777,576,6255.4,—,True,16,16,PASS,"No shelf (16k drop=12.1dB, 20k drop=30.4dB)",295.0,5.866,,,,,,,,,False,,0.329,20500,51.7,0.796,-66.4,46.1,,1.0,0.944,49.094,20066.0,30.5,2.6,True,0.1473,ok,385.0,,,,,61.776,,44100,PASS,0.0,0.89,True,MS_COND_CEILING 49.09 vs 48.00 (+1.09),-116.0,98.6,,,,DARK_REF,,20128,,5
fd-exchange-v2-2026-08-0486.flac,convicted,UPSCALE,44100,5951629,HF_SEAM_0.66;LOW_ROLLOFF_6.4KHZ;STEREO_AAC_DOUBT_0.00;DEADRUN_UNCORROBORATED_96;DEADRUN_UNCORROBORATED_6.54;MP3_CONJ_BASE_20500;MP3_CONJ_WALLLEG_W37.3_K5.62;OPUS_EDGE_FIRE_20056_W470_F4.7,,,60.0,1.0,whole,1/1,1,60.0,0.0,0.991,5.8316,4.8415,7.1756,2.4994,2.7787,2.5199,364,0.6452728800939628,0.6633971774519188,576,6438.4,—,True,16,16,PASS,"No shelf (16k drop=9.0dB, 20k drop=35.2dB)",96.0,6.538,,,,,,,,,False,,0.385,20500,41.5,-0.142,-60.4,37.3,,1.0,0.053,3.453,20056.0,17.8,4.7,True,0.1204,ok,470.0,,,,,26.252,,44100,PASS,0.0001,0.9508,True,MAXRUN_SOLO 96.00 vs 100.00 (-4.00),-116.5,103.2,,,,DARK_REF,,20220,,5
fd-exchange-v2-2026-08-0487.flac,clear,GENUINE,44100,5478246,,,,60.0,1.0,whole,1/1,1,60.0,0.0,1.5914,15.5319,6.3162,12.165,3.0349,5.9452,3.035,101,0.7661769588442033,0.7816691555785508,576,10734.3,—,True,16,16,PASS,"No shelf (16k drop=11.3dB, 20k drop=26.6dB)",6.0,2.5,,,21843.0,229.4,False,,4,,False,,0.178,22000,9.6,-0.065,-29.8,5.0,,1.0,-0.431,2.351,21759.0,0.0,,False,,ok,1500.0,,,,,58.28,,44100,PASS,0.8935,0.7647,True,,-92.0,64.0,,,,NO_WALL,,,,5
fd-exchange-v2-2026-08-0488.flac,convicted,UPSCALE,44100,4870750,BRICKWALL_20K;HF_SEAM_0.78;LOW_ROLLOFF_6.2KHZ;CNN_DOUBT;STEREO_AAC_DOUBT_0.00;DEAD_STRUCTURE_MAXRUN_377;DEAD_STRUCTURE_MEANRUN_5.94;BAND_LIMIT_LOW_19000HZ_49DB;MS_CONDITIONAL_53;MP3_CONJ_BASE_19000;MP3_CONJ_WALLLEG_W49.3_K5.37,,,60.0,1.0,whole,1/1,1,60.0,0.0,0.7118,9.1454,3.488,6.2798,2.4021,2.5025,2.4021,0,0.3469111153848196,0.3469111153848196,576,6212.3,—,True,16,16,FAKE_320K,"20kHz shelf (drop=66.6dB, whole-track)",377.0,5.939,,,,,,,,,False,,0.328,19000,48.8,0.769,-66.6,49.3,,1.0,0.943,52.967,,,,False,,ok,,,,,,27.574,,44100,PASS,0.0,0.8898,True,,-116.1,98.5,,,,DARK_REF,,18761,,5
fd-exchange-v2-2026-08-0489.flac,flagged,SUSPECT,44100,3762652,LOW_ROLLOFF_5.9KHZ;STEREO_AAC_DOUBT_0.09;AAC_LATTICE_20pct,,,49.27,0.9999,whole,1/1,1,49.27,0.0,1.4545,3.7235,2.864,3.6925,1.9111,2.5174,2.0061,542,1.179661812133223,1.2145148440982216,576,5943.2,—,True,16,16,PASS,"No shelf (16k drop=15.4dB, 20k drop=33.4dB)",6.0,2.172,,,,,,,,,False,,0.369,22000,13.6,-0.005,-36.0,2.3,,1.0,-0.057,8.222,,,,False,,ok,,,,False,False,53.904,,44100,PASS,0.0856,0.7869,True,,-92.6,67.0,,,,NO_WALL,,,,5
fd-exchange-v2-2026-08-0490.flac,flagged,SUSPECT,44100,6098468,LOW_ROLLOFF_7.7KHZ;STEREO_AAC_DOUBT_0.00,,,60.02,1.0,spread,2/2,2,60.0,0.0,1.2515,13.9599,6.5042,11.9828,2.4173,7.1022,2.3454,242,0.989403904807861,1.0081926064828213,576,7719.7,—,True,16,16,PASS,"No shelf (16k drop=9.6dB, 20k drop=26.8dB)",22.0,3.016,,,,,,,,,False,,0.333,22000,15.4,-0.223,-30.7,5.6,,1.0,0.098,22.373,,,,False,,ok,,,,,,51.91,,44100,PASS,0.0,0.7916,True,,-84.9,64.8,,,,NO_WALL,,,,5
fd-exchange-v2-2026-08-0491.flac,flagged,SUSPECT,44100,1837401,LOW_ROLLOFF_4.5KHZ;STEREO_AAC_DOUBT_0.11;AAC_LATTICE_24pct,,,29.37,0.9999,whole,1/1,1,29.37,0.0,1.3096,7.2866,3.9544,5.7137,2.8343,4.0395,2.929,1,0.6726342209678854,0.6801601123636264,576,4457.4,—,True,16,16,PASS,"No shelf (16k drop=10.9dB, 20k drop=25.4dB)",7.0,2.084,,,,,,,,,False,,0.45,22000,6.7,-0.0,-26.4,5.9,,1.0,0.114,7.98,21818.0,15.2,,False,,ok,1500.0,,,False,False,30.52,,44100,PASS,0.109,0.1156,True,,-104.2,69.4,,,,NO_WALL,,,,3
fd-exchange-v2-2026-08-0492.flac,flagged,SUSPECT,44100,5770643,BRICKWALL_20K;HF_DECOUPLED_-0.10;HF_SEAM_0.76;LOW_ROLLOFF_7.2KHZ;STEREO_AAC_DOUBT_0.00;DEAD_STRUCTURE_MAXRUN_277;DEAD_STRUCTURE_MEANRUN_8.22,,,60.0,1.0,whole,1/1,1,60.0,0.0,0.2773,1.3985,6.1762,6.3595,1.0315,1.071,1.0315,0,0.5867357393637788,0.5867357393637788,576,7213.6,—,True,16,16,FAKE_320K,"20kHz shelf (drop=58.6dB, whole-track)",277.0,8.221,,,,,,,,,False,,0.498,20000,29.3,-0.008,-61.4,26.5,,1.0,-0.124,24.365,20004.0,0.0,0.3,False,,ok,1500.0,,,,,9.857,,44100,PASS,0.0,0.3279,True,MEANRUN_SOLO 8.22 vs 8.00 (+0.22),-113.6,96.5,,,,MASTERING_EDGE,,17017,888,5
fd-exchange-v2-2026-08-0493.flac,flagged,SUSPECT,96000,5805273,AI_SR_96000;LOW_ROLLOFF_5.4KHZ;STEREO_AAC_DOUBT_0.00;DEAD_STRUCTURE_MAXRUN_223;BAND_LIMIT_LOW_NOWALL_19500HZ,,,60.0,1.0,whole,1/1,1,60.0,0.0,0.4219,0.4368,3.5144,3.4885,3.6519,3.688,3.6365,456,0.5522030421642404,0.5852205486264399,576,5437.5,—,True,16,16,PASS,"No shelf (16k drop=29.0dB, 20k drop=41.0dB)",223.0,3.754,,,,,,,,,False,3.2,0.345,19500,5.3,0.129,-42.5,1.5,,1.0,0.001,33.877,,,,False,,ok,,,,,,1.229,,96000,PASS,0.0005,0.0473,True,,-110.0,87.3,,,,,,,,5
fd-exchange-v2-2026-08-0494.flac,flagged,SUSPECT,44100,6676147,HF_SEAM_0.68;LOW_ROLLOFF_5.5KHZ;CNN_DOUBT;STEREO_AAC_DOUBT_0.00;DEAD_STRUCTURE_MAXRUN_190;DEAD_STRUCTURE_MEANRUN_29.25,,,60.0,1.0,whole,1/1,1,60.0,0.0,0.8055,9.8,6.7419,9.3726,2.5742,7.2907,2.6545,72,0.8870898675988413,0.909540731282048,576,5523.3,—,True,16,16,PASS,"No shelf (16k drop=18.7dB, 20k drop=37.9dB)",190.0,29.25,,,,,,,,,False,,0.187,20500,23.2,-0.4,-48.5,10.8,,1.0,0.577,9.415,20047.0,109.6,24.2,False,,ok,1614.0,,,,,10.432,,44100,PASS,0.0,0.7487,True,,-89.9,79.2,,,,MASTERING_EDGE,,20311,1222,5
fd-exchange-v2-2026-08-0495.flac,clear,GENUINE,44100,6070502,,,,60.0,1.0,whole,1/1,1,60.0,0.0,2.6462,20.3097,1.827,16.5338,2.405,20.463,2.4839,109,0.34775679535759757,0.3551105547204927,576,14211.9,—,True,16,16,PASS,"No shelf (16k drop=6.0dB, 20k drop=16.2dB)",3.0,,,,,,,,,,False,,0.183,22000,5.4,0.999,-17.2,0.9,,1.0,0.992,23.456,,,,False,,ok,,,,,,211.684,,44100,PASS,0.3335,0.9869,True,,-57.9,37.0,,,,NO_WALL,,,,5
fd-exchange-v2-2026-08-0496.flac,flagged,SUSPECT,44100,3184391,LOW_ROLLOFF_5.3KHZ;CNN_DOUBT;STEREO_AAC_DOUBT_0.00;DEAD_STRUCTURE_MAXRUN_166,,,38.52,1.0,whole,1/1,1,38.52,0.0,0.2234,5.641,3.9634,5.2987,1.74,3.1485,1.74,0,0.6128354603010069,0.6128354603010069,576,5345.6,—,True,16,16,PASS,"No shelf (16k drop=15.4dB, 20k drop=27.3dB)",166.0,4.835,,,,,,,,,False,,0.391,22000,13.1,-0.057,-31.3,7.2,,1.0,0.047,2.33,20823.0,532.9,2.4,False,,ok,1500.0,,,,,10.058,,44100,PASS,0.0,0.1145,True,MEANRUN_CEILING 4.83 vs 5.00 (-0.17),-94.2,71.3,,,,NO_WALL,,,,4
fd-exchange-v2-2026-08-0497.flac,convicted,UPSCALE,44100,5221686,HF_SEAM_0.81;STEREO_AAC_DOUBT_0.00;MP3_CONJ_BASE_20500;MP3_CONJ_WALLLEG_W32.3_K10.86;OPUS_EDGE_FIRE_20074_W412_F0.8,,,60.0,1.0,whole,1/1,1,60.0,0.0,0.9715,14.3662,5.3341,11.0208,0.4976,0.5634,0.4976,0,0.6676729566523409,0.6676729566523409,576,9323.9,—,True,16,16,PASS,"No shelf (16k drop=20.3dB, 20k drop=36.5dB)",78.0,3.716,,,,,,,,,False,,0.148,20500,44.5,0.107,-69.3,32.3,,1.0,0.305,2.279,20074.0,26.7,0.8,True,0.0634,ok,412.0,,,,,51.245,,44100,PASS,0.0,0.9307,True,MAXRUN_CEILING 78.00 vs 80.00 (-2.00),-115.5,95.0,,,,DARK_REF,,20155,,5
fd-exchange-v2-2026-08-0498.flac,flagged,SUSPECT,44100,5840067,BRICKWALL_20K;HF_DECOUPLED_0.03;HF_SEAM_0.78;LOW_ROLLOFF_7.2KHZ;CNN_DOUBT;STEREO_AAC_DOUBT_0.00;DEAD_STRUCTURE_MAXRUN_269;DEADRUN_UNCORROBORATED_6.97;BAND_LIMIT_LOW_19000HZ_32DB,,,60.0,1.0,whole,1/1,1,60.0,0.0,0.1055,2.1785,5.8908,6.7074,1.5768,1.6071,1.5768,0,0.6368106714367219,0.6368106714367219,576,7159.8,—,True,16,16,FAKE_320K,"20kHz shelf (drop=58.7dB, whole-track)",269.0,6.965,,,,,,,,,False,,0.294,19000,31.6,-0.176,-58.7,32.4,,1.0,0.394,4.47,,,,False,,ok,,,,,,3.157,,44100,PASS,0.0,-0.0687,True,,-115.9,94.5,,,,MASTERING_EDGE,,17259,1254,5
fd-exchange-v2-2026-08-0499.flac,convicted,UPSCALE,48000,5894384,FAKE_STEREO;HF_SEAM_0.66;AI_SR_48000;CNN_DOUBT;STEREO_AAC_DOUBT_0.00;DEAD_STRUCTURE_MAXRUN_404;DEADRUN_UNCORROBORATED_5.57;MP3_CONJ_BASE_20500;MP3_CONJ_WALLLEG_W43.2_K5.47;MP3_IDEM_R3.08_20500,,,60.0,1.0,whole,1/1,1,60.0,0.0,1.3314,15.3812,2.6429,13.9469,2.869,3.3021,2.7788,540,0.34878852390252685,0.35971490750234214,576,10816.4,—,True,16,16,PASS,"No shelf (16k drop=11.1dB, 20k drop=29.1dB)",404.0,5.575,,,,,,,,,False,,0.344,20500,62.1,1.0,-81.3,43.2,,1.0,1.0,40.364,20080.0,19.3,37.2,False,,ok,510.0,,,,,70.504,,48000,FAKE_STEREO,0.0,0.997,True,,-108.6,98.0,,,,,,,,5
fd-exchange-v2-2026-08-0500.flac,flagged,SUSPECT,44100,4959459,BRICKWALL_20K;HF_SEAM_0.80;LOW_ROLLOFF_7.3KHZ;CNN_DOUBT;LOSSY_SRC_NEEDLES_VOID;STEREO_AAC_DOUBT_0.00;BAND_LIMIT_LOW_NOWALL_18000HZ,,,60.0,1.0,whole,1/1,1,60.0,0.0,0.0922,1.4333,3.9538,4.2376,1.5975,1.6085,1.5975,0,0.4254246773088597,0.4254246773088597,576,7299.8,—,True,16,16,FAKE_320K,"20kHz shelf (drop=57.9dB, whole-track)",100.0,3.633,,,,,,,,,False,,0.225,18000,15.7,0.952,-58.3,11.8,,1.0,0.747,56.797,,,,False,,ok,,,,,,5.798,,44100,PASS,0.0,0.8185,True,MAXRUN_SOLO 100.00 vs 100.00 (+0.00),-116.1,93.0,,0.93,25.4,FIRE,36.9,16914,598,5
fd-exchange-v2-2026-08-0501.flac,flagged,SUSPECT,44100,6847432,LOW_ROLLOFF_5.4KHZ;STEREO_AAC_DOUBT_0.00;DEADRUN_UNCORROBORATED_6.59,,,60.02,1.0,spread,2/2,2,60.0,0.0,1.2782,11.2555,6.3819,9.7559,2.4481,8.7886,2.3084,288,0.8784159138271085,0.8989671721339434,576,5447.9,—,True,16,16,PASS,"No shelf (16k drop=18.5dB, 20k drop=29.5dB)",30.0,6.592,,,21627.0,42.7,False,1.8,12,1500.0,False,,0.185,22000,7.5,-0.372,-32.8,9.1,,1.0,0.579,38.879,21625.0,40.6,,False,,ok,1500.0,,,,,14.606,,44100,PASS,0.0,0.7513,True,,-81.2,70.3,,,,NO_WALL,,,,5
fd-exchange-v2-2026-08-0502.flac,flagged,SUSPECT,44100,3597855,BRICKWALL_20K;HF_DECOUPLED_-0.28;LOW_ROLLOFF_5.8KHZ;STEREO_AAC_DOUBT_0.00;BAND_LIMIT_LOW_NOWALL_16000HZ,,,57.21,0.9999,whole,1/1,1,57.21,0.0,-0.181,-0.1733,2.651,2.6231,1.9265,1.9248,1.9265,0,0.4701001160300865,0.4701001160300865,576,5792.4,—,True,16,16,FAKE_320K,"20kHz shelf (drop=54.0dB, whole-track)",32.0,2.766,,,,,,,,,False,,0.392,16000,3.3,0.727,-54.0,8.9,,1.0,0.706,21.644,,,,False,,ok,,,,,,4.883,,44100,PASS,0.0,0.7799,True,,-114.3,84.9,,,,NO_WALL,,,,5
fd-exchange-v2-2026-08-0503.flac,flagged,SUSPECT,44100,3758255,BRICKWALL_20K;HF_DECOUPLED_-0.17;LOW_ROLLOFF_5.7KHZ;STEREO_AAC_DOUBT_0.00;BAND_LIMIT_LOW_NOWALL_16500HZ,,,57.21,0.9999,whole,1/1,1,57.21,0.0,0.3312,0.3176,2.2547,2.2291,2.0702,2.0701,2.1201,90,0.5428950325972904,0.5476526812509205,576,5738.6,—,True,16,16,FAKE_320K,"20kHz shelf (drop=54.9dB, whole-track)",33.0,2.831,,,,,,,,,False,,0.392,16500,13.2,0.691,-54.9,9.7,,1.0,0.702,2.092,,,,False,,ok,,,,,,4.889,,44100,PASS,0.0,0.7797,True,,-114.4,85.3,,,,NO_WALL,,,,5
fd-exchange-v2-2026-08-0504.flac,flagged,SUSPECT,44100,1541188,BRICKWALL_20K;HF_SEAM_0.69;CNN_DOUBT;STEREO_AAC_DOUBT_0.00;BAND_LIMIT_LOW_17500HZ_32DB;AAC_LATTICE_59pct;MP3_IDEM_R1.74_17500;MP3_IDEM_FIRE_17500;LOWBAND_WALL_SHADOW_31.9,,,20.81,1.0,whole,1/1,1,20.81,0.0,0.573,3.9008,2.7408,3.8665,2.2329,2.3717,2.2322,508,0.40129501915436,0.4424001131449014,576,8564.8,—,True,16,16,FAKE_320K,"20kHz shelf (drop=61.0dB, whole-track)",67.0,3.409,,,,,,,,,False,,0.478,17500,1.2,0.771,-61.4,31.9,,1.0,0.96,38.047,,,,False,,ok,,,,False,False,3.609,,44100,PASS,0.0,0.9508,True,,-114.6,89.2,,,,MASTERING_EDGE,,17237,861,2
fd-exchange-v2-2026-08-0505.flac,flagged,SUSPECT,44100,4943675,LOW_ROLLOFF_6.2KHZ;STEREO_AAC_DOUBT_0.00;DEAD_STRUCTURE_MAXRUN_319;DEAD_STRUCTURE_MEANRUN_6.50;MS_CONDITIONAL_50,,,60.0,1.0,whole,1/1,1,60.0,0.0,0.9992,13.853,3.2569,8.6028,2.0615,8.2574,2.0615,0,0.3821164060740764,0.3821164060740764,576,6244.6,—,True,16,16,PASS,"No shelf (16k drop=12.3dB, 20k drop=22.2dB)",319.0,6.497,,,22012.0,435.2,False,,11,,False,,0.329,22000,8.3,0.785,-23.6,5.5,,1.0,0.943,50.064,22020.0,175.5,,False,,ok,1500.0,,,,,64.073,,44100,PASS,0.0,0.8899,True,,-72.8,55.4,,,,NO_WALL,,,,5
fd-exchange-v2-2026-08-0506.flac,clear,GENUINE,44100,6183144,,,,60.0,1.0,whole,1/1,1,60.0,0.0,0.7174,12.3196,9.0785,12.4644,3.042,8.4489,3.0946,279,0.8386308034557199,0.8593588985338707,576,10658.9,—,True,16,16,PASS,"No shelf (16k drop=21.1dB, 20k drop=40.3dB)",14.0,2.278,,,,,,,,,False,,0.254,20000,15.0,-0.257,-44.4,4.7,,1.0,-0.355,5.843,21988.0,63.4,,False,,ok,1500.0,,,,,29.089,,44100,PASS,0.2802,0.5863,True,,-85.9,65.9,,,,NO_WALL,,,,5
fd-exchange-v2-2026-08-0507.flac,flagged,SUSPECT,44100,7287222,STEREO_AAC_DOUBT_0.00,,,60.02,1.0,spread,2/2,2,60.0,0.0,1.1011,13.8262,6.5663,13.7468,2.7225,8.1222,2.8463,546,0.8833533255941904,0.904885514334942,576,10077.5,—,True,16,16,PASS,"No shelf (16k drop=16.3dB, 20k drop=29.1dB)",31.0,4.17,,,21458.0,415.8,False,,12,,False,,0.187,22000,10.6,-0.006,-32.6,10.6,,1.0,-0.069,29.289,21452.0,206.8,4.5,False,,ok,1500.0,,,,,67.061,,44100,PASS,0.0001,0.7726,True,,-73.4,61.1,,,,NO_WALL,,,,5
fd-exchange-v2-2026-08-0508.flac,flagged,SUSPECT,44100,7003144,BRICKWALL_20K;HF_DECOUPLED_-0.11;HF_SEAM_0.91;CNN_DOUBT;LOSSY_SRC_NEEDLES_VOID;STEREO_AAC_DOUBT_0.00;BAND_LIMIT_LOW_19000HZ_41DB,,,60.0,1.0,whole,1/1,1,60.0,0.0,0.1119,0.1464,4.9133,5.1408,2.369,2.3076,2.369,0,0.5541557765215976,0.5541557765215976,576,10217.5,—,True,16,16,FAKE_320K,"20kHz shelf (drop=67.2dB, whole-track)",342.0,6.544,,,,,,,,,False,,0.246,19000,34.8,0.398,-67.7,40.9,,1.0,0.689,52.984,,,,False,,ok,,,,,,8.603,,44100,PASS,0.0,0.9107,True,,-114.7,100.9,,0.59,46.0,FIRE,60.6,16005,576,5
fd-exchange-v2-2026-08-0509.flac,flagged,SUSPECT,44100,3305586,HF_SEAM_0.68;LOW_ROLLOFF_5.4KHZ;CNN_DOUBT;STEREO_AAC_DOUBT_0.00;DEAD_STRUCTURE_MAXRUN_121,,,38.52,1.0,whole,1/1,1,38.52,0.0,0.7976,10.8627,3.8796,7.1326,0.5745,1.0744,0.5745,0,0.5557606068633131,0.5557606068633131,576,5426.4,—,True,16,16,PASS,"No shelf (16k drop=11.9dB, 20k drop=38.4dB)",121.0,4.546,,,,,,,,,False,,0.392,20500,34.1,-0.054,-51.6,28.5,,1.0,0.048,1.64,20020.0,54.6,0.3,False,,ok,1500.0,,,,,8.787,,44100,PASS,0.0,0.115,True,MEANRUN_CEILING 4.55 vs 5.00 (-0.45),-116.1,93.3,,,,NO_WALL,,,,4
fd-exchange-v2-2026-08-0510.flac,flagged,SUSPECT,44100,6341125,PHASE_ISSUE;STEREO_AAC_DOUBT_0.00,,,60.02,1.0,spread,2/2,2,60.0,0.0,0.9913,13.2011,5.2095,10.749,2.023,4.5617,2.0494,350,0.7914077366361111,0.8105021421120111,576,9270.0,—,True,16,16,PASS,"No shelf (16k drop=8.0dB, 20k drop=27.8dB)",53.0,4.26,,,21248.0,116.2,False,,12,,False,,0.216,21500,18.8,0.03,-36.1,14.9,,1.0,0.032,25.913,21390.0,77.8,14.8,False,,ok,1500.0,,,,,54.355,,44100,PHASE_ISSUE,0.0,-0.224,True,,-92.3,72.5,,,,MASTERING_EDGE,,21851,1227,5
fd-exchange-v2-2026-08-0511.flac,flagged,SUSPECT,44100,3235558,BRICKWALL_20K;HF_SEAM_0.96;LOW_ROLLOFF_5.4KHZ;CNN_DOUBT;STEREO_AAC_DOUBT_0.00;DEAD_STRUCTURE_MAXRUN_120;BAND_LIMIT_LOW_17500HZ_37DB;MP3_IDEM_R2.38_17500;LOWBAND_WALL_SHADOW_37.1,,,38.52,1.0,whole,1/1,1,38.52,0.0,0.8341,8.9003,3.7912,6.1723,2.9873,4.317,2.9898,537,0.77436546833699,0.7970239241045473,576,5377.9,—,True,16,16,FAKE_320K,"20kHz shelf (drop=48.4dB, whole-track)",120.0,4.638,,,,,,,,,False,,0.394,17500,0.8,0.009,-49.4,37.1,,1.0,0.049,19.685,,,,False,,ok,,,,,,1.007,,44100,PASS,0.0,0.1168,True,MEANRUN_CEILING 4.64 vs 5.00 (-0.36),-116.3,93.4,,,1.8,silent,32.2,17280,75,4
fd-exchange-v2-2026-08-0512.flac,flagged,SUSPECT,44100,4874499,BRICKWALL_20K;HF_DECOUPLED_0.08;HF_SEAM_0.90;LOW_ROLLOFF_6.4KHZ;STEREO_AAC_DOUBT_0.00;DEAD_STRUCTURE_MAXRUN_264;DEADRUN_UNCORROBORATED_5.90;BAND_LIMIT_LOW_16500HZ_35DB;LOWBAND_WALL_SHADOW_34.7,,,60.0,1.0,whole,1/1,1,60.0,0.0,-0.0511,-0.0544,4.5289,4.5052,1.4283,1.4306,1.4283,0,0.513890254726153,0.513890254726153,576,6416.9,—,True,16,16,FAKE_320K,"20kHz shelf (drop=62.8dB, whole-track)",264.0,5.896,,,,,,,,,False,,0.31,16500,0.7,-0.105,-62.8,34.7,,1.0,-0.206,13.603,,,,False,,ok,,,,,,12.477,,44100,PASS,0.0,0.6477,True,,-115.0,93.1,,,,MASTERING_EDGE,,16015,1055,5
fd-exchange-v2-2026-08-0513.flac,flagged,SUSPECT,44100,5995431,LOW_ROLLOFF_7.5KHZ;CNN_DOUBT;STEREO_AAC_DOUBT_0.00;DEAD_STRUCTURE_MAXRUN_268;DEADRUN_UNCORROBORATED_6.97,,,60.0,1.0,whole,1/1,1,60.0,0.0,0.6539,10.0251,6.4864,10.5081,1.4806,3.3054,1.4806,0,0.8590023571542936,0.8590023571542936,576,7515.1,—,True,16,16,PASS,"No shelf (16k drop=10.9dB, 20k drop=28.6dB)",268.0,6.972,,,20510.0,306.0,False,,11,,False,,0.333,22000,22.6,-0.237,-37.4,5.5,,1.0,0.096,15.337,20707.0,489.3,3.8,False,,ok,1500.0,,,,,45.615,,44100,PASS,0.0,0.7895,True,,-86.8,66.7,,,,NO_WALL,,,,5
fd-exchange-v2-2026-08-0514.flac,flagged,SUSPECT,44100,6196482,STEREO_AAC_DOUBT_0.00,,,60.02,1.0,spread,2/2,2,60.0,0.0,0.577,12.2061,8.8791,12.3845,2.9383,8.0037,2.9352,389,0.8375560276880649,0.8628686703655252,576,10637.4,—,True,16,16,PASS,"No shelf (16k drop=21.0dB, 20k drop=39.5dB)",70.0,2.946,,,,,,,,,False,,0.255,20500,12.6,-0.228,-42.8,3.1,,1.0,-0.357,29.026,21802.0,108.9,,False,,ok,1500.0,,,,,30.229,,44100,PASS,0.0037,0.5891,True,,-86.0,66.0,,,,NO_WALL,,,,5
fd-exchange-v2-2026-08-0515.flac,flagged,SUSPECT,48000,6037190,FAKE_STEREO;AI_SR_48000;CNN_DOUBT;STEREO_AAC_DOUBT_0.00;DEAD_STRUCTURE_MAXRUN_334;DEAD_STRUCTURE_MEANRUN_5.19;MS_CONDITIONAL_63,,,60.0,1.0,whole,1/1,1,60.0,0.0,1.3442,14.5934,2.4117,13.6092,3.1757,7.3627,3.126,537,0.34462354655274524,0.3600969863547126,576,10828.1,—,True,16,16,PASS,"No shelf (16k drop=10.7dB, 20k drop=24.3dB)",334.0,5.191,,,,,,,,,False,,0.341,21000,24.5,1.0,-41.7,17.5,,1.0,1.0,62.651,20807.0,156.0,12.6,False,,ok,1137.0,,,,,79.313,,48000,FAKE_STEREO,0.0,0.9967,True,MEANRUN_CEILING 5.19 vs 5.00 (+0.19),-71.5,60.9,,,,,,,,5
fd-exchange-v2-2026-08-0516.flac,convicted,UPSCALE,44100,5160722,HF_DECOUPLED_-0.07;HF_SEAM_0.71;LOW_ROLLOFF_6.1KHZ;STEREO_AAC_DOUBT_0.00;DEAD_STRUCTURE_MAXRUN_231;DEADRUN_UNCORROBORATED_5.68;AAC_LATTICE_51pct,,,60.02,1.0,spread,2/2,2,60.0,0.0,0.5466,4.8685,4.7874,5.714,2.4406,7.2097,2.6471,318,0.7439821544737718,0.7631883503448166,576,6072.4,—,True,16,16,PASS,"No shelf (16k drop=41.0dB, 20k drop=16.8dB)",231.0,5.679,,,,,,,,,False,,0.31,22000,-33.6,-0.107,-16.8,-9.2,,1.0,-0.208,38.477,,,,False,,ok,,,,False,True,25.48,,44100,PASS,0.0,0.6486,True,,-81.7,60.1,,,,NO_WALL,,,,5
fd-exchange-v2-2026-08-0517.flac,flagged,SUSPECT,96000,5704531,BRICKWALL_20K;HF_DECOUPLED_0.14;AI_SR_96000;LOW_ROLLOFF_5.4KHZ;STEREO_AAC_DOUBT_0.00;DEAD_STRUCTURE_MAXRUN_374;DEAD_STRUCTURE_MEANRUN_8.42;BAND_LIMIT_LOW_NOWALL_17000HZ,,,60.0,1.0,whole,1/1,1,60.0,0.0,0.0608,0.025,3.5798,3.5369,3.861,3.8606,4.041,414,0.5847030359472944,0.6088279511056004,576,5437.5,—,True,16,16,FAKE_320K,"20kHz shelf (drop=50.6dB, whole-track)",374.0,8.422,,,,,,,,,False,-0.2,0.346,17000,-0.0,0.236,-50.6,10.7,,1.0,0.0,6.984,,,,False,,ok,,,,,,1.183,,96000,PASS,0.0,0.0472,True,MEANRUN_SOLO 8.42 vs 8.00 (+0.42),-119.1,96.5,,,,,,,,5
fd-exchange-v2-2026-08-0518.flac,flagged,SUSPECT,44100,5878876,LOW_ROLLOFF_6.4KHZ;CNN_DOUBT;STEREO_AAC_DOUBT_0.00;DEAD_STRUCTURE_MAXRUN_217;DEADRUN_UNCORROBORATED_6.60,,,60.0,1.0,whole,1/1,1,60.0,0.0,0.843,6.0358,4.6866,7.0718,2.5517,2.9444,2.468,372,0.6344359869928748,0.6507636703616048,576,6395.4,—,True,16,16,PASS,"No shelf (16k drop=9.0dB, 20k drop=29.8dB)",217.0,6.598,,,,,,,,,False,,0.388,20500,27.9,-0.133,-45.3,13.5,,1.0,0.057,2.43,20387.0,222.6,20.5,False,,ok,1500.0,,,,,24.892,,44100,PASS,0.0,0.9515,True,,-97.9,84.6,,,,MASTERING_EDGE,,21022,1303,5
fd-exchange-v2-2026-08-0519.flac,flagged,SUSPECT,44100,4690138,BRICKWALL_20K;LOW_ROLLOFF_4.0KHZ;STEREO_AAC_DOUBT_0.00;AAC_LATTICE_14pct,,,60.02,1.0,spread,2/2,2,60.0,0.0,0.8512,1.3885,3.9228,4.0194,1.72,1.7434,1.7395,443,0.5641875603914732,0.5853346631869398,576,4048.2,—,True,16,16,FAKE_320K,"20kHz shelf (drop=41.2dB, whole-track)",23.0,2.671,,,,,,,,,False,,0.1,20000,13.2,0.206,-44.5,5.0,,1.0,0.087,23.398,,,,False,,ok,,,,False,False,13.083,,44100,PASS,0.0013,0.8766,True,,-103.1,81.2,,,,NO_WALL,,,,5
fd-exchange-v2-2026-08-0520.flac,flagged,SUSPECT,44100,5071764,BRICKWALL_20K;HF_DECOUPLED_0.12;HF_SEAM_0.69;LOW_ROLLOFF_5.1KHZ;CNN_DOUBT;STEREO_AAC_DOUBT_0.00;DEAD_STRUCTURE_MAXRUN_238;DEADRUN_UNCORROBORATED_6.24;BAND_LIMIT_LOW_NOWALL_19500HZ,,,60.0,1.0,whole,1/1,1,60.0,0.0,-0.0228,1.2894,4.6289,4.8701,1.3502,1.3827,1.3502,0,0.6749287643525212,0.6749287643525212,576,5103.4,—,True,16,16,FAKE_320K,"20kHz shelf (drop=48.5dB, whole-track)",238.0,6.239,,,,,,,,,False,,0.356,19500,21.6,-0.071,-55.5,10.8,,1.0,0.108,4.636,,,,False,,ok,,,,,,19.407,,44100,PASS,0.0,0.7621,True,,-108.4,88.7,,,,MASTERING_EDGE,,16984,969,5
fd-exchange-v2-2026-08-0521.flac,flagged,SUSPECT,44100,5692145,BRICKWALL_20K;HF_DECOUPLED_-0.03;HF_SEAM_0.89;CNN_DOUBT;STEREO_AAC_DOUBT_0.00;DEAD_STRUCTURE_MAXRUN_344;DEADRUN_UNCORROBORATED_7.51;BAND_LIMIT_LOW_NOWALL_18000HZ,,,60.0,1.0,whole,1/1,1,60.0,0.0,0.0381,0.5977,3.3102,3.5307,2.3986,2.4164,2.0754,398,0.521284777693012,0.5221472412660169,576,8171.9,—,True,16,16,FAKE_320K,"20kHz shelf (drop=64.2dB, whole-track)",344.0,7.511,,,,,,,,,False,,0.274,18000,23.2,0.025,-67.8,11.9,,1.0,0.1,3.014,,,,False,,ok,,,,,,5.066,,44100,PASS,0.0,0.7121,True,MEANRUN_SOLO 7.51 vs 8.00 (-0.49),-114.8,98.3,,,,MASTERING_EDGE,,16995,1098,5
fd-exchange-v2-2026-08-0522.flac,flagged,SUSPECT,44100,4951638,BRICKWALL_20K;HF_DECOUPLED_-0.05;HF_SEAM_0.65;LOW_ROLLOFF_6.8KHZ;STEREO_AAC_DOUBT_0.00;DEAD_STRUCTURE_MAXRUN_245;DEADRUN_UNCORROBORATED_6.08;BAND_LIMIT_LOW_16500HZ_30DB;LOWBAND_WALL_SHADOW_30.3,,,60.0,1.0,whole,1/1,1,60.0,0.0,0.2678,0.2288,1.9161,1.9024,2.2065,2.2111,2.2819,507,0.5978146928999121,0.6136913444399839,576,6772.2,—,True,16,16,FAKE_320K,"20kHz shelf (drop=65.7dB, whole-track)",245.0,6.076,,,,,,,,,False,,0.453,16500,11.8,0.435,-65.7,30.3,,1.0,0.871,1.666,,,,False,,ok,,,,,,1.908,,44100,PASS,0.0,0.9172,True,,-116.5,96.3,,,,NO_WALL,,,,5
fd-exchange-v2-2026-08-0523.flac,flagged,SUSPECT,44100,5350384,HF_DECOUPLED_0.10;HF_SEAM_0.85;CNN_DOUBT;STEREO_AAC_DOUBT_0.00;OPUS_EDGE_FIRE_20107_W382_F0.3,,,60.0,1.0,whole,1/1,1,60.0,0.0,2.1101,18.9892,5.0659,12.64,0.3988,0.6407,0.3988,0,0.7245448259340495,0.7245448259340495,576,8828.6,—,True,16,16,PASS,"No shelf (16k drop=13.0dB, 20k drop=23.3dB)",22.0,2.688,,,,,,,,,False,,0.367,20500,38.6,-0.018,-52.6,35.4,,1.0,0.219,2.37,20107.0,4.1,0.3,True,0.2325,ok,382.0,,,,,53.956,,44100,PASS,0.0,0.5925,True,,-116.5,87.5,,,2.9,silent,39.2,20187,205,5
fd-exchange-v2-2026-08-0524.flac,flagged,SUSPECT,96000,5748581,BRICKWALL_20K;AI_SR_96000;LOW_ROLLOFF_5.4KHZ;STEREO_AAC_DOUBT_0.00;DEAD_STRUCTURE_MAXRUN_107;DEADRUN_UNCORROBORATED_5.30;BAND_LIMIT_LOW_NOWALL_18500HZ,,,60.0,1.0,whole,1/1,1,60.0,0.0,0.3725,0.3633,3.5773,3.5452,3.7869,3.8076,3.8441,526,0.606844966205258,0.6292450858214025,576,5437.5,—,True,16,16,FAKE_320K,"20kHz shelf (drop=48.6dB, whole-track)",107.0,5.3,,,,,,,,,False,3.1,0.344,18500,14.7,0.198,-52.7,6.2,,1.0,0.001,1.595,,,,False,,ok,,,,,,1.08,,96000,PASS,0.0008,0.047,True,MEANRUN_CEILING 5.30 vs 5.00 (+0.30),-119.6,96.9,,,,,,,,5
fd-exchange-v2-2026-08-0525.flac,flagged,SUSPECT,44100,6946426,HF_DECOUPLED_0.13;HF_SEAM_0.72;LOW_ROLLOFF_6.4KHZ;CNN_DOUBT,,,60.0,1.0,whole,1/1,1,60.0,0.0,0.9414,12.7233,6.5731,11.0942,1.7448,2.1681,1.8097,159,0.524880346147571,0.55065243746634,576,6427.7,—,True,16,16,PASS,"No shelf (16k drop=12.2dB, 20k drop=29.9dB)",5.0,2.083,,,,,,,,,False,,0.238,22000,10.3,-0.698,-29.9,2.9,,1.0,0.858,3.265,,,,False,,ok,,,,,,8.218,,44100,PASS,0.3505,0.9604,True,,-92.3,78.5,,,,NO_WALL,,,,5
fd-exchange-v2-2026-08-0526.flac,flagged,SUSPECT,44100,4270678,BRICKWALL_20K;HF_DECOUPLED_-0.23;HF_SEAM_0.84;LOW_ROLLOFF_1.9KHZ;STEREO_AAC_DOUBT_0.00;DEAD_STRUCTURE_MAXRUN_178;DEADRUN_UNCORROBORATED_5.12;BAND_LIMIT_LOW_NOWALL_19000HZ,,,60.0,1.0,whole,1/1,1,60.0,0.0,0.4295,1.1688,2.4609,2.5718,0.9074,0.9102,0.9074,0,0.3184636516752283,0.3184636516752283,576,1851.9,—,True,16,16,FAKE_320K,"20kHz shelf (drop=47.6dB, whole-track)",178.0,5.119,,,,,,,,,False,,0.479,19000,16.6,0.068,-47.6,19.6,,1.0,0.096,3.323,,,,False,,ok,,,,,,48.843,,44100,PASS,0.0002,0.8934,True,MEANRUN_CEILING 5.12 vs 5.00 (+0.12),-114.2,97.2,,,,NO_WALL,,,,5
fd-exchange-v2-2026-08-0527.flac,clear,GENUINE,44100,5813773,HF_SEAM_0.67;LOW_ROLLOFF_6.1KHZ,,,60.0,1.0,whole,1/1,1,60.0,0.0,1.1903,10.7065,3.5024,7.9166,1.964,3.6644,1.9255,135,0.40489497377885636,0.41109372370915115,576,6050.8,—,True,16,16,PASS,"No shelf (16k drop=16.8dB, 20k drop=29.6dB)",17.0,3.526,,,21684.0,44.8,False,,11,,False,,0.325,22000,6.6,0.672,-29.9,2.9,,1.0,0.877,6.707,21689.0,33.3,,False,,ok,576.0,,,,,45.529,,44100,PASS,0.8539,0.9221,True,,-87.1,71.0,,,,NO_ROOM,,21953,,5
fd-exchange-v2-2026-08-0528.flac,flagged,SUSPECT,44100,3599476,HF_DECOUPLED_0.08;LOW_ROLLOFF_5.5KHZ;STEREO_AAC_DOUBT_0.00,,,55.09,0.9999,whole,1/1,1,55.09,0.0,0.5627,1.0032,2.1,2.3964,0.8224,0.8384,0.8224,0,0.5606621006684496,0.5606621006684496,576,5512.5,—,True,16,16,PASS,"No shelf (16k drop=5.8dB, 20k drop=40.6dB)",49.0,3.062,,,,,,,,,False,,0.333,20000,25.4,-0.082,-43.0,12.3,,1.0,-0.101,2.25,20408.0,0.0,-0.1,False,,ok,1500.0,,,,,26.476,,44100,PASS,0.0,0.6372,True,,-115.4,86.7,,,,NO_WALL,,,,5
fd-exchange-v2-2026-08-0529.flac,clear,GENUINE,44100,6205695,LOW_ROLLOFF_6.2KHZ,,,60.0,1.0,whole,1/1,1,60.0,0.0,1.5964,14.2757,5.2436,9.5843,1.9195,12.7328,1.828,486,0.6623049729071303,0.6767854202499675,576,6244.6,—,True,16,16,PASS,"No shelf (16k drop=19.1dB, 20k drop=17.2dB)",2.0,2.0,,,,,,,,,False,,0.216,22000,5.4,0.039,-18.4,2.6,,1.0,0.038,4.565,,,,False,,ok,,,,,,15.733,,44100,PASS,0.9175,0.1008,True,,-80.8,62.6,,,,NO_WALL,,,,5
fd-exchange-v2-2026-08-0530.flac,flagged,SUSPECT,48000,6045721,FAKE_STEREO;AI_SR_48000;STEREO_AAC_DOUBT_0.00;DEAD_STRUCTURE_MAXRUN_466;MS_CONDITIONAL_66,,,60.02,1.0,spread,2/2,2,60.01,0.0,1.4152,16.2929,2.718,14.2518,2.7895,9.4515,2.6396,194,0.36255871295445696,0.37248801876194454,576,10828.1,—,True,16,16,PASS,"No shelf (16k drop=11.8dB, 20k drop=23.8dB)",466.0,2.92,,,,,,,,,False,,0.341,21500,16.3,0.983,-34.7,15.3,,1.0,1.0,66.283,21214.0,138.9,13.1,False,,ok,1500.0,,,,,73.647,,48000,FAKE_STEREO,0.0,0.9966,True,,-67.0,56.4,,,,,,,,5
fd-exchange-v2-2026-08-0531.flac,flagged,SUSPECT,44100,4848167,BRICKWALL_20K;HF_SEAM_0.96;LOW_ROLLOFF_6.3KHZ;STEREO_AAC_DOUBT_0.00;DEAD_STRUCTURE_MAXRUN_240;DEAD_STRUCTURE_MEANRUN_8.11;BAND_LIMIT_LOW_17500HZ_38DB;MP3_IDEM_R1.35_17500;MP3_IDEM_FIRE_17500;LOWBAND_WALL_SHADOW_38.0,,,60.02,1.0,spread,2/2,2,60.0,0.0,0.2236,0.842,2.5585,2.6973,1.6254,1.647,1.686,440,0.4165781284225691,0.4360447568881769,576,6320.0,—,True,16,16,FAKE_320K,"20kHz shelf (drop=61.2dB, whole-track)",240.0,8.106,,,,,,,,,False,,0.226,17500,1.5,0.13,-62.0,38.0,,1.0,0.628,21.198,,,,False,,ok,,,,,,10.238,,44100,PASS,0.0,0.9204,True,MEANRUN_SOLO 8.11 vs 8.00 (+0.11),-115.8,97.5,,,1.8,silent,30.1,17275,538,5
fd-exchange-v2-2026-08-0532.flac,convicted,UPSCALE,44100,4302036,BRICKWALL_20K;FAKE_STEREO;HF_SEAM_0.87;CNN_DOUBT;STEREO_AAC_DOUBT_0.00;DEAD_STRUCTURE_MAXRUN_209;BAND_LIMIT_LOW_19000HZ_59DB;MP3_CONJ_BASE_19000;MP3_CONJ_WALLLEG_W58.8_K5.49,,,60.0,1.0,whole,1/1,1,60.0,0.0,1.66,12.6958,1.9649,9.7957,2.2615,2.2063,3.5089,571,0.25660250403509416,0.2574306054331768,576,9593.0,—,True,16,16,FAKE_320K,"20kHz shelf (drop=70.5dB, whole-track)",209.0,4.034,,,,,,,,,False,,0.207,19000,59.1,1.0,-70.6,58.8,,1.0,1.0,37.394,,,,False,,ok,,,,,,65.934,,44100,FAKE_STEREO,0.0,0.9998,True,,-115.6,94.0,,,5.2,silent,43.3,18804,210,5
fd-exchange-v2-2026-08-0533.flac,flagged,SUSPECT,44100,5709607,HF_SEAM_0.68;CNN_DOUBT;STEREO_AAC_DOUBT_0.00;DEAD_STRUCTURE_MAXRUN_198;DEAD_STRUCTURE_MEANRUN_9.45,,,60.0,1.0,whole,1/1,1,60.0,0.0,0.9131,12.9361,3.0275,8.9996,2.6231,3.684,2.3705,479,0.3267254445746409,0.35309953041290215,576,8850.1,—,True,16,16,PASS,"No shelf (16k drop=19.4dB, 20k drop=34.2dB)",198.0,9.454,,,20004.0,96.2,False,,11,,False,,0.35,21500,5.2,0.982,-34.8,6.9,,1.0,0.96,39.123,20018.0,155.3,11.4,False,,ok,2163.0,,,,,28.208,,44100,PASS,0.0,0.9531,True,,-83.9,67.4,,,,MASTERING_EDGE,,19897,1400,5
fd-exchange-v2-2026-08-0534.flac,flagged,SUSPECT,44100,5145087,BRICKWALL_20K;HF_SEAM_0.64;LOW_ROLLOFF_6.8KHZ;BAND_LIMIT_LOW_16500HZ_28DB;LOWBAND_WALL_SHADOW_28.1,,,60.0,1.0,whole,1/1,1,60.0,0.0,0.703,0.7054,2.0992,2.0905,2.3658,2.3698,2.4705,476,0.601705743229883,0.6099746093920745,576,6826.0,—,True,16,16,FAKE_320K,"20kHz shelf (drop=46.7dB, whole-track)",10.0,2.141,,,,,,,,,False,,0.454,16500,0.8,0.439,-46.7,28.1,,1.0,0.873,2.417,,,,False,,ok,,,,,,4.36,,44100,PASS,0.9528,0.9175,True,,-100.9,80.7,,,,NO_WALL,,,,5
fd-exchange-v2-2026-08-0535.flac,flagged,SUSPECT,44100,6018875,BRICKWALL_20K;HF_SEAM_0.69;LOW_ROLLOFF_6.3KHZ;CNN_DOUBT;STEREO_AAC_DOUBT_0.00;DEAD_STRUCTURE_MAXRUN_228;DEAD_STRUCTURE_MEANRUN_24.12;OPUS_EDGE_FIRE_20004_W623_F0.2,,,60.0,1.0,whole,1/1,1,60.0,0.0,0.666,5.5522,6.9879,8.5572,1.1024,1.1375,1.1024,0,0.6114574469852427,0.6114574469852427,576,6309.2,—,True,16,16,FAKE_320K,"20kHz shelf (drop=48.7dB, whole-track)",228.0,24.116,,,,,,,,,False,,0.5,20000,35.7,-0.129,-58.4,19.3,,1.0,-0.621,7.659,20004.0,24.2,0.2,True,0.0982,ok,623.0,,,,,33.36,,44100,PASS,0.0,0.8686,True,,-112.9,101.4,,,,MASTERING_EDGE,,19972,1050,5
fd-exchange-v2-2026-08-0536.flac,flagged,SUSPECT,44100,5975500,LOW_ROLLOFF_7.1KHZ;STEREO_AAC_DOUBT_0.00,,,60.02,1.0,spread,2/2,2,60.0,0.0,0.9793,11.8969,5.6882,9.9644,2.1889,4.2635,2.3225,499,0.9121182779637448,0.9264271152268776,576,7084.4,—,True,16,16,PASS,"No shelf (16k drop=7.1dB, 20k drop=28.8dB)",44.0,3.891,,,21576.0,39.8,False,4.9,12,1500.0,False,,0.294,22000,13.8,-0.167,-30.2,6.5,,1.0,0.397,29.839,21574.0,39.3,4.9,False,,ok,1500.0,,,,,24.496,,44100,PASS,0.0004,-0.0687,True,,-90.2,69.0,,,,NO_WALL,,,,5
fd-exchange-v2-2026-08-0537.flac,flagged,SUSPECT,44100,4497020,BRICKWALL_20K;HF_DECOUPLED_-0.01;HF_SEAM_0.74;LOW_ROLLOFF_4.0KHZ;CNN_DOUBT;STEREO_AAC_DOUBT_0.00;DEAD_STRUCTURE_MAXRUN_171;BAND_LIMIT_LOW_NOWALL_17000HZ,,,60.0,1.0,whole,1/1,1,60.0,0.0,0.1719,0.2764,4.3656,4.3508,1.7616,1.774,1.7616,0,0.5154364952872914,0.5154364952872914,576,4048.2,—,True,16,16,FAKE_320K,"20kHz shelf (drop=53.9dB, whole-track)",171.0,4.677,,,,,,,,,False,,0.1,17000,11.1,0.21,-53.9,9.5,,1.0,0.086,32.919,,,,False,,ok,,,,,,2.447,,44100,PASS,0.0,0.8755,True,MEANRUN_CEILING 4.68 vs 5.00 (-0.32),-115.8,93.7,,0.89,16.2,silent,27.5,16075,307,5
fd-exchange-v2-2026-08-0538.flac,flagged,SUSPECT,44100,6165276,BRICKWALL_20K;HF_SEAM_0.70;CNN_DOUBT;STEREO_AAC_DOUBT_0.00;DEAD_STRUCTURE_MAXRUN_102;DEADRUN_UNCORROBORATED_6.83;BAND_LIMIT_LOW_NOWALL_19500HZ;MP3_CONJ_BASE_19500;OPUS_EDGE_FIRE_20039_W604_F5.4,,,60.0,1.0,whole,1/1,1,60.0,0.0,0.6165,11.3384,8.8495,12.0493,2.8053,6.5499,2.8397,266,0.8366828584957111,0.8560922154794822,576,10637.4,—,True,16,16,FAKE_320K,"20kHz shelf (drop=49.6dB, whole-track)",102.0,6.834,,,,,,,,,False,,0.254,19500,43.5,-0.255,-73.9,7.7,,1.0,-0.354,6.835,20039.0,14.1,5.4,True,0.5657,ok,604.0,,,,,24.973,,44100,PASS,0.0002,0.5859,True,MAXRUN_SOLO 102.00 vs 100.00 (+2.00),-115.3,95.3,,,,MASTERING_EDGE,,20166,937,5
fd-exchange-v2-2026-08-0539.flac,flagged,SUSPECT,44100,4506493,BRICKWALL_20K;HF_DECOUPLED_0.05;HF_SEAM_0.78;LOW_ROLLOFF_4.0KHZ;CNN_DOUBT;STEREO_AAC_DOUBT_0.00;DEAD_STRUCTURE_MAXRUN_163;BAND_LIMIT_LOW_NOWALL_17000HZ,,,60.0,1.0,whole,1/1,1,60.0,0.0,0.2252,0.3551,4.0007,4.0014,1.8544,1.8522,1.8544,0,0.5307411962869758,0.5307411962869758,576,4015.9,—,True,16,16,FAKE_320K,"20kHz shelf (drop=56.1dB, whole-track)",163.0,4.958,,,,,,,,,False,,0.099,17000,11.4,0.223,-56.1,11.8,,1.0,0.087,2.901,,,,False,,ok,,,,,,2.515,,44100,PASS,0.0,0.8756,True,MEANRUN_CEILING 4.96 vs 5.00 (-0.04),-115.8,93.9,,1.0,20.1,silent,27.4,16145,339,5
fd-exchange-v2-2026-08-0540.flac,flagged,SUSPECT,44100,6255623,PHASE_ISSUE;HF_SEAM_0.73;CNN_DOUBT;STEREO_AAC_DOUBT_0.00;DEAD_STRUCTURE_MAXRUN_275;DEAD_STRUCTURE_MEANRUN_8.19,,,60.0,1.0,whole,1/1,1,60.0,0.0,0.5367,9.2891,5.3451,9.4242,1.708,2.7541,1.708,0,0.7080070511763057,0.7080070511763057,576,9151.6,—,True,16,16,PASS,"No shelf (16k drop=8.3dB, 20k drop=30.6dB)",275.0,8.191,,,20424.0,215.8,False,,11,,False,,0.216,21000,26.0,0.019,-43.4,12.8,,1.0,0.031,1.289,20500.0,255.8,24.1,False,,ok,1447.0,,,,,48.524,,44100,PHASE_ISSUE,0.0,-0.2233,True,MEANRUN_SOLO 8.19 vs 8.00 (+0.19),-98.5,78.7,,,,MASTERING_EDGE,,21043,1443,5
fd-exchange-v2-2026-08-0541.flac,clear,GENUINE,44100,6708077,,,,60.0,1.0,whole,1/1,1,60.0,0.0,2.2402,22.0051,7.731,15.8399,3.2249,15.3578,3.3345,505,0.8746570562351862,0.8815245496268109,576,9636.1,—,True,16,16,PASS,"No shelf (16k drop=22.0dB, 20k drop=11.1dB)",2.0,,,,,,,,,,False,,0.44,22000,-9.5,-0.003,-11.1,12.8,,1.0,-0.159,3.516,,,,False,,ok,,,,,,37.27,,44100,PASS,0.9461,-0.0849,True,,-73.0,50.5,,,,NO_WALL,,,,5
fd-exchange-v2-2026-08-0542.flac,convicted,UPSCALE,44100,6071317,HF_SEAM_0.68;LOW_ROLLOFF_7.6KHZ;STEREO_AAC_DOUBT_0.00;DEAD_STRUCTURE_MAXRUN_100;DEADRUN_UNCORROBORATED_6.84;MP3_CONJ_BASE_20500;MP3_CONJ_WALLLEG_W42.2_K6.74;OPUS_EDGE_FIRE_20072_W622_F10.0,,,60.0,1.0,whole,1/1,1,60.0,0.0,1.0475,12.5,6.8388,11.6381,2.3504,4.736,2.4342,343,1.0023862925317435,1.0210689403836515,576,7644.3,—,True,16,16,PASS,"No shelf (16k drop=10.8dB, 20k drop=36.0dB)",100.0,6.839,,,,,,,,,False,,0.337,20500,54.9,-0.245,-69.4,42.2,,1.0,0.096,9.411,20072.0,38.7,10.0,True,0.1331,ok,622.0,,,,,50.942,,44100,PASS,0.0,0.7899,True,MAXRUN_SOLO 100.00 vs 100.00 (+0.00),-115.7,95.6,,,,MASTERING_EDGE,,20187,829,5
fd-exchange-v2-2026-08-0543.flac,flagged,SUSPECT,44100,6841359,LOW_ROLLOFF_5.5KHZ;STEREO_AAC_DOUBT_0.00;DEADRUN_UNCORROBORATED_5.45,,,60.02,1.0,spread,2/2,2,60.0,0.0,1.3253,11.0169,6.6102,9.8424,2.6618,8.9604,2.5431,265,0.9103686986487738,0.9251666627394156,576,5458.7,—,True,16,16,PASS,"No shelf (16k drop=18.7dB, 20k drop=29.5dB)",36.0,5.447,,,21617.0,45.8,False,2.0,12,1500.0,False,,0.185,22000,7.9,-0.406,-33.0,9.7,,1.0,0.579,33.58,21676.0,43.8,,False,,ok,1500.0,,,,,14.536,,44100,PASS,0.0,0.7505,True,MEANRUN_CEILING 5.45 vs 5.00 (+0.45),-81.2,70.3,,,,NO_WALL,,,,5
fd-exchange-v2-2026-08-0544.flac,flagged,SUSPECT,44100,5861232,BRICKWALL_20K;HF_DECOUPLED_-0.07;HF_SEAM_0.96;LOW_ROLLOFF_6.1KHZ;CNN_DOUBT;STEREO_AAC_DOUBT_0.00;DEAD_STRUCTURE_MAXRUN_222;DEADRUN_UNCORROBORATED_7.59;BAND_LIMIT_LOW_17500HZ_40DB;MP3_IDEM_R1.99_17500;MP3_IDEM_FIRE_17500;LOWBAND_WALL_SHADOW_39.9,,,60.02,1.0,spread,2/2,2,60.0,0.0,0.5319,5.4081,4.343,5.5034,1.8843,4.3282,1.9935,211,0.6215463038962449,0.6373663252457876,576,6147.7,—,True,16,16,FAKE_320K,"20kHz shelf (drop=60.2dB, whole-track)",222.0,7.589,,,,,,,,,False,,0.217,17500,0.4,0.074,-60.2,39.9,,1.0,0.04,25.661,,,,False,,ok,,,,,,0.868,,44100,PASS,0.0,0.1061,True,MEANRUN_SOLO 7.59 vs 8.00 (-0.41),-115.4,97.2,,,,DARK_REF,,17286,,5
fd-exchange-v2-2026-08-0545.flac,flagged,SUSPECT,48000,4570871,HF_DECOUPLED_-0.40;AI_SR_48000;LOW_ROLLOFF_3.5KHZ;STEREO_AAC_DOUBT_0.03;DEAD_STRUCTURE_MAXRUN_259,,,60.02,1.0,spread,2/2,2,60.01,0.0,1.1327,1.0701,1.4852,1.4745,2.6842,2.6845,2.6023,477,0.2851143268611236,0.30266712920129196,576,3457.0,—,True,16,16,PASS,"No shelf (16k drop=27.6dB, 20k drop=21.4dB)",259.0,4.241,,,,,,,,,False,,0.34,22000,-2.5,0.219,-21.4,-1.0,,1.0,-0.408,18.673,,,,False,,ok,,,,,,43.259,,48000,PASS,0.0314,0.8045,True,,-94.5,77.3,,,,,,,,5
fd-exchange-v2-2026-08-0546.flac,flagged,SUSPECT,44100,6159597,LOW_ROLLOFF_5.4KHZ;STEREO_AAC_DOUBT_0.00;DEAD_STRUCTURE_MAXRUN_285;DEAD_STRUCTURE_MEANRUN_21.29;AAC_LATTICE_14pct,,,60.0,1.0,whole,1/1,1,60.0,0.0,0.634,7.2708,4.6627,7.1585,1.541,2.6345,1.541,0,0.5716705580446425,0.5716705580446425,576,5361.8,—,True,16,16,PASS,"No shelf (16k drop=17.0dB, 20k drop=24.9dB)",285.0,21.285,,,21269.0,495.2,False,,11,,False,,0.422,21500,12.2,0.186,-31.9,13.8,,1.0,0.772,40.846,21251.0,437.3,2.1,False,,ok,1500.0,,,True,True,17.104,,44100,PASS,0.0,0.5635,True,,-86.1,73.4,,,,NO_WALL,,,,5
fd-exchange-v2-2026-08-0547.flac,flagged,SUSPECT,44100,3788763,BRICKWALL_20K;HF_DECOUPLED_-0.62;HF_SEAM_0.62;LOW_ROLLOFF_5.7KHZ;STEREO_AAC_DOUBT_0.00;BAND_LIMIT_LOW_NOWALL_18000HZ,,,57.21,0.9999,whole,1/1,1,57.21,0.0,0.1611,0.1549,2.2917,2.2764,0.951,0.9494,0.951,0,0.42021827722781496,0.42021827722781496,576,5749.4,—,True,16,16,FAKE_320K,"20kHz shelf (drop=52.8dB, whole-track)",37.0,2.812,,,,,,,,,False,,0.392,18000,12.9,0.686,-54.7,2.9,,1.0,0.706,13.218,20914.0,775.2,-0.1,False,,ok,1500.0,,,,,5.174,,44100,PASS,0.0,0.78,True,,-114.4,85.2,,,,NO_WALL,,,,5
fd-exchange-v2-2026-08-0548.flac,convicted,UPSCALE,44100,6616010,HF_SEAM_0.75;CNN_DOUBT;STEREO_AAC_DOUBT_0.00;MP3_CONJ_BASE_20500;MP3_CONJ_WALLLEG_W41.8_K4.64;OPUS_EDGE_FIRE_20053_W522_F14.6,,,60.0,1.0,whole,1/1,1,60.0,0.0,1.4099,19.0776,7.1842,13.5813,3.0654,5.6945,3.2757,515,0.8597925360088643,0.8709807639891001,576,9485.4,—,True,16,16,PASS,"No shelf (16k drop=22.2dB, 20k drop=29.2dB)",77.0,4.935,,,,,,,,,False,,0.437,20500,44.4,-0.004,-65.7,41.8,,1.0,-0.159,5.508,20053.0,13.0,14.6,True,0.3613,ok,522.0,,,,,18.713,,44100,PASS,0.0007,-0.085,True,MEANRUN_CEILING 4.94 vs 5.00 (-0.06);MAXRUN_CEILING 77.00 vs 80.00 (-3.00),-116.2,93.7,,,5.5,silent,43.8,20311,312,5
fd-exchange-v2-2026-08-0549.flac,flagged,SUSPECT,44100,3735984,BRICKWALL_20K;HF_DECOUPLED_-0.05;HF_SEAM_0.82;LOW_ROLLOFF_5.8KHZ;STEREO_AAC_DOUBT_0.00;BAND_LIMIT_LOW_NOWALL_17500HZ,,,57.21,0.9999,whole,1/1,1,57.21,0.0,0.2856,0.2885,1.822,1.8038,1.9236,1.9218,1.9828,217,0.5481276867689368,0.5566608491305156,576,5803.2,—,True,16,16,FAKE_320K,"20kHz shelf (drop=52.2dB, whole-track)",31.0,2.783,,,,,,,,,False,,0.398,17500,-1.1,0.132,-52.2,16.8,,1.0,0.707,39.984,,,,False,,ok,,,,,,6.701,,44100,PASS,0.0,0.7823,True,,-114.5,85.3,,,,NO_WALL,,,,5
fd-exchange-v2-2026-08-0550.flac,clear,GENUINE,44100,4470207,FAKE_STEREO;DEADRUN_UNCORROBORATED_84,,,60.0,1.0,whole,1/1,1,60.0,0.0,3.0408,17.5778,2.031,13.782,1.9062,16.107,1.6779,571,0.2907541991686907,0.2959889448269715,576,9969.9,—,True,16,16,PASS,"No shelf (16k drop=10.6dB, 20k drop=16.5dB)",84.0,2.332,,,21506.0,181.6,False,,11,,False,,0.207,22000,9.0,1.0,-20.0,11.8,,1.0,1.0,29.785,21627.0,160.7,,False,,ok,1500.0,,,,,181.625,,44100,FAKE_STEREO,0.9997,0.9998,True,MAXRUN_CEILING 84.00 vs 80.00 (+4.00),-72.7,51.3,,,,NO_WALL,,,,5
fd-exchange-v2-2026-08-0551.flac,flagged,SUSPECT,44100,5101509,LOW_ROLLOFF_5.4KHZ;STEREO_AAC_DOUBT_0.00,,,60.0,1.0,whole,1/1,1,60.0,0.0,1.194,12.0028,4.4956,8.6365,1.3307,7.0653,1.3307,0,0.6925292253349689,0.6925292253349689,576,5351.0,—,True,16,16,PASS,"No shelf (16k drop=9.5dB, 20k drop=-7.8dB)",46.0,3.096,,,21409.0,462.9,False,,10,,False,,0.26,22000,3.9,-0.096,-15.2,8.5,,1.0,0.075,10.884,21595.0,353.1,2.7,False,,ok,1500.0,,,,,214.056,,44100,PASS,0.0,0.7404,True,,-84.2,59.9,,,,NO_WALL,,,,5
fd-exchange-v2-2026-08-0552.flac,convicted,UPSCALE,44100,4403006,FAKE_STEREO;HF_SEAM_0.71;CNN_DOUBT;STEREO_AAC_DOUBT_0.00;DEAD_STRUCTURE_MAXRUN_217;MP3_CONJ_BASE_20500;MP3_CONJ_WALLLEG_W49.5_K5.16,,,60.0,1.0,whole,1/1,1,60.0,0.0,2.2496,15.4333,2.1198,12.3298,1.9551,2.266,2.1918,552,0.2975454895736814,0.3090732763522919,576,9689.9,—,True,16,16,PASS,"No shelf (16k drop=11.0dB, 20k drop=27.0dB)",217.0,3.836,,,,,,,,,False,,0.21,20500,59.7,1.0,-70.8,49.5,,1.0,1.0,39.224,20080.0,28.0,23.0,False,,ok,457.0,,,,,128.748,,44100,FAKE_STEREO,0.0,0.9997,True,,-114.9,93.5,,1.0,25.0,silent,42.1,20225,409,5
fd-exchange-v2-2026-08-0553.flac,flagged,SUSPECT,44100,5972531,LOW_ROLLOFF_6.3KHZ;CNN_DOUBT;STEREO_AAC_DOUBT_0.00;DEAD_STRUCTURE_MAXRUN_279;DEAD_STRUCTURE_MEANRUN_29.15;AAC_LATTICE_14pct,,,60.0,1.0,whole,1/1,1,60.0,0.0,0.5163,4.7544,6.8489,8.3157,1.9794,2.1207,1.9794,0,0.7254431329871893,0.7254431329871893,576,6266.2,—,True,16,16,PASS,"No shelf (16k drop=9.9dB, 20k drop=40.6dB)",279.0,29.147,,,,,,,,,False,,0.5,20000,19.1,-0.125,-43.1,7.6,,1.0,-0.62,7.002,20198.0,316.5,9.4,False,,ok,1500.0,,,True,True,33.666,,44100,PASS,0.0,0.8685,True,,-95.2,83.6,,,,NO_WALL,,,,5
fd-exchange-v2-2026-08-0554.flac,flagged,SUSPECT,44100,6089811,LOW_ROLLOFF_7.7KHZ;STEREO_AAC_DOUBT_0.00,,,60.0,1.0,whole,1/1,1,60.0,0.0,1.2973,13.4172,6.9175,12.0933,2.43,6.7606,2.3695,313,1.0029416112921186,1.0143516624532385,576,7665.8,—,True,16,16,PASS,"No shelf (16k drop=10.8dB, 20k drop=27.5dB)",9.0,2.142,,,,,,,,,False,,0.332,22000,16.0,-0.242,-30.9,6.1,,1.0,0.095,4.576,,,,False,,ok,,,,,,55.915,,44100,PASS,0.0032,0.7897,True,,-85.1,65.0,,,,NO_WALL,,,,5
fd-exchange-v2-2026-08-0555.flac,flagged,SUSPECT,44100,5214804,BRICKWALL_20K;HF_SEAM_0.68;LOW_ROLLOFF_7.3KHZ;CNN_DOUBT;STEREO_AAC_DOUBT_0.00;BAND_LIMIT_LOW_NOWALL_19500HZ,,,60.0,1.0,whole,1/1,1,60.0,0.0,0.5928,6.5559,3.9594,5.7169,1.409,2.1027,1.567,60,0.5099755208963423,0.5254094919078524,576,7310.5,—,True,16,16,FAKE_320K,"20kHz shelf (drop=53.6dB, whole-track)",74.0,3.908,,,,,,,,,False,,0.226,19500,27.9,0.925,-58.0,8.6,,1.0,0.751,22.641,20069.0,23.7,0.1,False,,ok,1500.0,,,,,8.163,,44100,PASS,0.0,0.8197,True,,-116.4,93.5,,,,NO_WALL,,,,5
fd-exchange-v2-2026-08-0556.flac,flagged,SUSPECT,44100,1604270,FAKE_STEREO;HF_DECOUPLED_-0.27;HF_SEAM_0.64;LOW_ROLLOFF_5.8KHZ;CNN_DOUBT;STEREO_AAC_DOUBT_0.00,,,36.19,1.0,whole,1/1,1,36.19,0.0,1.1535,6.0562,2.0109,3.9523,1.3136,1.2803,1.3136,0,0.5720933150799534,0.5720933150799534,576,5835.5,—,True,16,16,PASS,"No shelf (16k drop=12.1dB, 20k drop=36.0dB)",7.0,2.096,,,,,,,,,False,,0.649,22000,24.4,0.726,-36.7,0.1,,1.0,0.997,34.571,,,,False,,ok,,,,,,17.549,,44100,FAKE_STEREO,0.0,0.9919,True,,-116.9,76.3,,,,NO_WALL,,,,4
fd-exchange-v2-2026-08-0557.flac,flagged,SUSPECT,44100,5875565,LOW_ROLLOFF_6.2KHZ;CNN_DOUBT;STEREO_AAC_DOUBT_0.00;DEAD_STRUCTURE_MAXRUN_275;DEADRUN_UNCORROBORATED_7.86,,,60.0,1.0,whole,1/1,1,60.0,0.0,0.3752,5.0306,6.0689,8.1522,1.9776,2.1638,1.9776,0,0.5536245285640821,0.5536245285640821,576,6201.6,—,True,16,16,PASS,"No shelf (16k drop=6.5dB, 20k drop=32.9dB)",275.0,7.856,,,,,,,,,False,,0.386,20500,21.7,0.051,-45.2,8.6,,1.0,-0.698,2.445,20516.0,342.4,8.5,False,,ok,1500.0,,,,,55.155,,44100,PASS,0.0,0.506,True,MEANRUN_SOLO 7.86 vs 8.00 (-0.14),-102.6,86.0,,,,NO_WALL,,,,5
fd-exchange-v2-2026-08-0558.flac,convicted,UPSCALE,44100,5097310,HF_SEAM_0.88;LOW_ROLLOFF_6.9KHZ;STEREO_AAC_DOUBT_0.00;DEAD_STRUCTURE_MAXRUN_212;MS_CONDITIONAL_55;MP3_CONJ_BASE_20500;MP3_CONJ_WALLLEG_W42.4_K9.15;OPUS_EDGE_FIRE_20104_W381_F0.3,,,60.0,1.0,whole,1/1,1,60.0,0.0,1.1534,12.1171,3.2605,7.9754,0.3313,0.4471,0.3313,0,0.34070459622396604,0.34070459622396604,576,6890.6,—,True,16,16,PASS,"No shelf (16k drop=9.6dB, 20k drop=23.9dB)",212.0,4.749,,,,,,,,,False,,0.351,20500,45.4,0.887,-57.2,42.4,,1.0,0.783,54.827,20104.0,14.0,0.3,True,0.1595,ok,381.0,,,,,74.24,,44100,PASS,0.0,0.8604,True,MEANRUN_CEILING 4.75 vs 5.00 (-0.25),-115.0,96.0,,,,DARK_REF,,20155,,5
fd-exchange-v2-2026-08-0559.flac,clear,GENUINE,44100,3967345,LOW_ROLLOFF_5.8KHZ,,,57.21,0.9999,whole,1/1,1,57.21,0.0,0.944,0.9273,2.3414,2.318,2.1065,2.1044,2.2085,66,0.5424518108201645,0.5506003407794716,576,5803.2,—,True,16,16,PASS,"No shelf (16k drop=33.4dB, 20k drop=38.4dB)",4.0,2.062,,,,,,,,,False,,0.392,22000,-0.9,0.696,-38.4,-1.1,,1.0,0.706,3.414,,,,False,,ok,,,,,,10.641,,44100,PASS,0.9818,0.7801,True,,-99.7,70.6,,,,NO_WALL,,,,5
fd-exchange-v2-2026-08-0560.flac,flagged,SUSPECT,44100,1531829,BRICKWALL_20K;HF_SEAM_0.77;CNN_DOUBT;STEREO_AAC_DOUBT_0.00;BAND_LIMIT_LOW_NOWALL_18500HZ;MS_CONDITIONAL_48,,,20.8,1.0,whole,1/1,1,20.8,0.0,0.6643,3.2228,2.6409,3.3629,1.7221,1.7255,2.6776,328,0.3838751011815829,0.38700280194838177,576,8624.0,—,True,16,16,FAKE_320K,"20kHz shelf (drop=61.0dB, whole-track)",60.0,3.289,,,,,,,,,False,,0.478,18500,21.3,0.785,-61.0,18.7,,1.0,0.958,48.068,,,,False,,ok,,,,,,3.981,,44100,PASS,0.0,0.9501,True,MS_COND_CEILING 48.07 vs 48.00 (+0.07),-114.6,88.9,,,,MASTERING_EDGE,,17286,969,2
fd-exchange-v2-2026-08-0561.flac,flagged,SUSPECT,44100,5688702,BRICKWALL_20K;HF_DECOUPLED_-0.04;HF_SEAM_0.87;STEREO_AAC_DOUBT_0.00;DEAD_STRUCTURE_MAXRUN_160;BAND_LIMIT_LOW_NOWALL_18000HZ,,,60.02,1.0,spread,2/2,2,60.0,0.0,0.0406,1.0766,3.2761,3.5606,2.4224,2.4391,2.2137,398,0.5241629234110582,0.5593838201426641,576,8161.1,—,True,16,16,FAKE_320K,"20kHz shelf (drop=62.2dB, whole-track)",160.0,4.504,,,,,,,,,False,,0.274,18000,19.2,0.024,-65.0,11.8,,1.0,0.101,35.4,,,,False,,ok,,,,,,8.94,,44100,PASS,0.0001,0.7132,True,MEANRUN_CEILING 4.50 vs 5.00 (-0.50),-111.0,94.5,,,,MASTERING_EDGE,,17006,1157,5
fd-exchange-v2-2026-08-0562.flac,flagged,SUSPECT,44100,6444867,BRICKWALL_20K;HF_SEAM_0.67;BAND_LIMIT_LOW_17000HZ_32DB;LOWBAND_WALL_SHADOW_31.7,,,60.0,1.0,whole,1/1,1,60.0,0.0,0.2149,0.7509,5.5098,5.8378,3.5558,3.8497,3.4249,469,0.6833709257870638,0.7105028811508227,576,11337.2,—,True,16,16,FAKE_320K,"20kHz shelf (drop=66.5dB, whole-track)",8.0,2.119,,,,,,,,,False,,0.093,17000,-1.5,-0.113,-66.5,31.7,,1.0,0.002,3.913,,,,False,,ok,,,,,,3.851,,44100,PASS,0.2501,0.6908,True,,-98.2,77.4,,,,MASTERING_EDGE,,16785,727,5
fd-exchange-v2-2026-08-0563.flac,convicted,UPSCALE,44100,5016037,LOW_ROLLOFF_6.8KHZ;STEREO_AAC_DOUBT_0.00;DEAD_STRUCTURE_MAXRUN_171;MS_CONDITIONAL_59;AAC_LATTICE_60pct,,,60.02,1.0,spread,2/2,2,60.0,0.0,1.3034,12.3434,3.3688,7.9624,1.9596,6.6502,2.0292,177,0.3955132507433559,0.41986542228927815,576,6772.2,—,True,16,16,PASS,"No shelf (16k drop=9.4dB, 20k drop=19.0dB)",171.0,4.884,,,21845.0,213.9,False,,10,,False,,0.35,22000,8.1,0.907,-21.7,2.9,,1.0,0.783,58.676,21818.0,198.2,,False,,ok,1500.0,,,False,True,78.826,,44100,PASS,0.0,0.8608,True,MEANRUN_CEILING 4.88 vs 5.00 (-0.12),-75.9,56.8,,,,NO_WALL,,,,5
fd-exchange-v2-2026-08-0564.flac,convicted,UPSCALE,44100,5608211,BRICKWALL_20K;HF_SEAM_0.64;LOW_ROLLOFF_7.5KHZ;CNN_DOUBT;STEREO_AAC_DOUBT_0.00;DEAD_STRUCTURE_MAXRUN_368;DEAD_STRUCTURE_MEANRUN_7.71;BAND_LIMIT_LOW_NOWALL_18000HZ;MS_CONDITIONAL_52;AAC_LATTICE_54pct,,,60.02,1.0,spread,2/2,2,60.0,0.0,0.4059,4.6004,6.562,7.8393,2.7337,3.4855,2.6616,482,0.6683975175690775,0.6889391550041778,576,7472.0,—,True,16,16,FAKE_320K,"20kHz shelf (drop=46.9dB, whole-track)",368.0,7.707,,,,,,,,,False,,0.474,18000,3.8,0.659,-46.9,16.9,,1.0,0.399,52.392,20333.0,538.5,-0.3,False,,ok,1500.0,,,True,True,13.071,,44100,PASS,0.0,0.2255,True,MEANRUN_SOLO 7.71 vs 8.00 (-0.29),-86.2,68.8,,,,NO_WALL,,,,5
fd-exchange-v2-2026-08-0565.flac,flagged,SUSPECT,44100,1656163,FAKE_STEREO;LOW_ROLLOFF_5.6KHZ;CNN_DOUBT;STEREO_AAC_DOUBT_0.00,,,36.19,1.0,whole,1/1,1,36.19,0.0,1.4832,7.1015,1.7903,4.3003,1.0797,1.0849,1.0979,287,0.691569303945999,0.712825435491225,576,5630.9,—,True,16,16,PASS,"No shelf (16k drop=12.8dB, 20k drop=36.6dB)",6.0,2.093,,,,,,,,,False,,0.649,22000,21.4,0.629,-37.2,-0.3,,1.0,0.994,1.944,,,,False,,ok,,,,,,20.621,,44100,FAKE_STEREO,0.0,0.9909,True,,-116.9,76.6,,,,NO_WALL,,,,4
fd-exchange-v2-2026-08-0566.flac,flagged,SUSPECT,44100,5734006,BRICKWALL_20K;HF_SEAM_0.75;LOW_ROLLOFF_6.4KHZ;CNN_DOUBT;STEREO_AAC_DOUBT_0.00;DEAD_STRUCTURE_MAXRUN_234;DEAD_STRUCTURE_MEANRUN_6.01;BAND_LIMIT_LOW_19000HZ_27DB;MS_CONDITIONAL_53,,,60.0,1.0,whole,1/1,1,60.0,0.0,0.3492,3.7419,4.8424,6.0356,2.4371,2.4934,2.4371,0,0.5516795285211916,0.5516795285211916,576,6416.9,—,True,16,16,FAKE_320K,"20kHz shelf (drop=47.8dB, whole-track)",234.0,6.012,,,,,,,,,False,,0.388,19000,36.0,-0.126,-55.4,27.3,,1.0,0.052,53.339,,,,False,,ok,,,,,,16.412,,44100,PASS,0.0,0.9507,True,,-115.2,101.6,,,,MASTERING_EDGE,,18336,641,5
fd-exchange-v2-2026-08-0567.flac,clear,GENUINE,44100,5109748,LOW_ROLLOFF_6.3KHZ,,,60.0,1.0,whole,1/1,1,60.0,0.0,2.1065,16.8044,3.3816,10.4907,1.9577,10.8238,1.9333,35,0.42634522243073364,0.43473711050356056,576,6320.0,—,True,16,16,PASS,"No shelf (16k drop=12.2dB, 20k drop=19.8dB)",30.0,2.248,,,,,,,,,False,,0.329,22000,6.3,0.832,-19.8,3.4,,1.0,0.944,22.674,,,,False,,ok,,,,,,75.904,,44100,PASS,0.7426,0.8901,True,,-69.7,52.3,,,,NO_WALL,,,,5
fd-exchange-v2-2026-08-0568.flac,flagged,SUSPECT,44100,6328934,PHASE_ISSUE;STEREO_AAC_DOUBT_0.14,,,60.0,1.0,whole,1/1,1,60.0,0.0,1.1266,13.4121,5.4494,10.8744,2.2147,4.8792,2.2678,99,0.7906125040348101,0.8092981133671453,576,9291.6,—,True,16,16,PASS,"No shelf (16k drop=8.4dB, 20k drop=28.2dB)",58.0,3.741,,,21356.0,109.8,False,19.5,11,974.0,False,,0.217,21500,21.2,0.024,-37.3,15.0,,1.0,0.031,4.747,21460.0,72.0,14.8,False,,ok,1500.0,,,,,51.15,,44100,PHASE_ISSUE,0.1427,-0.2233,True,,-92.5,72.7,,,,MASTERING_EDGE,,21862,1249,5
fd-exchange-v2-2026-08-0569.flac,clear,GENUINE,44100,5370694,HF_DECOUPLED_-0.25,,,60.0,1.0,whole,1/1,1,60.0,0.0,3.3364,20.0928,5.6117,13.6027,0.8967,11.8386,0.8967,0,0.7729127977969441,0.7729127977969441,576,9528.4,—,True,16,16,PASS,"No shelf (16k drop=14.7dB, 20k drop=9.8dB)",22.0,2.667,,,22039.0,2.3,False,,11,,False,,0.366,22000,-3.7,-0.01,-9.8,8.5,,1.0,0.219,7.368,22039.0,2.0,,False,,ok,1500.0,,,,,86.233,,44100,PASS,0.8267,0.5922,True,,-82.2,53.2,,,,NO_WALL,,,,5
fd-exchange-v2-2026-08-0570.flac,flagged,SUSPECT,44100,6702300,STEREO_AAC_DOUBT_0.02;MS_CONDITIONAL_62,,,60.02,1.0,spread,2/2,2,60.0,0.0,2.2355,22.0532,7.7122,15.786,3.2779,15.562,3.3449,552,0.8655437018875196,0.8963335866147614,576,9614.6,—,True,16,16,PASS,"No shelf (16k drop=21.5dB, 20k drop=10.5dB)",4.0,2.0,,,,,,,,,False,,0.442,22000,-9.5,0.018,-10.5,11.7,,1.0,-0.16,62.294,,,,False,,ok,,,,,,36.829,,44100,PASS,0.0236,-0.086,True,,-72.5,50.0,,,,NO_WALL,,,,5
fd-exchange-v2-2026-08-0571.flac,flagged,SUSPECT,44100,6616457,BRICKWALL_20K;HF_SEAM_0.71;CNN_DOUBT;STEREO_AAC_DOUBT_0.00;DEAD_STRUCTURE_MAXRUN_334;DEAD_STRUCTURE_MEANRUN_8.46,,,60.0,1.0,whole,1/1,1,60.0,0.0,0.6119,10.6661,4.0693,12.1024,1.4632,1.8772,1.4632,0,0.5869948915342819,0.5869948915342819,576,8150.3,—,True,16,16,FAKE_320K,"20kHz shelf (drop=44.8dB, whole-track)",334.0,8.461,,,,,,,,,False,,0.25,20000,39.8,0.287,-44.8,34.6,,1.0,0.525,12.069,20004.0,0.0,2.1,False,,ok,2332.0,,,,,96.888,,44100,PASS,0.0,0.6999,True,MEANRUN_SOLO 8.46 vs 8.00 (+0.46),-114.9,99.0,,,,DARK_REF,,19509,,5
fd-exchange-v2-2026-08-0572.flac,flagged,SUSPECT,44100,3957921,BRICKWALL_20K;FAKE_STEREO;HF_SEAM_0.92;CNN_DOUBT;STEREO_AAC_DOUBT_0.00;DEAD_STRUCTURE_MAXRUN_440;BAND_LIMIT_LOW_17500HZ_48DB;MS_CONDITIONAL_69;MP3_IDEM_R1.25_17500;MP3_IDEM_FIRE_17500;LOWBAND_WALL_SHADOW_48.0,,,60.02,1.0,spread,2/2,2,60.0,0.0,0.9497,8.9035,2.1154,6.1912,2.9376,2.9185,2.9074,207,0.2684130363732774,0.28657055336494985,576,9237.7,—,True,16,16,FAKE_320K,"20kHz shelf (drop=69.5dB, whole-track)",440.0,4.169,,,,,,,,,False,,0.207,17500,5.8,0.831,-69.6,48.0,,1.0,1.0,68.924,,,,False,,ok,,,,,,1.124,,44100,FAKE_STEREO,0.0,0.9997,True,,-115.6,94.2,,1.0,8.0,silent,43.4,17280,65,5
fd-exchange-v2-2026-08-0573.flac,flagged,SUSPECT,48000,3880780,AI_SR_48000;LOW_ROLLOFF_3.4KHZ;STEREO_AAC_DOUBT_0.01;DEAD_STRUCTURE_MAXRUN_335;DEADRUN_UNCORROBORATED_6.99,,,60.0,1.0,whole,1/1,1,60.0,0.0,0.0618,0.0737,1.3943,1.3732,2.8774,2.871,2.7349,448,0.27040185175192116,0.28823442930543874,576,3398.4,—,True,16,16,PASS,"No shelf (16k drop=31.5dB, 20k drop=40.7dB)",335.0,6.992,,,,,,,,,False,,0.342,20000,11.0,0.114,-44.5,3.3,,1.0,-0.406,6.017,,,,False,,ok,,,,,,46.045,,48000,PASS,0.0121,0.8058,True,,-116.8,99.7,,,,,,,,5
fd-exchange-v2-2026-08-0574.flac,convicted,UPSCALE,44100,5268783,HF_SEAM_0.73;STEREO_AAC_DOUBT_0.02;MP3_CONJ_BASE_20500;MP3_CONJ_WALLLEG_W38.3_K7.63;OPUS_EDGE_FIRE_20064_W562_F10.1,,,60.0,1.0,whole,1/1,1,60.0,0.0,1.1385,14.7803,5.5279,11.3396,2.062,4.3369,1.9566,12,0.8089500722771411,0.8113179680351994,576,9323.9,—,True,16,16,PASS,"No shelf (16k drop=19.4dB, 20k drop=35.8dB)",71.0,3.742,,,,,,,,,False,,0.148,20500,43.5,0.112,-68.8,38.3,,1.0,0.306,5.235,20064.0,15.5,10.1,True,0.0639,ok,562.0,,,,,45.738,,44100,PASS,0.0236,0.9308,True,,-115.5,95.0,,,,DARK_REF,,20274,,5
fd-exchange-v2-2026-08-0575.flac,convicted,UPSCALE,44100,7832368,BRICKWALL_20K;HF_DECOUPLED_0.04;HF_SEAM_0.72;CNN_DOUBT;STEREO_AAC_DOUBT_0.00;DEADRUN_UNCORROBORATED_5.55;BAND_LIMIT_LOW_19500HZ_79DB;MP3_CONJ_BASE_19500;MP3_CONJ_WALLLEG_W78.7_K8.10;MP3_IDEM_R5.42_19500,,,60.02,1.0,spread,2/2,2,60.0,0.0,3.4542,3.7615,7.0253,9.1718,5.0026,3.1588,5.0946,161,0.9636725811310544,0.9954890475274382,576,10454.4,—,True,16,16,FAKE_320K,"20kHz shelf (drop=58.7dB, whole-track)",44.0,5.552,,,,,,,,,False,,0.246,19500,80.0,0.22,-60.1,78.7,,1.0,0.701,42.919,20004.0,63.4,8.4,False,,ok,1284.0,,,,,143.814,,44100,PASS,0.0002,0.9134,True,,-100.8,87.2,,,,MASTERING_EDGE,,17270,1556,5
fd-exchange-v2-2026-08-0576.flac,flagged,SUSPECT,44100,4964761,BRICKWALL_20K;HF_SEAM_0.87;LOW_ROLLOFF_6.5KHZ;STEREO_AAC_DOUBT_0.00;DEAD_STRUCTURE_MAXRUN_208;DEADRUN_UNCORROBORATED_6.04;BAND_LIMIT_LOW_NOWALL_16500HZ,,,60.02,1.0,spread,2/2,2,60.0,0.0,0.0331,0.2315,4.2917,4.3045,1.9006,2.061,2.1477,401,0.7216523094205067,0.7472661535834992,576,6513.8,—,True,16,16,FAKE_320K,"20kHz shelf (drop=63.2dB, whole-track)",208.0,6.038,,,,,,,,,False,,0.308,16500,-0.1,0.072,-63.2,16.6,,1.0,-0.205,3.787,,,,False,,ok,,,,,,9.685,,44100,PASS,0.0,0.6515,True,,-115.1,93.4,,,,NO_WALL,,,,5
fd-exchange-v2-2026-08-0577.flac,flagged,SUSPECT,44100,5344837,BRICKWALL_20K;LOW_ROLLOFF_6.7KHZ;CNN_DOUBT;STEREO_AAC_DOUBT_0.00;DEAD_STRUCTURE_MAXRUN_193;DEADRUN_UNCORROBORATED_5.13;BAND_LIMIT_LOW_NOWALL_19000HZ,,,60.0,1.0,whole,1/1,1,60.0,0.0,0.2244,3.409,5.7531,6.5404,1.6069,1.7828,1.6069,0,0.6467871726398107,0.6467871726398107,576,6707.6,—,True,16,16,FAKE_320K,"20kHz shelf (drop=50.9dB, whole-track)",193.0,5.129,,,,,,,,,False,,0.344,19000,19.5,-0.172,-52.8,7.3,,1.0,-0.109,12.77,21948.0,0.0,,False,,ok,1500.0,,,,,20.374,,44100,PASS,0.0,0.7695,True,MEANRUN_CEILING 5.13 vs 5.00 (+0.13),-113.0,93.5,,,,NO_WALL,,,,5
fd-exchange-v2-2026-08-0578.flac,flagged,SUSPECT,44100,6135523,BRICKWALL_20K;HF_SEAM_0.95;LOW_ROLLOFF_5.4KHZ;CNN_DOUBT;STEREO_AAC_DOUBT_0.00;DEAD_STRUCTURE_MAXRUN_223;DEAD_STRUCTURE_MEANRUN_30.32;BAND_LIMIT_LOW_17500HZ_36DB;AAC_LATTICE_14pct;MP3_IDEM_R2.86_17500;LOWBAND_WALL_SHADOW_36.2,,,60.02,1.0,spread,2/2,2,60.0,0.0,0.4693,5.6021,3.9856,5.7921,1.7762,1.9968,1.7477,105,0.6429133014947086,0.6572476996900305,576,5361.8,—,True,16,16,FAKE_320K,"20kHz shelf (drop=54.7dB, whole-track)",223.0,30.322,,,,,,,,,False,,0.415,17500,1.2,0.273,-54.7,36.2,,1.0,0.772,21.123,,,,False,,ok,,,,True,True,6.934,,44100,PASS,0.0,0.5641,True,,-115.6,102.8,,,,DARK_REF,,17280,,5
fd-exchange-v2-2026-08-0579.flac,flagged,SUSPECT,48000,6144706,AI_SR_48000;CNN_DOUBT;STEREO_AAC_DOUBT_0.00;DEAD_STRUCTURE_MAXRUN_105,,,60.0,1.0,whole,1/1,1,60.0,0.0,1.7607,13.895,5.1791,11.0209,2.6784,5.2863,2.5204,454,0.8412934885637402,0.8525489763080709,576,11085.9,—,True,16,16,PASS,"No shelf (16k drop=10.4dB, 20k drop=17.4dB)",105.0,4.672,,,,,,,,,False,,0.368,22000,8.7,-0.002,-21.1,13.6,,1.0,0.075,3.699,21035.0,342.5,10.8,False,,ok,1500.0,,,,,143.521,,48000,PASS,0.0,0.8406,True,MEANRUN_CEILING 4.67 vs 5.00 (-0.33);MAXRUN_SOLO 105.00 vs 100.00 (+5.00),-73.6,52.9,,,,,,,,5
fd-exchange-v2-2026-08-0580.flac,flagged,SUSPECT,44100,4867160,LOW_ROLLOFF_7.7KHZ;STEREO_AAC_DOUBT_0.04,,,60.0,1.0,whole,1/1,1,60.0,0.0,1.7474,15.9541,4.8233,10.8098,2.5613,9.595,2.4901,413,0.6450549880624598,0.6763288868238965,576,7719.7,—,True,16,16,PASS,"No shelf (16k drop=13.3dB, 20k drop=26.8dB)",16.0,2.157,,,,,,,,,False,,0.192,22000,7.5,0.981,-27.8,0.7,,1.0,0.895,16.26,,,,False,,ok,,,,,,62.125,,44100,PASS,0.0357,0.9211,True,,-85.0,59.0,,,,NO_WALL,,,,5
fd-exchange-v2-2026-08-0581.flac,flagged,SUSPECT,44100,4552579,BRICKWALL_20K;LOW_ROLLOFF_4.0KHZ;CNN_DOUBT;STEREO_AAC_DOUBT_0.00;DEAD_STRUCTURE_MAXRUN_169;BAND_LIMIT_LOW_NOWALL_19000HZ,,,60.0,1.0,whole,1/1,1,60.0,0.0,0.4419,0.8779,3.9037,3.9785,1.7627,1.7779,1.7837,297,0.5598826323607248,0.5687899668805132,576,3983.6,—,True,16,16,FAKE_320K,"20kHz shelf (drop=55.8dB, whole-track)",169.0,4.873,,,,,,,,,False,,0.1,19000,21.2,0.213,-57.0,10.4,,1.0,0.088,6.627,,,,False,,ok,,,,,,4.612,,44100,PASS,0.0,0.8773,True,MEANRUN_CEILING 4.87 vs 5.00 (-0.13),-115.9,94.0,,,,NO_WALL,,,,5
fd-exchange-v2-2026-08-0582.flac,flagged,SUSPECT,44100,3821828,BRICKWALL_20K;HF_DECOUPLED_-0.46;LOW_ROLLOFF_5.7KHZ;STEREO_AAC_DOUBT_0.00;BAND_LIMIT_LOW_NOWALL_16500HZ;AAC_LATTICE_59pct,,,57.21,0.9999,whole,1/1,1,57.21,0.0,0.4603,0.4534,2.2985,2.2766,2.1568,2.1542,2.1771,90,0.5344018546703808,0.5425736570457467,576,5738.6,—,True,16,16,FAKE_320K,"20kHz shelf (drop=42.1dB, whole-track)",32.0,2.737,,,,,,,,,False,,0.392,16500,0.1,0.701,-42.1,9.5,,1.0,0.707,18.171,,,,False,,ok,,,,False,False,7.682,,44100,PASS,0.0,0.7806,True,,-103.3,74.1,,,,NO_WALL,,,,5
fd-exchange-v2-2026-08-0583.flac,flagged,SUSPECT,44100,6792533,HF_SEAM_0.68;LOW_ROLLOFF_5.6KHZ;STEREO_AAC_DOUBT_0.00;DEADRUN_UNCORROBORATED_85;DEAD_STRUCTURE_MEANRUN_19.58,,,60.0,1.0,whole,1/1,1,60.0,0.0,1.1189,10.7694,6.8653,9.8383,2.6546,8.4832,2.4982,429,0.9127413590878066,0.9218888565507901,576,5566.3,—,True,16,16,PASS,"No shelf (16k drop=18.0dB, 20k drop=36.0dB)",85.0,19.576,,,,,,,,,False,,0.183,20500,29.5,-0.419,-54.6,26.2,,1.0,0.578,7.142,20072.0,15.5,1.9,False,,ok,1500.0,,,,,13.269,,44100,PASS,0.0,0.7484,True,MAXRUN_CEILING 85.00 vs 80.00 (+5.00),-108.6,97.9,,,,DARK_REF,,20317,,5
fd-exchange-v2-2026-08-0584.flac,flagged,SUSPECT,44100,6143306,BRICKWALL_20K;HF_SEAM_0.97;CNN_DOUBT;STEREO_AAC_DOUBT_0.00;DEAD_STRUCTURE_MAXRUN_223;DEADRUN_UNCORROBORATED_6.72;BAND_LIMIT_LOW_17500HZ_51DB;MP3_IDEM_R5.18_17500;LOWBAND_WALL_SHADOW_51.4,,,60.02,1.0,spread,2/2,2,60.0,0.0,-0.202,5.8957,8.1226,10.0616,2.4612,3.2987,2.7056,438,0.7560095510791773,0.7848765403286694,576,10648.2,—,True,16,16,FAKE_320K,"20kHz shelf (drop=74.6dB, whole-track)",223.0,6.721,,,,,,,,,False,,0.252,17500,1.3,-0.015,-75.1,51.4,,1.0,-0.353,21.793,,,,False,,ok,,,,,,5.309,,44100,PASS,0.0,0.5901,True,,-115.1,95.1,,,3.7,silent,47.6,17275,221,5
fd-exchange-v2-2026-08-0585.flac,convicted,UPSCALE,44100,5717173,HF_DECOUPLED_-0.15;HF_SEAM_0.80;LOW_ROLLOFF_7.1KHZ;STEREO_AAC_DOUBT_0.00;DEAD_STRUCTURE_MAXRUN_317;DEAD_STRUCTURE_MEANRUN_8.37;AAC_LATTICE_56pct,,,60.02,1.0,spread,2/2,2,60.0,0.0,0.2735,1.0226,6.1879,6.291,2.2659,2.5167,2.3585,202,0.8155456444345428,0.8287702977477025,576,7095.2,—,True,16,16,PASS,"No shelf (16k drop=33.0dB, 20k drop=39.2dB)",317.0,8.366,,,,,,,,,False,,0.499,21000,4.1,-0.005,-40.9,1.6,,1.0,-0.124,35.784,21792.0,25.8,,False,,ok,1500.0,,,True,True,5.704,,44100,PASS,0.0,0.3288,True,MEANRUN_SOLO 8.37 vs 8.00 (+0.37),-113.7,96.6,,,,MASTERING_EDGE,,17114,1303,5
fd-exchange-v2-2026-08-0586.flac,flagged,SUSPECT,44100,5628024,HF_SEAM_0.70;LOW_ROLLOFF_5.9KHZ;CNN_DOUBT;STEREO_AAC_DOUBT_0.00;DEAD_STRUCTURE_MAXRUN_281;DEAD_STRUCTURE_MEANRUN_7.91;MS_CONDITIONAL_52,,,60.0,1.0,whole,1/1,1,60.0,0.0,0.5743,9.5685,3.0671,7.1563,1.5911,2.9878,1.5911,0,0.38219908773750944,0.38219908773750944,576,5921.6,—,True,16,16,PASS,"No shelf (16k drop=17.0dB, 20k drop=30.3dB)",281.0,7.912,,,20430.0,254.0,False,,10,,False,,0.325,22000,9.7,0.677,-33.1,3.1,,1.0,0.876,51.802,20451.0,348.6,29.7,False,,ok,1686.0,,,,,38.055,,44100,PASS,0.0,0.922,True,MEANRUN_SOLO 7.91 vs 8.00 (-0.09),-89.2,73.1,,,,MASTERING_EDGE,,21700,1448,5
fd-exchange-v2-2026-08-0587.flac,flagged,SUSPECT,44100,1557830,BRICKWALL_20K;HF_SEAM_0.64;CNN_DOUBT;STEREO_AAC_DOUBT_0.00;BAND_LIMIT_LOW_NOWALL_18500HZ,,,20.8,1.0,whole,1/1,1,20.8,0.0,0.541,4.4082,2.6667,4.0046,1.9771,2.1656,2.1823,570,0.41985985525877,0.4650563575159253,576,8564.8,—,True,16,16,FAKE_320K,"20kHz shelf (drop=60.9dB, whole-track)",62.0,3.4,,,,,,,,,False,,0.476,18500,26.1,0.748,-60.9,21.5,,1.0,0.958,14.143,,,,False,,ok,,,,,,4.115,,44100,PASS,0.0,0.9502,True,,-114.6,89.2,,,,NO_WALL,,,,2
fd-exchange-v2-2026-08-0588.flac,flagged,SUSPECT,44100,6655793,BRICKWALL_20K;HF_SEAM_0.88;LOW_ROLLOFF_6.5KHZ;CNN_DOUBT;STEREO_AAC_DOUBT_0.00;DEAD_STRUCTURE_MAXRUN_163;DEAD_STRUCTURE_MEANRUN_8.30;MP3_CONJ_BASE_20000;OPUS_EDGE_FIRE_20004_W431_F5.2,,,60.0,1.0,whole,1/1,1,60.0,0.0,1.0657,15.4515,4.8336,11.2342,2.1163,3.538,2.1987,559,0.8085171732564657,0.8178320714811227,576,6470.7,—,True,16,16,FAKE_320K,"20kHz shelf (drop=42.2dB, whole-track)",163.0,8.298,,,,,,,,,False,,0.214,20000,45.0,-0.134,-65.3,17.4,,1.0,0.784,2.232,20004.0,3.0,5.2,True,0.2164,ok,431.0,,,,,18.105,,44100,PASS,0.0,0.8094,True,MEANRUN_SOLO 8.30 vs 8.00 (+0.30),-115.4,99.7,,,,DARK_REF,,19584,,5
fd-exchange-v2-2026-08-0589.flac,clear,GENUINE,44100,6878070,,,,60.0,1.0,whole,1/1,1,60.0,0.0,2.6298,18.0329,2.9065,16.6391,2.8841,15.6253,2.7845,199,0.630705217597501,0.6524653329974955,576,10831.2,—,True,16,16,PASS,"No shelf (16k drop=16.8dB, 20k drop=20.1dB)",2.0,2.5,,,,,,,,,False,,0.14,22000,5.4,0.533,-23.2,4.9,,1.0,0.964,8.528,,,,False,,ok,,,,,,132.611,,44100,PASS,0.9761,0.9598,True,,-65.3,49.3,,,,NO_WALL,,,,5
fd-exchange-v2-2026-08-0590.flac,flagged,SUSPECT,44100,5077183,BRICKWALL_20K;HF_SEAM_0.97;CNN_DOUBT;STEREO_AAC_DOUBT_0.00;BAND_LIMIT_LOW_17500HZ_40DB;MP3_IDEM_R2.21_17500;LOWBAND_WALL_SHADOW_40.0,,,60.02,1.0,spread,2/2,2,60.0,0.0,0.9303,11.8091,4.1866,7.9495,0.8958,1.0655,0.9323,503,0.7768214368763934,0.7886499452151143,576,8290.3,—,True,16,16,FAKE_320K,"20kHz shelf (drop=53.0dB, whole-track)",33.0,2.701,,,,,,,,,False,,0.365,17500,-0.2,-0.01,-53.0,40.0,,1.0,0.221,10.283,,,,False,,ok,,,,,,2.337,,44100,PASS,0.0,0.5941,True,,-116.4,87.3,,,1.8,silent,36.9,17280,59,5
